lead_id,etapa,data_entrada_etapa
1,lead,2025-03-28
1,perdido,2025-04-23
2,lead,2025-08-13
2,contato,2025-08-23
2,reuniao,2025-08-26
2,proposta,2025-08-27
2,perdido,2025-09-14
3,lead,2024-11-11
3,contato,2024-11-13
3,reuniao,2024-11-24
3,proposta,2024-11-30
3,fechado,2024-12-14
4,lead,2024-05-27
4,contato,2024-06-05
4,reuniao,2024-06-09
4,proposta,2024-06-12
4,perdido,2024-06-25
5,lead,2025-01-31
5,contato,2025-02-03
5,reuniao,2025-02-04
5,perdido,2025-02-10
6,lead,2024-02-06
6,contato,2024-02-14
6,reuniao,2024-02-18
6,proposta,2024-02-22
6,fechado,2024-03-04
7,lead,2025-08-17
7,perdido,2025-09-07
8,lead,2025-03-20
8,perdido,2025-03-27
9,lead,2025-06-22
9,contato,2025-07-01
9,perdido,2025-07-17
10,lead,2024-09-06
10,perdido,2024-09-10
11,lead,2025-12-05
11,contato,2025-12-08
11,perdido,2025-12-12
12,lead,2025-10-05
12,contato,2025-10-09
12,reuniao,2025-10-13
12,proposta,2025-10-18
12,perdido,2025-11-13
13,lead,2025-07-08
13,contato,2025-07-12
13,perdido,2025-08-10
14,lead,2024-05-03
14,contato,2024-05-08
14,reuniao,2024-05-12
14,proposta,2024-05-16
14,fechado,2024-05-19
15,lead,2024-11-30
15,contato,2024-12-05
15,reuniao,2024-12-12
15,proposta,2024-12-20
15,fechado,2024-12-25
16,lead,2024-01-25
16,contato,2024-01-27
16,reuniao,2024-01-29
16,proposta,2024-01-30
16,fechado,2024-01-31
17,lead,2024-04-04
17,contato,2024-04-09
17,reuniao,2024-04-15
17,proposta,2024-04-19
17,fechado,2024-04-24
18,lead,2025-04-26
18,contato,2025-04-27
18,reuniao,2025-04-29
18,proposta,2025-05-02
18,fechado,2025-05-03
19,lead,2025-06-11
19,contato,2025-06-20
19,reuniao,2025-06-24
19,proposta,2025-06-30
19,perdido,2025-07-15
20,lead,2025-12-02
20,contato,2025-12-04
20,reuniao,2025-12-15
20,proposta,2025-12-23
21,lead,2024-08-15
21,contato,2024-08-17
21,reuniao,2024-08-23
21,proposta,2024-08-25
21,perdido,2024-09-18
22,lead,2024-09-18
22,contato,2024-09-25
22,reuniao,2024-09-29
22,perdido,2024-10-23
23,lead,2024-12-03
23,contato,2024-12-05
23,reuniao,2024-12-10
23,proposta,2024-12-11
23,perdido,2025-01-04
24,lead,2024-04-30
24,contato,2024-05-01
24,perdido,2024-05-20
25,lead,2024-03-18
25,perdido,2024-04-15
26,lead,2024-12-09
26,perdido,2024-12-21
27,lead,2024-05-27
27,perdido,2024-06-14
28,lead,2025-04-16
28,contato,2025-04-18
28,reuniao,2025-04-24
28,proposta,2025-04-29
28,perdido,2025-05-29
29,lead,2024-11-06
29,perdido,2024-11-12
30,lead,2025-08-21
30,contato,2025-08-27
30,reuniao,2025-08-31
30,proposta,2025-09-05
30,fechado,2025-09-09
31,lead,2025-05-08
31,perdido,2025-06-06
32,lead,2024-08-04
32,contato,2024-08-08
32,reuniao,2024-08-17
32,proposta,2024-08-26
32,fechado,2024-09-07
33,lead,2025-08-21
33,contato,2025-08-26
33,perdido,2025-09-01
34,lead,2025-07-29
34,contato,2025-08-02
34,reuniao,2025-08-03
34,perdido,2025-08-10
35,lead,2024-10-01
35,perdido,2024-10-12
36,lead,2024-07-15
36,contato,2024-07-17
36,reuniao,2024-07-27
36,perdido,2024-08-07
37,lead,2025-04-25
37,perdido,2025-05-10
38,lead,2024-03-25
38,contato,2024-03-27
38,reuniao,2024-03-29
38,proposta,2024-04-02
38,perdido,2024-04-19
39,lead,2024-05-07
39,contato,2024-05-13
39,reuniao,2024-05-14
39,proposta,2024-05-19
39,perdido,2024-06-17
40,lead,2024-01-05
40,contato,2024-01-08
40,reuniao,2024-01-10
40,proposta,2024-01-13
40,fechado,2024-01-17
41,lead,2025-07-15
41,perdido,2025-07-19
42,lead,2025-04-12
42,perdido,2025-05-05
43,lead,2025-05-12
43,perdido,2025-06-05
44,lead,2025-07-10
44,contato,2025-07-15
44,reuniao,2025-07-18
44,perdido,2025-08-16
45,lead,2024-11-24
45,contato,2024-12-01
45,reuniao,2024-12-03
45,proposta,2024-12-06
45,perdido,2024-12-14
46,lead,2025-02-08
46,contato,2025-02-09
46,reuniao,2025-02-23
46,proposta,2025-02-27
46,fechado,2025-03-02
47,lead,2024-03-25
47,contato,2024-03-29
47,reuniao,2024-04-01
47,proposta,2024-04-02
47,perdido,2024-04-16
48,lead,2024-03-08
48,contato,2024-03-19
48,reuniao,2024-03-20
48,proposta,2024-03-22
48,fechado,2024-03-27
49,lead,2025-04-15
49,contato,2025-04-18
49,reuniao,2025-04-25
49,proposta,2025-05-12
49,perdido,2025-05-21
50,lead,2024-12-04
50,contato,2024-12-06
50,reuniao,2024-12-10
50,perdido,2024-12-16
51,lead,2025-02-06
51,contato,2025-02-10
51,reuniao,2025-02-22
51,perdido,2025-03-03
52,lead,2025-06-27
52,contato,2025-07-08
52,perdido,2025-08-05
53,lead,2025-03-22
53,contato,2025-03-31
53,reuniao,2025-04-01
53,proposta,2025-04-09
53,perdido,2025-04-26
54,lead,2025-01-30
54,contato,2025-02-02
54,reuniao,2025-02-06
54,proposta,2025-02-09
54,perdido,2025-02-12
55,lead,2025-02-02
55,contato,2025-02-06
55,perdido,2025-02-18
56,lead,2024-07-28
56,perdido,2024-08-23
57,lead,2024-01-18
57,contato,2024-01-26
57,reuniao,2024-01-29
57,perdido,2024-02-08
58,lead,2024-11-06
58,contato,2024-11-08
58,reuniao,2024-11-16
58,proposta,2024-11-18
58,fechado,2024-11-25
59,lead,2024-05-18
59,contato,2024-05-24
59,reuniao,2024-05-29
59,proposta,2024-06-09
59,fechado,2024-06-12
60,lead,2024-10-16
60,contato,2024-10-20
60,perdido,2024-10-28
61,lead,2025-09-06
61,contato,2025-09-11
61,reuniao,2025-09-18
61,proposta,2025-09-20
61,fechado,2025-09-29
62,lead,2024-06-01
62,contato,2024-06-12
62,perdido,2024-07-02
63,lead,2024-02-02
63,contato,2024-02-09
63,reuniao,2024-02-14
63,proposta,2024-02-17
63,fechado,2024-02-18
64,lead,2024-07-10
64,contato,2024-07-11
64,perdido,2024-07-27
65,lead,2024-07-20
65,perdido,2024-08-01
66,lead,2025-04-10
66,contato,2025-04-16
66,reuniao,2025-04-18
66,proposta,2025-04-19
66,perdido,2025-05-10
67,lead,2025-02-01
67,contato,2025-02-03
67,perdido,2025-02-12
68,lead,2025-07-12
68,perdido,2025-07-20
69,lead,2025-04-12
69,contato,2025-04-15
69,reuniao,2025-04-17
69,proposta,2025-04-23
69,fechado,2025-05-02
70,lead,2024-10-14
70,contato,2024-10-15
70,reuniao,2024-10-23
70,perdido,2024-11-09
71,lead,2025-08-06
71,contato,2025-08-08
71,perdido,2025-09-07
72,lead,2024-04-13
72,contato,2024-04-15
72,reuniao,2024-04-16
72,proposta,2024-04-20
72,fechado,2024-04-22
73,lead,2024-01-13
73,contato,2024-01-14
73,reuniao,2024-01-15
73,proposta,2024-01-17
73,fechado,2024-02-01
74,lead,2024-02-22
74,contato,2024-02-24
74,reuniao,2024-02-26
74,proposta,2024-02-27
74,fechado,2024-03-01
75,lead,2025-05-24
75,contato,2025-05-26
75,reuniao,2025-05-31
75,proposta,2025-06-03
75,fechado,2025-06-06
76,lead,2024-11-26
76,contato,2024-11-27
76,reuniao,2024-11-28
76,proposta,2024-12-10
76,fechado,2024-12-15
77,lead,2024-04-09
77,contato,2024-04-14
77,reuniao,2024-04-16
77,perdido,2024-04-29
78,lead,2025-01-01
78,perdido,2025-01-25
79,lead,2024-04-03
79,contato,2024-04-07
79,reuniao,2024-04-23
79,proposta,2024-04-25
79,fechado,2024-04-30
80,lead,2025-05-05
80,perdido,2025-05-10
81,lead,2024-11-14
81,contato,2024-11-21
81,perdido,2024-11-29
82,lead,2024-09-26
82,perdido,2024-09-30
83,lead,2024-07-26
83,contato,2024-07-28
83,reuniao,2024-08-01
83,proposta,2024-08-02
83,perdido,2024-08-16
84,lead,2025-03-19
84,contato,2025-03-22
84,perdido,2025-03-30
85,lead,2024-09-12
85,perdido,2024-09-27
86,lead,2024-02-20
86,perdido,2024-03-05
87,lead,2024-03-11
87,contato,2024-03-13
87,perdido,2024-03-23
88,lead,2025-11-27
88,contato,2025-11-28
88,perdido,2025-12-27
89,lead,2025-10-17
89,perdido,2025-11-14
90,lead,2025-05-08
90,contato,2025-05-09
90,reuniao,2025-05-14
90,perdido,2025-06-09
91,lead,2024-06-27
91,contato,2024-07-01
91,reuniao,2024-07-05
91,proposta,2024-07-06
91,fechado,2024-07-09
92,lead,2025-12-03
92,contato,2025-12-07
92,reuniao,2025-12-09
92,proposta,2025-12-15
92,fechado,2025-12-20
93,lead,2025-07-08
93,contato,2025-07-10
93,perdido,2025-07-14
94,lead,2025-05-20
94,contato,2025-05-24
94,reuniao,2025-06-01
94,proposta,2025-06-06
94,perdido,2025-06-16
95,lead,2024-11-16
95,contato,2024-11-19
95,reuniao,2024-11-21
95,proposta,2024-11-26
95,fechado,2024-12-02
96,lead,2024-07-02
96,contato,2024-07-07
96,perdido,2024-07-17
97,lead,2024-02-26
97,contato,2024-02-28
97,reuniao,2024-03-03
97,proposta,2024-03-19
97,fechado,2024-03-25
98,lead,2025-10-12
98,contato,2025-10-15
98,reuniao,2025-10-17
98,proposta,2025-10-22
98,fechado,2025-10-27
99,lead,2024-11-21
99,perdido,2024-12-01
100,lead,2024-05-09
100,contato,2024-05-17
100,reuniao,2024-05-22
100,proposta,2024-05-29
100,fechado,2024-05-31
101,lead,2024-07-30
101,contato,2024-08-01
101,reuniao,2024-08-03
101,proposta,2024-08-09
101,fechado,2024-08-16
102,lead,2025-02-15
102,contato,2025-02-17
102,reuniao,2025-02-19
102,proposta,2025-02-22
102,fechado,2025-02-27
103,lead,2024-04-20
103,perdido,2024-04-26
104,lead,2025-09-09
104,contato,2025-09-11
104,reuniao,2025-09-15
104,perdido,2025-10-11
105,lead,2025-06-22
105,contato,2025-06-24
105,perdido,2025-07-12
106,lead,2025-05-22
106,perdido,2025-06-02
107,lead,2024-11-02
107,contato,2024-11-06
107,perdido,2024-11-17
108,lead,2025-03-17
108,contato,2025-03-23
108,perdido,2025-04-14
109,lead,2025-02-18
109,contato,2025-03-03
109,reuniao,2025-03-07
109,proposta,2025-03-11
109,perdido,2025-04-06
110,lead,2025-04-01
110,contato,2025-04-03
110,reuniao,2025-04-08
110,perdido,2025-04-30
111,lead,2024-02-18
111,contato,2024-02-20
111,reuniao,2024-03-03
111,perdido,2024-03-25
112,lead,2024-10-21
112,contato,2024-10-24
112,reuniao,2024-10-26
112,proposta,2024-11-03
112,perdido,2024-11-25
113,lead,2024-01-24
113,perdido,2024-02-22
114,lead,2024-12-25
114,contato,2024-12-26
114,reuniao,2024-12-27
114,proposta,2025-01-01
114,perdido,2025-01-21
115,lead,2024-08-18
115,perdido,2024-08-21
116,lead,2024-03-28
116,perdido,2024-04-02
117,lead,2024-03-01
117,contato,2024-03-03
117,reuniao,2024-03-11
117,proposta,2024-03-12
117,perdido,2024-03-18
118,lead,2025-02-20
118,contato,2025-02-24
118,perdido,2025-03-07
119,lead,2024-04-16
119,contato,2024-05-03
119,reuniao,2024-05-04
119,perdido,2024-05-26
120,lead,2025-10-29
120,perdido,2025-11-01
121,lead,2025-02-16
121,contato,2025-02-19
121,reuniao,2025-02-21
121,proposta,2025-02-24
121,perdido,2025-03-06
122,lead,2024-09-01
122,contato,2024-09-06
122,perdido,2024-10-05
123,lead,2025-02-22
123,contato,2025-02-27
123,reuniao,2025-03-05
123,proposta,2025-03-08
123,perdido,2025-03-22
124,lead,2024-01-13
124,contato,2024-01-14
124,reuniao,2024-01-15
124,proposta,2024-01-20
124,fechado,2024-01-22
125,lead,2025-11-24
125,contato,2025-11-28
125,reuniao,2025-12-05
125,proposta,2025-12-13
125,fechado,2025-12-17
126,lead,2024-12-15
126,contato,2024-12-17
126,reuniao,2024-12-19
126,proposta,2024-12-26
126,fechado,2025-01-02
127,lead,2025-07-12
127,perdido,2025-08-08
128,lead,2024-02-17
128,contato,2024-02-19
128,reuniao,2024-02-25
128,proposta,2024-02-16
128,perdido,2024-03-18
129,lead,2024-12-19
129,contato,2024-12-21
129,reuniao,2024-12-25
129,proposta,2024-12-28
129,fechado,2025-01-03
130,lead,2024-12-22
130,contato,2024-12-29
130,reuniao,2025-01-01
130,proposta,2025-01-03
130,perdido,2025-01-11
131,lead,2025-11-08
131,contato,2025-11-15
131,reuniao,2025-11-20
131,proposta,2025-11-21
131,perdido,2025-12-07
132,lead,2025-02-10
132,contato,2025-02-18
132,reuniao,2025-02-20
132,perdido,2025-03-21
133,lead,2024-12-07
133,perdido,2025-01-02
134,lead,2024-06-28
134,contato,2024-07-10
134,reuniao,2024-07-11
134,perdido,2024-07-24
135,lead,2024-08-19
135,contato,2024-08-20
135,perdido,2024-09-02
136,lead,2025-01-12
136,perdido,2025-01-25
137,lead,2024-11-08
137,contato,2024-11-21
137,reuniao,2024-11-29
137,proposta,2024-12-04
137,perdido,2024-12-29
138,lead,2024-01-13
138,contato,2024-01-15
138,reuniao,2024-01-23
138,proposta,2024-01-27
138,fechado,2024-01-29
139,lead,2025-08-16
139,perdido,2025-09-10
140,lead,2025-10-07
140,perdido,2025-11-05
141,lead,2024-03-25
141,contato,2024-04-02
141,perdido,2024-05-01
142,lead,2025-01-30
142,contato,2025-01-31
142,reuniao,2025-02-01
142,proposta,2025-02-03
142,fechado,2025-02-13
143,lead,2024-03-04
143,contato,2024-03-09
143,reuniao,2024-03-11
143,proposta,2024-03-12
143,perdido,2024-03-29
144,lead,2025-04-18
144,contato,2025-04-20
144,reuniao,2025-04-24
144,proposta,2025-04-28
144,fechado,2025-05-06
145,lead,2024-07-10
145,contato,2024-07-12
145,perdido,2024-07-21
146,lead,2025-04-08
146,contato,2025-04-09
146,perdido,2025-04-20
147,lead,2025-05-28
147,contato,2025-06-05
147,reuniao,2025-06-14
147,proposta,2025-06-25
147,fechado,2025-07-03
148,lead,2025-06-30
148,contato,2025-07-05
148,reuniao,2025-07-10
148,proposta,2025-07-14
148,fechado,2025-07-20
149,lead,2024-03-04
149,perdido,2024-03-26
150,lead,2025-10-22
150,perdido,2025-10-25
151,lead,2024-05-29
151,contato,2024-06-07
151,perdido,2024-06-10
152,lead,2024-01-22
152,contato,2024-01-24
152,reuniao,2024-01-30
152,perdido,2024-02-23
153,lead,2025-01-31
153,contato,2025-02-04
153,reuniao,2025-02-07
153,perdido,2025-03-08
154,lead,2024-09-18
154,contato,2024-09-21
154,perdido,2024-09-30
155,lead,2025-08-19
155,contato,2025-08-27
155,reuniao,2025-09-07
155,proposta,2025-09-11
155,fechado,2025-09-23
156,lead,2025-08-01
156,contato,2025-08-02
156,perdido,2025-08-23
157,lead,2024-08-08
157,contato,2024-08-13
157,reuniao,2024-08-19
157,proposta,2024-08-21
157,fechado,2024-08-31
158,lead,2025-11-20
158,contato,2025-11-28
158,reuniao,2025-12-09
159,lead,2024-07-17
159,contato,2024-07-24
159,reuniao,2024-07-26
159,proposta,2024-07-31
159,perdido,2024-08-21
160,lead,2025-01-08
160,contato,2025-01-12
160,reuniao,2025-01-21
160,proposta,2025-01-23
160,fechado,2025-01-30
161,lead,2024-06-19
161,contato,2024-06-22
161,reuniao,2024-06-24
161,perdido,2024-06-30
162,lead,2025-11-06
162,contato,2025-11-08
162,reuniao,2025-11-13
162,perdido,2025-12-04
163,lead,2024-04-12
163,perdido,2024-04-19
164,lead,2024-01-26
164,contato,2024-01-30
164,reuniao,2024-02-08
164,proposta,2024-02-12
164,perdido,2024-03-09
165,lead,2024-11-05
165,contato,2024-11-07
165,perdido,2024-11-24
166,lead,2025-12-25
166,contato,2025-12-30
167,lead,2025-10-04
167,perdido,2025-10-10
168,lead,2025-06-14
168,contato,2025-06-18
168,reuniao,2025-06-20
168,proposta,2025-06-23
168,fechado,2025-06-26
169,lead,2025-10-04
169,contato,2025-10-06
169,reuniao,2025-10-17
169,proposta,2025-10-23
169,perdido,2025-10-27
170,lead,2025-10-05
170,contato,2025-10-11
170,reuniao,2025-10-14
170,perdido,2025-10-30
171,lead,2025-01-11
171,contato,2025-01-12
171,reuniao,2025-01-22
171,proposta,2025-01-23
171,fechado,2025-01-27
172,lead,2024-08-07
172,contato,2024-08-13
172,reuniao,2024-08-21
172,perdido,2024-09-17
173,lead,2025-07-03
173,contato,2025-07-09
173,perdido,2025-07-14
174,lead,2025-04-10
174,contato,2025-04-14
174,reuniao,2025-04-18
174,proposta,2025-04-03
174,perdido,2025-04-30
175,lead,2024-09-20
175,contato,2024-09-30
175,reuniao,2024-10-05
175,proposta,2024-10-08
175,fechado,2024-10-12
176,lead,2024-02-24
176,contato,2024-02-25
176,reuniao,2024-02-28
176,proposta,2024-03-02
176,fechado,2024-03-05
177,lead,2025-06-12
177,contato,2025-06-14
177,reuniao,2025-06-22
177,proposta,2025-07-01
177,fechado,2025-07-05
178,lead,2024-06-24
178,perdido,2024-07-10
179,lead,2025-11-07
179,contato,2025-11-08
179,reuniao,2025-11-13
179,proposta,2025-11-21
179,fechado,2025-11-22
180,lead,2024-06-07
180,contato,2024-06-08
180,reuniao,2024-06-15
180,proposta,2024-06-23
180,fechado,2024-06-26
181,lead,2024-03-14
181,contato,2024-03-20
181,reuniao,2024-03-26
181,proposta,2024-04-06
181,fechado,2024-04-12
182,lead,2025-08-20
182,contato,2025-08-23
182,perdido,2025-08-27
183,lead,2024-04-03
183,contato,2024-04-12
183,reuniao,2024-04-15
183,proposta,2024-04-18
183,perdido,2024-04-29
184,lead,2024-04-22
184,perdido,2024-04-27
185,lead,2025-02-27
185,perdido,2025-03-17
186,lead,2025-09-22
186,contato,2025-09-24
186,reuniao,2025-09-27
186,proposta,2025-10-01
186,fechado,2025-10-02
187,lead,2024-05-05
187,contato,2024-05-06
187,reuniao,2024-05-13
187,proposta,2024-05-17
187,fechado,2024-05-30
188,lead,2024-08-02
188,perdido,2024-08-22
189,lead,2025-07-07
189,contato,2025-07-13
189,perdido,2025-07-21
190,lead,2025-12-06
190,contato,2025-12-12
190,reuniao,2025-12-14
191,lead,2024-12-31
191,contato,2025-01-04
191,reuniao,2025-01-14
191,perdido,2025-01-21
192,lead,2024-03-28
192,perdido,2024-04-19
193,lead,2024-01-08
193,contato,2024-01-15
193,reuniao,2024-02-08
193,proposta,2024-02-09
193,fechado,2024-02-20
194,lead,2024-05-29
194,contato,2024-05-31
194,perdido,2024-06-21
195,lead,2024-03-20
195,perdido,2024-04-19
196,lead,2025-04-22
196,contato,2025-04-30
196,reuniao,2025-05-09
196,proposta,2025-05-14
196,fechado,2025-05-19
197,lead,2024-03-13
197,perdido,2024-03-30
198,lead,2025-01-04
198,contato,2025-01-05
198,reuniao,2025-01-09
198,proposta,2025-01-16
198,perdido,2025-01-25
199,lead,2025-05-04
199,contato,2025-05-07
199,reuniao,2025-05-16
199,proposta,2025-05-17
199,fechado,2025-05-20
200,lead,2025-02-16
200,contato,2025-03-02
200,reuniao,2025-03-15
200,perdido,2025-03-31
201,lead,2024-05-07
201,perdido,2024-05-26
202,lead,2025-07-29
202,contato,2025-08-03
202,perdido,2025-08-29
203,lead,2025-05-19
203,contato,2025-05-28
203,reuniao,2025-05-30
203,proposta,2025-05-31
203,fechado,2025-06-03
204,lead,2025-06-06
204,contato,2025-06-09
204,reuniao,2025-06-14
204,proposta,2025-06-20
204,fechado,2025-06-29
205,lead,2024-03-19
205,perdido,2024-03-31
206,lead,2024-03-14
206,contato,2024-03-19
206,reuniao,2024-04-02
206,perdido,2024-04-22
207,lead,2025-10-30
207,perdido,2025-11-12
208,lead,2024-10-08
208,contato,2024-10-12
208,reuniao,2024-10-16
208,perdido,2024-10-25
209,lead,2024-07-26
209,contato,2024-07-30
209,perdido,2024-08-24
210,lead,2024-12-20
210,perdido,2024-12-23
211,lead,2025-04-11
211,contato,2025-04-16
211,perdido,2025-05-03
212,lead,2025-11-22
212,contato,2025-11-26
212,perdido,2025-11-30
213,lead,2024-07-14
213,perdido,2024-07-18
214,lead,2025-10-28
214,contato,2025-11-04
214,reuniao,2025-11-05
214,proposta,2025-11-08
214,fechado,2025-11-17
215,lead,2024-01-14
215,contato,2024-01-17
215,reuniao,2024-01-05
215,proposta,2024-01-27
215,fechado,2024-02-02
216,lead,2025-01-31
216,contato,2025-02-11
216,reuniao,2025-02-13
216,proposta,2025-02-17
216,perdido,2025-02-26
217,lead,2025-03-22
217,contato,2025-03-28
217,reuniao,2025-04-02
217,proposta,2025-04-08
217,perdido,2025-04-30
218,lead,2024-03-03
218,contato,2024-03-07
218,reuniao,2024-03-10
218,perdido,2024-04-09
219,lead,2024-03-25
219,contato,2024-04-02
219,reuniao,2024-04-10
219,proposta,2024-04-12
219,fechado,2024-04-15
220,lead,2024-10-24
220,perdido,2024-11-07
221,lead,2025-12-01
221,contato,2025-12-04
221,reuniao,2025-12-09
221,proposta,2025-12-24
222,lead,2025-02-25
222,contato,2025-03-07
222,reuniao,2025-03-11
222,perdido,2025-04-06
223,lead,2025-11-04
223,contato,2025-11-06
223,reuniao,2025-11-09
223,proposta,2025-10-27
223,fechado,2025-11-18
224,lead,2025-07-29
224,contato,2025-08-06
224,reuniao,2025-08-19
224,perdido,2025-08-30
225,lead,2024-12-01
225,contato,2024-12-03
225,reuniao,2024-12-10
225,perdido,2025-01-01
226,lead,2025-07-13
226,contato,2025-07-14
226,reuniao,2025-07-19
226,proposta,2025-07-31
226,perdido,2025-08-07
227,lead,2024-01-11
227,perdido,2024-01-20
228,lead,2024-03-05
228,contato,2024-03-12
228,reuniao,2024-03-17
228,perdido,2024-04-04
229,lead,2025-08-18
229,contato,2025-08-25
229,reuniao,2025-08-29
229,proposta,2025-09-01
229,perdido,2025-09-21
230,lead,2025-07-23
230,contato,2025-07-27
230,reuniao,2025-07-29
230,proposta,2025-08-03
230,perdido,2025-08-29
231,lead,2024-05-31
231,contato,2024-06-05
231,reuniao,2024-06-07
231,proposta,2024-06-11
231,perdido,2024-06-18
232,lead,2025-01-17
232,contato,2025-01-18
232,reuniao,2025-01-22
232,proposta,2025-01-28
232,fechado,2025-01-30
233,lead,2025-03-03
233,perdido,2025-03-21
234,lead,2025-09-17
234,contato,2025-09-24
234,reuniao,2025-10-02
234,proposta,2025-10-09
234,perdido,2025-10-27
235,lead,2025-03-01
235,contato,2025-03-07
235,reuniao,2025-03-08
235,proposta,2025-02-18
235,fechado,2025-03-11
236,lead,2024-10-19
236,contato,2024-10-20
236,reuniao,2024-10-29
236,proposta,2024-11-02
236,fechado,2024-11-05
237,lead,2024-09-21
237,contato,2024-09-24
237,perdido,2024-10-10
238,lead,2024-10-29
238,contato,2024-11-02
238,reuniao,2024-11-09
238,proposta,2024-11-17
238,fechado,2024-11-18
239,lead,2025-04-03
239,contato,2025-04-07
239,perdido,2025-05-04
240,lead,2025-09-17
240,contato,2025-09-19
240,reuniao,2025-09-25
240,proposta,2025-09-28
240,fechado,2025-09-30
241,lead,2024-11-20
241,contato,2024-11-28
241,reuniao,2024-12-07
241,perdido,2025-01-05
242,lead,2024-06-13
242,contato,2024-06-18
242,reuniao,2024-06-19
242,proposta,2024-06-24
242,fechado,2024-06-28
243,lead,2024-06-03
243,perdido,2024-06-08
244,lead,2025-06-12
244,contato,2025-06-17
244,perdido,2025-07-15
245,lead,2025-08-08
245,contato,2025-08-11
245,reuniao,2025-08-20
245,proposta,2025-08-24
245,perdido,2025-09-10
246,lead,2024-03-02
246,contato,2024-03-03
246,reuniao,2024-03-06
246,proposta,2024-03-13
246,fechado,2024-03-23
247,lead,2024-02-07
247,contato,2024-02-09
247,perdido,2024-02-28
248,lead,2025-02-24
248,contato,2025-03-03
248,reuniao,2025-03-07
248,proposta,2025-03-12
248,perdido,2025-03-18
249,lead,2024-03-29
249,perdido,2024-04-13
250,lead,2025-08-15
250,perdido,2025-09-12
251,lead,2024-08-02
251,contato,2024-08-07
251,perdido,2024-08-25
252,lead,2024-03-28
252,contato,2024-04-06
252,reuniao,2024-03-18
252,proposta,2024-04-12
252,fechado,2024-04-20
253,lead,2025-10-26
253,contato,2025-10-29
253,reuniao,2025-11-02
253,proposta,2025-11-05
253,perdido,2025-11-23
254,lead,2024-04-12
254,contato,2024-04-14
254,reuniao,2024-04-17
254,proposta,2024-04-29
254,fechado,2024-04-30
255,lead,2024-07-12
255,contato,2024-07-14
255,reuniao,2024-07-20
255,proposta,2024-07-22
255,fechado,2024-07-23
256,lead,2024-04-03
256,contato,2024-04-05
256,reuniao,2024-04-09
256,proposta,2024-04-14
256,fechado,2024-04-20
257,lead,2024-03-09
257,contato,2024-03-12
257,reuniao,2024-03-13
257,perdido,2024-04-09
258,lead,2024-01-12
258,contato,2024-01-15
258,reuniao,2024-01-18
258,proposta,2024-01-23
258,fechado,2024-01-25
259,lead,2024-02-01
259,contato,2024-02-04
259,reuniao,2024-02-07
259,proposta,2024-02-08
259,fechado,2024-02-10
260,lead,2024-04-19
260,contato,2024-04-22
260,perdido,2024-05-06
261,lead,2024-01-30
261,contato,2024-01-31
261,reuniao,2024-02-12
261,perdido,2024-03-01
262,lead,2025-02-22
262,perdido,2025-03-10
263,lead,2025-04-24
263,contato,2025-04-26
263,reuniao,2025-05-01
263,proposta,2025-05-06
263,fechado,2025-05-10
264,lead,2024-10-05
264,contato,2024-10-10
264,reuniao,2024-10-16
264,perdido,2024-11-04
265,lead,2024-08-08
265,contato,2024-08-13
265,reuniao,2024-08-19
265,proposta,2024-08-23
265,perdido,2024-09-12
266,lead,2025-01-03
266,contato,2025-01-07
266,reuniao,2025-01-16
266,proposta,2025-01-19
266,fechado,2025-01-22
267,lead,2025-09-22
267,contato,2025-09-29
267,reuniao,2025-10-01
267,proposta,2025-10-03
267,fechado,2025-10-10
268,lead,2025-09-05
268,contato,2025-09-06
268,reuniao,2025-09-21
268,proposta,2025-09-22
268,fechado,2025-09-30
269,lead,2024-01-25
269,contato,2024-01-31
269,reuniao,2024-02-03
269,proposta,2024-02-07
269,perdido,2024-02-24
270,lead,2024-04-24
270,contato,2024-05-03
270,reuniao,2024-05-08
270,proposta,2024-05-11
270,perdido,2024-05-19
271,lead,2024-06-04
271,contato,2024-06-08
271,perdido,2024-06-23
272,lead,2024-06-14
272,contato,2024-06-24
272,reuniao,2024-06-25
272,proposta,2024-07-07
272,perdido,2024-07-12
273,lead,2025-02-10
273,contato,2025-02-11
273,perdido,2025-02-22
274,lead,2024-10-22
274,contato,2024-10-25
274,reuniao,2024-10-29
274,proposta,2024-11-05
274,perdido,2024-12-05
275,lead,2024-01-28
275,contato,2024-01-30
275,reuniao,2024-02-05
275,proposta,2024-02-06
275,fechado,2024-02-18
276,lead,2024-09-20
276,perdido,2024-09-30
277,lead,2025-01-13
277,perdido,2025-01-20
278,lead,2024-02-29
278,contato,2024-03-06
278,reuniao,2024-03-08
278,perdido,2024-04-01
279,lead,2025-08-22
279,contato,2025-08-23
279,perdido,2025-08-28
280,lead,2024-01-30
280,contato,2024-02-05
280,perdido,2024-02-26
281,lead,2025-10-28
281,contato,2025-10-29
281,reuniao,2025-11-08
281,proposta,2025-11-15
281,fechado,2025-11-21
282,lead,2024-02-27
282,contato,2024-03-02
282,reuniao,2024-03-07
282,proposta,2024-03-08
282,fechado,2024-03-23
283,lead,2025-08-30
283,contato,2025-09-01
283,reuniao,2025-09-03
283,perdido,2025-09-27
284,lead,2025-10-12
284,contato,2025-10-15
284,reuniao,2025-10-18
284,perdido,2025-11-10
285,lead,2025-12-13
285,contato,2025-12-24
285,reuniao,2025-12-31
286,lead,2025-07-27
286,perdido,2025-08-20
287,lead,2025-07-09
287,contato,2025-07-17
287,reuniao,2025-07-19
287,proposta,2025-07-22
287,perdido,2025-07-25
288,lead,2025-03-27
288,contato,2025-04-11
288,reuniao,2025-04-13
288,proposta,2025-04-20
288,perdido,2025-05-05
289,lead,2025-07-08
289,contato,2025-07-09
289,reuniao,2025-07-19
289,perdido,2025-08-17
290,lead,2024-03-22
290,contato,2024-03-26
290,reuniao,2024-03-29
290,proposta,2024-04-09
290,fechado,2024-04-19
291,lead,2025-01-20
291,contato,2025-01-27
291,reuniao,2025-02-01
291,proposta,2025-02-15
291,perdido,2025-02-23
292,lead,2025-01-08
292,contato,2025-01-13
292,perdido,2025-02-06
293,lead,2025-09-09
293,contato,2025-09-14
293,perdido,2025-09-17
294,lead,2024-11-27
294,contato,2024-11-28
294,reuniao,2024-11-30
294,proposta,2024-12-02
294,fechado,2024-12-04
295,lead,2024-09-29
295,contato,2024-09-30
295,reuniao,2024-10-20
295,proposta,2024-10-27
295,perdido,2024-11-16
296,lead,2025-03-25
296,contato,2025-03-27
296,reuniao,2025-03-31
296,proposta,2025-04-01
296,fechado,2025-04-03
297,lead,2024-06-28
297,contato,2024-07-01
297,reuniao,2024-07-07
297,proposta,2024-07-10
297,fechado,2024-07-17
298,lead,2024-03-25
298,contato,2024-04-01
298,reuniao,2024-04-07
298,proposta,2024-04-11
298,fechado,2024-04-19
299,lead,2024-12-11
299,contato,2024-12-16
299,reuniao,2024-12-21
299,proposta,2024-12-23
299,fechado,2025-01-14
300,lead,2024-10-22
300,perdido,2024-11-11
301,lead,2024-05-31
301,contato,2024-06-01
301,perdido,2024-06-19
302,lead,2024-09-16
302,contato,2024-09-18
302,perdido,2024-10-08
303,lead,2024-09-15
303,perdido,2024-09-19
304,lead,2024-08-16
304,contato,2024-08-17
304,reuniao,2024-08-18
304,perdido,2024-09-07
305,lead,2024-09-25
305,contato,2024-09-29
305,reuniao,2024-10-07
305,proposta,2024-10-15
305,fechado,2024-10-18
306,lead,2025-04-28
306,contato,2025-05-07
306,reuniao,2025-05-09
306,proposta,2025-05-13
306,fechado,2025-05-18
307,lead,2024-07-22
307,contato,2024-07-23
307,reuniao,2024-07-27
307,proposta,2024-07-30
307,fechado,2024-08-10
308,lead,2025-11-17
308,contato,2025-11-18
308,perdido,2025-12-14
309,lead,2025-10-22
309,contato,2025-10-24
309,reuniao,2025-10-29
309,proposta,2025-10-30
309,fechado,2025-11-04
310,lead,2024-12-13
310,contato,2024-12-16
310,reuniao,2024-12-25
310,proposta,2024-12-29
310,fechado,2025-01-10
311,lead,2024-08-17
311,contato,2024-08-21
311,reuniao,2024-08-24
311,proposta,2024-08-29
311,perdido,2024-09-14
312,lead,2025-01-20
312,contato,2025-01-22
312,perdido,2025-01-31
313,lead,2025-09-03
313,perdido,2025-09-24
314,lead,2025-04-03
314,contato,2025-04-16
314,perdido,2025-05-01
315,lead,2025-07-29
315,contato,2025-07-31
315,perdido,2025-08-25
316,lead,2025-01-18
316,perdido,2025-01-30
317,lead,2025-03-21
317,contato,2025-03-24
317,reuniao,2025-03-25
317,proposta,2025-03-26
317,fechado,2025-04-01
318,lead,2024-07-15
318,contato,2024-07-17
318,reuniao,2024-07-18
318,proposta,2024-07-24
318,fechado,2024-07-29
319,lead,2025-06-03
319,contato,2025-06-14
319,reuniao,2025-06-24
319,proposta,2025-06-28
319,fechado,2025-07-01
320,lead,2024-05-09
320,perdido,2024-05-24
321,lead,2025-05-04
321,contato,2025-05-06
321,reuniao,2025-05-13
321,proposta,2025-05-14
321,fechado,2025-05-15
322,lead,2025-09-12
322,perdido,2025-09-22
323,lead,2024-03-20
323,perdido,2024-04-07
324,lead,2025-03-09
324,perdido,2025-03-18
325,lead,2024-02-25
325,contato,2024-03-01
325,reuniao,2024-03-03
325,proposta,2024-03-07
325,fechado,2024-03-14
326,lead,2025-05-27
326,contato,2025-06-03
326,reuniao,2025-06-12
326,proposta,2025-06-17
326,fechado,2025-06-23
327,lead,2024-02-18
327,contato,2024-02-20
327,reuniao,2024-03-01
327,perdido,2024-03-05
328,lead,2025-11-06
328,contato,2025-11-08
328,reuniao,2025-11-12
328,proposta,2025-11-16
328,perdido,2025-12-01
329,lead,2024-03-23
329,contato,2024-04-02
329,perdido,2024-04-10
330,lead,2025-11-25
330,contato,2025-11-27
330,perdido,2025-12-21
331,lead,2025-07-26
331,perdido,2025-08-16
332,lead,2025-02-23
332,contato,2025-02-28
332,reuniao,2025-03-07
332,proposta,2025-03-12
332,perdido,2025-03-27
333,lead,2025-07-11
333,perdido,2025-07-18
334,lead,2025-07-22
334,contato,2025-07-27
334,reuniao,2025-07-30
334,perdido,2025-08-06
335,lead,2025-11-14
335,contato,2025-11-17
335,reuniao,2025-11-18
335,proposta,2025-11-26
335,fechado,2025-12-12
336,lead,2024-06-17
336,contato,2024-06-19
336,reuniao,2024-06-24
336,proposta,2024-07-01
336,fechado,2024-07-06
337,lead,2025-02-21
337,contato,2025-02-25
337,reuniao,2025-03-02
337,proposta,2025-03-03
337,perdido,2025-03-20
338,lead,2024-02-25
338,contato,2024-03-01
338,reuniao,2024-03-04
338,proposta,2024-03-10
338,perdido,2024-03-27
339,lead,2025-03-10
339,contato,2025-03-14
339,reuniao,2025-03-18
339,perdido,2025-03-23
340,lead,2024-04-16
340,contato,2024-04-19
340,reuniao,2024-04-23
340,proposta,2024-04-27
340,perdido,2024-05-02
341,lead,2025-02-06
341,contato,2025-02-13
341,perdido,2025-02-17
342,lead,2025-02-11
342,perdido,2025-02-20
343,lead,2024-11-30
343,perdido,2024-12-11
344,lead,2025-01-13
344,perdido,2025-02-12
345,lead,2025-06-26
345,contato,2025-06-28
345,perdido,2025-07-08
346,lead,2025-07-25
346,contato,2025-08-02
346,reuniao,2025-08-05
346,perdido,2025-08-29
347,lead,2024-12-24
347,contato,2024-12-31
347,perdido,2025-01-28
348,lead,2025-02-27
348,contato,2025-03-05
348,reuniao,2025-03-11
348,proposta,2025-03-17
348,fechado,2025-03-23
349,lead,2025-11-02
349,contato,2025-11-09
349,reuniao,2025-11-19
349,proposta,2025-11-23
349,fechado,2025-11-29
350,lead,2024-03-12
350,contato,2024-03-14
350,reuniao,2024-03-22
350,proposta,2024-03-24
350,fechado,2024-03-31
351,lead,2024-03-10
351,contato,2024-03-18
351,reuniao,2024-03-02
351,proposta,2024-03-30
351,fechado,2024-04-04
352,lead,2024-02-20
352,perdido,2024-03-05
353,lead,2025-04-07
353,contato,2025-04-11
353,reuniao,2025-04-15
353,proposta,2025-03-29
353,fechado,2025-04-19
354,lead,2024-10-23
354,contato,2024-10-26
354,reuniao,2024-11-01
354,proposta,2024-11-03
354,fechado,2024-11-08
355,lead,2025-07-05
355,contato,2025-07-06
355,reuniao,2025-07-12
355,proposta,2025-07-15
355,fechado,2025-07-16
356,lead,2025-04-17
356,contato,2025-04-21
356,reuniao,2025-04-23
356,proposta,2025-04-25
356,perdido,2025-05-12
357,lead,2024-08-21
357,contato,2024-08-30
357,reuniao,2024-08-31
357,proposta,2024-09-04
357,perdido,2024-09-08
358,lead,2025-10-09
358,perdido,2025-10-16
359,lead,2025-06-25
359,contato,2025-06-27
359,reuniao,2025-06-29
359,proposta,2025-06-30
359,fechado,2025-07-05
360,lead,2024-07-01
360,contato,2024-07-11
360,reuniao,2024-07-15
360,perdido,2024-07-23
361,lead,2024-09-14
361,contato,2024-09-20
361,reuniao,2024-09-24
361,perdido,2024-10-09
362,lead,2024-08-06
362,contato,2024-08-18
362,reuniao,2024-09-13
362,proposta,2024-09-15
362,perdido,2024-09-27
363,lead,2024-04-06
363,contato,2024-04-15
363,reuniao,2024-04-17
363,proposta,2024-04-27
363,perdido,2024-05-07
364,lead,2024-03-30
364,contato,2024-04-06
364,reuniao,2024-04-08
364,proposta,2024-04-10
364,fechado,2024-04-14
365,lead,2025-11-06
365,contato,2025-11-09
365,reuniao,2025-11-15
365,proposta,2025-11-17
365,fechado,2025-11-18
366,lead,2024-11-07
366,contato,2024-11-12
366,reuniao,2024-11-15
366,proposta,2024-11-17
366,fechado,2024-11-19
367,lead,2024-09-27
367,perdido,2024-10-03
368,lead,2025-05-30
368,perdido,2025-06-06
369,lead,2025-01-30
369,contato,2025-02-10
369,perdido,2025-02-13
370,lead,2025-11-06
370,contato,2025-11-18
370,reuniao,2025-11-20
370,proposta,2025-11-26
370,fechado,2025-11-27
371,lead,2025-07-10
371,contato,2025-07-16
371,reuniao,2025-07-18
371,proposta,2025-07-22
371,fechado,2025-07-31
372,lead,2024-12-12
372,contato,2024-12-27
372,reuniao,2024-12-28
372,proposta,2025-01-01
372,perdido,2025-01-29
373,lead,2024-09-22
373,contato,2024-09-26
373,reuniao,2024-09-29
373,proposta,2024-10-23
373,fechado,2024-10-27
374,lead,2025-12-19
374,contato,2025-12-22
374,reuniao,2025-12-28
374,proposta,2025-12-29
374,fechado,2025-12-30
375,lead,2025-05-21
375,contato,2025-05-24
375,perdido,2025-06-02
376,lead,2025-11-18
376,contato,2025-11-22
376,reuniao,2025-11-25
376,proposta,2025-11-27
376,fechado,2025-12-03
377,lead,2024-03-11
377,contato,2024-03-12
377,perdido,2024-04-03
378,lead,2025-09-04
378,contato,2025-09-18
378,perdido,2025-10-15
379,lead,2025-03-24
379,contato,2025-03-25
379,reuniao,2025-03-31
379,proposta,2025-04-04
379,fechado,2025-04-05
380,lead,2024-03-13
380,contato,2024-03-14
380,reuniao,2024-03-17
380,proposta,2024-03-31
380,perdido,2024-04-18
381,lead,2025-02-20
381,contato,2025-02-23
381,reuniao,2025-03-01
381,proposta,2025-03-13
381,fechado,2025-03-23
382,lead,2025-04-28
382,contato,2025-05-02
382,reuniao,2025-05-04
382,proposta,2025-05-08
382,perdido,2025-06-02
383,lead,2024-01-07
383,contato,2024-01-17
383,reuniao,2024-01-22
383,proposta,2024-01-23
383,fechado,2024-01-27
384,lead,2024-11-20
384,perdido,2024-12-01
385,lead,2025-08-15
385,contato,2025-08-22
385,reuniao,2025-08-24
385,proposta,2025-08-31
385,perdido,2025-09-14
386,lead,2024-07-21
386,contato,2024-07-22
386,perdido,2024-08-02
387,lead,2024-11-24
387,contato,2024-12-02
387,reuniao,2024-12-09
387,proposta,2024-12-11
387,fechado,2024-12-12
388,lead,2024-11-11
388,perdido,2024-11-27
389,lead,2024-07-26
389,contato,2024-07-30
389,reuniao,2024-08-02
389,proposta,2024-08-08
389,fechado,2024-08-26
390,lead,2025-10-24
390,perdido,2025-11-03
391,lead,2025-07-10
391,contato,2025-07-18
391,reuniao,2025-07-22
391,proposta,2025-08-09
391,fechado,2025-08-14
392,lead,2024-03-06
392,contato,2024-03-08
392,reuniao,2024-03-13
392,proposta,2024-03-20
392,fechado,2024-03-25
393,lead,2025-12-29
394,lead,2025-09-25
394,contato,2025-10-08
394,reuniao,2025-10-10
394,proposta,2025-10-15
394,fechado,2025-10-18
395,lead,2024-07-12
395,contato,2024-07-13
395,perdido,2024-08-03
396,lead,2025-08-24
396,contato,2025-08-26
396,perdido,2025-09-25
397,lead,2024-03-03
397,contato,2024-03-05
397,reuniao,2024-03-13
397,proposta,2024-03-17
397,fechado,2024-03-18
398,lead,2025-12-31
399,lead,2025-04-13
399,perdido,2025-04-28
400,lead,2025-04-02
400,contato,2025-04-15
400,reuniao,2025-04-19
400,perdido,2025-04-23
401,lead,2024-02-22
401,contato,2024-02-29
401,reuniao,2024-03-05
401,proposta,2024-03-07
401,fechado,2024-03-11
402,lead,2025-10-08
402,contato,2025-10-10
402,reuniao,2025-10-12
402,proposta,2025-10-17
402,perdido,2025-10-24
403,lead,2024-01-17
403,contato,2024-01-18
403,perdido,2024-02-09
404,lead,2024-06-07
404,contato,2024-06-12
404,reuniao,2024-06-18
404,proposta,2024-06-19
404,fechado,2024-06-26
405,lead,2024-03-27
405,contato,2024-03-28
405,reuniao,2024-04-03
405,proposta,2024-04-08
405,fechado,2024-04-15
406,lead,2025-07-07
406,contato,2025-07-10
406,perdido,2025-07-26
407,lead,2024-05-06
407,contato,2024-05-14
407,perdido,2024-05-31
408,lead,2025-10-18
408,contato,2025-10-26
408,reuniao,2025-10-31
408,proposta,2025-11-14
408,fechado,2025-11-18
409,lead,2025-04-06
409,perdido,2025-04-21
410,lead,2024-01-21
410,contato,2024-02-04
410,reuniao,2024-02-06
410,proposta,2024-02-18
410,perdido,2024-02-22
411,lead,2024-01-04
411,contato,2024-01-08
411,reuniao,2024-01-16
411,perdido,2024-02-13
412,lead,2024-01-30
412,contato,2024-02-01
412,reuniao,2024-02-02
412,proposta,2024-02-04
412,fechado,2024-02-09
413,lead,2025-03-03
413,contato,2025-03-06
413,reuniao,2025-03-08
413,proposta,2025-03-12
413,perdido,2025-03-28
414,lead,2025-07-27
414,contato,2025-07-30
414,perdido,2025-08-22
415,lead,2024-06-05
415,contato,2024-06-09
415,reuniao,2024-06-13
415,perdido,2024-06-29
416,lead,2025-09-03
416,contato,2025-09-09
416,reuniao,2025-09-19
416,proposta,2025-10-02
416,fechado,2025-10-08
417,lead,2024-02-02
417,contato,2024-02-04
417,perdido,2024-02-14
418,lead,2025-07-26
418,contato,2025-07-28
418,perdido,2025-08-23
419,lead,2025-10-31
419,contato,2025-11-09
419,perdido,2025-12-04
420,lead,2025-07-03
420,contato,2025-07-10
420,perdido,2025-07-27
421,lead,2025-05-07
421,contato,2025-05-08
421,perdido,2025-05-17
422,lead,2025-08-25
422,contato,2025-08-27
422,perdido,2025-09-17
423,lead,2024-01-23
423,contato,2024-01-26
423,reuniao,2024-02-03
423,perdido,2024-02-28
424,lead,2024-05-09
424,contato,2024-05-11
424,reuniao,2024-05-14
424,proposta,2024-05-23
424,fechado,2024-05-25
425,lead,2024-03-15
425,perdido,2024-03-18
426,lead,2025-01-03
426,contato,2025-01-05
426,reuniao,2025-01-12
426,proposta,2025-01-15
426,perdido,2025-02-09
427,lead,2025-06-11
427,perdido,2025-07-08
428,lead,2025-03-19
428,contato,2025-03-20
428,reuniao,2025-03-25
428,proposta,2025-03-26
428,fechado,2025-03-28
429,lead,2025-09-05
429,contato,2025-09-10
429,reuniao,2025-09-15
429,proposta,2025-09-24
429,fechado,2025-09-26
430,lead,2024-04-05
430,contato,2024-04-10
430,reuniao,2024-04-23
430,proposta,2024-04-30
430,fechado,2024-05-07
431,lead,2025-06-02
431,contato,2025-06-12
431,reuniao,2025-06-17
431,proposta,2025-06-18
431,perdido,2025-06-27
432,lead,2024-05-02
432,contato,2024-05-03
432,reuniao,2024-05-10
432,proposta,2024-05-19
432,fechado,2024-05-24
433,lead,2024-07-01
433,contato,2024-07-05
433,reuniao,2024-07-09
433,proposta,2024-07-12
433,perdido,2024-08-02
434,lead,2025-05-15
434,perdido,2025-06-11
435,lead,2025-12-13
436,lead,2025-03-07
436,contato,2025-03-13
436,reuniao,2025-03-16
436,perdido,2025-04-05
437,lead,2024-01-31
437,contato,2024-02-03
437,reuniao,2024-02-13
437,proposta,2024-02-14
437,perdido,2024-03-12
438,lead,2025-03-10
438,contato,2025-03-12
438,reuniao,2025-03-14
438,proposta,2025-03-20
438,fechado,2025-03-22
439,lead,2024-01-24
439,contato,2024-02-01
439,reuniao,2024-02-03
439,proposta,2024-02-06
439,fechado,2024-02-21
440,lead,2025-09-29
440,contato,2025-10-01
440,perdido,2025-10-06
441,lead,2025-05-15
441,contato,2025-05-22
441,reuniao,2025-05-24
441,proposta,2025-05-26
441,fechado,2025-06-11
442,lead,2024-04-18
442,contato,2024-04-20
442,perdido,2024-05-16
443,lead,2024-02-23
443,contato,2024-02-26
443,reuniao,2024-02-28
443,perdido,2024-03-15
444,lead,2024-04-25
444,contato,2024-04-29
444,reuniao,2024-05-05
444,perdido,2024-05-20
445,lead,2025-12-13
445,contato,2025-12-17
445,reuniao,2025-12-27
445,proposta,2025-12-30
446,lead,2024-11-24
446,contato,2024-12-01
446,reuniao,2024-12-04
446,perdido,2024-12-30
447,lead,2025-07-13
447,contato,2025-07-15
447,reuniao,2025-07-20
447,proposta,2025-07-24
447,fechado,2025-08-01
448,lead,2025-03-23
448,perdido,2025-04-03
449,lead,2025-02-10
449,perdido,2025-02-19
450,lead,2024-03-29
450,contato,2024-04-04
450,reuniao,2024-04-06
450,perdido,2024-04-15
451,lead,2025-11-14
451,contato,2025-11-19
451,reuniao,2025-11-22
451,proposta,2025-11-06
451,fechado,2025-12-06
452,lead,2024-07-26
452,perdido,2024-08-04
453,lead,2025-02-14
453,contato,2025-03-01
453,reuniao,2025-03-02
453,proposta,2025-03-04
453,perdido,2025-03-19
454,lead,2025-05-08
454,contato,2025-05-10
454,reuniao,2025-05-13
454,proposta,2025-05-16
454,fechado,2025-05-20
455,lead,2025-04-01
455,contato,2025-04-06
455,reuniao,2025-04-15
455,perdido,2025-04-28
456,lead,2025-11-10
456,contato,2025-11-24
456,reuniao,2025-11-30
456,proposta,2025-12-05
456,fechado,2025-12-12
457,lead,2024-03-31
457,contato,2024-04-06
457,reuniao,2024-04-09
457,proposta,2024-04-13
457,perdido,2024-05-01
458,lead,2025-01-05
458,contato,2025-01-10
458,reuniao,2025-01-11
458,perdido,2025-01-28
459,lead,2024-10-13
459,contato,2024-10-14
459,reuniao,2024-10-26
459,proposta,2024-10-29
459,fechado,2024-11-01
460,lead,2024-12-07
460,contato,2024-12-09
460,reuniao,2024-12-13
460,proposta,2024-12-14
460,perdido,2025-01-01
461,lead,2024-03-11
461,contato,2024-03-19
461,reuniao,2024-03-26
461,proposta,2024-03-30
461,fechado,2024-04-05
462,lead,2024-03-21
462,contato,2024-03-23
462,reuniao,2024-03-31
462,perdido,2024-04-23
463,lead,2024-07-07
463,contato,2024-07-11
463,reuniao,2024-07-14
463,proposta,2024-07-18
463,fechado,2024-07-20
464,lead,2024-07-29
464,contato,2024-08-03
464,reuniao,2024-08-11
464,proposta,2024-08-20
464,fechado,2024-08-24
465,lead,2024-10-30
465,contato,2024-11-05
465,perdido,2024-11-27
466,lead,2025-03-06
466,contato,2025-03-08
466,reuniao,2025-03-11
466,proposta,2025-03-21
466,fechado,2025-03-23
467,lead,2025-03-22
467,contato,2025-03-26
467,perdido,2025-04-24
468,lead,2024-10-18
468,contato,2024-10-20
468,reuniao,2024-10-22
468,proposta,2024-10-31
468,fechado,2024-11-04
469,lead,2024-10-16
469,contato,2024-10-19
469,reuniao,2024-10-23
469,proposta,2024-10-27
469,fechado,2024-11-08
470,lead,2024-05-20
470,contato,2024-05-27
470,reuniao,2024-05-28
470,proposta,2024-06-01
470,fechado,2024-06-12
471,lead,2025-02-20
471,perdido,2025-02-24
472,lead,2024-08-08
472,contato,2024-08-11
472,reuniao,2024-08-17
472,proposta,2024-08-20
472,perdido,2024-09-16
473,lead,2024-01-21
473,perdido,2024-02-17
474,lead,2024-10-23
474,contato,2024-10-27
474,perdido,2024-11-22
475,lead,2024-12-07
475,contato,2024-12-14
475,reuniao,2024-12-16
475,proposta,2024-12-18
475,perdido,2024-12-26
476,lead,2024-05-26
476,contato,2024-05-31
476,reuniao,2024-06-02
476,proposta,2024-06-04
476,fechado,2024-06-20
477,lead,2025-02-11
477,contato,2025-02-15
477,reuniao,2025-02-25
477,proposta,2025-02-27
477,perdido,2025-03-23
478,lead,2025-02-06
478,contato,2025-02-08
478,reuniao,2025-02-14
478,proposta,2025-02-21
478,perdido,2025-02-24
479,lead,2025-05-09
479,perdido,2025-05-21
480,lead,2025-03-31
480,perdido,2025-04-14
481,lead,2025-04-03
481,contato,2025-04-08
481,reuniao,2025-04-10
481,proposta,2025-04-11
481,fechado,2025-04-12
482,lead,2024-08-07
482,contato,2024-08-13
482,reuniao,2024-08-16
482,proposta,2024-08-22
482,fechado,2024-08-24
483,lead,2025-07-15
483,perdido,2025-08-03
484,lead,2025-01-28
484,perdido,2025-02-20
485,lead,2024-11-02
485,contato,2024-11-10
485,reuniao,2024-11-13
485,perdido,2024-12-07
486,lead,2025-03-16
486,perdido,2025-04-10
487,lead,2024-09-11
487,contato,2024-09-18
487,reuniao,2024-09-27
487,proposta,2024-10-23
487,perdido,2024-11-20
488,lead,2025-01-07
488,perdido,2025-01-28
489,lead,2025-06-04
489,perdido,2025-06-13
490,lead,2025-09-30
490,contato,2025-10-05
490,reuniao,2025-10-13
490,proposta,2025-10-19
490,fechado,2025-10-23
491,lead,2025-10-26
491,contato,2025-11-03
491,perdido,2025-11-16
492,lead,2025-01-02
492,contato,2025-01-03
492,reuniao,2025-01-06
492,proposta,2025-01-20
492,fechado,2025-01-26
493,lead,2025-01-11
493,contato,2025-01-13
493,reuniao,2025-01-21
493,proposta,2025-01-27
493,fechado,2025-02-01
494,lead,2025-07-25
494,contato,2025-07-29
494,perdido,2025-08-04
495,lead,2024-08-06
495,contato,2024-08-15
495,reuniao,2024-08-08
495,proposta,2024-08-31
495,perdido,2024-09-10
496,lead,2025-08-25
496,perdido,2025-09-18
497,lead,2024-12-25
497,contato,2025-01-01
497,reuniao,2025-01-02
497,proposta,2025-01-09
497,fechado,2025-01-11
498,lead,2024-03-09
498,contato,2024-03-15
498,reuniao,2024-03-21
498,perdido,2024-03-24
499,lead,2024-02-11
499,contato,2024-02-13
499,reuniao,2024-02-21
499,proposta,2024-03-01
499,fechado,2024-03-06
500,lead,2025-08-29
500,contato,2025-08-31
500,reuniao,2025-09-11
500,proposta,2025-09-15
500,fechado,2025-09-20
501,lead,2024-02-01
501,contato,2024-02-09
501,reuniao,2024-02-13
501,proposta,2024-02-17
501,fechado,2024-02-22
502,lead,2024-07-09
502,contato,2024-07-23
502,reuniao,2024-08-05
502,proposta,2024-07-29
502,fechado,2024-08-23
503,lead,2024-08-22
503,perdido,2024-08-29
504,lead,2024-04-18
504,perdido,2024-05-15
505,lead,2024-08-05
505,perdido,2024-08-30
506,lead,2025-06-09
506,perdido,2025-06-25
507,lead,2024-01-09
507,contato,2024-01-21
507,reuniao,2024-01-22
507,proposta,2024-01-27
507,fechado,2024-02-02
508,lead,2025-08-17
508,contato,2025-08-26
508,reuniao,2025-09-02
508,proposta,2025-09-06
508,perdido,2025-09-15
509,lead,2025-09-09
509,perdido,2025-09-30
510,lead,2024-09-19
510,contato,2024-09-27
510,reuniao,2024-09-28
510,perdido,2024-10-04
511,lead,2024-04-03
511,contato,2024-04-11
511,reuniao,2024-04-15
511,proposta,2024-04-22
511,fechado,2024-04-24
512,lead,2025-02-28
512,perdido,2025-03-29
513,lead,2024-03-12
513,contato,2024-03-14
513,reuniao,2024-03-18
513,proposta,2024-03-24
513,fechado,2024-03-25
514,lead,2024-09-14
514,contato,2024-09-16
514,reuniao,2024-09-20
514,proposta,2024-09-25
514,fechado,2024-09-27
515,lead,2025-11-24
515,perdido,2025-12-23
516,lead,2025-12-27
516,contato,2025-12-31
517,lead,2025-07-03
517,contato,2025-07-08
517,reuniao,2025-07-11
517,perdido,2025-07-28
518,lead,2024-08-03
518,perdido,2024-08-21
519,lead,2025-04-29
519,perdido,2025-05-23
520,lead,2025-05-12
520,contato,2025-05-19
520,reuniao,2025-06-02
520,perdido,2025-06-22
521,lead,2024-10-01
521,contato,2024-10-02
521,reuniao,2024-10-05
521,proposta,2024-10-10
521,fechado,2024-10-16
522,lead,2025-03-26
522,perdido,2025-04-03
523,lead,2024-01-07
523,contato,2024-01-10
523,reuniao,2024-01-15
523,proposta,2024-01-21
523,fechado,2024-01-22
524,lead,2024-05-14
524,perdido,2024-05-20
525,lead,2025-01-14
525,contato,2025-01-21
525,perdido,2025-02-15
526,lead,2024-04-11
526,contato,2024-04-17
526,reuniao,2024-04-20
526,proposta,2024-04-22
526,fechado,2024-04-26
527,lead,2024-04-12
527,contato,2024-04-18
527,reuniao,2024-04-23
527,perdido,2024-05-14
528,lead,2025-08-24
528,contato,2025-09-06
528,reuniao,2025-09-11
528,proposta,2025-09-18
528,perdido,2025-09-25
529,lead,2025-12-22
529,contato,2025-12-27
530,lead,2025-01-31
530,contato,2025-02-01
530,reuniao,2025-02-07
530,perdido,2025-03-05
531,lead,2025-08-26
531,contato,2025-08-29
531,perdido,2025-09-22
532,lead,2025-12-23
532,contato,2025-12-26
533,lead,2024-03-26
533,perdido,2024-04-21
534,lead,2024-11-15
534,contato,2024-11-19
534,reuniao,2024-11-03
534,proposta,2024-12-01
534,fechado,2024-12-07
535,lead,2024-10-04
535,contato,2024-10-07
535,reuniao,2024-10-17
535,perdido,2024-10-21
536,lead,2024-02-16
536,contato,2024-02-21
536,reuniao,2024-02-27
536,perdido,2024-03-01
537,lead,2025-06-19
537,contato,2025-06-22
537,reuniao,2025-06-26
537,proposta,2025-07-02
537,perdido,2025-07-11
538,lead,2024-11-04
538,perdido,2024-11-26
539,lead,2024-12-03
539,contato,2024-12-04
539,reuniao,2024-12-18
539,perdido,2025-01-08
540,lead,2024-04-01
540,contato,2024-04-02
540,reuniao,2024-04-11
540,proposta,2024-04-17
540,perdido,2024-04-30
541,lead,2024-04-23
541,contato,2024-05-02
541,reuniao,2024-05-03
541,proposta,2024-05-04
541,fechado,2024-05-10
542,lead,2025-10-15
542,contato,2025-10-16
542,reuniao,2025-10-20
542,perdido,2025-11-04
543,lead,2024-01-26
543,contato,2024-02-03
543,perdido,2024-03-02
544,lead,2024-05-31
544,contato,2024-06-03
544,reuniao,2024-06-07
544,perdido,2024-06-25
545,lead,2024-07-18
545,contato,2024-07-23
545,reuniao,2024-07-26
545,perdido,2024-07-31
546,lead,2024-12-22
546,contato,2025-01-02
546,reuniao,2025-01-08
546,proposta,2025-01-21
546,perdido,2025-02-04
547,lead,2025-02-19
547,perdido,2025-03-16
548,lead,2024-12-25
548,perdido,2025-01-15
549,lead,2024-02-18
549,perdido,2024-03-06
550,lead,2024-06-09
550,contato,2024-06-15
550,reuniao,2024-06-17
550,proposta,2024-06-20
550,fechado,2024-06-23
551,lead,2025-08-30
551,contato,2025-09-03
551,perdido,2025-09-21
552,lead,2025-03-24
552,contato,2025-04-02
552,reuniao,2025-04-03
552,perdido,2025-04-12
553,lead,2025-04-01
553,perdido,2025-04-17
554,lead,2025-04-16
554,contato,2025-04-25
554,reuniao,2025-05-04
554,proposta,2025-05-11
554,fechado,2025-05-19
555,lead,2025-06-25
555,contato,2025-07-01
555,reuniao,2025-07-10
555,proposta,2025-07-12
555,fechado,2025-07-14
556,lead,2024-02-02
556,perdido,2024-02-17
557,lead,2024-09-15
557,contato,2024-09-18
557,reuniao,2024-09-21
557,proposta,2024-09-25
557,fechado,2024-10-04
558,lead,2025-01-22
558,perdido,2025-01-28
559,lead,2024-08-25
559,contato,2024-08-28
559,reuniao,2024-08-29
559,proposta,2024-09-01
559,fechado,2024-09-14
560,lead,2025-08-31
560,perdido,2025-09-23
561,lead,2024-12-15
561,perdido,2025-01-04
562,lead,2025-06-30
562,contato,2025-07-05
562,reuniao,2025-07-11
562,proposta,2025-07-12
562,fechado,2025-07-21
563,lead,2025-09-05
563,contato,2025-09-08
563,reuniao,2025-09-22
563,proposta,2025-09-28
563,fechado,2025-10-05
564,lead,2025-01-03
564,contato,2025-01-08
564,reuniao,2025-01-09
564,perdido,2025-01-14
565,lead,2025-10-17
565,contato,2025-11-05
565,perdido,2025-11-11
566,lead,2025-02-19
566,contato,2025-02-21
566,reuniao,2025-02-23
566,proposta,2025-02-24
566,perdido,2025-02-27
567,lead,2025-09-04
567,contato,2025-09-11
567,perdido,2025-10-03
568,lead,2024-08-27
568,contato,2024-09-04
568,reuniao,2024-09-11
568,proposta,2024-09-13
568,fechado,2024-09-20
569,lead,2024-12-30
569,contato,2025-01-01
569,reuniao,2025-01-04
569,proposta,2025-01-06
569,perdido,2025-01-25
570,lead,2025-01-18
570,contato,2025-01-23
570,reuniao,2025-01-28
570,proposta,2025-01-29
570,perdido,2025-02-19
571,lead,2024-03-02
571,contato,2024-03-11
571,reuniao,2024-03-15
571,perdido,2024-03-22
572,lead,2024-10-09
572,perdido,2024-11-04
573,lead,2025-10-23
573,contato,2025-11-04
573,reuniao,2025-11-07
573,proposta,2025-11-11
573,fechado,2025-11-17
574,lead,2025-03-20
574,contato,2025-03-23
574,perdido,2025-04-16
575,lead,2024-04-21
575,contato,2024-04-24
575,perdido,2024-05-17
576,lead,2024-08-25
576,contato,2024-08-30
576,reuniao,2024-09-03
576,proposta,2024-09-08
576,perdido,2024-10-01
577,lead,2024-05-01
577,perdido,2024-05-27
578,lead,2024-01-14
578,contato,2024-01-16
578,perdido,2024-01-28
579,lead,2025-10-30
579,contato,2025-11-05
579,reuniao,2025-11-08
579,proposta,2025-11-09
579,fechado,2025-11-10
580,lead,2024-11-15
580,perdido,2024-11-18
581,lead,2024-07-31
581,perdido,2024-08-25
582,lead,2025-02-26
582,contato,2025-03-23
582,reuniao,2025-03-30
582,proposta,2025-04-01
582,fechado,2025-04-05
583,lead,2024-01-05
583,perdido,2024-01-15
584,lead,2024-07-07
584,contato,2024-07-11
584,reuniao,2024-07-20
584,proposta,2024-07-24
584,perdido,2024-08-01
585,lead,2025-05-10
585,contato,2025-05-14
585,reuniao,2025-05-18
585,proposta,2025-05-21
585,perdido,2025-05-28
586,lead,2025-03-22
586,contato,2025-03-26
586,reuniao,2025-03-27
586,proposta,2025-03-31
586,fechado,2025-04-05
587,lead,2025-12-15
587,perdido,2025-12-24
588,lead,2025-03-13
588,contato,2025-03-25
588,reuniao,2025-03-26
588,proposta,2025-03-30
588,fechado,2025-04-05
589,lead,2024-12-10
589,contato,2024-12-14
589,reuniao,2024-12-15
589,perdido,2025-01-01
590,lead,2025-06-24
590,contato,2025-06-26
590,reuniao,2025-06-27
590,proposta,2025-07-01
590,fechado,2025-07-02
591,lead,2025-10-13
591,contato,2025-10-17
591,reuniao,2025-10-25
591,proposta,2025-10-30
591,perdido,2025-11-11
592,lead,2025-05-23
592,perdido,2025-06-05
593,lead,2025-11-28
593,perdido,2025-12-23
594,lead,2025-07-11
594,contato,2025-07-12
594,reuniao,2025-07-16
594,proposta,2025-07-19
594,fechado,2025-07-23
595,lead,2025-09-16
595,contato,2025-09-30
595,reuniao,2025-10-07
595,proposta,2025-10-09
595,fechado,2025-10-18
596,lead,2024-03-08
596,contato,2024-03-20
596,reuniao,2024-03-27
596,proposta,2024-03-28
596,fechado,2024-03-30
597,lead,2025-06-01
597,perdido,2025-06-22
598,lead,2024-11-09
598,contato,2024-11-10
598,perdido,2024-12-09
599,lead,2025-01-30
599,perdido,2025-02-04
600,lead,2025-04-04
600,contato,2025-04-06
600,reuniao,2025-04-07
600,perdido,2025-04-14
601,lead,2025-12-04
601,contato,2025-12-12
601,reuniao,2025-12-20
601,proposta,2025-12-23
601,fechado,2025-12-26
602,lead,2025-12-17
602,contato,2025-12-27
602,reuniao,2025-12-30
603,lead,2024-07-15
603,contato,2024-07-16
603,perdido,2024-07-20
604,lead,2025-06-02
604,contato,2025-06-10
604,reuniao,2025-06-13
604,proposta,2025-06-14
604,fechado,2025-06-20
605,lead,2025-06-15
605,contato,2025-06-19
605,reuniao,2025-06-27
605,proposta,2025-07-04
605,fechado,2025-07-06
606,lead,2024-09-01
606,contato,2024-09-15
606,reuniao,2024-09-23
606,proposta,2024-09-26
606,perdido,2024-10-23
607,lead,2024-03-14
607,contato,2024-03-16
607,reuniao,2024-03-20
607,proposta,2024-04-04
607,fechado,2024-04-07
608,lead,2024-01-24
608,perdido,2024-01-27
609,lead,2025-07-07
609,contato,2025-07-14
609,reuniao,2025-07-18
609,perdido,2025-07-28
610,lead,2024-12-21
610,perdido,2025-01-13
611,lead,2025-12-18
611,perdido,2025-12-23
612,lead,2024-11-29
612,contato,2024-12-03
612,perdido,2024-12-21
613,lead,2025-12-11
613,contato,2025-12-12
613,reuniao,2025-12-16
613,proposta,2025-12-19
613,fechado,2025-12-27
614,lead,2024-10-18
614,contato,2024-10-22
614,reuniao,2024-10-28
614,proposta,2024-10-30
614,perdido,2024-11-15
615,lead,2025-07-20
615,contato,2025-07-24
615,perdido,2025-08-10
616,lead,2024-02-19
616,contato,2024-02-21
616,perdido,2024-03-19
617,lead,2025-01-31
617,contato,2025-02-08
617,reuniao,2025-02-15
617,proposta,2025-02-19
617,fechado,2025-02-27
618,lead,2025-07-27
618,contato,2025-08-03
618,reuniao,2025-08-06
618,perdido,2025-09-03
619,lead,2025-10-28
619,contato,2025-11-01
619,reuniao,2025-11-05
619,proposta,2025-11-09
619,fechado,2025-11-13
620,lead,2025-08-13
620,contato,2025-08-17
620,reuniao,2025-08-27
620,proposta,2025-09-06
620,fechado,2025-09-09
621,lead,2024-01-21
621,contato,2024-01-28
621,reuniao,2024-01-31
621,proposta,2024-02-08
621,fechado,2024-02-12
622,lead,2024-09-20
622,contato,2024-09-22
622,reuniao,2024-09-23
622,perdido,2024-10-05
623,lead,2024-01-28
623,contato,2024-02-02
623,reuniao,2024-02-08
623,proposta,2024-02-12
623,fechado,2024-02-19
624,lead,2024-03-05
624,contato,2024-03-24
624,perdido,2024-04-19
625,lead,2025-04-20
625,contato,2025-04-30
625,reuniao,2025-05-04
625,proposta,2025-05-07
625,fechado,2025-05-12
626,lead,2025-05-18
626,contato,2025-05-26
626,reuniao,2025-06-07
626,perdido,2025-06-30
627,lead,2025-07-04
627,contato,2025-07-05
627,reuniao,2025-07-11
627,proposta,2025-07-15
627,perdido,2025-07-25
628,lead,2025-09-15
628,contato,2025-09-17
628,reuniao,2025-09-18
628,proposta,2025-09-23
628,perdido,2025-10-02
629,lead,2025-06-06
629,perdido,2025-06-09
630,lead,2025-07-26
630,contato,2025-07-31
630,reuniao,2025-08-01
630,proposta,2025-08-02
630,fechado,2025-08-06
631,lead,2024-01-28
631,contato,2024-01-30
631,reuniao,2024-02-08
631,proposta,2024-02-11
631,fechado,2024-02-15
632,lead,2024-06-02
632,contato,2024-06-06
632,reuniao,2024-06-13
632,perdido,2024-06-29
633,lead,2025-03-14
633,contato,2025-03-17
633,reuniao,2025-03-20
633,proposta,2025-04-01
633,perdido,2025-04-10
634,lead,2025-09-10
634,perdido,2025-09-14
635,lead,2024-01-03
635,contato,2024-01-08
635,reuniao,2024-01-11
635,perdido,2024-01-30
636,lead,2025-01-08
636,perdido,2025-01-26
637,lead,2025-04-21
637,perdido,2025-04-30
638,lead,2024-01-17
638,perdido,2024-01-30
639,lead,2024-10-11
639,contato,2024-10-13
639,perdido,2024-10-22
640,lead,2025-10-07
640,contato,2025-10-11
640,perdido,2025-11-02
641,lead,2025-04-17
641,contato,2025-04-30
641,reuniao,2025-05-02
641,perdido,2025-05-19
642,lead,2024-06-04
642,contato,2024-06-18
642,reuniao,2024-06-22
642,perdido,2024-07-17
643,lead,2025-09-06
643,perdido,2025-10-03
644,lead,2024-09-02
644,contato,2024-09-12
644,reuniao,2024-09-14
644,proposta,2024-09-18
644,perdido,2024-10-03
645,lead,2025-09-06
645,contato,2025-09-15
645,reuniao,2025-09-26
645,proposta,2025-10-01
645,fechado,2025-10-05
646,lead,2024-07-24
646,contato,2024-07-28
646,reuniao,2024-08-08
646,proposta,2024-08-13
646,fechado,2024-08-18
647,lead,2025-02-21
647,contato,2025-02-24
647,reuniao,2025-03-06
647,proposta,2025-03-09
647,fechado,2025-03-13
648,lead,2024-10-07
648,perdido,2024-11-04
649,lead,2024-07-04
649,contato,2024-07-06
649,perdido,2024-07-29
650,lead,2025-09-30
650,perdido,2025-10-11
651,lead,2024-04-28
651,contato,2024-05-11
651,perdido,2024-05-28
652,lead,2024-02-19
652,contato,2024-02-21
652,perdido,2024-03-02
653,lead,2024-08-28
653,contato,2024-09-02
653,reuniao,2024-09-06
653,proposta,2024-09-12
653,fechado,2024-09-22
654,lead,2025-05-21
654,contato,2025-05-24
654,perdido,2025-06-06
655,lead,2025-08-01
655,perdido,2025-08-16
656,lead,2025-12-30
656,contato,2025-12-31
657,lead,2024-07-22
657,contato,2024-07-28
657,perdido,2024-08-24
658,lead,2024-10-15
658,perdido,2024-10-31
659,lead,2024-03-23
659,contato,2024-04-03
659,reuniao,2024-04-04
659,perdido,2024-04-19
660,lead,2025-02-12
660,perdido,2025-03-04
661,lead,2025-12-29
662,lead,2025-05-09
662,contato,2025-05-13
662,perdido,2025-06-08
663,lead,2025-02-24
663,contato,2025-02-28
663,perdido,2025-03-06
664,lead,2024-10-04
664,contato,2024-10-10
664,perdido,2024-10-29
665,lead,2025-10-21
665,contato,2025-10-23
665,reuniao,2025-11-03
665,proposta,2025-11-06
665,fechado,2025-11-12
666,lead,2024-12-28
666,contato,2024-12-31
666,perdido,2025-01-15
667,lead,2024-03-21
667,contato,2024-03-26
667,reuniao,2024-03-30
667,proposta,2024-04-12
667,perdido,2024-04-22
668,lead,2024-09-14
668,contato,2024-09-18
668,reuniao,2024-09-28
668,perdido,2024-10-08
669,lead,2024-02-08
669,contato,2024-02-09
669,reuniao,2024-02-13
669,perdido,2024-02-17
670,lead,2024-05-09
670,contato,2024-05-13
670,reuniao,2024-05-19
670,perdido,2024-05-24
671,lead,2024-01-10
671,contato,2024-01-12
671,reuniao,2024-01-30
671,perdido,2024-02-20
672,lead,2024-11-19
672,contato,2024-11-22
672,reuniao,2024-11-27
672,perdido,2024-12-08
673,lead,2025-03-22
673,contato,2025-03-25
673,perdido,2025-03-30
674,lead,2024-08-29
674,contato,2024-09-01
674,reuniao,2024-09-04
674,proposta,2024-09-06
674,perdido,2024-09-25
675,lead,2024-10-25
675,contato,2024-10-28
675,reuniao,2024-10-30
675,proposta,2024-11-09
675,fechado,2024-11-13
676,lead,2025-11-25
676,contato,2025-11-29
676,perdido,2025-12-19
677,lead,2025-06-17
677,contato,2025-06-21
677,reuniao,2025-06-25
677,proposta,2025-06-26
677,fechado,2025-07-10
678,lead,2025-01-23
678,contato,2025-01-26
678,reuniao,2025-01-27
678,proposta,2025-01-30
678,fechado,2025-01-31
679,lead,2024-07-12
679,contato,2024-07-15
679,reuniao,2024-07-16
679,proposta,2024-07-19
679,fechado,2024-07-22
680,lead,2025-10-08
680,contato,2025-10-21
680,reuniao,2025-11-02
680,perdido,2025-11-16
681,lead,2024-06-02
681,contato,2024-06-09
681,reuniao,2024-06-18
681,proposta,2024-06-23
681,fechado,2024-06-25
682,lead,2024-08-14
682,contato,2024-08-25
682,reuniao,2024-08-28
682,perdido,2024-09-11
683,lead,2025-10-17
683,contato,2025-10-21
683,reuniao,2025-10-02
683,proposta,2025-10-26
683,fechado,2025-10-27
684,lead,2025-01-17
684,contato,2025-01-20
684,reuniao,2025-01-21
684,perdido,2025-02-09
685,lead,2025-06-09
685,contato,2025-06-15
685,reuniao,2025-06-18
685,perdido,2025-07-07
686,lead,2025-02-22
686,contato,2025-02-24
686,perdido,2025-03-08
687,lead,2025-04-04
687,contato,2025-04-17
687,perdido,2025-05-16
688,lead,2024-07-24
688,contato,2024-07-27
688,reuniao,2024-08-10
688,perdido,2024-08-20
689,lead,2024-06-07
689,contato,2024-06-11
689,perdido,2024-07-07
690,lead,2024-08-12
690,contato,2024-08-13
690,reuniao,2024-08-22
690,perdido,2024-09-05
691,lead,2024-04-05
691,perdido,2024-04-11
692,lead,2025-09-21
692,contato,2025-09-28
692,perdido,2025-10-19
693,lead,2024-07-11
693,contato,2024-07-25
693,perdido,2024-08-17
694,lead,2025-02-04
694,perdido,2025-02-15
695,lead,2025-07-19
695,contato,2025-07-26
695,reuniao,2025-08-04
695,proposta,2025-08-11
695,fechado,2025-08-16
696,lead,2025-07-12
696,perdido,2025-08-01
697,lead,2024-11-07
697,contato,2024-11-09
697,reuniao,2024-11-11
697,proposta,2024-10-31
697,fechado,2024-11-29
698,lead,2024-12-09
698,contato,2024-12-12
698,reuniao,2024-12-20
698,proposta,2024-12-26
698,perdido,2025-01-14
699,lead,2025-12-27
699,contato,2025-12-31
700,lead,2025-04-19
700,contato,2025-04-22
700,reuniao,2025-05-02
700,proposta,2025-05-05
700,fechado,2025-05-09
701,lead,2025-08-06
701,perdido,2025-08-16
702,lead,2025-10-12
702,contato,2025-10-16
702,reuniao,2025-10-27
702,proposta,2025-10-30
702,fechado,2025-11-02
703,lead,2025-07-15
703,contato,2025-07-24
703,reuniao,2025-07-28
703,proposta,2025-08-04
703,perdido,2025-08-13
704,lead,2024-04-27
704,contato,2024-04-28
704,reuniao,2024-05-05
704,proposta,2024-05-08
704,fechado,2024-05-12
705,lead,2025-02-04
705,contato,2025-02-07
705,reuniao,2025-02-15
705,proposta,2025-02-17
705,perdido,2025-03-03
706,lead,2024-02-29
706,contato,2024-03-02
706,perdido,2024-03-12
707,lead,2025-04-04
707,contato,2025-04-06
707,reuniao,2025-04-10
707,proposta,2025-04-17
707,perdido,2025-05-17
708,lead,2025-11-22
708,contato,2025-11-25
708,reuniao,2025-11-28
708,perdido,2025-12-08
709,lead,2025-01-07
709,perdido,2025-02-01
710,lead,2024-11-03
710,perdido,2024-11-16
711,lead,2024-01-21
711,contato,2024-01-26
711,reuniao,2024-02-06
711,perdido,2024-02-10
712,lead,2025-11-25
712,contato,2025-11-27
712,reuniao,2025-11-30
712,proposta,2025-12-05
712,perdido,2025-12-24
713,lead,2024-03-01
713,contato,2024-03-13
713,reuniao,2024-03-21
713,proposta,2024-03-25
713,perdido,2024-04-24
714,lead,2024-01-24
714,contato,2024-01-28
714,reuniao,2024-02-10
714,proposta,2024-02-16
714,fechado,2024-02-21
715,lead,2024-06-11
715,contato,2024-06-22
715,perdido,2024-07-18
716,lead,2024-02-07
716,contato,2024-02-13
716,reuniao,2024-02-16
716,proposta,2024-02-17
716,perdido,2024-03-06
717,lead,2024-11-21
717,contato,2024-11-22
717,reuniao,2024-11-27
717,proposta,2024-12-01
717,perdido,2024-12-19
718,lead,2025-01-09
718,contato,2025-01-15
718,perdido,2025-02-07
719,lead,2024-08-04
719,contato,2024-08-06
719,reuniao,2024-08-07
719,proposta,2024-08-10
719,fechado,2024-08-11
720,lead,2024-01-29
720,contato,2024-01-31
720,perdido,2024-02-13
721,lead,2024-03-06
721,perdido,2024-03-16
722,lead,2024-09-28
722,contato,2024-10-02
722,perdido,2024-10-29
723,lead,2024-02-04
723,contato,2024-02-08
723,perdido,2024-02-27
724,lead,2025-05-07
724,contato,2025-05-13
724,reuniao,2025-05-22
724,perdido,2025-06-19
725,lead,2024-05-13
725,contato,2024-05-28
725,reuniao,2024-06-02
725,proposta,2024-06-09
725,fechado,2024-06-17
726,lead,2024-07-27
726,perdido,2024-08-26
727,lead,2024-10-05
727,contato,2024-10-09
727,reuniao,2024-10-11
727,proposta,2024-10-14
727,perdido,2024-10-27
728,lead,2024-10-22
728,contato,2024-10-28
728,reuniao,2024-11-05
728,proposta,2024-11-09
728,perdido,2024-12-04
729,lead,2024-01-01
729,perdido,2024-01-21
730,lead,2024-03-07
730,perdido,2024-04-04
731,lead,2025-09-13
731,perdido,2025-10-09
732,lead,2024-01-01
732,contato,2024-01-02
732,reuniao,2024-01-05
732,perdido,2024-01-09
733,lead,2025-01-05
733,contato,2025-01-11
733,reuniao,2025-01-12
733,proposta,2025-01-20
733,perdido,2025-01-29
734,lead,2024-12-21
734,contato,2024-12-27
734,reuniao,2025-01-04
734,proposta,2025-01-09
734,perdido,2025-01-15
735,lead,2024-08-21
735,contato,2024-08-22
735,reuniao,2024-08-27
735,proposta,2024-09-01
735,perdido,2024-09-08
736,lead,2024-11-02
736,contato,2024-11-05
736,perdido,2024-11-21
737,lead,2025-07-10
737,perdido,2025-07-24
738,lead,2025-08-28
738,perdido,2025-09-17
739,lead,2024-06-23
739,contato,2024-07-01
739,perdido,2024-07-31
740,lead,2024-08-12
740,contato,2024-08-18
740,perdido,2024-09-16
741,lead,2024-06-08
741,contato,2024-06-21
741,reuniao,2024-06-26
741,proposta,2024-07-01
741,fechado,2024-07-05
742,lead,2024-12-12
742,perdido,2024-12-21
743,lead,2025-04-26
743,contato,2025-04-27
743,reuniao,2025-05-01
743,proposta,2025-05-04
743,fechado,2025-05-15
744,lead,2024-05-28
744,contato,2024-06-01
744,reuniao,2024-06-04
744,perdido,2024-06-20
745,lead,2024-08-19
745,perdido,2024-09-16
746,lead,2025-11-02
746,contato,2025-11-10
746,reuniao,2025-11-12
746,proposta,2025-11-15
746,perdido,2025-11-22
747,lead,2024-01-28
747,contato,2024-02-03
747,perdido,2024-02-08
748,lead,2024-11-26
748,contato,2024-12-03
748,reuniao,2024-12-07
748,proposta,2024-12-08
748,fechado,2024-12-11
749,lead,2025-05-16
749,contato,2025-05-20
749,reuniao,2025-05-27
749,proposta,2025-06-02
749,perdido,2025-06-11
750,lead,2024-04-01
750,contato,2024-04-07
750,reuniao,2024-04-15
750,proposta,2024-04-24
750,fechado,2024-04-26
751,lead,2024-01-27
751,contato,2024-02-09
751,reuniao,2024-02-18
751,proposta,2024-02-24
751,fechado,2024-02-25
752,lead,2024-03-24
752,perdido,2024-04-23
753,lead,2025-10-24
753,contato,2025-10-28
753,reuniao,2025-10-31
753,perdido,2025-11-16
754,lead,2024-01-06
754,contato,2024-01-15
754,reuniao,2024-01-18
754,proposta,2024-01-24
754,perdido,2024-02-06
755,lead,2024-04-29
755,contato,2024-05-05
755,perdido,2024-05-10
756,lead,2024-01-18
756,contato,2024-01-21
756,perdido,2024-02-02
757,lead,2024-03-06
757,contato,2024-03-09
757,reuniao,2024-03-13
757,perdido,2024-03-16
758,lead,2025-03-13
758,contato,2025-03-22
758,reuniao,2025-03-24
758,perdido,2025-04-08
759,lead,2024-06-07
759,perdido,2024-06-20
760,lead,2025-02-09
760,contato,2025-02-14
760,reuniao,2025-02-17
760,proposta,2025-02-21
760,perdido,2025-02-27
761,lead,2025-02-21
761,contato,2025-02-23
761,reuniao,2025-02-25
761,proposta,2025-03-01
761,perdido,2025-03-17
762,lead,2025-09-03
762,contato,2025-09-05
762,reuniao,2025-09-16
762,perdido,2025-09-19
763,lead,2024-01-03
763,contato,2024-01-05
763,perdido,2024-01-29
764,lead,2025-09-06
764,contato,2025-09-10
764,reuniao,2025-09-22
764,perdido,2025-10-21
765,lead,2025-03-12
765,contato,2025-03-19
765,reuniao,2025-03-23
765,proposta,2025-03-04
765,fechado,2025-03-27
766,lead,2024-04-10
766,contato,2024-04-14
766,perdido,2024-04-26
767,lead,2025-07-04
767,contato,2025-07-11
767,reuniao,2025-07-14
767,perdido,2025-08-12
768,lead,2025-09-08
768,contato,2025-09-11
768,reuniao,2025-09-21
768,proposta,2025-09-28
768,fechado,2025-09-29
769,lead,2024-06-18
769,contato,2024-06-19
769,reuniao,2024-06-22
769,proposta,2024-06-24
769,perdido,2024-06-30
770,lead,2025-10-24
770,contato,2025-10-29
770,reuniao,2025-11-02
770,perdido,2025-11-20
771,lead,2024-11-20
771,contato,2024-11-21
771,reuniao,2024-11-22
771,proposta,2024-11-30
771,fechado,2024-12-04
772,lead,2025-03-01
772,contato,2025-03-04
772,perdido,2025-04-03
773,lead,2025-12-17
773,contato,2025-12-19
773,reuniao,2025-12-20
773,proposta,2025-12-22
774,lead,2024-09-12
774,perdido,2024-10-12
775,lead,2025-08-05
775,contato,2025-08-08
775,reuniao,2025-08-17
775,perdido,2025-09-14
776,lead,2024-08-09
776,contato,2024-08-10
776,reuniao,2024-08-15
776,proposta,2024-08-24
776,perdido,2024-09-15
777,lead,2025-07-25
777,contato,2025-07-29
777,reuniao,2025-08-03
777,proposta,2025-08-12
777,fechado,2025-08-19
778,lead,2025-02-28
778,contato,2025-03-11
778,reuniao,2025-03-13
778,proposta,2025-03-18
778,fechado,2025-03-27
779,lead,2024-05-19
779,contato,2024-05-22
779,reuniao,2024-05-27
779,proposta,2024-06-01
779,fechado,2024-06-03
780,lead,2024-10-20
780,contato,2024-10-25
780,reuniao,2024-10-28
780,perdido,2024-11-11
781,lead,2024-08-08
781,contato,2024-08-13
781,reuniao,2024-08-21
781,proposta,2024-08-25
781,perdido,2024-09-02
782,lead,2024-02-14
782,contato,2024-02-25
782,reuniao,2024-03-01
782,proposta,2024-03-02
782,perdido,2024-03-23
783,lead,2024-01-17
783,perdido,2024-02-03
784,lead,2024-09-01
784,perdido,2024-09-12
785,lead,2024-01-11
785,perdido,2024-02-09
786,lead,2024-04-12
786,contato,2024-04-19
786,reuniao,2024-04-25
786,perdido,2024-05-14
787,lead,2025-05-26
787,contato,2025-05-29
787,perdido,2025-06-06
788,lead,2025-05-14
788,contato,2025-05-27
788,reuniao,2025-05-29
788,proposta,2025-06-09
788,fechado,2025-06-15
789,lead,2025-06-06
789,contato,2025-06-08
789,reuniao,2025-06-11
789,proposta,2025-06-12
789,fechado,2025-06-17
790,lead,2024-08-08
790,contato,2024-08-15
790,perdido,2024-09-08
791,lead,2025-10-03
791,contato,2025-10-14
791,reuniao,2025-10-20
791,proposta,2025-10-22
791,perdido,2025-11-16
792,lead,2025-02-24
792,contato,2025-03-01
792,reuniao,2025-03-07
792,proposta,2025-03-14
792,perdido,2025-04-06
793,lead,2024-03-16
793,contato,2024-03-20
793,reuniao,2024-03-30
793,proposta,2024-04-08
793,fechado,2024-04-15
794,lead,2024-03-28
794,contato,2024-03-29
794,reuniao,2024-03-31
794,perdido,2024-04-05
795,lead,2025-05-03
795,contato,2025-05-04
795,reuniao,2025-05-06
795,proposta,2025-05-14
795,fechado,2025-05-15
796,lead,2024-04-18
796,perdido,2024-05-15
797,lead,2025-01-04
797,perdido,2025-01-08
798,lead,2025-12-24
799,lead,2024-01-03
799,perdido,2024-01-20
800,lead,2024-01-10
800,contato,2024-01-14
800,reuniao,2024-01-16
800,proposta,2024-01-21
800,perdido,2024-01-24
801,lead,2025-12-25
801,contato,2025-12-28
802,lead,2025-02-18
802,contato,2025-02-23
802,reuniao,2025-03-03
802,proposta,2025-03-05
802,fechado,2025-03-15
803,lead,2024-03-16
803,contato,2024-03-17
803,reuniao,2024-03-18
803,proposta,2024-03-22
803,fechado,2024-03-25
804,lead,2025-10-08
804,perdido,2025-10-18
805,lead,2025-09-26
805,contato,2025-10-05
805,reuniao,2025-10-07
805,proposta,2025-10-23
805,perdido,2025-11-14
806,lead,2025-01-20
806,perdido,2025-02-12
807,lead,2025-03-14
807,contato,2025-03-16
807,perdido,2025-04-01
808,lead,2024-07-03
808,contato,2024-07-07
808,reuniao,2024-07-09
808,proposta,2024-07-14
808,fechado,2024-07-19
809,lead,2024-01-29
809,perdido,2024-02-21
810,lead,2025-02-24
810,contato,2025-02-26
810,reuniao,2025-03-01
810,proposta,2025-03-04
810,fechado,2025-03-05
811,lead,2024-07-21
811,contato,2024-07-24
811,reuniao,2024-07-27
811,perdido,2024-08-09
812,lead,2025-04-11
812,contato,2025-04-21
812,reuniao,2025-04-25
812,proposta,2025-04-26
812,perdido,2025-05-25
813,lead,2025-08-24
813,contato,2025-08-28
813,reuniao,2025-09-04
813,proposta,2025-09-07
813,perdido,2025-09-21
814,lead,2024-01-11
814,contato,2024-01-20
814,reuniao,2024-01-24
814,proposta,2024-01-27
814,perdido,2024-02-21
815,lead,2025-02-25
815,contato,2025-02-28
815,reuniao,2025-03-07
815,proposta,2025-03-08
815,fechado,2025-03-13
816,lead,2024-05-30
816,contato,2024-06-02
816,reuniao,2024-06-07
816,proposta,2024-06-09
816,fechado,2024-06-15
817,lead,2025-09-21
817,contato,2025-09-26
817,reuniao,2025-10-06
817,proposta,2025-10-09
817,fechado,2025-10-13
818,lead,2024-06-17
818,contato,2024-06-21
818,reuniao,2024-06-26
818,proposta,2024-06-30
818,fechado,2024-07-02
819,lead,2025-03-06
819,contato,2025-03-09
819,perdido,2025-04-06
820,lead,2025-01-30
820,contato,2025-01-31
820,reuniao,2025-02-02
820,proposta,2025-02-04
820,fechado,2025-02-12
821,lead,2024-10-07
821,perdido,2024-11-06
822,lead,2025-04-22
822,perdido,2025-05-17
823,lead,2025-05-27
823,contato,2025-05-29
823,perdido,2025-06-09
824,lead,2025-02-07
824,contato,2025-02-11
824,reuniao,2025-02-16
824,perdido,2025-02-27
825,lead,2025-06-22
825,perdido,2025-07-02
826,lead,2025-12-16
827,lead,2024-10-24
827,contato,2024-10-25
827,reuniao,2024-10-30
827,proposta,2024-11-03
827,perdido,2024-11-27
828,lead,2025-01-08
828,perdido,2025-01-26
829,lead,2024-01-08
829,contato,2024-01-15
829,reuniao,2024-01-18
829,proposta,2024-01-23
829,perdido,2024-02-21
830,lead,2025-07-22
830,contato,2025-07-24
830,reuniao,2025-07-25
830,proposta,2025-07-29
830,perdido,2025-08-06
831,lead,2025-01-11
831,contato,2025-01-15
831,reuniao,2025-01-19
831,proposta,2025-01-22
831,perdido,2025-02-21
832,lead,2024-10-15
832,contato,2024-10-19
832,reuniao,2024-10-21
832,proposta,2024-10-22
832,perdido,2024-11-15
833,lead,2024-02-24
833,contato,2024-03-07
833,reuniao,2024-03-08
833,proposta,2024-03-12
833,perdido,2024-03-27
834,lead,2025-10-03
834,perdido,2025-10-15
835,lead,2024-10-06
835,perdido,2024-10-21
836,lead,2025-04-25
836,contato,2025-04-29
836,reuniao,2025-05-01
836,perdido,2025-05-19
837,lead,2024-03-31
837,contato,2024-04-17
837,reuniao,2024-04-26
837,proposta,2024-04-27
837,fechado,2024-04-28
838,lead,2025-11-27
838,perdido,2025-12-16
839,lead,2024-04-22
839,contato,2024-04-24
839,reuniao,2024-04-29
839,perdido,2024-05-11
840,lead,2024-05-07
840,contato,2024-05-14
840,reuniao,2024-05-18
840,proposta,2024-05-24
840,fechado,2024-05-27
841,lead,2025-09-10
841,contato,2025-09-15
841,reuniao,2025-09-16
841,perdido,2025-09-25
842,lead,2025-10-19
842,contato,2025-10-20
842,reuniao,2025-10-22
842,proposta,2025-10-24
842,perdido,2025-11-11
843,lead,2024-05-16
843,contato,2024-05-20
843,reuniao,2024-05-23
843,proposta,2024-06-04
843,fechado,2024-06-17
844,lead,2024-12-03
844,perdido,2024-12-22
845,lead,2025-06-02
845,contato,2025-06-06
845,perdido,2025-06-26
846,lead,2025-09-24
846,contato,2025-09-26
846,reuniao,2025-10-01
846,proposta,2025-10-04
846,fechado,2025-10-19
847,lead,2024-09-24
847,contato,2024-10-04
847,reuniao,2024-10-07
847,proposta,2024-10-08
847,perdido,2024-10-30
848,lead,2025-01-10
848,contato,2025-01-16
848,reuniao,2025-01-21
848,proposta,2025-01-23
848,fechado,2025-01-29
849,lead,2025-06-08
849,contato,2025-06-09
849,reuniao,2025-06-12
849,proposta,2025-06-18
849,fechado,2025-06-26
850,lead,2025-05-31
850,contato,2025-06-05
850,reuniao,2025-06-10
850,proposta,2025-06-11
850,fechado,2025-06-12
851,lead,2025-07-12
851,contato,2025-07-13
851,perdido,2025-07-19
852,lead,2025-02-09
852,contato,2025-02-17
852,perdido,2025-03-18
853,lead,2024-03-02
853,perdido,2024-03-07
854,lead,2025-10-13
854,contato,2025-10-23
854,reuniao,2025-10-25
854,proposta,2025-10-31
854,perdido,2025-11-06
855,lead,2025-09-15
855,contato,2025-09-25
855,reuniao,2025-10-02
855,proposta,2025-10-07
855,perdido,2025-11-05
856,lead,2025-07-24
856,contato,2025-07-26
856,perdido,2025-08-18
857,lead,2024-02-28
857,contato,2024-03-05
857,perdido,2024-03-24
858,lead,2024-05-11
858,perdido,2024-06-08
859,lead,2025-06-10
859,perdido,2025-07-09
860,lead,2024-01-14
860,perdido,2024-01-28
861,lead,2025-12-13
861,contato,2025-12-23
862,lead,2024-09-23
862,contato,2024-09-25
862,reuniao,2024-10-02
862,perdido,2024-10-08
863,lead,2025-05-22
863,contato,2025-05-28
863,reuniao,2025-05-29
863,proposta,2025-06-03
863,fechado,2025-06-06
864,lead,2025-10-01
864,perdido,2025-10-04
865,lead,2024-10-06
865,contato,2024-10-10
865,perdido,2024-11-01
866,lead,2024-08-09
866,contato,2024-08-11
866,reuniao,2024-08-17
866,proposta,2024-08-23
866,fechado,2024-08-29
867,lead,2025-03-05
867,contato,2025-03-11
867,reuniao,2025-03-17
867,perdido,2025-04-12
868,lead,2025-02-16
868,contato,2025-02-18
868,reuniao,2025-02-19
868,proposta,2025-02-25
868,fechado,2025-02-28
869,lead,2024-10-16
869,contato,2024-10-25
869,reuniao,2024-10-26
869,perdido,2024-11-07
870,lead,2025-02-28
870,perdido,2025-03-10
871,lead,2025-11-06
871,contato,2025-11-10
871,reuniao,2025-11-23
871,perdido,2025-12-03
872,lead,2024-12-01
872,perdido,2024-12-07
873,lead,2024-05-05
873,contato,2024-05-10
873,perdido,2024-05-23
874,lead,2024-09-23
874,perdido,2024-10-14
875,lead,2024-10-05
875,contato,2024-10-09
875,reuniao,2024-10-10
875,proposta,2024-10-12
875,perdido,2024-10-23
876,lead,2024-03-19
876,contato,2024-03-29
876,reuniao,2024-04-02
876,proposta,2024-04-04
876,perdido,2024-04-25
877,lead,2024-04-10
877,contato,2024-04-16
877,perdido,2024-05-03
878,lead,2025-04-27
878,contato,2025-04-30
878,perdido,2025-05-18
879,lead,2024-08-26
879,perdido,2024-09-10
880,lead,2025-11-21
880,contato,2025-11-24
880,reuniao,2025-11-29
880,proposta,2025-12-04
880,perdido,2025-12-07
881,lead,2024-06-09
881,contato,2024-06-12
881,reuniao,2024-06-13
881,proposta,2024-06-18
881,perdido,2024-07-05
882,lead,2024-02-27
882,contato,2024-03-02
882,reuniao,2024-03-08
882,proposta,2024-03-13
882,fechado,2024-03-14
883,lead,2025-06-18
883,contato,2025-06-28
883,perdido,2025-07-15
884,lead,2025-09-26
884,perdido,2025-10-21
885,lead,2024-07-07
885,contato,2024-07-09
885,perdido,2024-07-18
886,lead,2024-05-09
886,contato,2024-05-12
886,reuniao,2024-05-19
886,perdido,2024-05-26
887,lead,2024-04-27
887,contato,2024-05-03
887,reuniao,2024-05-15
887,proposta,2024-05-20
887,fechado,2024-05-22
888,lead,2025-01-12
888,contato,2025-01-15
888,reuniao,2025-01-18
888,proposta,2025-01-23
888,fechado,2025-01-29
889,lead,2024-12-02
889,contato,2024-12-07
889,perdido,2024-12-18
890,lead,2024-06-22
890,contato,2024-06-28
890,reuniao,2024-07-05
890,proposta,2024-07-06
890,fechado,2024-07-09
891,lead,2024-01-26
891,contato,2024-01-31
891,reuniao,2024-02-08
891,proposta,2024-02-24
891,fechado,2024-03-07
892,lead,2024-12-14
892,contato,2024-12-23
892,reuniao,2024-12-24
892,proposta,2024-12-25
892,fechado,2024-12-26
893,lead,2025-11-25
893,contato,2025-11-28
893,reuniao,2025-11-29
893,perdido,2025-12-27
894,lead,2025-04-03
894,perdido,2025-04-10
895,lead,2024-12-27
895,contato,2025-01-04
895,perdido,2025-01-12
896,lead,2024-03-06
896,contato,2024-03-11
896,reuniao,2024-03-17
896,proposta,2024-03-22
896,perdido,2024-03-25
897,lead,2024-06-16
897,contato,2024-06-20
897,perdido,2024-07-09
898,lead,2024-07-21
898,contato,2024-07-23
898,reuniao,2024-07-28
898,proposta,2024-08-09
898,fechado,2024-08-19
899,lead,2025-06-27
899,contato,2025-06-30
899,perdido,2025-07-21
900,lead,2025-09-23
900,contato,2025-10-02
900,reuniao,2025-10-07
900,perdido,2025-10-18
901,lead,2025-10-11
901,contato,2025-10-19
901,reuniao,2025-10-26
901,perdido,2025-11-02
902,lead,2025-12-17
902,contato,2025-12-25
903,lead,2025-12-15
903,contato,2025-12-20
903,reuniao,2025-12-24
903,proposta,2025-12-28
904,lead,2025-11-20
904,contato,2025-11-25
904,perdido,2025-12-05
905,lead,2024-02-11
905,contato,2024-02-15
905,reuniao,2024-02-25
905,proposta,2024-03-01
905,fechado,2024-03-08
906,lead,2024-03-24
906,contato,2024-04-08
906,reuniao,2024-04-11
906,proposta,2024-04-17
906,fechado,2024-04-22
907,lead,2024-07-28
907,contato,2024-07-31
907,reuniao,2024-08-01
907,proposta,2024-08-08
907,fechado,2024-08-10
908,lead,2025-01-30
908,contato,2025-02-05
908,reuniao,2025-02-10
908,proposta,2025-02-15
908,fechado,2025-02-20
909,lead,2024-02-26
909,contato,2024-03-01
909,reuniao,2024-03-10
909,proposta,2024-03-20
909,fechado,2024-03-23
910,lead,2025-09-01
910,perdido,2025-09-18
911,lead,2025-03-10
911,contato,2025-03-13
911,reuniao,2025-03-28
911,proposta,2025-04-04
911,fechado,2025-04-09
912,lead,2025-01-24
912,perdido,2025-02-05
913,lead,2024-04-12
913,contato,2024-04-13
913,reuniao,2024-04-16
913,proposta,2024-04-24
913,fechado,2024-04-25
914,lead,2024-06-17
914,contato,2024-06-19
914,reuniao,2024-06-22
914,proposta,2024-06-25
914,perdido,2024-07-18
915,lead,2024-04-08
915,perdido,2024-05-02
916,lead,2025-09-05
916,contato,2025-09-08
916,reuniao,2025-09-23
916,perdido,2025-10-16
917,lead,2025-02-18
917,contato,2025-02-26
917,reuniao,2025-02-28
917,proposta,2025-03-16
917,perdido,2025-04-12
918,lead,2025-06-03
918,contato,2025-06-06
918,reuniao,2025-06-16
918,proposta,2025-06-19
918,fechado,2025-06-23
919,lead,2024-07-22
919,contato,2024-07-23
919,reuniao,2024-07-28
919,perdido,2024-08-22
920,lead,2024-09-19
920,contato,2024-09-25
920,reuniao,2024-09-27
920,proposta,2024-10-03
920,fechado,2024-10-07
921,lead,2024-10-13
921,contato,2024-10-15
921,reuniao,2024-10-19
921,perdido,2024-10-26
922,lead,2025-06-23
922,contato,2025-06-25
922,reuniao,2025-06-29
922,perdido,2025-07-06
923,lead,2025-07-03
923,contato,2025-07-09
923,reuniao,2025-07-12
923,proposta,2025-07-19
923,fechado,2025-07-23
924,lead,2024-05-12
924,contato,2024-05-14
924,reuniao,2024-05-17
924,proposta,2024-05-20
924,perdido,2024-06-19
925,lead,2025-11-11
925,contato,2025-11-15
925,reuniao,2025-11-25
925,perdido,2025-12-09
926,lead,2024-03-12
926,contato,2024-03-15
926,reuniao,2024-03-19
926,proposta,2024-03-24
926,fechado,2024-03-26
927,lead,2025-10-07
927,contato,2025-10-12
927,reuniao,2025-10-17
927,proposta,2025-10-25
927,fechado,2025-10-28
928,lead,2024-02-28
928,contato,2024-03-05
928,reuniao,2024-03-08
928,proposta,2024-03-19
928,fechado,2024-03-20
929,lead,2024-06-26
929,contato,2024-07-03
929,reuniao,2024-07-06
929,proposta,2024-07-11
929,perdido,2024-08-04
930,lead,2025-09-01
930,perdido,2025-09-14
931,lead,2024-04-22
931,contato,2024-04-29
931,reuniao,2024-04-30
931,proposta,2024-05-09
931,fechado,2024-05-13
932,lead,2024-10-20
932,contato,2024-10-25
932,reuniao,2024-11-01
932,proposta,2024-11-05
932,fechado,2024-11-10
933,lead,2024-11-17
933,contato,2024-11-23
933,reuniao,2024-11-26
933,proposta,2024-11-29
933,fechado,2024-12-06
934,lead,2024-06-10
934,contato,2024-06-11
934,perdido,2024-06-25
935,lead,2025-05-15
935,contato,2025-05-21
935,perdido,2025-06-10
936,lead,2025-09-05
936,contato,2025-09-09
936,perdido,2025-10-06
937,lead,2025-09-22
937,contato,2025-09-26
937,reuniao,2025-10-13
937,perdido,2025-10-28
938,lead,2024-08-26
938,contato,2024-08-28
938,reuniao,2024-08-29
938,proposta,2024-08-13
938,perdido,2024-09-08
939,lead,2025-01-17
939,contato,2025-01-28
939,reuniao,2025-02-03
939,perdido,2025-02-27
940,lead,2024-06-13
940,contato,2024-06-14
940,reuniao,2024-06-19
940,proposta,2024-06-20
940,perdido,2024-07-07
941,lead,2024-06-10
941,contato,2024-06-13
941,reuniao,2024-06-22
941,perdido,2024-07-05
942,lead,2024-04-09
942,contato,2024-04-11
942,perdido,2024-04-28
943,lead,2025-11-09
943,contato,2025-11-12
943,reuniao,2025-11-15
943,proposta,2025-11-19
943,fechado,2025-11-20
944,lead,2025-10-01
944,contato,2025-10-06
944,reuniao,2025-10-10
944,proposta,2025-10-15
944,fechado,2025-10-18
945,lead,2025-07-07
945,contato,2025-07-08
945,reuniao,2025-07-16
945,proposta,2025-07-21
945,perdido,2025-08-16
946,lead,2025-01-10
946,contato,2025-01-17
946,reuniao,2025-01-21
946,perdido,2025-01-27
947,lead,2024-12-22
947,contato,2024-12-27
947,reuniao,2024-12-30
947,perdido,2025-01-29
948,lead,2025-01-17
948,contato,2025-01-21
948,reuniao,2025-01-25
948,perdido,2025-02-22
949,lead,2025-01-21
949,contato,2025-01-28
949,perdido,2025-02-09
950,lead,2024-11-04
950,contato,2024-11-05
950,perdido,2024-12-03
951,lead,2024-03-20
951,contato,2024-03-25
951,perdido,2024-04-07
952,lead,2024-03-16
952,perdido,2024-04-15
953,lead,2025-11-19
953,contato,2025-11-23
953,reuniao,2025-11-29
953,proposta,2025-12-09
954,lead,2024-12-14
954,perdido,2024-12-30
955,lead,2025-11-20
955,contato,2025-12-01
955,reuniao,2025-12-04
955,perdido,2025-12-17
956,lead,2024-04-11
956,contato,2024-04-19
956,reuniao,2024-04-22
956,proposta,2024-05-03
956,fechado,2024-05-09
957,lead,2025-01-31
957,contato,2025-02-01
957,reuniao,2025-02-03
957,proposta,2025-02-07
957,fechado,2025-02-19
958,lead,2024-05-13
958,contato,2024-05-16
958,reuniao,2024-05-23
958,perdido,2024-06-07
959,lead,2024-06-17
959,perdido,2024-07-10
960,lead,2024-01-17
960,contato,2024-01-18
960,reuniao,2024-01-24
960,proposta,2024-01-29
960,perdido,2024-02-23
961,lead,2024-03-11
961,contato,2024-03-12
961,reuniao,2024-03-18
961,perdido,2024-04-07
962,lead,2025-10-23
962,perdido,2025-11-02
963,lead,2024-08-11
963,contato,2024-08-16
963,perdido,2024-08-21
964,lead,2025-03-05
964,contato,2025-03-07
964,perdido,2025-03-23
965,lead,2024-11-29
965,perdido,2024-12-08
966,lead,2024-10-10
966,contato,2024-10-11
966,perdido,2024-10-20
967,lead,2025-01-18
967,contato,2025-01-31
967,perdido,2025-02-17
968,lead,2024-04-28
968,contato,2024-05-06
968,perdido,2024-05-15
969,lead,2025-12-21
969,contato,2025-12-29
969,reuniao,2025-12-30
970,lead,2025-08-09
970,contato,2025-08-17
970,reuniao,2025-08-20
970,proposta,2025-08-21
970,perdido,2025-08-28
971,lead,2025-06-08
971,contato,2025-06-20
971,reuniao,2025-06-25
971,proposta,2025-06-28
971,perdido,2025-07-28
972,lead,2024-12-02
972,perdido,2024-12-12
973,lead,2024-04-03
973,contato,2024-04-05
973,reuniao,2024-04-12
973,proposta,2024-04-15
973,fechado,2024-04-19
974,lead,2025-10-25
974,contato,2025-11-05
974,reuniao,2025-11-10
974,proposta,2025-11-15
974,fechado,2025-11-21
975,lead,2024-08-27
975,contato,2024-08-30
975,perdido,2024-09-29
976,lead,2024-01-29
976,contato,2024-01-31
976,reuniao,2024-01-17
976,proposta,2024-02-22
976,perdido,2024-03-23
977,lead,2024-08-28
977,contato,2024-09-03
977,reuniao,2024-09-07
977,proposta,2024-08-29
977,perdido,2024-10-01
978,lead,2025-07-21
978,contato,2025-07-23
978,reuniao,2025-07-29
978,proposta,2025-07-30
978,perdido,2025-08-12
979,lead,2025-03-14
979,contato,2025-03-20
979,perdido,2025-04-17
980,lead,2025-06-16
980,contato,2025-06-22
980,reuniao,2025-06-25
980,proposta,2025-06-27
980,fechado,2025-07-04
981,lead,2025-07-20
981,perdido,2025-07-28
982,lead,2024-05-16
982,contato,2024-05-18
982,reuniao,2024-04-29
982,proposta,2024-05-28
982,fechado,2024-05-31
983,lead,2025-10-28
983,contato,2025-10-31
983,reuniao,2025-11-14
983,perdido,2025-11-28
984,lead,2024-11-07
984,contato,2024-11-08
984,reuniao,2024-11-09
984,proposta,2024-11-18
984,fechado,2024-11-21
985,lead,2025-03-25
985,perdido,2025-03-30
986,lead,2024-01-02
986,perdido,2024-01-16
987,lead,2025-12-25
987,contato,2025-12-26
987,reuniao,2025-12-30
988,lead,2024-07-09
988,contato,2024-07-10
988,reuniao,2024-07-16
988,proposta,2024-07-18
988,fechado,2024-07-19
989,lead,2024-02-05
989,contato,2024-02-08
989,reuniao,2024-02-14
989,perdido,2024-03-08
990,lead,2024-11-24
990,contato,2024-11-26
990,perdido,2024-11-30
991,lead,2024-03-18
991,contato,2024-03-24
991,perdido,2024-04-17
992,lead,2024-04-03
992,contato,2024-04-06
992,reuniao,2024-04-10
992,perdido,2024-04-13
993,lead,2025-03-21
993,contato,2025-03-27
993,reuniao,2025-04-01
993,proposta,2025-04-13
993,fechado,2025-04-23
994,lead,2024-10-04
994,perdido,2024-10-13
995,lead,2025-10-26
995,contato,2025-11-03
995,perdido,2025-11-10
996,lead,2024-08-09
996,contato,2024-08-14
996,reuniao,2024-08-23
996,proposta,2024-08-31
996,perdido,2024-09-17
997,lead,2025-05-27
997,contato,2025-05-29
997,reuniao,2025-05-31
997,proposta,2025-06-08
997,perdido,2025-06-29
998,lead,2024-11-26
998,perdido,2024-12-16
999,lead,2025-04-09
999,contato,2025-04-11
999,perdido,2025-05-02
1000,lead,2025-02-27
1000,contato,2025-03-02
1000,reuniao,2025-03-11
1000,proposta,2025-03-14
1000,perdido,2025-04-06
1001,lead,2024-12-06
1001,contato,2024-12-21
1001,reuniao,2024-12-31
1001,proposta,2025-01-03
1001,perdido,2025-01-18
1002,lead,2025-11-18
1002,perdido,2025-12-12
1003,lead,2024-08-29
1003,perdido,2024-09-27
1004,lead,2024-04-21
1004,contato,2024-04-25
1004,perdido,2024-05-05
1005,lead,2025-04-22
1005,perdido,2025-05-13
1006,lead,2025-09-01
1006,contato,2025-09-04
1006,reuniao,2025-09-08
1006,proposta,2025-10-04
1006,perdido,2025-10-12
1007,lead,2024-01-23
1007,perdido,2024-02-12
1008,lead,2024-11-17
1008,contato,2024-11-23
1008,reuniao,2024-12-04
1008,proposta,2024-12-21
1008,fechado,2024-12-22
1009,lead,2025-10-05
1009,perdido,2025-10-10
1010,lead,2025-06-15
1010,contato,2025-06-24
1010,reuniao,2025-06-26
1010,proposta,2025-06-30
1010,perdido,2025-07-20
1011,lead,2025-12-24
1012,lead,2025-01-18
1012,perdido,2025-02-14
1013,lead,2025-04-09
1013,perdido,2025-04-14
1014,lead,2024-07-27
1014,contato,2024-08-05
1014,perdido,2024-08-22
1015,lead,2025-11-15
1015,contato,2025-11-19
1015,perdido,2025-12-15
1016,lead,2024-09-15
1016,contato,2024-09-18
1016,reuniao,2024-09-22
1016,proposta,2024-09-24
1016,fechado,2024-10-01
1017,lead,2025-06-06
1017,contato,2025-06-13
1017,reuniao,2025-06-14
1017,proposta,2025-06-21
1017,perdido,2025-07-20
1018,lead,2024-10-12
1018,contato,2024-10-14
1018,reuniao,2024-10-17
1018,proposta,2024-10-18
1018,fechado,2024-10-20
1019,lead,2025-02-04
1019,contato,2025-02-09
1019,reuniao,2025-02-11
1019,proposta,2025-02-15
1019,fechado,2025-02-19
1020,lead,2025-05-22
1020,contato,2025-05-25
1020,reuniao,2025-05-27
1020,proposta,2025-05-30
1020,fechado,2025-06-05
1021,lead,2025-01-05
1021,contato,2025-01-28
1021,reuniao,2025-01-29
1021,proposta,2025-01-16
1021,fechado,2025-02-07
1022,lead,2025-10-15
1022,contato,2025-10-23
1022,reuniao,2025-10-25
1022,proposta,2025-11-08
1022,perdido,2025-11-20
1023,lead,2024-10-24
1023,contato,2024-10-29
1023,reuniao,2024-11-05
1023,perdido,2024-11-13
1024,lead,2025-03-30
1024,contato,2025-04-19
1024,perdido,2025-04-27
1025,lead,2024-08-28
1025,contato,2024-08-30
1025,reuniao,2024-09-03
1025,perdido,2024-10-02
1026,lead,2024-10-16
1026,contato,2024-10-17
1026,reuniao,2024-10-20
1026,proposta,2024-10-31
1026,fechado,2024-11-02
1027,lead,2024-11-09
1027,contato,2024-11-11
1027,reuniao,2024-11-15
1027,proposta,2024-11-24
1027,perdido,2024-12-19
1028,lead,2024-03-16
1028,perdido,2024-04-15
1029,lead,2024-02-23
1029,contato,2024-02-27
1029,perdido,2024-03-02
1030,lead,2025-04-14
1030,contato,2025-04-16
1030,reuniao,2025-04-18
1030,proposta,2025-04-21
1030,perdido,2025-05-04
1031,lead,2025-04-05
1031,contato,2025-04-06
1031,reuniao,2025-04-11
1031,proposta,2025-04-14
1031,fechado,2025-04-16
1032,lead,2025-04-11
1032,contato,2025-04-21
1032,reuniao,2025-04-24
1032,proposta,2025-04-27
1032,fechado,2025-05-03
1033,lead,2024-01-12
1033,contato,2024-01-13
1033,reuniao,2024-01-17
1033,proposta,2024-01-19
1033,fechado,2024-01-26
1034,lead,2024-08-15
1034,contato,2024-08-16
1034,perdido,2024-08-29
1035,lead,2024-05-06
1035,perdido,2024-05-12
1036,lead,2025-07-08
1036,contato,2025-07-10
1036,reuniao,2025-07-15
1036,proposta,2025-07-22
1036,perdido,2025-07-28
1037,lead,2025-09-12
1037,contato,2025-09-19
1037,reuniao,2025-09-21
1037,proposta,2025-09-23
1037,fechado,2025-10-06
1038,lead,2024-06-12
1038,contato,2024-06-16
1038,reuniao,2024-06-21
1038,proposta,2024-07-03
1038,perdido,2024-07-18
1039,lead,2025-04-14
1039,contato,2025-04-18
1039,reuniao,2025-04-21
1039,perdido,2025-04-25
1040,lead,2024-03-18
1040,contato,2024-03-22
1040,reuniao,2024-03-27
1040,proposta,2024-04-01
1040,perdido,2024-04-21
1041,lead,2024-07-05
1041,contato,2024-07-17
1041,perdido,2024-08-02
1042,lead,2024-03-24
1042,perdido,2024-03-28
1043,lead,2024-07-11
1043,contato,2024-07-14
1043,reuniao,2024-07-22
1043,proposta,2024-07-24
1043,fechado,2024-07-30
1044,lead,2025-04-20
1044,contato,2025-04-22
1044,reuniao,2025-04-25
1044,perdido,2025-05-01
1045,lead,2025-10-18
1045,perdido,2025-11-04
1046,lead,2024-05-09
1046,perdido,2024-05-18
1047,lead,2025-01-24
1047,contato,2025-01-25
1047,reuniao,2025-01-28
1047,proposta,2025-02-04
1047,fechado,2025-02-15
1048,lead,2025-05-09
1048,perdido,2025-05-26
1049,lead,2025-11-20
1049,contato,2025-11-25
1049,reuniao,2025-11-29
1049,proposta,2025-12-05
1049,fechado,2025-12-07
1050,lead,2025-03-06
1050,contato,2025-03-09
1050,reuniao,2025-03-10
1050,proposta,2025-03-17
1050,perdido,2025-03-20
1051,lead,2024-06-18
1051,contato,2024-06-25
1051,perdido,2024-07-11
1052,lead,2025-03-16
1052,perdido,2025-04-07
1053,lead,2024-08-10
1053,contato,2024-08-24
1053,reuniao,2024-08-29
1053,proposta,2024-09-03
1053,perdido,2024-09-19
1054,lead,2025-12-10
1054,perdido,2025-12-23
1055,lead,2024-10-09
1055,perdido,2024-10-31
1056,lead,2025-04-27
1056,contato,2025-05-01
1056,reuniao,2025-05-05
1056,perdido,2025-05-10
1057,lead,2024-01-14
1057,contato,2024-01-18
1057,reuniao,2024-01-21
1057,proposta,2024-01-28
1057,fechado,2024-01-29
1058,lead,2024-10-10
1058,contato,2024-10-22
1058,reuniao,2024-10-29
1058,proposta,2024-11-14
1058,perdido,2024-12-02
1059,lead,2025-09-22
1059,contato,2025-10-02
1059,reuniao,2025-10-07
1059,proposta,2025-10-10
1059,fechado,2025-10-15
1060,lead,2025-03-06
1060,perdido,2025-03-28
1061,lead,2024-11-12
1061,contato,2024-11-15
1061,reuniao,2024-11-22
1061,perdido,2024-12-14
1062,lead,2025-11-06
1062,contato,2025-11-15
1062,reuniao,2025-11-16
1062,proposta,2025-11-25
1062,perdido,2025-12-01
1063,lead,2025-09-07
1063,contato,2025-09-10
1063,reuniao,2025-09-13
1063,proposta,2025-09-17
1063,fechado,2025-09-20
1064,lead,2024-08-12
1064,contato,2024-08-18
1064,reuniao,2024-08-23
1064,proposta,2024-08-25
1064,fechado,2024-08-26
1065,lead,2025-01-25
1065,perdido,2025-02-13
1066,lead,2024-12-21
1066,contato,2024-12-31
1066,perdido,2025-01-09
1067,lead,2025-03-21
1067,contato,2025-03-25
1067,perdido,2025-04-10
1068,lead,2024-08-22
1068,contato,2024-08-23
1068,perdido,2024-09-04
1069,lead,2024-06-10
1069,contato,2024-06-13
1069,reuniao,2024-06-14
1069,perdido,2024-06-17
1070,lead,2025-10-20
1070,contato,2025-10-24
1070,reuniao,2025-10-27
1070,proposta,2025-11-03
1070,perdido,2025-11-09
1071,lead,2025-10-28
1071,contato,2025-11-12
1071,reuniao,2025-11-20
1071,proposta,2025-11-24
1071,perdido,2025-12-23
1072,lead,2025-08-30
1072,contato,2025-08-31
1072,reuniao,2025-09-01
1072,proposta,2025-09-10
1072,fechado,2025-09-16
1073,lead,2025-12-12
1073,contato,2025-12-13
1073,reuniao,2025-12-17
1073,proposta,2025-12-22
1074,lead,2025-06-11
1074,contato,2025-06-19
1074,reuniao,2025-06-25
1074,proposta,2025-06-26
1074,perdido,2025-06-29
1075,lead,2025-06-27
1075,perdido,2025-07-05
1076,lead,2025-06-25
1076,contato,2025-07-01
1076,reuniao,2025-07-09
1076,proposta,2025-07-10
1076,perdido,2025-07-21
1077,lead,2024-12-13
1077,contato,2024-12-15
1077,reuniao,2024-12-16
1077,proposta,2024-12-22
1077,fechado,2024-12-28
1078,lead,2024-11-22
1078,contato,2024-11-24
1078,perdido,2024-11-27
1079,lead,2024-06-06
1079,contato,2024-06-07
1079,reuniao,2024-06-10
1079,proposta,2024-06-13
1079,perdido,2024-06-26
1080,lead,2025-03-29
1080,contato,2025-04-01
1080,reuniao,2025-04-07
1080,proposta,2025-04-10
1080,fechado,2025-04-16
1081,lead,2024-07-16
1081,contato,2024-07-18
1081,reuniao,2024-07-23
1081,perdido,2024-08-09
1082,lead,2024-06-21
1082,contato,2024-06-22
1082,reuniao,2024-06-24
1082,proposta,2024-06-29
1082,perdido,2024-07-10
1083,lead,2025-02-19
1083,contato,2025-02-24
1083,reuniao,2025-03-06
1083,proposta,2025-02-15
1083,fechado,2025-03-12
1084,lead,2024-10-17
1084,contato,2024-10-18
1084,reuniao,2024-10-29
1084,proposta,2024-11-03
1084,perdido,2024-11-15
1085,lead,2024-05-21
1085,contato,2024-06-01
1085,perdido,2024-06-30
1086,lead,2025-08-08
1086,contato,2025-08-10
1086,reuniao,2025-08-16
1086,proposta,2025-08-20
1086,fechado,2025-08-31
1087,lead,2025-09-11
1087,contato,2025-09-16
1087,reuniao,2025-10-07
1087,perdido,2025-11-04
1088,lead,2024-04-14
1088,contato,2024-04-17
1088,perdido,2024-05-11
1089,lead,2024-01-05
1089,contato,2024-01-07
1089,reuniao,2024-01-12
1089,proposta,2024-01-25
1089,fechado,2024-02-08
1090,lead,2024-08-23
1090,contato,2024-08-26
1090,reuniao,2024-08-30
1090,proposta,2024-08-31
1090,fechado,2024-09-03
1091,lead,2025-07-24
1091,perdido,2025-08-22
1092,lead,2025-08-26
1092,perdido,2025-09-18
1093,lead,2024-03-24
1093,contato,2024-03-29
1093,reuniao,2024-03-30
1093,proposta,2024-04-08
1093,fechado,2024-04-12
1094,lead,2025-07-05
1094,perdido,2025-07-24
1095,lead,2024-03-09
1095,contato,2024-03-10
1095,reuniao,2024-03-13
1095,proposta,2024-03-22
1095,fechado,2024-03-25
1096,lead,2024-10-02
1096,contato,2024-10-12
1096,perdido,2024-10-16
1097,lead,2025-12-30
1098,lead,2024-05-02
1098,contato,2024-05-03
1098,reuniao,2024-05-05
1098,proposta,2024-05-13
1098,fechado,2024-05-20
1099,lead,2024-04-04
1099,contato,2024-04-05
1099,reuniao,2024-03-23
1099,perdido,2024-04-17
1100,lead,2024-10-26
1100,contato,2024-10-30
1100,reuniao,2024-11-07
1100,proposta,2024-11-10
1100,perdido,2024-11-23
1101,lead,2025-03-12
1101,contato,2025-03-13
1101,reuniao,2025-03-21
1101,proposta,2025-03-27
1101,fechado,2025-03-29
1102,lead,2025-11-04
1102,contato,2025-11-07
1102,reuniao,2025-11-11
1102,perdido,2025-12-09
1103,lead,2025-12-14
1104,lead,2024-02-09
1104,contato,2024-02-15
1104,perdido,2024-02-26
1105,lead,2024-03-24
1105,contato,2024-03-26
1105,reuniao,2024-04-05
1105,perdido,2024-04-27
1106,lead,2025-07-18
1106,contato,2025-07-27
1106,reuniao,2025-07-29
1106,perdido,2025-08-02
1107,lead,2024-07-01
1107,contato,2024-07-09
1107,perdido,2024-08-05
1108,lead,2025-09-29
1108,perdido,2025-10-25
1109,lead,2025-04-11
1109,contato,2025-04-17
1109,reuniao,2025-04-24
1109,perdido,2025-05-17
1110,lead,2024-03-06
1110,perdido,2024-03-25
1111,lead,2025-08-21
1111,contato,2025-09-03
1111,reuniao,2025-09-09
1111,proposta,2025-09-10
1111,fechado,2025-09-23
1112,lead,2024-04-20
1112,contato,2024-04-30
1112,reuniao,2024-05-01
1112,proposta,2024-05-02
1112,fechado,2024-05-07
1113,lead,2024-10-27
1113,contato,2024-10-30
1113,reuniao,2024-11-02
1113,proposta,2024-10-15
1113,fechado,2024-11-05
1114,lead,2025-01-29
1114,contato,2025-02-01
1114,perdido,2025-02-22
1115,lead,2024-12-31
1115,perdido,2025-01-10
1116,lead,2025-04-28
1116,contato,2025-05-14
1116,perdido,2025-05-20
1117,lead,2025-04-03
1117,contato,2025-04-05
1117,reuniao,2025-04-06
1117,proposta,2025-04-09
1117,perdido,2025-04-12
1118,lead,2025-12-24
1119,lead,2025-12-31
1120,lead,2025-01-09
1120,perdido,2025-01-19
1121,lead,2024-02-25
1121,contato,2024-03-01
1121,reuniao,2024-03-05
1121,proposta,2024-03-10
1121,fechado,2024-03-12
1122,lead,2025-05-28
1122,contato,2025-06-05
1122,reuniao,2025-06-10
1122,perdido,2025-07-02
1123,lead,2025-12-10
1124,lead,2024-08-09
1124,contato,2024-08-12
1124,reuniao,2024-08-16
1124,proposta,2024-08-20
1124,fechado,2024-08-23
1125,lead,2024-11-26
1125,contato,2024-11-29
1125,reuniao,2024-11-30
1125,proposta,2024-12-04
1125,fechado,2024-12-09
1126,lead,2024-10-28
1126,contato,2024-11-01
1126,perdido,2024-11-21
1127,lead,2024-01-29
1127,perdido,2024-02-07
1128,lead,2025-04-18
1128,contato,2025-04-22
1128,perdido,2025-05-03
1129,lead,2024-09-06
1129,perdido,2024-10-04
1130,lead,2025-07-15
1130,contato,2025-07-27
1130,reuniao,2025-07-31
1130,proposta,2025-08-01
1130,fechado,2025-08-06
1131,lead,2025-08-21
1131,contato,2025-08-26
1131,reuniao,2025-08-30
1131,proposta,2025-09-03
1131,perdido,2025-09-17
1132,lead,2025-08-12
1132,contato,2025-08-13
1132,reuniao,2025-08-23
1132,proposta,2025-08-30
1132,fechado,2025-09-04
1133,lead,2024-10-22
1133,contato,2024-10-29
1133,reuniao,2024-11-02
1133,proposta,2024-11-06
1133,perdido,2024-11-16
1134,lead,2024-08-11
1134,perdido,2024-08-21
1135,lead,2025-06-14
1135,contato,2025-06-22
1135,reuniao,2025-06-28
1135,proposta,2025-07-13
1135,perdido,2025-08-10
1136,lead,2025-07-27
1136,contato,2025-07-28
1136,reuniao,2025-07-31
1136,proposta,2025-08-06
1136,perdido,2025-08-15
1137,lead,2024-12-23
1137,contato,2025-01-01
1137,reuniao,2025-01-11
1137,proposta,2025-01-13
1137,perdido,2025-01-20
1138,lead,2025-10-05
1138,contato,2025-10-08
1138,reuniao,2025-09-28
1138,proposta,2025-10-28
1138,perdido,2025-11-23
1139,lead,2024-03-28
1139,perdido,2024-04-04
1140,lead,2025-09-25
1140,contato,2025-09-28
1140,perdido,2025-10-23
1141,lead,2024-02-25
1141,perdido,2024-03-07
1142,lead,2024-04-03
1142,contato,2024-04-06
1142,reuniao,2024-04-07
1142,perdido,2024-04-14
1143,lead,2025-01-19
1143,contato,2025-01-21
1143,perdido,2025-02-05
1144,lead,2024-02-08
1144,contato,2024-02-12
1144,reuniao,2024-02-19
1144,proposta,2024-02-28
1144,perdido,2024-03-14
1145,lead,2024-01-30
1145,contato,2024-02-06
1145,perdido,2024-02-20
1146,lead,2024-01-01
1146,perdido,2024-01-10
1147,lead,2024-11-06
1147,contato,2024-11-14
1147,perdido,2024-11-20
1148,lead,2025-07-05
1148,perdido,2025-07-24
1149,lead,2024-01-20
1149,contato,2024-01-22
1149,reuniao,2024-01-23
1149,perdido,2024-01-28
1150,lead,2025-04-03
1150,contato,2025-04-11
1150,reuniao,2025-04-13
1150,perdido,2025-05-02
1151,lead,2025-08-13
1151,contato,2025-08-17
1151,reuniao,2025-08-21
1151,proposta,2025-08-23
1151,fechado,2025-08-25
1152,lead,2024-04-14
1152,contato,2024-04-15
1152,reuniao,2024-04-18
1152,perdido,2024-05-03
1153,lead,2024-03-30
1153,contato,2024-03-31
1153,reuniao,2024-04-05
1153,proposta,2024-04-13
1153,fechado,2024-04-19
1154,lead,2025-09-12
1154,contato,2025-09-18
1154,reuniao,2025-09-25
1154,proposta,2025-09-27
1154,perdido,2025-09-30
1155,lead,2025-08-13
1155,contato,2025-08-18
1155,perdido,2025-09-14
1156,lead,2025-01-22
1156,contato,2025-01-31
1156,reuniao,2025-02-03
1156,proposta,2025-02-16
1156,perdido,2025-03-15
1157,lead,2025-08-10
1157,contato,2025-08-12
1157,reuniao,2025-08-14
1157,proposta,2025-08-21
1157,fechado,2025-08-30
1158,lead,2024-02-23
1158,contato,2024-02-25
1158,perdido,2024-03-01
1159,lead,2024-10-06
1159,contato,2024-10-08
1159,reuniao,2024-10-12
1159,proposta,2024-10-19
1159,perdido,2024-11-10
1160,lead,2025-06-05
1160,contato,2025-06-08
1160,reuniao,2025-06-16
1160,proposta,2025-06-24
1160,perdido,2025-07-21
1161,lead,2024-06-20
1161,contato,2024-07-09
1161,reuniao,2024-07-16
1161,proposta,2024-07-20
1161,perdido,2024-08-10
1162,lead,2025-06-17
1162,perdido,2025-06-20
1163,lead,2025-01-02
1163,contato,2025-01-14
1163,reuniao,2025-01-22
1163,proposta,2025-01-27
1163,fechado,2025-01-29
1164,lead,2025-06-15
1164,perdido,2025-06-29
1165,lead,2024-11-29
1165,contato,2024-11-30
1165,reuniao,2024-12-06
1165,perdido,2025-01-01
1166,lead,2024-09-16
1166,contato,2024-09-22
1166,perdido,2024-09-26
1167,lead,2024-05-21
1167,contato,2024-05-28
1167,reuniao,2024-06-06
1167,proposta,2024-06-13
1167,fechado,2024-06-19
1168,lead,2024-05-14
1168,contato,2024-05-18
1168,reuniao,2024-05-19
1168,proposta,2024-05-24
1168,fechado,2024-05-29
1169,lead,2025-06-16
1169,contato,2025-06-17
1169,reuniao,2025-06-19
1169,perdido,2025-06-27
1170,lead,2024-03-11
1170,contato,2024-03-22
1170,reuniao,2024-03-26
1170,perdido,2024-04-21
1171,lead,2024-02-19
1171,contato,2024-02-25
1171,reuniao,2024-02-27
1171,proposta,2024-03-05
1171,perdido,2024-03-19
1172,lead,2024-04-20
1172,contato,2024-04-25
1172,reuniao,2024-04-28
1172,proposta,2024-05-06
1172,fechado,2024-05-11
1173,lead,2024-04-19
1173,perdido,2024-04-30
1174,lead,2025-08-13
1174,perdido,2025-09-05
1175,lead,2024-10-09
1175,contato,2024-10-11
1175,reuniao,2024-10-16
1175,proposta,2024-10-19
1175,fechado,2024-10-25
1176,lead,2025-12-23
1176,contato,2025-12-30
1177,lead,2024-03-23
1177,contato,2024-03-26
1177,reuniao,2024-03-27
1177,proposta,2024-04-06
1177,fechado,2024-04-08
1178,lead,2025-04-04
1178,contato,2025-04-10
1178,perdido,2025-04-19
1179,lead,2024-11-16
1179,perdido,2024-11-21
1180,lead,2024-10-04
1180,contato,2024-10-08
1180,perdido,2024-10-20
1181,lead,2025-09-22
1181,perdido,2025-09-27
1182,lead,2025-12-09
1182,contato,2025-12-14
1182,reuniao,2025-12-18
1182,proposta,2025-12-26
1183,lead,2025-09-20
1183,contato,2025-09-21
1183,reuniao,2025-09-26
1183,proposta,2025-10-02
1183,fechado,2025-10-05
1184,lead,2024-05-02
1184,contato,2024-05-15
1184,reuniao,2024-05-26
1184,proposta,2024-06-05
1184,fechado,2024-06-10
1185,lead,2024-05-23
1185,contato,2024-05-25
1185,reuniao,2024-05-26
1185,proposta,2024-06-02
1185,fechado,2024-06-05
1186,lead,2025-04-06
1186,contato,2025-04-11
1186,reuniao,2025-04-12
1186,perdido,2025-05-11
1187,lead,2024-07-16
1187,perdido,2024-08-05
1188,lead,2025-06-03
1188,contato,2025-06-06
1188,perdido,2025-06-27
1189,lead,2025-02-07
1189,contato,2025-02-13
1189,perdido,2025-03-13
1190,lead,2025-01-29
1190,perdido,2025-02-15
1191,lead,2025-08-18
1191,contato,2025-08-25
1191,reuniao,2025-08-28
1191,proposta,2025-08-31
1191,perdido,2025-09-20
1192,lead,2025-05-16
1192,perdido,2025-06-10
1193,lead,2024-01-15
1193,contato,2024-01-28
1193,reuniao,2024-01-30
1193,proposta,2024-02-07
1193,perdido,2024-03-07
1194,lead,2024-01-28
1194,contato,2024-02-01
1194,reuniao,2024-02-04
1194,perdido,2024-02-12
1195,lead,2025-02-28
1195,contato,2025-03-06
1195,reuniao,2025-03-11
1195,proposta,2025-03-20
1195,perdido,2025-04-03
1196,lead,2024-12-18
1196,perdido,2025-01-06
1197,lead,2024-06-23
1197,perdido,2024-06-29
1198,lead,2024-10-23
1198,contato,2024-11-09
1198,reuniao,2024-11-11
1198,proposta,2024-11-12
1198,fechado,2024-11-13
1199,lead,2025-06-21
1199,contato,2025-06-24
1199,reuniao,2025-06-26
1199,proposta,2025-06-27
1199,perdido,2025-07-16
1200,lead,2025-08-16
1200,contato,2025-08-28
1200,reuniao,2025-09-04
1200,proposta,2025-09-06
1200,perdido,2025-10-06
1201,lead,2025-02-04
1201,contato,2025-02-05
1201,reuniao,2025-02-08
1201,proposta,2025-02-16
1201,fechado,2025-02-21
1202,lead,2024-09-29
1202,contato,2024-10-07
1202,perdido,2024-10-23
1203,lead,2024-07-01
1203,contato,2024-07-07
1203,perdido,2024-08-03
1204,lead,2025-01-12
1204,contato,2025-01-15
1204,reuniao,2025-01-18
1204,proposta,2025-01-25
1204,fechado,2025-01-29
1205,lead,2024-08-06
1205,contato,2024-08-08
1205,reuniao,2024-08-17
1205,proposta,2024-08-20
1205,perdido,2024-08-24
1206,lead,2025-02-05
1206,perdido,2025-02-18
1207,lead,2025-04-21
1207,contato,2025-04-24
1207,reuniao,2025-05-10
1207,proposta,2025-05-12
1207,perdido,2025-06-01
1208,lead,2024-02-07
1208,contato,2024-02-12
1208,reuniao,2024-02-16
1208,proposta,2024-02-22
1208,fechado,2024-03-02
1209,lead,2024-01-01
1209,contato,2024-01-03
1209,reuniao,2024-01-06
1209,perdido,2024-02-05
1210,lead,2024-05-16
1210,perdido,2024-05-20
1211,lead,2025-10-06
1211,contato,2025-10-07
1211,reuniao,2025-10-12
1211,proposta,2025-10-22
1211,fechado,2025-11-09
1212,lead,2025-03-30
1212,perdido,2025-04-10
1213,lead,2024-04-17
1213,perdido,2024-04-21
1214,lead,2025-10-03
1214,contato,2025-10-12
1214,reuniao,2025-10-14
1214,proposta,2025-10-15
1214,perdido,2025-10-23
1215,lead,2024-12-03
1215,perdido,2024-12-21
1216,lead,2024-12-09
1216,contato,2024-12-21
1216,reuniao,2024-12-22
1216,proposta,2025-01-02
1216,perdido,2025-01-14
1217,lead,2025-11-06
1217,contato,2025-11-09
1217,reuniao,2025-11-11
1217,proposta,2025-11-14
1217,fechado,2025-11-19
1218,lead,2024-02-03
1218,contato,2024-02-06
1218,reuniao,2024-02-08
1218,proposta,2024-02-16
1218,fechado,2024-02-20
1219,lead,2024-05-18
1219,contato,2024-05-22
1219,reuniao,2024-05-25
1219,perdido,2024-06-06
1220,lead,2025-02-19
1220,contato,2025-02-23
1220,reuniao,2025-02-25
1220,proposta,2025-03-04
1220,perdido,2025-03-30
1221,lead,2024-05-04
1221,contato,2024-05-09
1221,reuniao,2024-05-13
1221,proposta,2024-05-23
1221,perdido,2024-06-11
1222,lead,2025-04-23
1222,contato,2025-04-24
1222,reuniao,2025-04-27
1222,perdido,2025-05-06
1223,lead,2024-05-18
1223,perdido,2024-06-14
1224,lead,2024-02-27
1224,contato,2024-03-02
1224,reuniao,2024-03-03
1224,proposta,2024-03-11
1224,fechado,2024-03-20
1225,lead,2024-05-12
1225,contato,2024-05-16
1225,reuniao,2024-05-20
1225,proposta,2024-05-24
1225,fechado,2024-06-05
1226,lead,2024-10-26
1226,contato,2024-10-28
1226,reuniao,2024-11-11
1226,proposta,2024-11-12
1226,fechado,2024-11-23
1227,lead,2024-04-20
1227,contato,2024-04-24
1227,reuniao,2024-04-28
1227,proposta,2024-04-30
1227,perdido,2024-05-19
1228,lead,2024-03-22
1228,perdido,2024-03-31
1229,lead,2025-09-11
1229,perdido,2025-09-26
1230,lead,2024-08-10
1230,contato,2024-08-22
1230,reuniao,2024-08-25
1230,proposta,2024-08-29
1230,fechado,2024-09-03
1231,lead,2024-09-11
1231,contato,2024-09-14
1231,reuniao,2024-09-16
1231,proposta,2024-09-22
1231,fechado,2024-09-24
1232,lead,2024-02-01
1232,contato,2024-02-05
1232,reuniao,2024-02-14
1232,proposta,2024-02-18
1232,fechado,2024-03-03
1233,lead,2024-09-09
1233,contato,2024-09-20
1233,reuniao,2024-09-22
1233,proposta,2024-09-29
1233,perdido,2024-10-16
1234,lead,2024-06-26
1234,contato,2024-06-30
1234,reuniao,2024-07-02
1234,proposta,2024-07-10
1234,perdido,2024-07-20
1235,lead,2025-03-06
1235,contato,2025-03-11
1235,reuniao,2025-03-16
1235,proposta,2025-03-19
1235,fechado,2025-03-28
1236,lead,2024-05-11
1236,contato,2024-05-12
1236,reuniao,2024-05-14
1236,proposta,2024-06-07
1236,fechado,2024-06-09
1237,lead,2025-10-02
1237,contato,2025-10-17
1237,reuniao,2025-10-22
1237,proposta,2025-10-25
1237,fechado,2025-10-30
1238,lead,2025-11-01
1238,perdido,2025-11-17
1239,lead,2024-02-28
1239,perdido,2024-03-07
1240,lead,2024-03-04
1240,perdido,2024-03-21
1241,lead,2024-03-09
1241,contato,2024-03-12
1241,reuniao,2024-03-13
1241,proposta,2024-03-18
1241,fechado,2024-03-27
1242,lead,2025-03-12
1242,contato,2025-03-14
1242,perdido,2025-04-05
1243,lead,2024-03-13
1243,contato,2024-03-17
1243,reuniao,2024-03-27
1243,proposta,2024-03-31
1243,fechado,2024-04-02
1244,lead,2025-09-05
1244,contato,2025-09-10
1244,reuniao,2025-09-16
1244,perdido,2025-10-14
1245,lead,2025-06-18
1245,contato,2025-06-20
1245,reuniao,2025-06-26
1245,proposta,2025-06-27
1245,fechado,2025-06-30
1246,lead,2025-08-11
1246,contato,2025-08-14
1246,reuniao,2025-08-20
1246,proposta,2025-08-24
1246,perdido,2025-09-22
1247,lead,2025-01-15
1247,contato,2025-01-20
1247,reuniao,2025-01-23
1247,perdido,2025-01-27
1248,lead,2025-12-28
1249,lead,2024-01-25
1249,perdido,2024-02-23
1250,lead,2024-10-11
1250,contato,2024-10-12
1250,reuniao,2024-10-13
1250,proposta,2024-10-17
1250,fechado,2024-10-26
1251,lead,2024-08-13
1251,contato,2024-08-15
1251,perdido,2024-09-11
1252,lead,2025-11-16
1252,perdido,2025-12-09
1253,lead,2025-02-13
1253,contato,2025-02-16
1253,reuniao,2025-02-22
1253,proposta,2025-02-24
1253,fechado,2025-02-25
1254,lead,2025-07-31
1254,contato,2025-08-03
1254,reuniao,2025-08-07
1254,proposta,2025-08-10
1254,fechado,2025-08-13
1255,lead,2024-04-16
1255,contato,2024-04-17
1255,perdido,2024-04-28
1256,lead,2025-12-12
1256,perdido,2025-12-22
1257,lead,2024-12-30
1257,contato,2025-01-15
1257,reuniao,2025-01-17
1257,proposta,2025-01-30
1257,fechado,2025-02-01
1258,lead,2024-12-25
1258,contato,2025-01-10
1258,reuniao,2025-01-16
1258,proposta,2025-01-22
1258,perdido,2025-02-08
1259,lead,2025-12-05
1259,contato,2025-12-08
1259,reuniao,2025-12-11
1259,proposta,2025-12-13
1259,fechado,2025-12-18
1260,lead,2024-09-26
1260,perdido,2024-10-22
1261,lead,2024-10-08
1261,contato,2024-10-12
1261,reuniao,2024-10-15
1261,perdido,2024-10-29
1262,lead,2025-02-18
1262,contato,2025-02-19
1262,perdido,2025-03-08
1263,lead,2024-03-17
1263,perdido,2024-04-14
1264,lead,2024-08-11
1264,contato,2024-08-18
1264,reuniao,2024-08-19
1264,perdido,2024-09-05
1265,lead,2024-05-02
1265,contato,2024-05-10
1265,reuniao,2024-05-13
1265,proposta,2024-05-24
1265,fechado,2024-05-31
1266,lead,2024-03-01
1266,contato,2024-03-05
1266,reuniao,2024-03-09
1266,proposta,2024-03-17
1266,fechado,2024-03-28
1267,lead,2025-09-16
1267,contato,2025-09-18
1267,reuniao,2025-09-23
1267,perdido,2025-10-15
1268,lead,2025-02-21
1268,contato,2025-03-03
1268,reuniao,2025-03-04
1268,perdido,2025-03-12
1269,lead,2024-09-09
1269,perdido,2024-10-07
1270,lead,2024-10-16
1270,contato,2024-10-21
1270,reuniao,2024-10-25
1270,perdido,2024-11-01
1271,lead,2024-11-02
1271,perdido,2024-11-27
1272,lead,2025-03-21
1272,perdido,2025-04-14
1273,lead,2025-10-30
1273,perdido,2025-11-11
1274,lead,2025-11-04
1274,perdido,2025-12-04
1275,lead,2024-10-03
1275,contato,2024-10-05
1275,reuniao,2024-10-09
1275,proposta,2024-10-11
1275,fechado,2024-10-12
1276,lead,2024-08-18
1276,contato,2024-08-24
1276,reuniao,2024-08-27
1276,proposta,2024-08-29
1276,perdido,2024-09-07
1277,lead,2024-11-18
1277,contato,2024-11-19
1277,reuniao,2024-11-21
1277,proposta,2024-11-23
1277,perdido,2024-12-09
1278,lead,2025-02-08
1278,contato,2025-02-12
1278,reuniao,2025-02-13
1278,proposta,2025-02-15
1278,fechado,2025-02-24
1279,lead,2024-11-26
1279,contato,2024-11-28
1279,reuniao,2024-11-30
1279,perdido,2024-12-19
1280,lead,2025-04-08
1280,contato,2025-04-17
1280,reuniao,2025-04-25
1280,perdido,2025-05-16
1281,lead,2025-01-31
1281,contato,2025-02-05
1281,reuniao,2025-02-11
1281,proposta,2025-02-13
1281,perdido,2025-02-25
1282,lead,2024-08-11
1282,contato,2024-08-14
1282,perdido,2024-08-30
1283,lead,2024-08-31
1283,contato,2024-09-09
1283,reuniao,2024-09-10
1283,proposta,2024-09-13
1283,fechado,2024-09-14
1284,lead,2024-09-24
1284,contato,2024-10-06
1284,reuniao,2024-10-08
1284,proposta,2024-10-09
1284,fechado,2024-10-15
1285,lead,2024-02-25
1285,contato,2024-02-26
1285,perdido,2024-03-17
1286,lead,2024-04-13
1286,contato,2024-04-23
1286,reuniao,2024-04-27
1286,proposta,2024-05-04
1286,fechado,2024-05-05
1287,lead,2025-05-25
1287,contato,2025-05-27
1287,reuniao,2025-05-30
1287,proposta,2025-06-01
1287,perdido,2025-06-06
1288,lead,2024-10-02
1288,contato,2024-10-04
1288,reuniao,2024-10-10
1288,proposta,2024-10-11
1288,fechado,2024-10-15
1289,lead,2024-05-18
1289,contato,2024-05-19
1289,reuniao,2024-05-21
1289,proposta,2024-05-24
1289,fechado,2024-05-27
1290,lead,2025-02-05
1290,contato,2025-02-10
1290,reuniao,2025-03-03
1290,proposta,2025-03-05
1290,fechado,2025-03-07
1291,lead,2025-06-19
1291,contato,2025-06-27
1291,perdido,2025-07-25
1292,lead,2024-06-20
1292,contato,2024-06-23
1292,reuniao,2024-07-01
1292,proposta,2024-07-05
1292,fechado,2024-07-09
1293,lead,2025-08-16
1293,perdido,2025-08-28
1294,lead,2025-10-30
1294,contato,2025-11-06
1294,perdido,2025-11-09
1295,lead,2025-02-26
1295,contato,2025-03-02
1295,reuniao,2025-03-08
1295,perdido,2025-03-27
1296,lead,2025-04-15
1296,contato,2025-04-17
1296,reuniao,2025-04-26
1296,perdido,2025-05-19
1297,lead,2024-01-30
1297,contato,2024-02-02
1297,reuniao,2024-02-08
1297,proposta,2024-02-22
1297,perdido,2024-02-29
1298,lead,2025-11-14
1298,contato,2025-11-23
1298,reuniao,2025-11-28
1298,proposta,2025-12-05
1298,perdido,2025-12-13
1299,lead,2024-10-04
1299,contato,2024-10-10
1299,reuniao,2024-10-11
1299,proposta,2024-10-14
1299,perdido,2024-11-08
1300,lead,2025-10-28
1300,contato,2025-10-29
1300,perdido,2025-11-06
1301,lead,2025-02-14
1301,perdido,2025-03-14
1302,lead,2024-01-03
1302,contato,2024-01-22
1302,perdido,2024-02-18
1303,lead,2024-01-22
1303,contato,2024-01-26
1303,reuniao,2024-01-28
1303,proposta,2024-01-29
1303,fechado,2024-02-05
1304,lead,2025-04-24
1304,contato,2025-05-31
1304,perdido,2025-06-23
1305,lead,2025-02-05
1305,contato,2025-02-07
1305,reuniao,2025-02-08
1305,proposta,2025-02-12
1305,perdido,2025-03-01
1306,lead,2024-01-15
1306,perdido,2024-02-06
1307,lead,2025-06-10
1307,contato,2025-06-17
1307,reuniao,2025-06-20
1307,proposta,2025-06-22
1307,perdido,2025-06-28
1308,lead,2025-09-05
1308,perdido,2025-09-27
1309,lead,2024-12-27
1309,perdido,2025-01-21
1310,lead,2024-11-30
1310,contato,2024-12-02
1310,reuniao,2024-12-05
1310,proposta,2024-12-06
1310,fechado,2024-12-09
1311,lead,2024-01-04
1311,contato,2024-01-05
1311,reuniao,2024-01-10
1311,proposta,2024-01-24
1311,perdido,2024-02-21
1312,lead,2025-07-15
1312,contato,2025-07-16
1312,reuniao,2025-07-19
1312,perdido,2025-08-11
1313,lead,2024-08-19
1313,contato,2024-08-24
1313,reuniao,2024-08-29
1313,proposta,2024-09-02
1313,perdido,2024-09-25
1314,lead,2025-09-25
1314,contato,2025-10-10
1314,perdido,2025-10-23
1315,lead,2024-09-20
1315,perdido,2024-09-28
1316,lead,2025-02-06
1316,contato,2025-02-09
1316,reuniao,2025-01-24
1316,proposta,2025-02-18
1316,perdido,2025-03-07
1317,lead,2024-07-01
1317,contato,2024-07-02
1317,reuniao,2024-07-03
1317,proposta,2024-07-06
1317,fechado,2024-07-20
1318,lead,2024-04-09
1318,contato,2024-04-18
1318,reuniao,2024-04-20
1318,proposta,2024-04-27
1318,fechado,2024-05-02
1319,lead,2025-07-05
1319,perdido,2025-07-14
1320,lead,2024-12-28
1320,contato,2024-12-30
1320,reuniao,2025-01-02
1320,proposta,2025-01-03
1320,fechado,2025-01-07
1321,lead,2025-01-21
1321,contato,2025-02-04
1321,reuniao,2025-02-09
1321,proposta,2025-02-12
1321,fechado,2025-02-14
1322,lead,2025-11-30
1322,contato,2025-12-11
1322,reuniao,2025-12-14
1322,proposta,2025-12-18
1322,perdido,2025-12-27
1323,lead,2025-11-28
1323,contato,2025-12-03
1323,reuniao,2025-12-10
1324,lead,2025-09-08
1324,contato,2025-09-09
1324,reuniao,2025-09-11
1324,proposta,2025-09-16
1324,perdido,2025-10-07
1325,lead,2024-04-28
1325,contato,2024-04-29
1325,perdido,2024-05-10
1326,lead,2025-02-24
1326,contato,2025-02-26
1326,reuniao,2025-02-27
1326,proposta,2025-03-06
1326,perdido,2025-03-10
1327,lead,2025-09-24
1327,contato,2025-09-26
1327,reuniao,2025-09-28
1327,proposta,2025-10-04
1327,fechado,2025-10-08
1328,lead,2024-09-21
1328,contato,2024-09-26
1328,reuniao,2024-10-01
1328,perdido,2024-10-05
1329,lead,2024-02-28
1329,contato,2024-02-29
1329,reuniao,2024-03-03
1329,perdido,2024-03-22
1330,lead,2025-08-03
1330,perdido,2025-08-19
1331,lead,2024-12-14
1331,contato,2024-12-17
1331,perdido,2024-12-23
1332,lead,2025-02-06
1332,contato,2025-02-13
1332,reuniao,2025-03-04
1332,proposta,2025-03-09
1332,fechado,2025-03-14
1333,lead,2025-12-15
1333,contato,2025-12-18
1333,reuniao,2025-12-19
1333,perdido,2025-12-25
1334,lead,2025-03-04
1334,perdido,2025-03-25
1335,lead,2024-10-28
1335,contato,2024-11-04
1335,perdido,2024-11-07
1336,lead,2024-09-18
1336,contato,2024-09-19
1336,reuniao,2024-09-24
1336,perdido,2024-10-05
1337,lead,2024-10-23
1337,perdido,2024-11-22
1338,lead,2024-03-11
1338,contato,2024-03-20
1338,perdido,2024-03-25
1339,lead,2025-07-21
1339,contato,2025-07-29
1339,perdido,2025-08-25
1340,lead,2025-08-25
1340,contato,2025-08-30
1340,reuniao,2025-09-05
1340,proposta,2025-09-13
1340,perdido,2025-09-26
1341,lead,2024-07-12
1341,contato,2024-07-24
1341,reuniao,2024-08-01
1341,proposta,2024-08-04
1341,perdido,2024-08-08
1342,lead,2024-07-28
1342,perdido,2024-08-04
1343,lead,2025-09-22
1343,perdido,2025-10-08
1344,lead,2024-01-14
1344,perdido,2024-01-31
1345,lead,2025-01-12
1345,contato,2025-01-15
1345,perdido,2025-02-13
1346,lead,2024-11-28
1346,contato,2024-12-15
1346,reuniao,2024-12-19
1346,proposta,2024-12-22
1346,perdido,2025-01-02
1347,lead,2025-05-01
1347,contato,2025-05-05
1347,reuniao,2025-05-08
1347,proposta,2025-05-12
1347,fechado,2025-05-16
1348,lead,2024-04-11
1348,contato,2024-04-16
1348,reuniao,2024-04-20
1348,perdido,2024-05-06
1349,lead,2025-04-15
1349,contato,2025-04-18
1349,reuniao,2025-04-25
1349,proposta,2025-04-28
1349,fechado,2025-04-30
1350,lead,2024-09-23
1350,contato,2024-09-30
1350,perdido,2024-10-22
1351,lead,2025-03-12
1351,contato,2025-03-16
1351,reuniao,2025-03-20
1351,proposta,2025-03-26
1351,fechado,2025-04-01
1352,lead,2024-01-23
1352,perdido,2024-01-29
1353,lead,2024-11-26
1353,perdido,2024-12-22
1354,lead,2025-01-13
1354,contato,2025-01-15
1354,reuniao,2025-01-22
1354,perdido,2025-02-18
1355,lead,2024-05-18
1355,perdido,2024-06-01
1356,lead,2024-03-25
1356,perdido,2024-04-16
1357,lead,2024-04-29
1357,contato,2024-05-07
1357,perdido,2024-06-03
1358,lead,2024-08-30
1358,perdido,2024-09-03
1359,lead,2024-02-26
1359,perdido,2024-03-04
1360,lead,2025-11-15
1360,contato,2025-11-18
1360,perdido,2025-12-15
1361,lead,2024-10-13
1361,contato,2024-10-14
1361,reuniao,2024-10-18
1361,proposta,2024-10-19
1361,fechado,2024-10-21
1362,lead,2025-08-02
1362,perdido,2025-08-24
1363,lead,2025-12-08
1363,contato,2025-12-09
1363,reuniao,2025-12-14
1363,proposta,2025-12-18
1364,lead,2024-02-16
1364,contato,2024-02-22
1364,perdido,2024-03-14
1365,lead,2025-04-03
1365,perdido,2025-05-01
1366,lead,2025-09-19
1366,contato,2025-09-26
1366,reuniao,2025-10-08
1366,proposta,2025-10-18
1366,perdido,2025-11-08
1367,lead,2025-03-22
1367,contato,2025-03-27
1367,reuniao,2025-03-29
1367,proposta,2025-04-02
1367,fechado,2025-04-10
1368,lead,2024-10-31
1368,perdido,2024-11-23
1369,lead,2024-11-01
1369,contato,2024-11-09
1369,perdido,2024-12-08
1370,lead,2024-01-21
1370,contato,2024-01-22
1370,reuniao,2024-01-26
1370,proposta,2024-02-04
1370,fechado,2024-02-07
1371,lead,2025-01-19
1371,contato,2025-01-25
1371,reuniao,2025-01-30
1371,proposta,2025-02-11
1371,perdido,2025-02-20
1372,lead,2025-12-26
1373,lead,2025-11-25
1373,contato,2025-11-26
1373,reuniao,2025-12-01
1373,proposta,2025-12-04
1373,fechado,2025-12-10
1374,lead,2024-01-23
1374,contato,2024-01-25
1374,perdido,2024-02-11
1375,lead,2025-05-12
1375,contato,2025-05-18
1375,perdido,2025-05-26
1376,lead,2024-07-26
1376,contato,2024-08-05
1376,perdido,2024-08-09
1377,lead,2025-10-12
1377,contato,2025-10-13
1377,perdido,2025-11-12
1378,lead,2024-01-26
1378,contato,2024-02-01
1378,reuniao,2024-02-04
1378,perdido,2024-03-04
1379,lead,2025-11-06
1379,perdido,2025-11-25
1380,lead,2025-08-25
1380,contato,2025-08-28
1380,reuniao,2025-08-30
1380,proposta,2025-09-05
1380,fechado,2025-09-06
1381,lead,2024-03-10
1381,perdido,2024-03-20
1382,lead,2024-02-03
1382,perdido,2024-02-26
1383,lead,2025-08-23
1383,contato,2025-08-26
1383,reuniao,2025-09-05
1383,proposta,2025-09-07
1383,perdido,2025-09-25
1384,lead,2024-04-05
1384,perdido,2024-04-30
1385,lead,2025-01-20
1385,contato,2025-01-25
1385,perdido,2025-02-16
1386,lead,2025-10-22
1386,contato,2025-10-24
1386,perdido,2025-10-30
1387,lead,2025-02-07
1387,contato,2025-02-17
1387,reuniao,2025-02-18
1387,proposta,2025-02-24
1387,fechado,2025-03-07
1388,lead,2024-10-08
1388,contato,2024-10-09
1388,reuniao,2024-10-15
1388,perdido,2024-11-08
1389,lead,2024-11-13
1389,contato,2024-11-16
1389,reuniao,2024-11-17
1389,perdido,2024-12-17
1390,lead,2024-02-05
1390,contato,2024-02-15
1390,reuniao,2024-02-19
1390,proposta,2024-02-21
1390,perdido,2024-03-06
1391,lead,2025-12-03
1391,contato,2025-12-05
1391,reuniao,2025-12-08
1391,proposta,2025-11-21
1391,fechado,2025-12-15
1392,lead,2024-08-03
1392,contato,2024-08-07
1392,perdido,2024-08-17
1393,lead,2024-04-30
1393,contato,2024-05-08
1393,reuniao,2024-05-10
1393,proposta,2024-05-13
1393,fechado,2024-05-18
1394,lead,2024-07-14
1394,contato,2024-07-24
1394,reuniao,2024-07-26
1394,proposta,2024-08-05
1394,fechado,2024-08-13
1395,lead,2025-11-29
1395,contato,2025-12-04
1395,reuniao,2025-12-08
1395,perdido,2025-12-29
1396,lead,2024-02-24
1396,contato,2024-03-01
1396,reuniao,2024-03-05
1396,proposta,2024-03-07
1396,fechado,2024-03-10
1397,lead,2025-09-16
1397,perdido,2025-10-02
1398,lead,2025-05-14
1398,contato,2025-05-19
1398,reuniao,2025-05-21
1398,proposta,2025-06-03
1398,perdido,2025-06-26
1399,lead,2025-08-19
1399,perdido,2025-09-03
1400,lead,2025-12-09
1400,contato,2025-12-22
1400,reuniao,2025-12-29
1401,lead,2024-08-18
1401,contato,2024-08-27
1401,perdido,2024-09-03
1402,lead,2024-02-03
1402,contato,2024-02-05
1402,reuniao,2024-02-18
1402,proposta,2024-02-28
1402,perdido,2024-03-27
1403,lead,2024-12-04
1403,perdido,2024-12-27
1404,lead,2025-01-02
1404,contato,2025-01-10
1404,reuniao,2025-01-14
1404,proposta,2025-01-17
1404,fechado,2025-01-24
1405,lead,2025-07-02
1405,perdido,2025-07-19
1406,lead,2025-03-26
1406,contato,2025-03-28
1406,reuniao,2025-04-10
1406,proposta,2025-04-02
1406,perdido,2025-05-11
1407,lead,2025-09-19
1407,contato,2025-09-21
1407,perdido,2025-10-20
1408,lead,2025-07-12
1408,contato,2025-07-27
1408,reuniao,2025-08-06
1408,proposta,2025-08-08
1408,fechado,2025-08-14
1409,lead,2024-09-15
1409,contato,2024-09-24
1409,reuniao,2024-10-01
1409,perdido,2024-10-24
1410,lead,2025-03-21
1410,contato,2025-04-01
1410,perdido,2025-04-15
1411,lead,2025-06-13
1411,contato,2025-06-19
1411,reuniao,2025-06-27
1411,proposta,2025-07-03
1411,perdido,2025-07-25
1412,lead,2025-11-23
1412,contato,2025-11-29
1412,reuniao,2025-12-11
1412,perdido,2025-12-25
1413,lead,2024-10-26
1413,contato,2024-11-06
1413,perdido,2024-11-29
1414,lead,2025-03-31
1414,contato,2025-04-02
1414,reuniao,2025-04-06
1414,proposta,2025-04-12
1414,perdido,2025-04-24
1415,lead,2024-10-04
1415,contato,2024-10-10
1415,reuniao,2024-10-13
1415,proposta,2024-10-18
1415,perdido,2024-10-23
1416,lead,2025-06-05
1416,perdido,2025-06-19
1417,lead,2025-10-19
1417,contato,2025-11-06
1417,reuniao,2025-11-11
1417,proposta,2025-11-12
1417,perdido,2025-12-07
1418,lead,2025-10-24
1418,contato,2025-11-08
1418,perdido,2025-11-23
1419,lead,2024-04-06
1419,perdido,2024-04-15
1420,lead,2024-05-10
1420,contato,2024-05-25
1420,perdido,2024-05-29
1421,lead,2025-06-19
1421,contato,2025-06-27
1421,perdido,2025-07-16
1422,lead,2025-03-20
1422,contato,2025-03-27
1422,reuniao,2025-04-04
1422,proposta,2025-04-15
1422,perdido,2025-04-18
1423,lead,2025-10-14
1423,perdido,2025-10-21
1424,lead,2024-08-05
1424,contato,2024-08-11
1424,reuniao,2024-08-17
1424,proposta,2024-08-26
1424,perdido,2024-09-02
1425,lead,2025-09-02
1425,contato,2025-09-13
1425,reuniao,2025-09-20
1425,proposta,2025-09-25
1425,perdido,2025-10-15
1426,lead,2025-04-26
1426,contato,2025-05-05
1426,reuniao,2025-05-08
1426,perdido,2025-05-26
1427,lead,2024-05-04
1427,contato,2024-05-08
1427,reuniao,2024-05-13
1427,proposta,2024-05-14
1427,fechado,2024-05-21
1428,lead,2024-03-16
1428,perdido,2024-04-11
1429,lead,2025-05-10
1429,contato,2025-05-21
1429,reuniao,2025-05-27
1429,proposta,2025-05-30
1429,perdido,2025-06-02
1430,lead,2024-04-07
1430,perdido,2024-05-02
1431,lead,2025-07-21
1431,contato,2025-07-29
1431,perdido,2025-08-20
1432,lead,2025-02-01
1432,perdido,2025-02-23
1433,lead,2024-12-10
1433,contato,2024-12-23
1433,reuniao,2025-01-01
1433,proposta,2025-01-07
1433,fechado,2025-01-14
1434,lead,2024-07-05
1434,contato,2024-07-09
1434,reuniao,2024-07-18
1434,perdido,2024-08-09
1435,lead,2025-12-17
1435,contato,2025-12-19
1435,reuniao,2025-12-22
1436,lead,2025-05-24
1436,perdido,2025-06-12
1437,lead,2025-07-08
1437,contato,2025-07-22
1437,perdido,2025-08-01
1438,lead,2025-06-30
1438,contato,2025-07-04
1438,reuniao,2025-07-06
1438,perdido,2025-07-16
1439,lead,2025-02-18
1439,contato,2025-02-23
1439,reuniao,2025-03-04
1439,proposta,2025-03-08
1439,fechado,2025-03-13
1440,lead,2025-11-09
1440,perdido,2025-11-21
1441,lead,2025-02-17
1441,contato,2025-02-28
1441,reuniao,2025-03-07
1441,proposta,2025-03-14
1441,perdido,2025-03-22
1442,lead,2025-01-11
1442,contato,2025-01-14
1442,reuniao,2025-01-19
1442,proposta,2025-01-24
1442,perdido,2025-02-08
1443,lead,2024-07-04
1443,contato,2024-07-13
1443,reuniao,2024-07-19
1443,proposta,2024-07-31
1443,perdido,2024-08-13
1444,lead,2024-07-10
1444,contato,2024-07-26
1444,reuniao,2024-07-29
1444,proposta,2024-08-02
1444,fechado,2024-08-06
1445,lead,2025-06-04
1445,perdido,2025-06-13
1446,lead,2024-08-22
1446,contato,2024-09-02
1446,reuniao,2024-09-05
1446,proposta,2024-09-10
1446,perdido,2024-09-29
1447,lead,2025-05-29
1447,perdido,2025-06-17
1448,lead,2025-11-20
1448,contato,2025-11-29
1448,reuniao,2025-12-03
1448,proposta,2025-12-06
1448,fechado,2025-12-16
1449,lead,2024-11-08
1449,perdido,2024-11-25
1450,lead,2024-02-26
1450,contato,2024-02-27
1450,reuniao,2024-03-03
1450,proposta,2024-03-11
1450,perdido,2024-03-16
1451,lead,2025-04-14
1451,perdido,2025-04-21
1452,lead,2024-01-06
1452,contato,2024-01-19
1452,reuniao,2024-01-24
1452,perdido,2024-02-04
1453,lead,2025-07-15
1453,contato,2025-07-18
1453,reuniao,2025-07-25
1453,proposta,2025-07-29
1453,perdido,2025-08-18
1454,lead,2025-01-14
1454,perdido,2025-02-03
1455,lead,2024-12-21
1455,contato,2025-01-10
1455,perdido,2025-01-23
1456,lead,2025-02-09
1456,contato,2025-02-24
1456,reuniao,2025-03-02
1456,proposta,2025-03-07
1456,perdido,2025-03-22
1457,lead,2025-01-09
1457,contato,2025-01-11
1457,reuniao,2025-01-19
1457,proposta,2025-01-24
1457,fechado,2025-02-02
1458,lead,2024-08-13
1458,contato,2024-08-23
1458,perdido,2024-09-10
1459,lead,2024-07-10
1459,contato,2024-07-15
1459,reuniao,2024-07-21
1459,perdido,2024-08-15
1460,lead,2024-10-21
1460,contato,2024-10-24
1460,reuniao,2024-10-25
1460,perdido,2024-11-17
1461,lead,2025-10-07
1461,perdido,2025-10-28
1462,lead,2024-03-22
1462,contato,2024-04-08
1462,reuniao,2024-04-26
1462,proposta,2024-05-01
1462,fechado,2024-05-09
1463,lead,2024-08-14
1463,contato,2024-08-20
1463,reuniao,2024-08-21
1463,proposta,2024-08-26
1463,fechado,2024-09-06
1464,lead,2024-05-02
1464,contato,2024-05-05
1464,reuniao,2024-05-11
1464,proposta,2024-05-14
1464,fechado,2024-05-24
1465,lead,2024-10-29
1465,perdido,2024-11-03
1466,lead,2024-03-21
1466,contato,2024-04-01
1466,reuniao,2024-04-07
1466,proposta,2024-04-11
1466,perdido,2024-05-09
1467,lead,2025-06-24
1467,contato,2025-06-28
1467,reuniao,2025-07-09
1467,proposta,2025-07-11
1467,perdido,2025-07-25
1468,lead,2024-03-01
1468,perdido,2024-03-12
1469,lead,2025-04-13
1469,contato,2025-04-17
1469,reuniao,2025-04-22
1469,perdido,2025-05-10
1470,lead,2024-06-29
1470,contato,2024-07-07
1470,reuniao,2024-07-16
1470,perdido,2024-08-09
1471,lead,2024-12-05
1471,contato,2024-12-10
1471,reuniao,2024-12-13
1471,perdido,2024-12-18
1472,lead,2024-05-07
1472,contato,2024-05-09
1472,perdido,2024-06-04
1473,lead,2025-05-30
1473,contato,2025-06-09
1473,reuniao,2025-06-12
1473,proposta,2025-06-15
1473,perdido,2025-07-06
1474,lead,2025-11-16
1474,contato,2025-11-21
1474,reuniao,2025-11-30
1474,proposta,2025-12-06
1474,perdido,2025-12-12
1475,lead,2024-05-23
1475,perdido,2024-06-16
1476,lead,2025-11-20
1476,perdido,2025-12-12
1477,lead,2024-08-14
1477,contato,2024-08-27
1477,perdido,2024-09-06
1478,lead,2025-02-02
1478,contato,2025-02-05
1478,reuniao,2025-02-07
1478,proposta,2025-02-10
1478,perdido,2025-02-26
1479,lead,2025-05-09
1479,contato,2025-05-15
1479,perdido,2025-06-02
1480,lead,2024-05-07
1480,contato,2024-05-08
1480,perdido,2024-05-15
1481,lead,2024-11-13
1481,perdido,2024-12-03
1482,lead,2024-02-08
1482,contato,2024-02-24
1482,reuniao,2024-03-02
1482,proposta,2024-03-09
1482,fechado,2024-03-15
1483,lead,2025-05-06
1483,contato,2025-05-13
1483,reuniao,2025-05-21
1483,proposta,2025-05-31
1483,fechado,2025-06-06
1484,lead,2024-10-22
1484,contato,2024-10-31
1484,reuniao,2024-11-05
1484,proposta,2024-11-19
1484,perdido,2024-11-24
1485,lead,2025-10-04
1485,contato,2025-10-19
1485,perdido,2025-10-25
1486,lead,2024-07-04
1486,contato,2024-07-07
1486,reuniao,2024-07-16
1486,proposta,2024-08-02
1486,fechado,2024-08-20
1487,lead,2025-10-27
1487,contato,2025-10-30
1487,reuniao,2025-11-26
1487,perdido,2025-12-15
1488,lead,2024-03-26
1488,perdido,2024-04-04
1489,lead,2025-03-04
1489,contato,2025-03-10
1489,reuniao,2025-03-16
1489,proposta,2025-03-20
1489,fechado,2025-03-23
1490,lead,2024-07-31
1490,contato,2024-08-06
1490,perdido,2024-08-14
1491,lead,2024-04-24
1491,perdido,2024-05-13
1492,lead,2024-02-24
1492,contato,2024-03-06
1492,reuniao,2024-03-18
1492,proposta,2024-04-01
1492,fechado,2024-04-12
1493,lead,2025-04-06
1493,contato,2025-04-15
1493,reuniao,2025-04-24
1493,proposta,2025-05-03
1493,fechado,2025-05-14
1494,lead,2024-06-01
1494,perdido,2024-06-28
1495,lead,2025-02-11
1495,contato,2025-02-18
1495,perdido,2025-03-19
1496,lead,2025-12-13
1497,lead,2024-08-07
1497,contato,2024-08-21
1497,reuniao,2024-08-31
1497,proposta,2024-09-12
1497,perdido,2024-10-03
1498,lead,2024-01-20
1498,perdido,2024-02-03
1499,lead,2024-03-27
1499,perdido,2024-04-23
1500,lead,2024-03-11
1500,perdido,2024-03-18
1501,lead,2024-11-28
1501,perdido,2024-12-03
1502,lead,2025-06-11
1502,contato,2025-07-02
1502,reuniao,2025-07-09
1502,proposta,2025-07-16
1502,fechado,2025-08-03
1503,lead,2024-07-22
1503,contato,2024-08-04
1503,reuniao,2024-08-15
1503,proposta,2024-08-23
1503,perdido,2024-08-30
1504,lead,2024-03-29
1504,contato,2024-03-31
1504,reuniao,2024-04-10
1504,proposta,2024-04-12
1504,perdido,2024-05-06
1505,lead,2025-03-26
1505,contato,2025-03-31
1505,reuniao,2025-04-10
1505,proposta,2025-04-22
1505,perdido,2025-05-05
1506,lead,2024-07-26
1506,contato,2024-08-04
1506,perdido,2024-08-31
1507,lead,2025-02-12
1507,contato,2025-02-23
1507,reuniao,2025-03-11
1507,proposta,2025-03-19
1507,perdido,2025-03-27
1508,lead,2025-11-04
1508,contato,2025-11-08
1508,perdido,2025-11-24
1509,lead,2024-07-18
1509,contato,2024-07-21
1509,reuniao,2024-07-27
1509,proposta,2024-08-01
1509,perdido,2024-08-08
1510,lead,2025-01-07
1510,contato,2025-01-10
1510,reuniao,2025-01-17
1510,proposta,2025-01-25
1510,perdido,2025-02-20
1511,lead,2025-07-31
1511,perdido,2025-08-27
1512,lead,2025-05-02
1512,contato,2025-05-10
1512,reuniao,2025-05-14
1512,proposta,2025-05-16
1512,fechado,2025-05-24
1513,lead,2025-06-16
1513,perdido,2025-06-26
1514,lead,2025-07-03
1514,contato,2025-07-08
1514,reuniao,2025-07-29
1514,proposta,2025-08-01
1514,perdido,2025-08-31
1515,lead,2025-01-22
1515,contato,2025-01-24
1515,reuniao,2025-02-05
1515,proposta,2025-02-10
1515,fechado,2025-02-20
1516,lead,2025-01-20
1516,contato,2025-01-24
1516,reuniao,2025-02-04
1516,proposta,2025-02-05
1516,fechado,2025-02-11
1517,lead,2025-05-22
1517,contato,2025-05-29
1517,perdido,2025-06-10
1518,lead,2025-05-06
1518,contato,2025-05-15
1518,reuniao,2025-05-21
1518,proposta,2025-05-29
1518,perdido,2025-06-05
1519,lead,2025-04-16
1519,contato,2025-05-10
1519,reuniao,2025-05-15
1519,perdido,2025-06-01
1520,lead,2024-09-27
1520,contato,2024-10-17
1520,reuniao,2024-11-11
1520,perdido,2024-12-06
1521,lead,2025-08-18
1521,contato,2025-08-22
1521,reuniao,2025-08-25
1521,proposta,2025-08-29
1521,perdido,2025-09-04
1522,lead,2024-06-03
1522,contato,2024-06-04
1522,reuniao,2024-06-14
1522,proposta,2024-06-17
1522,fechado,2024-06-21
1523,lead,2024-04-05
1523,contato,2024-04-07
1523,reuniao,2024-04-14
1523,perdido,2024-05-09
1524,lead,2024-08-31
1524,perdido,2024-09-18
1525,lead,2024-06-17
1525,contato,2024-06-21
1525,reuniao,2024-06-13
1525,proposta,2024-07-27
1525,fechado,2024-08-14
1526,lead,2025-04-11
1526,contato,2025-04-17
1526,perdido,2025-05-12
1527,lead,2024-05-30
1527,contato,2024-06-06
1527,reuniao,2024-06-08
1527,perdido,2024-06-24
1528,lead,2025-04-06
1528,contato,2025-04-12
1528,perdido,2025-05-09
1529,lead,2025-01-07
1529,perdido,2025-01-13
1530,lead,2024-04-03
1530,contato,2024-04-07
1530,perdido,2024-04-20
1531,lead,2024-06-21
1531,perdido,2024-07-13
1532,lead,2025-01-12
1532,perdido,2025-02-06
1533,lead,2025-06-01
1533,contato,2025-06-03
1533,reuniao,2025-06-09
1533,perdido,2025-06-19
1534,lead,2024-10-08
1534,contato,2024-10-24
1534,reuniao,2024-10-29
1534,perdido,2024-11-15
1535,lead,2024-05-31
1535,contato,2024-06-25
1535,reuniao,2024-07-02
1535,proposta,2024-07-07
1535,perdido,2024-07-25
1536,lead,2024-07-21
1536,perdido,2024-08-11
1537,lead,2024-02-25
1537,contato,2024-03-08
1537,perdido,2024-04-06
1538,lead,2024-01-15
1538,contato,2024-01-21
1538,reuniao,2024-01-25
1538,perdido,2024-02-14
1539,lead,2025-12-07
1539,contato,2025-12-08
1539,reuniao,2025-12-10
1539,perdido,2025-12-26
1540,lead,2024-02-26
1540,contato,2024-03-07
1540,reuniao,2024-03-13
1540,proposta,2024-03-04
1540,perdido,2024-04-09
1541,lead,2024-03-15
1541,perdido,2024-03-25
1542,lead,2025-09-19
1542,contato,2025-09-23
1542,perdido,2025-10-08
1543,lead,2025-04-11
1543,perdido,2025-05-11
1544,lead,2024-11-06
1544,perdido,2024-12-06
1545,lead,2025-04-01
1545,perdido,2025-04-22
1546,lead,2025-11-05
1546,contato,2025-11-12
1546,reuniao,2025-11-24
1546,proposta,2025-12-02
1546,perdido,2025-12-31
1547,lead,2024-02-27
1547,contato,2024-03-17
1547,reuniao,2024-03-25
1547,perdido,2024-04-11
1548,lead,2024-06-09
1548,perdido,2024-06-22
1549,lead,2025-09-11
1549,contato,2025-09-29
1549,reuniao,2025-10-04
1549,proposta,2025-10-09
1549,perdido,2025-10-20
1550,lead,2025-07-10
1550,contato,2025-07-12
1550,perdido,2025-07-28
1551,lead,2025-12-26
1551,contato,2025-12-28
1551,reuniao,2025-12-30
1552,lead,2024-08-05
1552,perdido,2024-08-16
1553,lead,2025-11-13
1553,contato,2025-11-17
1553,reuniao,2025-11-23
1553,perdido,2025-12-03
1554,lead,2024-08-29
1554,contato,2024-09-01
1554,reuniao,2024-09-05
1554,perdido,2024-09-13
1555,lead,2025-05-19
1555,contato,2025-05-24
1555,perdido,2025-06-22
1556,lead,2025-09-28
1556,contato,2025-10-06
1556,reuniao,2025-10-19
1556,perdido,2025-11-07
1557,lead,2024-04-16
1557,contato,2024-04-22
1557,perdido,2024-05-03
1558,lead,2024-05-11
1558,contato,2024-05-20
1558,reuniao,2024-05-22
1558,perdido,2024-06-19
1559,lead,2025-02-16
1559,contato,2025-02-25
1559,perdido,2025-03-09
1560,lead,2025-08-30
1560,perdido,2025-09-26
1561,lead,2024-02-15
1561,contato,2024-02-17
1561,reuniao,2024-03-06
1561,proposta,2024-03-23
1561,fechado,2024-04-05
1562,lead,2025-09-04
1562,contato,2025-09-10
1562,reuniao,2025-09-15
1562,proposta,2025-09-21
1562,perdido,2025-10-10
1563,lead,2024-08-29
1563,contato,2024-09-01
1563,reuniao,2024-09-05
1563,proposta,2024-09-07
1563,perdido,2024-09-20
1564,lead,2024-10-14
1564,perdido,2024-11-07
1565,lead,2024-08-26
1565,perdido,2024-09-10
1566,lead,2025-10-19
1566,perdido,2025-11-13
1567,lead,2024-03-19
1567,contato,2024-03-26
1567,reuniao,2024-04-05
1567,perdido,2024-04-28
1568,lead,2025-02-12
1568,contato,2025-02-19
1568,perdido,2025-03-20
1569,lead,2024-03-31
1569,contato,2024-04-05
1569,reuniao,2024-04-24
1569,proposta,2024-04-26
1569,perdido,2024-05-09
1570,lead,2025-10-31
1570,contato,2025-11-17
1570,reuniao,2025-11-21
1570,perdido,2025-12-11
1571,lead,2025-07-24
1571,contato,2025-08-01
1571,reuniao,2025-08-05
1571,perdido,2025-08-24
1572,lead,2024-06-01
1572,contato,2024-06-04
1572,reuniao,2024-06-11
1572,proposta,2024-06-17
1572,fechado,2024-06-21
1573,lead,2024-07-23
1573,contato,2024-08-10
1573,reuniao,2024-08-11
1573,proposta,2024-08-22
1573,fechado,2024-09-05
1574,lead,2024-09-26
1574,contato,2024-10-06
1574,reuniao,2024-10-14
1574,proposta,2024-10-23
1574,perdido,2024-10-30
1575,lead,2024-10-14
1575,perdido,2024-10-25
1576,lead,2025-08-09
1576,contato,2025-08-17
1576,reuniao,2025-08-27
1576,proposta,2025-09-09
1576,perdido,2025-10-03
1577,lead,2025-02-06
1577,contato,2025-02-12
1577,perdido,2025-02-18
1578,lead,2024-10-30
1578,contato,2024-11-14
1578,reuniao,2024-11-20
1578,proposta,2024-11-24
1578,perdido,2024-11-28
1579,lead,2025-05-22
1579,perdido,2025-05-28
1580,lead,2024-11-23
1580,contato,2024-12-01
1580,reuniao,2024-12-08
1580,proposta,2024-12-21
1580,fechado,2025-01-05
1581,lead,2024-03-17
1581,contato,2024-03-27
1581,reuniao,2024-03-28
1581,proposta,2024-04-08
1581,perdido,2024-04-17
1582,lead,2024-03-04
1582,contato,2024-03-05
1582,reuniao,2024-03-17
1582,perdido,2024-04-05
1583,lead,2024-08-15
1583,contato,2024-08-30
1583,reuniao,2024-09-14
1583,perdido,2024-09-18
1584,lead,2025-03-01
1584,contato,2025-03-18
1584,reuniao,2025-03-24
1584,proposta,2025-04-01
1584,fechado,2025-04-04
1585,lead,2024-03-22
1585,perdido,2024-04-06
1586,lead,2025-01-28
1586,contato,2025-01-30
1586,reuniao,2025-02-06
1586,proposta,2025-02-10
1586,perdido,2025-03-05
1587,lead,2024-06-30
1587,contato,2024-07-04
1587,reuniao,2024-07-05
1587,perdido,2024-07-18
1588,lead,2025-05-05
1588,contato,2025-05-08
1588,reuniao,2025-05-27
1588,perdido,2025-06-25
1589,lead,2024-01-16
1589,perdido,2024-01-23
1590,lead,2024-12-02
1590,contato,2024-12-08
1590,reuniao,2024-12-22
1590,proposta,2024-12-29
1590,fechado,2025-01-08
1591,lead,2024-01-30
1591,contato,2024-02-15
1591,reuniao,2024-02-19
1591,proposta,2024-02-26
1591,fechado,2024-03-04
1592,lead,2024-08-19
1592,contato,2024-09-02
1592,reuniao,2024-09-07
1592,proposta,2024-09-11
1592,perdido,2024-09-25
1593,lead,2024-01-09
1593,perdido,2024-01-19
1594,lead,2024-12-03
1594,perdido,2024-12-11
1595,lead,2025-06-29
1595,contato,2025-07-13
1595,perdido,2025-07-21
1596,lead,2024-02-28
1596,contato,2024-03-03
1596,reuniao,2024-03-08
1596,proposta,2024-03-13
1596,perdido,2024-03-31
1597,lead,2025-06-03
1597,contato,2025-06-08
1597,perdido,2025-06-18
1598,lead,2025-02-18
1598,perdido,2025-03-06
1599,lead,2025-01-03
1599,contato,2025-01-13
1599,reuniao,2025-01-02
1599,perdido,2025-02-10
1600,lead,2025-02-27
1600,contato,2025-03-03
1600,perdido,2025-03-30
1601,lead,2024-08-23
1601,contato,2024-08-29
1601,reuniao,2024-09-05
1601,proposta,2024-09-14
1601,perdido,2024-09-23
1602,lead,2025-05-16
1602,perdido,2025-05-21
1603,lead,2025-07-09
1603,perdido,2025-07-13
1604,lead,2025-07-08
1604,contato,2025-07-11
1604,reuniao,2025-07-16
1604,perdido,2025-08-05
1605,lead,2024-06-30
1605,perdido,2024-07-29
1606,lead,2025-04-04
1606,perdido,2025-04-21
1607,lead,2024-03-31
1607,contato,2024-04-06
1607,reuniao,2024-04-10
1607,proposta,2024-04-13
1607,perdido,2024-05-11
1608,lead,2024-12-27
1608,contato,2025-01-08
1608,reuniao,2025-01-14
1608,proposta,2025-01-17
1608,fechado,2025-01-21
1609,lead,2024-01-02
1609,perdido,2024-01-19
1610,lead,2024-05-03
1610,contato,2024-05-07
1610,perdido,2024-05-23
1611,lead,2025-03-20
1611,perdido,2025-04-11
1612,lead,2025-09-22
1612,contato,2025-09-28
1612,perdido,2025-10-11
1613,lead,2024-01-28
1613,contato,2024-02-07
1613,reuniao,2024-02-20
1613,proposta,2024-03-01
1613,perdido,2024-03-17
1614,lead,2025-02-02
1614,perdido,2025-02-21
1615,lead,2025-03-24
1615,contato,2025-03-26
1615,perdido,2025-04-11
1616,lead,2025-11-03
1616,contato,2025-11-07
1616,reuniao,2025-11-18
1616,proposta,2025-11-21
1616,perdido,2025-12-15
1617,lead,2025-04-05
1617,contato,2025-04-19
1617,reuniao,2025-04-22
1617,perdido,2025-05-20
1618,lead,2024-03-01
1618,contato,2024-03-09
1618,reuniao,2024-03-11
1618,proposta,2024-03-15
1618,fechado,2024-04-02
1619,lead,2024-03-30
1619,contato,2024-04-04
1619,reuniao,2024-04-09
1619,proposta,2024-04-11
1619,fechado,2024-04-13
1620,lead,2025-03-23
1620,contato,2025-03-26
1620,reuniao,2025-04-03
1620,proposta,2025-04-09
1620,perdido,2025-05-02
1621,lead,2024-05-19
1621,contato,2024-05-28
1621,perdido,2024-06-26
1622,lead,2025-10-31
1622,contato,2025-11-04
1622,perdido,2025-12-03
1623,lead,2025-10-25
1623,contato,2025-11-01
1623,reuniao,2025-11-02
1623,proposta,2025-11-10
1623,perdido,2025-12-05
1624,lead,2025-11-16
1624,contato,2025-11-27
1624,reuniao,2025-12-08
1624,proposta,2025-12-09
1624,fechado,2025-12-13
1625,lead,2024-07-19
1625,contato,2024-07-24
1625,reuniao,2024-07-31
1625,proposta,2024-08-05
1625,perdido,2024-08-22
1626,lead,2025-05-20
1626,contato,2025-05-31
1626,reuniao,2025-06-14
1626,proposta,2025-06-17
1626,perdido,2025-06-24
1627,lead,2025-04-11
1627,perdido,2025-04-16
1628,lead,2024-01-21
1628,perdido,2024-02-14
1629,lead,2024-06-27
1629,contato,2024-07-01
1629,reuniao,2024-07-07
1629,proposta,2024-07-23
1629,perdido,2024-08-19
1630,lead,2024-05-12
1630,contato,2024-05-27
1630,reuniao,2024-06-01
1630,proposta,2024-06-07
1630,perdido,2024-07-01
1631,lead,2024-09-18
1631,contato,2024-09-29
1631,reuniao,2024-10-05
1631,perdido,2024-10-14
1632,lead,2025-11-20
1632,perdido,2025-11-29
1633,lead,2025-09-01
1633,contato,2025-09-11
1633,reuniao,2025-09-19
1633,proposta,2025-09-27
1633,fechado,2025-09-29
1634,lead,2024-07-20
1634,contato,2024-07-22
1634,reuniao,2024-07-25
1634,proposta,2024-07-29
1634,fechado,2024-08-08
1635,lead,2025-01-17
1635,contato,2025-02-06
1635,reuniao,2025-02-21
1635,perdido,2025-03-03
1636,lead,2024-05-02
1636,perdido,2024-05-07
1637,lead,2024-07-07
1637,contato,2024-07-20
1637,reuniao,2024-07-26
1637,perdido,2024-07-29
1638,lead,2024-02-06
1638,contato,2024-02-12
1638,reuniao,2024-02-21
1638,proposta,2024-02-27
1638,fechado,2024-03-09
1639,lead,2025-03-27
1639,perdido,2025-03-31
1640,lead,2025-04-07
1640,contato,2025-04-09
1640,perdido,2025-04-15
1641,lead,2025-08-26
1641,contato,2025-08-29
1641,reuniao,2025-09-01
1641,perdido,2025-09-24
1642,lead,2025-09-19
1642,contato,2025-09-22
1642,perdido,2025-10-09
1643,lead,2024-04-08
1643,perdido,2024-04-25
1644,lead,2025-06-09
1644,perdido,2025-07-01
1645,lead,2024-03-22
1645,contato,2024-03-26
1645,reuniao,2024-04-01
1645,proposta,2024-04-05
1645,perdido,2024-05-04
1646,lead,2024-09-20
1646,perdido,2024-09-26
1647,lead,2025-01-09
1647,contato,2025-01-12
1647,perdido,2025-01-21
1648,lead,2024-01-28
1648,contato,2024-02-02
1648,reuniao,2024-02-10
1648,proposta,2024-02-22
1648,perdido,2024-03-01
1649,lead,2024-04-06
1649,contato,2024-04-15
1649,perdido,2024-05-15
1650,lead,2024-07-01
1650,contato,2024-07-03
1650,perdido,2024-07-27
1651,lead,2024-03-17
1651,perdido,2024-03-29
1652,lead,2025-11-05
1652,contato,2025-11-10
1652,reuniao,2025-12-01
1652,proposta,2025-12-04
1652,fechado,2025-12-18
1653,lead,2024-07-15
1653,contato,2024-07-23
1653,reuniao,2024-08-14
1653,proposta,2024-08-17
1653,fechado,2024-08-24
1654,lead,2025-01-01
1654,contato,2025-01-11
1654,reuniao,2025-01-21
1654,proposta,2025-01-10
1654,perdido,2025-02-10
1655,lead,2025-12-28
1656,lead,2025-02-07
1656,perdido,2025-02-26
1657,lead,2024-10-18
1657,contato,2024-10-27
1657,reuniao,2024-11-01
1657,proposta,2024-11-05
1657,perdido,2024-11-23
1658,lead,2025-11-01
1658,perdido,2025-11-09
1659,lead,2024-05-24
1659,contato,2024-05-29
1659,reuniao,2024-06-02
1659,proposta,2024-06-07
1659,perdido,2024-06-27
1660,lead,2024-04-22
1660,contato,2024-05-01
1660,reuniao,2024-05-05
1660,proposta,2024-05-09
1660,perdido,2024-06-04
1661,lead,2025-01-20
1661,perdido,2025-02-09
1662,lead,2024-10-30
1662,contato,2024-11-13
1662,reuniao,2024-12-08
1662,proposta,2024-12-11
1662,fechado,2024-12-17
1663,lead,2025-07-23
1663,perdido,2025-08-21
1664,lead,2024-01-24
1664,contato,2024-01-29
1664,reuniao,2024-02-06
1664,proposta,2024-02-15
1664,fechado,2024-02-28
1665,lead,2025-03-11
1665,contato,2025-03-14
1665,reuniao,2025-03-15
1665,perdido,2025-04-11
1666,lead,2025-05-16
1666,contato,2025-05-29
1666,reuniao,2025-06-01
1666,proposta,2025-06-04
1666,fechado,2025-06-05
1667,lead,2025-12-06
1667,contato,2025-12-07
1667,reuniao,2025-12-10
1667,perdido,2025-12-26
1668,lead,2024-03-29
1668,contato,2024-04-01
1668,reuniao,2024-04-08
1668,perdido,2024-04-19
1669,lead,2024-06-11
1669,perdido,2024-07-04
1670,lead,2025-11-03
1670,contato,2025-11-10
1670,reuniao,2025-11-19
1670,perdido,2025-12-11
1671,lead,2025-03-20
1671,contato,2025-03-31
1671,perdido,2025-04-17
1672,lead,2024-01-22
1672,perdido,2024-01-31
1673,lead,2024-02-14
1673,contato,2024-02-16
1673,reuniao,2024-02-26
1673,proposta,2024-02-28
1673,perdido,2024-03-07
1674,lead,2025-07-14
1674,contato,2025-07-20
1674,perdido,2025-07-30
1675,lead,2025-02-07
1675,contato,2025-02-16
1675,perdido,2025-02-23
1676,lead,2025-02-06
1676,contato,2025-02-10
1676,reuniao,2025-02-17
1676,proposta,2025-02-21
1676,fechado,2025-02-26
1677,lead,2025-09-26
1677,contato,2025-10-03
1677,reuniao,2025-10-07
1677,proposta,2025-10-14
1677,perdido,2025-11-03
1678,lead,2024-06-07
1678,contato,2024-06-16
1678,reuniao,2024-06-19
1678,proposta,2024-06-22
1678,fechado,2024-06-27
1679,lead,2024-04-08
1679,perdido,2024-04-25
1680,lead,2025-03-08
1680,contato,2025-03-12
1680,perdido,2025-04-02
1681,lead,2025-09-27
1681,contato,2025-10-07
1681,reuniao,2025-10-13
1681,perdido,2025-10-27
1682,lead,2024-06-27
1682,contato,2024-07-03
1682,reuniao,2024-07-05
1682,proposta,2024-07-23
1682,perdido,2024-08-08
1683,lead,2025-04-24
1683,contato,2025-05-22
1683,reuniao,2025-05-24
1683,perdido,2025-06-05
1684,lead,2024-04-03
1684,contato,2024-04-09
1684,reuniao,2024-04-13
1684,proposta,2024-04-26
1684,fechado,2024-05-11
1685,lead,2024-04-17
1685,perdido,2024-05-07
1686,lead,2025-10-11
1686,perdido,2025-10-24
1687,lead,2024-03-11
1687,contato,2024-03-21
1687,reuniao,2024-03-31
1687,proposta,2024-04-06
1687,perdido,2024-04-23
1688,lead,2024-01-14
1688,contato,2024-01-19
1688,perdido,2024-02-17
1689,lead,2025-07-05
1689,contato,2025-07-13
1689,perdido,2025-08-03
1690,lead,2024-09-12
1690,perdido,2024-09-22
1691,lead,2024-10-07
1691,contato,2024-10-17
1691,reuniao,2024-10-26
1691,perdido,2024-10-29
1692,lead,2025-07-25
1692,contato,2025-07-26
1692,perdido,2025-08-14
1693,lead,2024-04-23
1693,contato,2024-05-09
1693,perdido,2024-05-13
1694,lead,2025-04-02
1694,contato,2025-04-07
1694,reuniao,2025-04-08
1694,proposta,2025-03-21
1694,perdido,2025-05-09
1695,lead,2024-08-05
1695,contato,2024-08-09
1695,reuniao,2024-08-17
1695,perdido,2024-08-23
1696,lead,2024-03-01
1696,contato,2024-03-05
1696,reuniao,2024-03-13
1696,proposta,2024-03-14
1696,fechado,2024-03-17
1697,lead,2025-04-29
1697,contato,2025-05-12
1697,reuniao,2025-05-20
1697,perdido,2025-06-19
1698,lead,2024-08-09
1698,contato,2024-08-12
1698,reuniao,2024-08-16
1698,proposta,2024-08-17
1698,fechado,2024-08-21
1699,lead,2025-09-16
1699,perdido,2025-09-23
1700,lead,2025-10-24
1700,perdido,2025-11-23
1701,lead,2025-09-03
1701,contato,2025-09-08
1701,reuniao,2025-09-09
1701,proposta,2025-09-14
1701,fechado,2025-09-15
1702,lead,2024-08-12
1702,contato,2024-08-21
1702,perdido,2024-09-18
1703,lead,2024-06-03
1703,contato,2024-06-17
1703,reuniao,2024-06-25
1703,proposta,2024-06-29
1703,perdido,2024-07-03
1704,lead,2025-10-05
1704,contato,2025-10-20
1704,reuniao,2025-10-31
1704,proposta,2025-11-10
1704,perdido,2025-12-09
1705,lead,2024-11-19
1705,contato,2024-12-04
1705,reuniao,2024-12-10
1705,proposta,2024-12-15
1705,perdido,2024-12-24
1706,lead,2025-05-14
1706,contato,2025-05-27
1706,reuniao,2025-05-30
1706,proposta,2025-06-17
1706,fechado,2025-06-23
1707,lead,2025-08-17
1707,contato,2025-08-27
1707,reuniao,2025-08-28
1707,proposta,2025-09-03
1707,perdido,2025-09-27
1708,lead,2024-07-07
1708,contato,2024-07-21
1708,reuniao,2024-07-22
1708,proposta,2024-08-03
1708,fechado,2024-08-17
1709,lead,2024-03-11
1709,perdido,2024-03-27
1710,lead,2025-03-16
1710,contato,2025-03-24
1710,reuniao,2025-04-02
1710,proposta,2025-04-07
1710,fechado,2025-04-13
1711,lead,2025-02-21
1711,contato,2025-02-26
1711,reuniao,2025-02-28
1711,proposta,2025-03-12
1711,fechado,2025-03-30
1712,lead,2024-07-01
1712,contato,2024-07-16
1712,reuniao,2024-07-23
1712,proposta,2024-07-29
1712,perdido,2024-08-22
1713,lead,2025-02-18
1713,contato,2025-02-22
1713,reuniao,2025-02-28
1713,proposta,2025-03-07
1713,perdido,2025-03-11
1714,lead,2025-07-18
1714,contato,2025-07-22
1714,reuniao,2025-07-23
1714,proposta,2025-07-28
1714,perdido,2025-08-19
1715,lead,2024-09-03
1715,contato,2024-09-07
1715,reuniao,2024-09-14
1715,proposta,2024-09-18
1715,perdido,2024-09-21
1716,lead,2024-06-08
1716,contato,2024-06-18
1716,perdido,2024-07-05
1717,lead,2025-05-26
1717,perdido,2025-06-07
1718,lead,2025-07-14
1718,contato,2025-07-18
1718,reuniao,2025-07-20
1718,proposta,2025-07-24
1718,fechado,2025-07-28
1719,lead,2025-11-21
1719,contato,2025-11-23
1719,reuniao,2025-12-02
1719,perdido,2025-12-07
1720,lead,2024-03-30
1720,perdido,2024-04-20
1721,lead,2025-10-02
1721,perdido,2025-10-25
1722,lead,2025-06-27
1722,perdido,2025-07-22
1723,lead,2025-05-09
1723,contato,2025-05-16
1723,reuniao,2025-05-09
1723,proposta,2025-06-26
1723,perdido,2025-07-01
1724,lead,2024-08-04
1724,contato,2024-08-12
1724,reuniao,2024-08-24
1724,perdido,2024-09-20
1725,lead,2024-01-13
1725,contato,2024-01-19
1725,perdido,2024-01-25
1726,lead,2025-01-04
1726,perdido,2025-01-10
1727,lead,2024-07-13
1727,contato,2024-08-04
1727,reuniao,2024-08-06
1727,perdido,2024-08-29
1728,lead,2024-07-17
1728,contato,2024-07-18
1728,perdido,2024-07-22
1729,lead,2025-10-30
1729,perdido,2025-11-16
1730,lead,2024-04-03
1730,contato,2024-04-14
1730,perdido,2024-04-29
1731,lead,2025-11-05
1731,perdido,2025-11-29
1732,lead,2025-01-02
1732,contato,2025-01-06
1732,reuniao,2025-01-10
1732,proposta,2025-01-16
1732,perdido,2025-02-14
1733,lead,2025-08-26
1733,contato,2025-08-28
1733,perdido,2025-09-13
1734,lead,2024-07-12
1734,perdido,2024-08-11
1735,lead,2025-03-22
1735,perdido,2025-04-18
1736,lead,2025-02-01
1736,contato,2025-02-15
1736,reuniao,2025-02-22
1736,perdido,2025-03-15
1737,lead,2025-10-28
1737,contato,2025-11-03
1737,reuniao,2025-11-21
1737,proposta,2025-11-29
1737,perdido,2025-12-13
1738,lead,2024-04-22
1738,contato,2024-04-24
1738,reuniao,2024-05-07
1738,perdido,2024-05-20
1739,lead,2024-05-11
1739,perdido,2024-06-09
1740,lead,2025-11-17
1740,contato,2025-11-19
1740,reuniao,2025-12-02
1740,perdido,2025-12-18
1741,lead,2024-02-27
1741,perdido,2024-03-27
1742,lead,2025-03-22
1742,contato,2025-04-02
1742,reuniao,2025-04-06
1742,proposta,2025-04-12
1742,perdido,2025-05-11
1743,lead,2024-02-04
1743,contato,2024-02-08
1743,reuniao,2024-02-15
1743,proposta,2024-02-20
1743,fechado,2024-03-02
1744,lead,2024-02-14
1744,contato,2024-02-18
1744,reuniao,2024-02-28
1744,proposta,2024-03-07
1744,perdido,2024-03-11
1745,lead,2025-02-26
1745,contato,2025-03-09
1745,reuniao,2025-03-11
1745,perdido,2025-03-20
1746,lead,2025-01-29
1746,contato,2025-02-09
1746,perdido,2025-02-24
1747,lead,2025-02-11
1747,contato,2025-02-16
1747,reuniao,2025-02-19
1747,proposta,2025-03-15
1747,perdido,2025-04-07
1748,lead,2024-12-07
1748,contato,2024-12-11
1748,reuniao,2024-12-15
1748,proposta,2024-12-18
1748,perdido,2025-01-15
1749,lead,2025-06-09
1749,contato,2025-06-14
1749,reuniao,2025-06-21
1749,perdido,2025-06-24
1750,lead,2025-12-24
1750,contato,2025-12-30
1751,lead,2024-07-05
1751,contato,2024-07-10
1751,perdido,2024-07-21
1752,lead,2024-08-13
1752,perdido,2024-08-26
1753,lead,2024-08-13
1753,contato,2024-08-19
1753,perdido,2024-09-13
1754,lead,2025-06-26
1754,contato,2025-06-28
1754,reuniao,2025-07-05
1754,proposta,2025-07-08
1754,perdido,2025-08-07
1755,lead,2024-09-02
1755,contato,2024-09-07
1755,reuniao,2024-09-16
1755,perdido,2024-10-01
1756,lead,2025-04-21
1756,perdido,2025-04-30
1757,lead,2024-11-13
1757,contato,2024-11-25
1757,reuniao,2024-12-02
1757,perdido,2024-12-29
1758,lead,2025-03-04
1758,contato,2025-03-08
1758,reuniao,2025-03-20
1758,proposta,2025-03-23
1758,perdido,2025-03-30
1759,lead,2025-08-18
1759,contato,2025-08-31
1759,reuniao,2025-09-07
1759,proposta,2025-09-09
1759,perdido,2025-09-21
1760,lead,2025-01-08
1760,contato,2025-01-10
1760,reuniao,2025-01-30
1760,proposta,2025-02-04
1760,perdido,2025-03-05
1761,lead,2024-12-08
1761,perdido,2024-12-20
1762,lead,2024-06-28
1762,contato,2024-07-13
1762,reuniao,2024-07-18
1762,perdido,2024-08-03
1763,lead,2025-01-09
1763,perdido,2025-01-15
1764,lead,2024-06-24
1764,contato,2024-07-04
1764,reuniao,2024-07-06
1764,perdido,2024-07-11
1765,lead,2025-08-30
1765,contato,2025-09-13
1765,reuniao,2025-09-19
1765,proposta,2025-09-29
1765,perdido,2025-10-12
1766,lead,2024-10-02
1766,contato,2024-10-10
1766,reuniao,2024-10-30
1766,proposta,2024-11-08
1766,perdido,2024-12-01
1767,lead,2024-03-18
1767,contato,2024-03-19
1767,reuniao,2024-03-27
1767,proposta,2024-04-01
1767,perdido,2024-04-15
1768,lead,2024-06-06
1768,perdido,2024-06-26
1769,lead,2025-01-19
1769,contato,2025-01-31
1769,reuniao,2025-02-09
1769,proposta,2025-02-12
1769,fechado,2025-02-15
1770,lead,2025-10-22
1770,contato,2025-10-25
1770,perdido,2025-11-12
1771,lead,2024-07-25
1771,contato,2024-07-31
1771,reuniao,2024-08-10
1771,proposta,2024-08-16
1771,fechado,2024-09-04
1772,lead,2024-06-26
1772,contato,2024-07-01
1772,reuniao,2024-07-04
1772,proposta,2024-07-16
1772,perdido,2024-07-20
1773,lead,2024-10-14
1773,contato,2024-10-15
1773,reuniao,2024-10-16
1773,proposta,2024-10-21
1773,fechado,2024-10-25
1774,lead,2025-12-02
1774,perdido,2025-12-05
1775,lead,2025-08-31
1775,perdido,2025-09-26
1776,lead,2024-04-01
1776,contato,2024-04-06
1776,reuniao,2024-04-07
1776,proposta,2024-04-11
1776,perdido,2024-04-29
1777,lead,2025-03-08
1777,contato,2025-03-12
1777,reuniao,2025-03-17
1777,proposta,2025-03-26
1777,perdido,2025-03-30
1778,lead,2025-07-19
1778,perdido,2025-07-30
1779,lead,2025-06-30
1779,contato,2025-07-08
1779,perdido,2025-08-05
1780,lead,2024-12-21
1780,perdido,2025-01-08
1781,lead,2025-05-31
1781,contato,2025-06-02
1781,reuniao,2025-06-11
1781,proposta,2025-06-16
1781,fechado,2025-06-19
1782,lead,2025-02-17
1782,perdido,2025-03-01
1783,lead,2024-05-08
1783,contato,2024-05-14
1783,reuniao,2024-05-22
1783,proposta,2024-05-31
1783,perdido,2024-06-15
1784,lead,2024-02-01
1784,perdido,2024-02-07
1785,lead,2024-09-17
1785,contato,2024-10-01
1785,perdido,2024-10-10
1786,lead,2024-02-05
1786,contato,2024-02-12
1786,reuniao,2024-02-18
1786,proposta,2024-03-03
1786,perdido,2024-03-11
1787,lead,2024-10-06
1787,contato,2024-10-11
1787,reuniao,2024-10-19
1787,proposta,2024-10-27
1787,fechado,2024-10-30
1788,lead,2025-08-18
1788,perdido,2025-09-06
1789,lead,2025-08-30
1789,contato,2025-09-02
1789,perdido,2025-09-14
1790,lead,2024-01-20
1790,contato,2024-01-23
1790,reuniao,2024-02-06
1790,proposta,2024-02-09
1790,fechado,2024-02-22
1791,lead,2024-02-09
1791,contato,2024-02-21
1791,reuniao,2024-03-11
1791,proposta,2024-03-30
1791,fechado,2024-04-15
1792,lead,2025-04-16
1792,contato,2025-04-20
1792,perdido,2025-05-03
1793,lead,2024-12-31
1793,contato,2025-01-13
1793,reuniao,2025-01-23
1793,perdido,2025-02-11
1794,lead,2024-03-31
1794,perdido,2024-04-09
1795,lead,2025-07-30
1795,perdido,2025-08-22
1796,lead,2024-05-19
1796,contato,2024-05-27
1796,reuniao,2024-06-06
1796,perdido,2024-06-19
1797,lead,2024-02-14
1797,contato,2024-02-22
1797,perdido,2024-02-27
1798,lead,2025-06-15
1798,contato,2025-07-04
1798,perdido,2025-07-10
1799,lead,2025-03-05
1799,perdido,2025-04-01
1800,lead,2024-10-06
1800,perdido,2024-11-03
1801,lead,2025-05-03
1801,contato,2025-05-13
1801,reuniao,2025-05-14
1801,proposta,2025-05-17
1801,perdido,2025-05-24
1802,lead,2025-10-19
1802,contato,2025-10-21
1802,perdido,2025-11-19
1803,lead,2024-01-20
1803,contato,2024-01-25
1803,perdido,2024-02-09
1804,lead,2025-03-18
1804,contato,2025-03-23
1804,perdido,2025-04-03
1805,lead,2024-05-21
1805,contato,2024-06-03
1805,reuniao,2024-05-20
1805,perdido,2024-07-06
1806,lead,2024-12-07
1806,contato,2024-12-15
1806,reuniao,2024-12-27
1806,perdido,2024-12-30
1807,lead,2024-10-27
1807,contato,2024-10-28
1807,reuniao,2024-10-31
1807,proposta,2024-11-15
1807,perdido,2024-11-21
1808,lead,2024-10-02
1808,contato,2024-10-03
1808,perdido,2024-10-24
1809,lead,2024-04-30
1809,contato,2024-05-09
1809,reuniao,2024-05-15
1809,proposta,2024-05-31
1809,fechado,2024-06-04
1810,lead,2025-07-28
1810,perdido,2025-08-11
1811,lead,2024-09-25
1811,perdido,2024-10-14
1812,lead,2025-10-01
1812,contato,2025-10-09
1812,reuniao,2025-10-13
1812,perdido,2025-10-18
1813,lead,2024-09-07
1813,contato,2024-09-16
1813,reuniao,2024-09-24
1813,proposta,2024-09-29
1813,fechado,2024-10-04
1814,lead,2025-08-27
1814,contato,2025-08-31
1814,perdido,2025-09-27
1815,lead,2025-01-25
1815,perdido,2025-02-16
1816,lead,2024-09-29
1816,contato,2024-10-05
1816,reuniao,2024-10-10
1816,perdido,2024-10-27
1817,lead,2025-05-11
1817,contato,2025-05-16
1817,reuniao,2025-05-22
1817,proposta,2025-05-28
1817,fechado,2025-06-01
1818,lead,2025-07-15
1818,perdido,2025-07-23
1819,lead,2024-12-15
1819,contato,2024-12-31
1819,reuniao,2025-01-21
1819,perdido,2025-01-26
1820,lead,2024-10-28
1820,contato,2024-11-04
1820,reuniao,2024-11-12
1820,perdido,2024-11-25
1821,lead,2025-02-14
1821,contato,2025-02-23
1821,reuniao,2025-03-01
1821,proposta,2025-03-04
1821,fechado,2025-03-07
1822,lead,2025-02-18
1822,perdido,2025-02-22
1823,lead,2024-10-28
1823,contato,2024-11-10
1823,perdido,2024-11-20
1824,lead,2025-06-21
1824,contato,2025-06-24
1824,reuniao,2025-07-09
1824,proposta,2025-07-12
1824,perdido,2025-08-04
1825,lead,2024-10-09
1825,contato,2024-10-24
1825,reuniao,2024-11-14
1825,perdido,2024-11-18
1826,lead,2024-11-19
1826,contato,2024-12-03
1826,reuniao,2024-12-25
1826,proposta,2024-12-30
1826,perdido,2025-01-02
1827,lead,2025-03-03
1827,contato,2025-03-04
1827,reuniao,2025-02-16
1827,perdido,2025-03-17
1828,lead,2025-12-19
1828,contato,2025-12-25
1829,lead,2024-06-23
1829,contato,2024-07-04
1829,reuniao,2024-07-16
1829,proposta,2024-07-23
1829,fechado,2024-07-31
1830,lead,2024-05-31
1830,perdido,2024-06-11
1831,lead,2024-04-20
1831,contato,2024-05-05
1831,reuniao,2024-05-11
1831,proposta,2024-06-01
1831,perdido,2024-06-13
1832,lead,2025-04-30
1832,contato,2025-05-10
1832,perdido,2025-06-01
1833,lead,2024-11-16
1833,perdido,2024-11-28
1834,lead,2024-10-01
1834,contato,2024-10-03
1834,reuniao,2024-09-14
1834,proposta,2024-10-10
1834,perdido,2024-10-14
1835,lead,2024-05-10
1835,contato,2024-05-31
1835,perdido,2024-06-09
1836,lead,2025-10-04
1836,perdido,2025-10-12
1837,lead,2024-11-11
1837,contato,2024-12-07
1837,reuniao,2024-12-25
1837,perdido,2025-01-14
1838,lead,2025-03-04
1838,perdido,2025-03-23
1839,lead,2024-03-07
1839,contato,2024-03-19
1839,reuniao,2024-03-27
1839,perdido,2024-04-06
1840,lead,2024-03-04
1840,contato,2024-03-17
1840,reuniao,2024-03-20
1840,proposta,2024-04-02
1840,perdido,2024-04-12
1841,lead,2024-02-08
1841,perdido,2024-02-29
1842,lead,2024-09-16
1842,perdido,2024-09-21
1843,lead,2024-12-06
1843,perdido,2024-12-18
1844,lead,2024-06-10
1844,contato,2024-06-23
1844,reuniao,2024-07-06
1844,proposta,2024-07-10
1844,perdido,2024-07-13
1845,lead,2024-09-03
1845,contato,2024-09-06
1845,reuniao,2024-09-13
1845,perdido,2024-09-27
1846,lead,2024-01-04
1846,contato,2024-01-06
1846,perdido,2024-01-29
1847,lead,2024-09-04
1847,contato,2024-09-07
1847,reuniao,2024-09-10
1847,perdido,2024-09-21
1848,lead,2024-03-11
1848,contato,2024-03-21
1848,perdido,2024-04-03
1849,lead,2024-03-17
1849,perdido,2024-04-13
1850,lead,2024-01-03
1850,contato,2024-01-20
1850,reuniao,2024-01-27
1850,proposta,2024-02-09
1850,perdido,2024-02-14
1851,lead,2025-05-05
1851,contato,2025-05-17
1851,reuniao,2025-06-10
1851,perdido,2025-06-29
1852,lead,2025-11-02
1852,contato,2025-11-06
1852,perdido,2025-11-14
1853,lead,2025-03-13
1853,contato,2025-03-21
1853,reuniao,2025-04-01
1853,proposta,2025-04-11
1853,fechado,2025-04-25
1854,lead,2024-02-25
1854,perdido,2024-03-26
1855,lead,2025-12-22
1856,lead,2025-12-09
1856,contato,2025-12-13
1856,reuniao,2025-12-18
1856,proposta,2025-12-24
1857,lead,2024-12-02
1857,contato,2024-12-10
1857,reuniao,2024-12-11
1857,proposta,2024-12-24
1857,perdido,2024-12-29
1858,lead,2024-03-04
1858,contato,2024-03-07
1858,perdido,2024-04-01
1859,lead,2025-05-23
1859,perdido,2025-05-31
1860,lead,2025-11-27
1860,perdido,2025-12-10
1861,lead,2025-07-08
1861,contato,2025-07-14
1861,reuniao,2025-07-19
1861,perdido,2025-08-03
1862,lead,2025-03-15
1862,contato,2025-03-24
1862,perdido,2025-04-11
1863,lead,2025-03-06
1863,perdido,2025-04-01
1864,lead,2025-12-11
1865,lead,2024-02-11
1865,perdido,2024-02-22
1866,lead,2024-04-01
1866,contato,2024-04-06
1866,perdido,2024-04-21
1867,lead,2025-08-20
1867,contato,2025-09-19
1867,perdido,2025-10-05
1868,lead,2024-03-29
1868,contato,2024-04-09
1868,reuniao,2024-04-14
1868,perdido,2024-05-05
1869,lead,2024-09-27
1869,perdido,2024-10-05
1870,lead,2024-07-10
1870,contato,2024-07-23
1870,reuniao,2024-08-02
1870,proposta,2024-08-10
1870,fechado,2024-08-14
1871,lead,2024-06-09
1871,perdido,2024-07-09
1872,lead,2024-01-15
1872,perdido,2024-01-29
1873,lead,2025-02-07
1873,contato,2025-02-12
1873,perdido,2025-03-07
1874,lead,2024-10-11
1874,contato,2024-10-30
1874,reuniao,2024-11-04
1874,perdido,2024-11-25
1875,lead,2025-01-29
1875,contato,2025-02-01
1875,reuniao,2025-02-21
1875,perdido,2025-03-04
1876,lead,2024-07-29
1876,perdido,2024-08-03
1877,lead,2025-11-11
1877,contato,2025-11-24
1877,reuniao,2025-11-27
1877,proposta,2025-12-06
1877,fechado,2025-12-15
1878,lead,2025-02-22
1878,contato,2025-03-02
1878,reuniao,2025-03-03
1878,perdido,2025-03-10
1879,lead,2025-11-27
1879,contato,2025-12-03
1879,reuniao,2025-12-07
1879,proposta,2025-12-13
1880,lead,2024-09-03
1880,contato,2024-09-07
1880,reuniao,2024-09-12
1880,proposta,2024-09-20
1880,fechado,2024-09-25
1881,lead,2024-01-02
1881,contato,2024-01-03
1881,reuniao,2024-01-14
1881,perdido,2024-02-08
1882,lead,2025-07-10
1882,contato,2025-07-15
1882,perdido,2025-07-25
1883,lead,2025-08-17
1883,contato,2025-08-20
1883,reuniao,2025-08-26
1883,proposta,2025-08-31
1883,fechado,2025-09-02
1884,lead,2024-02-03
1884,contato,2024-02-12
1884,reuniao,2024-02-16
1884,perdido,2024-02-22
1885,lead,2025-03-16
1885,contato,2025-04-03
1885,reuniao,2025-04-04
1885,proposta,2025-04-24
1885,perdido,2025-05-21
1886,lead,2025-04-10
1886,contato,2025-04-15
1886,reuniao,2025-04-18
1886,perdido,2025-04-27
1887,lead,2024-03-29
1887,contato,2024-03-31
1887,perdido,2024-04-11
1888,lead,2025-01-30
1888,contato,2025-02-10
1888,reuniao,2025-02-25
1888,proposta,2025-02-26
1888,fechado,2025-03-23
1889,lead,2024-06-09
1889,contato,2024-06-22
1889,perdido,2024-07-09
1890,lead,2024-01-10
1890,contato,2024-01-12
1890,reuniao,2024-01-19
1890,perdido,2024-02-05
1891,lead,2025-09-16
1891,contato,2025-09-23
1891,reuniao,2025-09-30
1891,proposta,2025-10-04
1891,fechado,2025-10-14
1892,lead,2024-12-23
1892,contato,2024-12-28
1892,reuniao,2025-01-01
1892,proposta,2025-01-04
1892,perdido,2025-01-24
1893,lead,2025-07-11
1893,contato,2025-07-15
1893,reuniao,2025-07-19
1893,proposta,2025-07-25
1893,fechado,2025-07-29
1894,lead,2025-05-25
1894,perdido,2025-06-20
1895,lead,2025-12-26
1896,lead,2024-11-07
1896,contato,2024-11-12
1896,reuniao,2024-11-15
1896,proposta,2024-11-21
1896,fechado,2024-11-29
1897,lead,2024-10-30
1897,contato,2024-11-05
1897,reuniao,2024-11-15
1897,proposta,2024-11-21
1897,perdido,2024-11-26
1898,lead,2024-07-10
1898,perdido,2024-08-03
1899,lead,2025-03-16
1899,contato,2025-03-22
1899,reuniao,2025-03-28
1899,proposta,2025-04-01
1899,perdido,2025-04-04
1900,lead,2024-12-18
1900,contato,2024-12-23
1900,perdido,2025-01-12
1901,lead,2025-05-29
1901,perdido,2025-06-16
1902,lead,2024-09-08
1902,contato,2024-09-17
1902,reuniao,2024-09-23
1902,proposta,2024-09-29
1902,perdido,2024-10-08
1903,lead,2024-03-19
1903,perdido,2024-04-17
1904,lead,2025-09-13
1904,contato,2025-09-22
1904,reuniao,2025-09-26
1904,perdido,2025-10-26
1905,lead,2025-08-17
1905,contato,2025-08-26
1905,reuniao,2025-08-29
1905,perdido,2025-09-13
1906,lead,2024-09-04
1906,contato,2024-09-18
1906,reuniao,2024-10-03
1906,proposta,2024-10-05
1906,perdido,2024-10-19
1907,lead,2025-05-01
1907,contato,2025-05-10
1907,perdido,2025-06-01
1908,lead,2024-12-24
1908,contato,2024-12-28
1908,reuniao,2025-01-04
1908,proposta,2025-01-09
1908,fechado,2025-01-10
1909,lead,2025-06-24
1909,contato,2025-06-25
1909,reuniao,2025-07-05
1909,proposta,2025-07-22
1909,perdido,2025-07-28
1910,lead,2024-10-02
1910,contato,2024-10-06
1910,perdido,2024-10-30
1911,lead,2025-01-20
1911,contato,2025-01-25
1911,reuniao,2025-02-08
1911,perdido,2025-03-08
1912,lead,2024-02-02
1912,contato,2024-02-17
1912,reuniao,2024-02-24
1912,perdido,2024-03-21
1913,lead,2024-04-19
1913,contato,2024-04-28
1913,perdido,2024-05-07
1914,lead,2025-07-11
1914,perdido,2025-08-07
1915,lead,2024-09-26
1915,contato,2024-10-06
1915,reuniao,2024-10-19
1915,proposta,2024-10-20
1915,perdido,2024-11-07
1916,lead,2024-01-20
1916,perdido,2024-01-26
1917,lead,2024-04-14
1917,contato,2024-04-16
1917,reuniao,2024-05-04
1917,perdido,2024-05-31
1918,lead,2024-10-18
1918,contato,2024-10-31
1918,reuniao,2024-11-01
1918,proposta,2024-11-02
1918,perdido,2024-11-09
1919,lead,2025-05-21
1919,perdido,2025-06-05
1920,lead,2024-09-13
1920,contato,2024-09-22
1920,reuniao,2024-10-07
1920,proposta,2024-10-15
1920,perdido,2024-11-11
1921,lead,2025-06-11
1921,contato,2025-06-20
1921,perdido,2025-07-14
1922,lead,2025-09-10
1922,contato,2025-09-17
1922,reuniao,2025-09-21
1922,proposta,2025-10-03
1922,perdido,2025-10-12
1923,lead,2024-08-27
1923,contato,2024-09-13
1923,reuniao,2024-09-23
1923,perdido,2024-09-29
1924,lead,2025-07-26
1924,contato,2025-08-02
1924,reuniao,2025-08-04
1924,proposta,2025-08-05
1924,fechado,2025-08-30
1925,lead,2024-03-16
1925,contato,2024-03-24
1925,perdido,2024-04-09
1926,lead,2024-10-21
1926,contato,2024-11-02
1926,reuniao,2024-11-10
1926,proposta,2024-11-21
1926,fechado,2024-11-25
1927,lead,2024-02-26
1927,perdido,2024-03-13
1928,lead,2024-01-30
1928,contato,2024-02-02
1928,reuniao,2024-01-20
1928,proposta,2024-02-19
1928,perdido,2024-02-29
1929,lead,2024-02-06
1929,contato,2024-02-17
1929,reuniao,2024-03-01
1929,perdido,2024-03-12
1930,lead,2024-03-02
1930,perdido,2024-03-26
1931,lead,2025-08-24
1931,contato,2025-08-30
1931,reuniao,2025-09-08
1931,proposta,2025-09-16
1931,perdido,2025-10-09
1932,lead,2025-01-25
1932,contato,2025-02-02
1932,reuniao,2025-02-11
1932,proposta,2025-02-16
1932,perdido,2025-03-03
1933,lead,2025-11-15
1933,contato,2025-12-09
1933,reuniao,2025-12-16
1933,proposta,2025-12-21
1934,lead,2025-01-21
1934,perdido,2025-01-25
1935,lead,2025-03-18
1935,perdido,2025-03-29
1936,lead,2024-04-26
1936,contato,2024-05-03
1936,reuniao,2024-05-08
1936,proposta,2024-05-09
1936,perdido,2024-05-21
1937,lead,2025-01-23
1937,perdido,2025-02-19
1938,lead,2024-09-29
1938,contato,2024-10-07
1938,reuniao,2024-10-17
1938,proposta,2024-10-18
1938,perdido,2024-10-27
1939,lead,2025-11-02
1939,contato,2025-11-10
1939,reuniao,2025-11-18
1939,proposta,2025-11-26
1939,fechado,2025-11-28
1940,lead,2025-11-04
1940,perdido,2025-11-29
1941,lead,2024-05-06
1941,contato,2024-05-09
1941,reuniao,2024-05-18
1941,proposta,2024-05-29
1941,perdido,2024-06-20
1942,lead,2025-03-13
1942,contato,2025-03-17
1942,perdido,2025-03-26
1943,lead,2025-03-25
1943,contato,2025-03-27
1943,reuniao,2025-04-09
1943,proposta,2025-04-13
1943,perdido,2025-04-23
1944,lead,2025-02-04
1944,contato,2025-02-12
1944,reuniao,2025-03-01
1944,proposta,2025-03-06
1944,fechado,2025-03-18
1945,lead,2024-03-15
1945,contato,2024-03-19
1945,reuniao,2024-03-20
1945,proposta,2024-03-28
1945,perdido,2024-04-02
1946,lead,2025-04-04
1946,contato,2025-04-25
1946,reuniao,2025-04-30
1946,proposta,2025-05-10
1946,perdido,2025-05-26
1947,lead,2025-07-25
1947,contato,2025-07-31
1947,reuniao,2025-08-05
1947,proposta,2025-08-10
1947,fechado,2025-08-11
1948,lead,2024-08-31
1948,contato,2024-09-10
1948,reuniao,2024-09-19
1948,perdido,2024-10-13
1949,lead,2025-01-08
1949,contato,2025-01-12
1949,reuniao,2025-01-17
1949,proposta,2025-01-22
1949,fechado,2025-01-30
1950,lead,2024-03-09
1950,contato,2024-03-26
1950,reuniao,2024-04-01
1950,proposta,2024-04-15
1950,fechado,2024-04-25
1951,lead,2025-11-02
1951,contato,2025-11-10
1951,reuniao,2025-11-17
1951,perdido,2025-11-28
1952,lead,2024-03-05
1952,contato,2024-03-09
1952,perdido,2024-03-30
1953,lead,2024-05-13
1953,perdido,2024-06-12
1954,lead,2024-07-24
1954,contato,2024-08-12
1954,reuniao,2024-08-23
1954,proposta,2024-08-28
1954,fechado,2024-09-15
1955,lead,2025-08-15
1955,contato,2025-08-27
1955,reuniao,2025-09-02
1955,perdido,2025-09-05
1956,lead,2025-05-08
1956,contato,2025-05-13
1956,reuniao,2025-05-22
1956,proposta,2025-05-24
1956,perdido,2025-06-14
1957,lead,2024-01-04
1957,contato,2024-01-26
1957,reuniao,2024-02-05
1957,proposta,2024-02-16
1957,perdido,2024-03-16
1958,lead,2024-04-25
1958,contato,2024-04-26
1958,reuniao,2024-05-16
1958,proposta,2024-06-07
1958,perdido,2024-06-23
1959,lead,2025-06-15
1959,perdido,2025-06-28
1960,lead,2024-10-12
1960,contato,2024-10-20
1960,reuniao,2024-10-27
1960,proposta,2024-10-31
1960,perdido,2024-11-25
1961,lead,2024-01-15
1961,contato,2024-01-21
1961,reuniao,2024-02-03
1961,proposta,2024-02-17
1961,fechado,2024-02-23
1962,lead,2025-11-29
1962,contato,2025-12-11
1962,perdido,2025-12-21
1963,lead,2024-04-02
1963,perdido,2024-04-06
1964,lead,2025-01-06
1964,perdido,2025-01-24
1965,lead,2024-06-13
1965,contato,2024-06-24
1965,reuniao,2024-06-26
1965,proposta,2024-07-04
1965,fechado,2024-07-05
1966,lead,2025-06-05
1966,contato,2025-06-10
1966,perdido,2025-07-09
1967,lead,2025-07-07
1967,contato,2025-07-10
1967,perdido,2025-07-23
1968,lead,2024-10-08
1968,contato,2024-10-15
1968,perdido,2024-10-20
1969,lead,2025-04-08
1969,perdido,2025-04-25
1970,lead,2025-10-17
1970,perdido,2025-11-04
1971,lead,2025-08-07
1971,contato,2025-08-28
1971,reuniao,2025-08-30
1971,perdido,2025-09-12
1972,lead,2024-10-21
1972,contato,2024-10-26
1972,reuniao,2024-11-05
1972,proposta,2024-11-10
1972,perdido,2024-11-17
1973,lead,2024-11-10
1973,contato,2024-11-11
1973,reuniao,2024-11-18
1973,proposta,2024-11-27
1973,perdido,2024-12-15
1974,lead,2025-10-01
1974,contato,2025-10-02
1974,perdido,2025-10-31
1975,lead,2024-01-20
1975,contato,2024-01-28
1975,reuniao,2024-02-11
1975,proposta,2024-02-17
1975,perdido,2024-03-12
1976,lead,2024-01-13
1976,contato,2024-01-19
1976,reuniao,2024-01-31
1976,proposta,2024-02-14
1976,fechado,2024-02-24
1977,lead,2024-05-12
1977,contato,2024-05-29
1977,reuniao,2024-06-15
1977,proposta,2024-06-24
1977,perdido,2024-06-27
1978,lead,2025-08-17
1978,contato,2025-08-27
1978,reuniao,2025-09-06
1978,proposta,2025-09-17
1978,fechado,2025-09-28
1979,lead,2024-04-03
1979,contato,2024-04-07
1979,perdido,2024-04-27
1980,lead,2024-07-13
1980,contato,2024-07-31
1980,reuniao,2024-08-07
1980,proposta,2024-08-10
1980,fechado,2024-09-02
1981,lead,2025-03-18
1981,contato,2025-03-25
1981,reuniao,2025-04-03
1981,perdido,2025-04-12
1982,lead,2024-04-26
1982,perdido,2024-05-05
1983,lead,2024-07-27
1983,perdido,2024-08-16
1984,lead,2024-12-01
1984,contato,2024-12-04
1984,reuniao,2024-12-05
1984,proposta,2024-12-16
1984,fechado,2024-12-18
1985,lead,2024-05-28
1985,perdido,2024-06-10
1986,lead,2025-12-25
1987,lead,2024-04-11
1987,contato,2024-04-22
1987,reuniao,2024-04-27
1987,proposta,2024-04-30
1987,perdido,2024-05-23
1988,lead,2025-09-04
1988,contato,2025-09-06
1988,reuniao,2025-09-08
1988,proposta,2025-09-25
1988,perdido,2025-10-14
1989,lead,2024-12-03
1989,contato,2024-12-13
1989,reuniao,2024-12-21
1989,proposta,2024-12-25
1989,perdido,2025-01-03
1990,lead,2024-03-18
1990,contato,2024-03-22
1990,reuniao,2024-03-31
1990,proposta,2024-04-08
1990,perdido,2024-05-03
1991,lead,2024-03-11
1991,perdido,2024-04-08
1992,lead,2024-12-31
1992,perdido,2025-01-24
1993,lead,2024-09-06
1993,perdido,2024-09-26
1994,lead,2024-06-02
1994,perdido,2024-06-19
1995,lead,2025-11-25
1995,contato,2025-11-28
1995,perdido,2025-12-19
1996,lead,2024-11-28
1996,contato,2024-12-03
1996,reuniao,2024-12-10
1996,perdido,2024-12-28
1997,lead,2025-10-31
1997,contato,2025-11-03
1997,reuniao,2025-11-10
1997,perdido,2025-11-17
1998,lead,2024-04-11
1998,contato,2024-04-17
1998,reuniao,2024-04-21
1998,proposta,2024-04-25
1998,fechado,2024-05-06
1999,lead,2024-04-25
1999,contato,2024-04-29
1999,reuniao,2024-05-07
1999,perdido,2024-05-22
2000,lead,2025-02-25
2000,contato,2025-03-01
2000,reuniao,2025-03-08
2000,proposta,2025-03-28
2000,fechado,2025-04-02
2001,lead,2024-06-30
2001,contato,2024-07-12
2001,perdido,2024-07-31
2002,lead,2024-04-26
2002,contato,2024-05-16
2002,reuniao,2024-05-24
2002,proposta,2024-05-30
2002,perdido,2024-06-28
2003,lead,2024-02-25
2003,contato,2024-03-12
2003,reuniao,2024-03-15
2003,proposta,2024-03-22
2003,perdido,2024-04-18
2004,lead,2024-02-13
2004,contato,2024-02-18
2004,perdido,2024-03-04
2005,lead,2025-06-18
2005,contato,2025-06-22
2005,perdido,2025-06-28
2006,lead,2024-07-10
2006,contato,2024-07-16
2006,perdido,2024-07-21
2007,lead,2025-12-12
2007,contato,2025-12-22
2007,reuniao,2025-12-26
2008,lead,2024-04-25
2008,contato,2024-05-10
2008,perdido,2024-05-29
2009,lead,2024-09-06
2009,perdido,2024-09-17
2010,lead,2024-09-21
2010,contato,2024-10-01
2010,reuniao,2024-10-03
2010,perdido,2024-10-17
2011,lead,2024-12-31
2011,contato,2025-01-12
2011,reuniao,2025-01-15
2011,proposta,2025-01-28
2011,fechado,2025-01-29
2012,lead,2025-09-19
2012,contato,2025-09-22
2012,perdido,2025-10-04
2013,lead,2025-08-23
2013,contato,2025-08-30
2013,perdido,2025-09-11
2014,lead,2024-01-06
2014,contato,2024-01-19
2014,reuniao,2024-01-22
2014,proposta,2024-01-25
2014,perdido,2024-02-13
2015,lead,2024-10-16
2015,contato,2024-10-25
2015,reuniao,2024-11-04
2015,perdido,2024-11-29
2016,lead,2025-08-17
2016,contato,2025-08-21
2016,perdido,2025-09-04
2017,lead,2024-01-01
2017,contato,2024-01-06
2017,reuniao,2024-01-11
2017,perdido,2024-01-28
2018,lead,2025-01-19
2018,perdido,2025-02-02
2019,lead,2024-06-22
2019,contato,2024-07-11
2019,reuniao,2024-07-28
2019,proposta,2024-08-10
2019,perdido,2024-08-25
2020,lead,2024-10-19
2020,contato,2024-10-31
2020,reuniao,2024-11-05
2020,proposta,2024-11-22
2020,perdido,2024-12-08
2021,lead,2024-10-24
2021,contato,2024-11-05
2021,reuniao,2024-11-14
2021,proposta,2024-11-15
2021,fechado,2024-11-17
2022,lead,2024-10-04
2022,contato,2024-10-08
2022,reuniao,2024-10-20
2022,proposta,2024-10-26
2022,fechado,2024-11-06
2023,lead,2025-10-04
2023,contato,2025-10-07
2023,reuniao,2025-10-14
2023,perdido,2025-11-02
2024,lead,2025-01-21
2024,contato,2025-02-01
2024,reuniao,2025-02-04
2024,perdido,2025-03-04
2025,lead,2025-10-13
2025,contato,2025-10-16
2025,perdido,2025-10-27
2026,lead,2025-05-28
2026,perdido,2025-06-04
2027,lead,2024-09-04
2027,contato,2024-09-05
2027,reuniao,2024-09-12
2027,proposta,2024-09-21
2027,perdido,2024-10-21
2028,lead,2024-12-25
2028,perdido,2025-01-22
2029,lead,2024-10-02
2029,contato,2024-10-17
2029,reuniao,2024-10-20
2029,proposta,2024-10-28
2029,perdido,2024-11-26
2030,lead,2025-08-18
2030,perdido,2025-08-24
2031,lead,2024-04-28
2031,contato,2024-05-02
2031,reuniao,2024-05-12
2031,proposta,2024-05-24
2031,fechado,2024-05-28
2032,lead,2025-11-06
2032,contato,2025-11-13
2032,reuniao,2025-11-16
2032,proposta,2025-11-19
2032,perdido,2025-12-06
2033,lead,2025-02-15
2033,contato,2025-02-21
2033,reuniao,2025-02-28
2033,proposta,2025-03-03
2033,perdido,2025-03-18
2034,lead,2025-03-07
2034,contato,2025-03-09
2034,reuniao,2025-03-13
2034,proposta,2025-03-16
2034,fechado,2025-03-18
2035,lead,2025-01-09
2035,contato,2025-01-12
2035,perdido,2025-01-15
2036,lead,2025-01-31
2036,contato,2025-02-09
2036,perdido,2025-02-15
2037,lead,2025-04-14
2037,contato,2025-04-25
2037,perdido,2025-05-22
2038,lead,2025-04-05
2038,perdido,2025-05-05
2039,lead,2024-05-18
2039,contato,2024-05-22
2039,reuniao,2024-05-31
2039,perdido,2024-06-24
2040,lead,2025-02-17
2040,contato,2025-02-27
2040,perdido,2025-03-19
2041,lead,2024-09-07
2041,contato,2024-09-13
2041,perdido,2024-09-22
2042,lead,2025-03-24
2042,contato,2025-04-01
2042,reuniao,2025-04-09
2042,proposta,2025-04-13
2042,fechado,2025-04-15
2043,lead,2025-01-27
2043,perdido,2025-02-08
2044,lead,2024-04-23
2044,contato,2024-04-26
2044,perdido,2024-04-30
2045,lead,2025-06-03
2045,contato,2025-06-08
2045,reuniao,2025-06-13
2045,perdido,2025-07-09
2046,lead,2024-11-23
2046,contato,2024-11-27
2046,perdido,2024-11-30
2047,lead,2025-01-29
2047,contato,2025-02-08
2047,reuniao,2025-02-15
2047,proposta,2025-02-22
2047,perdido,2025-03-16
2048,lead,2025-04-18
2048,contato,2025-04-24
2048,reuniao,2025-05-09
2048,proposta,2025-05-25
2048,perdido,2025-06-09
2049,lead,2025-04-04
2049,perdido,2025-04-18
2050,lead,2025-06-14
2050,contato,2025-06-28
2050,perdido,2025-07-20
2051,lead,2024-05-12
2051,contato,2024-05-21
2051,reuniao,2024-06-06
2051,proposta,2024-06-15
2051,fechado,2024-06-20
2052,lead,2024-03-06
2052,perdido,2024-03-26
2053,lead,2025-04-15
2053,contato,2025-04-16
2053,reuniao,2025-04-22
2053,proposta,2025-04-25
2053,perdido,2025-05-16
2054,lead,2024-06-03
2054,contato,2024-06-05
2054,reuniao,2024-06-19
2054,perdido,2024-07-10
2055,lead,2024-03-08
2055,perdido,2024-03-14
2056,lead,2024-03-19
2056,contato,2024-04-02
2056,perdido,2024-04-12
2057,lead,2024-08-04
2057,contato,2024-08-11
2057,reuniao,2024-08-14
2057,proposta,2024-08-21
2057,perdido,2024-08-30
2058,lead,2025-12-24
2059,lead,2024-04-06
2059,contato,2024-04-11
2059,reuniao,2024-04-16
2059,proposta,2024-04-21
2059,perdido,2024-04-27
2060,lead,2024-07-24
2060,contato,2024-08-07
2060,reuniao,2024-08-10
2060,proposta,2024-08-17
2060,perdido,2024-08-25
2061,lead,2025-10-25
2061,contato,2025-11-10
2061,perdido,2025-12-08
2062,lead,2025-11-28
2062,perdido,2025-12-23
2063,lead,2024-05-28
2063,contato,2024-06-03
2063,perdido,2024-07-01
2064,lead,2025-09-26
2064,contato,2025-09-30
2064,reuniao,2025-10-15
2064,perdido,2025-10-23
2065,lead,2024-03-24
2065,contato,2024-03-25
2065,reuniao,2024-04-18
2065,proposta,2024-04-29
2065,fechado,2024-05-04
2066,lead,2025-06-24
2066,contato,2025-07-01
2066,perdido,2025-07-04
2067,lead,2024-01-08
2067,contato,2024-01-16
2067,perdido,2024-02-15
2068,lead,2024-10-14
2068,perdido,2024-11-13
2069,lead,2024-06-12
2069,contato,2024-06-16
2069,perdido,2024-06-28
2070,lead,2025-05-11
2070,contato,2025-05-17
2070,reuniao,2025-05-24
2070,proposta,2025-06-02
2070,fechado,2025-06-05
2071,lead,2024-01-10
2071,contato,2024-01-14
2071,reuniao,2024-01-28
2071,perdido,2024-02-16
2072,lead,2024-11-29
2072,contato,2024-12-03
2072,reuniao,2024-12-16
2072,perdido,2025-01-04
2073,lead,2025-05-06
2073,contato,2025-05-11
2073,reuniao,2025-05-24
2073,proposta,2025-05-27
2073,fechado,2025-06-05
2074,lead,2024-01-27
2074,contato,2024-01-31
2074,perdido,2024-02-28
2075,lead,2025-10-08
2075,perdido,2025-10-13
2076,lead,2024-09-11
2076,contato,2024-09-22
2076,reuniao,2024-09-26
2076,proposta,2024-10-02
2076,fechado,2024-10-03
2077,lead,2024-04-12
2077,contato,2024-04-19
2077,perdido,2024-05-14
2078,lead,2024-05-26
2078,perdido,2024-06-21
2079,lead,2024-08-25
2079,contato,2024-08-31
2079,perdido,2024-09-19
2080,lead,2024-05-06
2080,contato,2024-05-21
2080,reuniao,2024-06-01
2080,proposta,2024-06-15
2080,perdido,2024-07-05
2081,lead,2025-01-06
2081,contato,2025-01-17
2081,reuniao,2025-01-21
2081,perdido,2025-02-11
2082,lead,2025-03-21
2082,contato,2025-04-04
2082,perdido,2025-04-18
2083,lead,2024-11-03
2083,perdido,2024-11-08
2084,lead,2024-10-29
2084,contato,2024-11-03
2084,reuniao,2024-11-10
2084,perdido,2024-12-09
2085,lead,2025-07-11
2085,contato,2025-07-20
2085,reuniao,2025-07-21
2085,perdido,2025-07-31
2086,lead,2024-07-26
2086,perdido,2024-08-18
2087,lead,2025-03-14
2087,perdido,2025-03-31
2088,lead,2025-10-05
2088,perdido,2025-10-26
2089,lead,2024-05-23
2089,contato,2024-06-06
2089,reuniao,2024-06-07
2089,perdido,2024-07-07
2090,lead,2025-03-12
2090,contato,2025-03-18
2090,reuniao,2025-03-21
2090,proposta,2025-03-24
2090,perdido,2025-04-17
2091,lead,2025-11-16
2091,contato,2025-11-26
2091,reuniao,2025-11-20
2091,proposta,2025-12-12
2092,lead,2025-01-17
2092,contato,2025-01-26
2092,perdido,2025-02-11
2093,lead,2025-12-10
2093,contato,2025-12-13
2093,perdido,2025-12-16
2094,lead,2024-08-02
2094,contato,2024-08-14
2094,perdido,2024-09-09
2095,lead,2025-02-06
2095,contato,2025-02-17
2095,reuniao,2025-03-01
2095,proposta,2025-03-08
2095,perdido,2025-03-27
2096,lead,2024-08-03
2096,perdido,2024-08-13
2097,lead,2024-01-03
2097,contato,2024-01-12
2097,reuniao,2024-01-17
2097,proposta,2024-01-24
2097,perdido,2024-02-15
2098,lead,2025-12-29
2099,lead,2024-06-06
2099,contato,2024-06-09
2099,reuniao,2024-06-14
2099,perdido,2024-07-08
2100,lead,2025-12-07
2100,contato,2025-12-14
2100,reuniao,2025-12-26
2100,proposta,2025-12-29
2101,lead,2025-04-04
2101,contato,2025-04-09
2101,reuniao,2025-04-20
2101,proposta,2025-04-21
2101,perdido,2025-05-01
2102,lead,2025-10-13
2102,contato,2025-10-24
2102,reuniao,2025-10-27
2102,proposta,2025-11-01
2102,fechado,2025-11-04
2103,lead,2025-12-02
2104,lead,2025-02-08
2104,perdido,2025-02-16
2105,lead,2025-12-31
2106,lead,2025-06-29
2106,contato,2025-07-07
2106,reuniao,2025-07-05
2106,proposta,2025-07-28
2106,perdido,2025-08-25
2107,lead,2025-01-13
2107,perdido,2025-02-09
2108,lead,2025-04-05
2108,contato,2025-05-05
2108,perdido,2025-06-04
2109,lead,2024-05-03
2109,contato,2024-05-05
2109,perdido,2024-05-26
2110,lead,2024-01-07
2110,contato,2024-01-11
2110,reuniao,2024-01-14
2110,proposta,2024-01-21
2110,fechado,2024-02-04
2111,lead,2024-06-20
2111,contato,2024-06-25
2111,reuniao,2024-06-27
2111,perdido,2024-07-02
2112,lead,2024-11-05
2112,contato,2024-11-13
2112,reuniao,2024-11-16
2112,proposta,2024-11-29
2112,perdido,2024-12-17
2113,lead,2024-05-28
2113,contato,2024-06-02
2113,reuniao,2024-06-16
2113,proposta,2024-06-20
2113,perdido,2024-07-09
2114,lead,2025-01-08
2114,perdido,2025-02-06
2115,lead,2025-04-07
2115,perdido,2025-04-29
2116,lead,2025-04-06
2116,contato,2025-04-07
2116,reuniao,2025-04-10
2116,proposta,2025-05-01
2116,fechado,2025-05-27
2117,lead,2025-10-06
2117,contato,2025-10-12
2117,reuniao,2025-10-17
2117,proposta,2025-10-21
2117,fechado,2025-10-26
2118,lead,2025-12-01
2118,perdido,2025-12-29
2119,lead,2025-10-03
2119,perdido,2025-11-01
2120,lead,2025-03-13
2120,contato,2025-03-27
2120,reuniao,2025-04-05
2120,perdido,2025-05-01
2121,lead,2024-05-12
2121,contato,2024-05-20
2121,reuniao,2024-06-06
2121,proposta,2024-06-26
2121,perdido,2024-07-24
2122,lead,2025-11-12
2122,contato,2025-11-28
2122,perdido,2025-12-18
2123,lead,2024-04-19
2123,perdido,2024-05-18
2124,lead,2024-04-02
2124,contato,2024-04-08
2124,reuniao,2024-04-10
2124,proposta,2024-05-04
2124,perdido,2024-06-02
2125,lead,2024-08-08
2125,contato,2024-08-15
2125,perdido,2024-09-04
2126,lead,2025-02-11
2126,contato,2025-02-17
2126,perdido,2025-02-21
2127,lead,2025-04-24
2127,perdido,2025-05-03
2128,lead,2024-01-08
2128,contato,2024-01-16
2128,perdido,2024-02-08
2129,lead,2025-07-08
2129,contato,2025-07-10
2129,perdido,2025-07-21
2130,lead,2024-04-19
2130,contato,2024-05-11
2130,perdido,2024-05-27
2131,lead,2024-07-22
2131,contato,2024-07-24
2131,reuniao,2024-07-31
2131,proposta,2024-08-08
2131,perdido,2024-09-04
2132,lead,2024-08-12
2132,contato,2024-08-24
2132,reuniao,2024-09-03
2132,perdido,2024-09-19
2133,lead,2024-08-20
2133,contato,2024-09-02
2133,perdido,2024-09-28
2134,lead,2025-06-23
2134,contato,2025-07-09
2134,reuniao,2025-07-16
2134,perdido,2025-08-01
2135,lead,2024-01-24
2135,contato,2024-02-09
2135,reuniao,2024-02-10
2135,proposta,2024-02-23
2135,fechado,2024-03-04
2136,lead,2024-05-05
2136,perdido,2024-05-31
2137,lead,2024-01-13
2137,contato,2024-01-14
2137,reuniao,2024-02-03
2137,proposta,2024-02-17
2137,fechado,2024-02-20
2138,lead,2025-07-08
2138,contato,2025-07-19
2138,reuniao,2025-07-20
2138,perdido,2025-07-23
2139,lead,2025-12-17
2139,contato,2025-12-20
2139,reuniao,2025-12-23
2140,lead,2025-04-08
2140,contato,2025-04-09
2140,reuniao,2025-04-14
2140,proposta,2025-04-24
2140,fechado,2025-05-03
2141,lead,2025-02-21
2141,contato,2025-02-28
2141,reuniao,2025-03-06
2141,proposta,2025-03-16
2141,perdido,2025-04-09
2142,lead,2025-10-16
2142,contato,2025-10-21
2142,reuniao,2025-11-02
2142,proposta,2025-11-09
2142,perdido,2025-11-22
2143,lead,2024-06-18
2143,contato,2024-06-27
2143,reuniao,2024-07-06
2143,perdido,2024-08-04
2144,lead,2024-02-07
2144,contato,2024-02-14
2144,reuniao,2024-02-29
2144,perdido,2024-03-26
2145,lead,2025-01-06
2145,contato,2025-01-16
2145,perdido,2025-02-15
2146,lead,2024-06-23
2146,perdido,2024-06-29
2147,lead,2024-11-18
2147,perdido,2024-12-02
2148,lead,2024-11-22
2148,contato,2024-12-06
2148,reuniao,2024-11-25
2148,perdido,2024-12-19
2149,lead,2024-08-09
2149,contato,2024-08-19
2149,reuniao,2024-08-20
2149,proposta,2024-08-26
2149,perdido,2024-09-22
2150,lead,2024-12-18
2150,perdido,2025-01-02
2151,lead,2024-09-25
2151,contato,2024-10-06
2151,reuniao,2024-10-28
2151,perdido,2024-11-07
2152,lead,2024-03-07
2152,contato,2024-03-13
2152,perdido,2024-03-24
2153,lead,2025-09-16
2153,contato,2025-09-19
2153,perdido,2025-09-22
2154,lead,2025-05-09
2154,contato,2025-05-15
2154,perdido,2025-06-02
2155,lead,2024-01-24
2155,contato,2024-02-20
2155,reuniao,2024-03-06
2155,proposta,2024-03-12
2155,perdido,2024-04-09
2156,lead,2024-03-09
2156,contato,2024-03-15
2156,reuniao,2024-03-25
2156,proposta,2024-03-26
2156,fechado,2024-03-31
2157,lead,2024-02-26
2157,contato,2024-02-28
2157,reuniao,2024-03-04
2157,proposta,2024-03-10
2157,perdido,2024-03-23
2158,lead,2024-02-04
2158,perdido,2024-02-10
2159,lead,2024-02-03
2159,contato,2024-02-12
2159,reuniao,2024-02-19
2159,proposta,2024-02-25
2159,fechado,2024-02-28
2160,lead,2024-04-06
2160,contato,2024-04-16
2160,reuniao,2024-04-30
2160,perdido,2024-05-22
2161,lead,2025-09-02
2161,contato,2025-09-22
2161,perdido,2025-10-20
2162,lead,2025-08-17
2162,perdido,2025-09-07
2163,lead,2025-07-12
2163,perdido,2025-07-17
2164,lead,2025-03-09
2164,perdido,2025-03-31
2165,lead,2025-05-25
2165,contato,2025-05-30
2165,reuniao,2025-06-01
2165,proposta,2025-06-07
2165,perdido,2025-06-27
2166,lead,2025-06-06
2166,perdido,2025-06-20
2167,lead,2025-10-02
2167,contato,2025-10-05
2167,perdido,2025-10-18
2168,lead,2025-06-01
2168,perdido,2025-06-07
2169,lead,2025-06-04
2169,contato,2025-06-17
2169,reuniao,2025-06-19
2169,perdido,2025-06-25
2170,lead,2025-07-29
2170,contato,2025-08-01
2170,reuniao,2025-08-11
2170,perdido,2025-09-01
2171,lead,2025-02-01
2171,contato,2025-02-15
2171,reuniao,2025-01-30
2171,proposta,2025-02-28
2171,perdido,2025-03-05
2172,lead,2024-05-17
2172,contato,2024-05-21
2172,reuniao,2024-05-23
2172,proposta,2024-06-03
2172,perdido,2024-07-03
2173,lead,2024-02-18
2173,contato,2024-02-25
2173,reuniao,2024-03-04
2173,perdido,2024-03-19
2174,lead,2024-10-24
2174,contato,2024-10-27
2174,perdido,2024-11-14
2175,lead,2024-02-23
2175,contato,2024-02-28
2175,perdido,2024-03-27
2176,lead,2024-04-15
2176,perdido,2024-05-10
2177,lead,2024-01-14
2177,contato,2024-01-24
2177,reuniao,2024-01-25
2177,perdido,2024-02-16
2178,lead,2024-07-25
2178,perdido,2024-08-19
2179,lead,2025-12-04
2179,contato,2025-12-10
2179,reuniao,2025-12-22
2180,lead,2024-09-24
2180,contato,2024-09-27
2180,perdido,2024-10-23
2181,lead,2024-06-07
2181,contato,2024-06-08
2181,reuniao,2024-06-13
2181,proposta,2024-06-18
2181,perdido,2024-06-21
2182,lead,2024-10-12
2182,contato,2024-10-31
2182,reuniao,2024-11-10
2182,proposta,2024-11-18
2182,fechado,2024-11-24
2183,lead,2024-07-26
2183,perdido,2024-08-16
2184,lead,2025-04-19
2184,contato,2025-05-15
2184,reuniao,2025-05-26
2184,proposta,2025-05-30
2184,perdido,2025-06-03
2185,lead,2025-03-22
2185,contato,2025-04-02
2185,reuniao,2025-04-05
2185,perdido,2025-04-25
2186,lead,2024-01-16
2186,contato,2024-01-25
2186,reuniao,2024-02-01
2186,perdido,2024-03-02
2187,lead,2025-01-06
2187,contato,2025-01-14
2187,reuniao,2025-01-29
2187,perdido,2025-02-07
2188,lead,2024-01-21
2188,perdido,2024-02-13
2189,lead,2025-04-21
2189,perdido,2025-04-25
2190,lead,2025-11-06
2190,contato,2025-11-17
2190,reuniao,2025-11-27
2190,proposta,2025-12-07
2190,fechado,2025-12-12
2191,lead,2025-10-16
2191,contato,2025-10-23
2191,perdido,2025-10-27
2192,lead,2024-05-12
2192,perdido,2024-05-25
2193,lead,2025-06-09
2193,contato,2025-06-22
2193,perdido,2025-07-19
2194,lead,2025-07-20
2194,contato,2025-07-21
2194,reuniao,2025-07-28
2194,perdido,2025-08-05
2195,lead,2025-09-14
2195,perdido,2025-10-05
2196,lead,2024-06-22
2196,contato,2024-06-28
2196,perdido,2024-07-05
2197,lead,2024-11-17
2197,contato,2024-11-23
2197,reuniao,2024-11-27
2197,proposta,2024-11-28
2197,fechado,2024-12-25
2198,lead,2024-05-23
2198,perdido,2024-06-15
2199,lead,2024-01-14
2199,contato,2024-01-22
2199,perdido,2024-02-03
2200,lead,2025-04-08
2200,perdido,2025-04-25
2201,lead,2024-11-02
2201,contato,2024-11-10
2201,reuniao,2024-11-22
2201,perdido,2024-12-10
2202,lead,2024-06-13
2202,contato,2024-06-20
2202,perdido,2024-07-11
2203,lead,2025-09-02
2203,perdido,2025-09-29
2204,lead,2024-12-27
2204,contato,2024-12-29
2204,reuniao,2025-01-03
2204,perdido,2025-01-09
2205,lead,2025-12-27
2205,contato,2025-12-31
2206,lead,2025-07-20
2206,contato,2025-08-04
2206,reuniao,2025-08-08
2206,proposta,2025-08-10
2206,fechado,2025-08-15
2207,lead,2025-09-18
2207,perdido,2025-09-24
2208,lead,2025-07-04
2208,contato,2025-07-21
2208,reuniao,2025-07-29
2208,proposta,2025-08-04
2208,perdido,2025-08-30
2209,lead,2024-03-03
2209,contato,2024-03-07
2209,reuniao,2024-03-25
2209,proposta,2024-03-30
2209,perdido,2024-04-08
2210,lead,2024-02-06
2210,contato,2024-02-19
2210,perdido,2024-03-15
2211,lead,2025-10-21
2211,perdido,2025-10-29
2212,lead,2024-03-24
2212,contato,2024-03-31
2212,reuniao,2024-04-03
2212,proposta,2024-04-18
2212,fechado,2024-04-26
2213,lead,2024-10-03
2213,contato,2024-10-14
2213,perdido,2024-10-20
2214,lead,2025-03-06
2214,contato,2025-03-30
2214,reuniao,2025-04-04
2214,proposta,2025-04-18
2214,perdido,2025-04-24
2215,lead,2024-05-16
2215,contato,2024-05-20
2215,reuniao,2024-05-23
2215,proposta,2024-05-26
2215,fechado,2024-05-29
2216,lead,2024-05-26
2216,perdido,2024-06-17
2217,lead,2024-11-30
2217,contato,2024-12-11
2217,reuniao,2024-12-17
2217,proposta,2024-12-19
2217,perdido,2024-12-24
2218,lead,2024-09-11
2218,contato,2024-09-25
2218,reuniao,2024-10-16
2218,proposta,2024-10-25
2218,perdido,2024-11-24
2219,lead,2025-04-21
2219,perdido,2025-05-14
2220,lead,2024-02-13
2220,contato,2024-02-23
2220,perdido,2024-03-14
2221,lead,2024-12-20
2221,perdido,2025-01-09
2222,lead,2024-04-19
2222,contato,2024-04-24
2222,perdido,2024-05-11
2223,lead,2025-03-04
2223,contato,2025-03-05
2223,reuniao,2025-03-11
2223,proposta,2025-03-17
2223,perdido,2025-04-14
2224,lead,2024-03-09
2224,perdido,2024-04-06
2225,lead,2024-05-06
2225,perdido,2024-05-25
2226,lead,2025-07-29
2226,contato,2025-08-02
2226,reuniao,2025-08-24
2226,proposta,2025-09-09
2226,perdido,2025-10-06
2227,lead,2024-06-02
2227,contato,2024-06-05
2227,reuniao,2024-06-20
2227,proposta,2024-06-25
2227,perdido,2024-07-15
2228,lead,2025-06-04
2228,contato,2025-06-15
2228,reuniao,2025-06-24
2228,proposta,2025-06-27
2228,fechado,2025-06-30
2229,lead,2024-07-03
2229,contato,2024-07-19
2229,reuniao,2024-07-26
2229,perdido,2024-08-22
2230,lead,2024-06-02
2230,contato,2024-06-08
2230,reuniao,2024-06-12
2230,proposta,2024-06-20
2230,perdido,2024-07-06
2231,lead,2024-07-24
2231,perdido,2024-08-22
2232,lead,2025-09-26
2232,perdido,2025-10-02
2233,lead,2024-10-08
2233,contato,2024-10-11
2233,perdido,2024-10-15
2234,lead,2024-06-09
2234,perdido,2024-06-30
2235,lead,2025-01-21
2235,perdido,2025-02-05
2236,lead,2024-09-29
2236,perdido,2024-10-25
2237,lead,2025-07-18
2237,contato,2025-07-22
2237,reuniao,2025-07-25
2237,proposta,2025-08-19
2237,perdido,2025-09-08
2238,lead,2025-12-23
2238,contato,2025-12-30
2238,reuniao,2025-12-31
2239,lead,2025-01-15
2239,contato,2025-01-20
2239,reuniao,2025-01-29
2239,proposta,2025-02-07
2239,fechado,2025-02-17
2240,lead,2024-11-18
2240,contato,2024-11-21
2240,reuniao,2024-11-29
2240,proposta,2024-12-07
2240,perdido,2024-12-13
2241,lead,2024-08-29
2241,contato,2024-08-31
2241,reuniao,2024-09-09
2241,proposta,2024-09-21
2241,perdido,2024-10-19
2242,lead,2025-12-07
2242,contato,2025-12-09
2242,reuniao,2025-12-14
2242,proposta,2025-12-17
2242,fechado,2025-12-26
2243,lead,2024-12-15
2243,contato,2024-12-21
2243,perdido,2025-01-11
2244,lead,2024-04-21
2244,perdido,2024-05-20
2245,lead,2025-12-03
2245,contato,2025-12-15
2245,reuniao,2025-12-19
2246,lead,2025-11-26
2246,perdido,2025-12-19
2247,lead,2024-11-05
2247,contato,2024-11-11
2247,reuniao,2024-11-20
2247,proposta,2024-11-22
2247,fechado,2024-12-03
2248,lead,2024-09-02
2248,perdido,2024-09-17
2249,lead,2025-04-24
2249,contato,2025-05-03
2249,reuniao,2025-05-08
2249,proposta,2025-05-23
2249,perdido,2025-06-21
2250,lead,2025-08-18
2250,perdido,2025-08-24
2251,lead,2024-12-29
2251,perdido,2025-01-19
2252,lead,2024-08-19
2252,contato,2024-09-02
2252,perdido,2024-09-13
2253,lead,2024-07-26
2253,contato,2024-08-01
2253,reuniao,2024-08-17
2253,proposta,2024-08-21
2253,fechado,2024-08-22
2254,lead,2024-08-15
2254,perdido,2024-09-01
2255,lead,2024-03-11
2255,contato,2024-03-13
2255,reuniao,2024-03-22
2255,perdido,2024-03-26
2256,lead,2025-07-08
2256,contato,2025-07-11
2256,reuniao,2025-07-15
2256,proposta,2025-07-17
2256,fechado,2025-07-26
2257,lead,2024-03-02
2257,contato,2024-03-14
2257,reuniao,2024-03-20
2257,proposta,2024-03-24
2257,fechado,2024-04-11
2258,lead,2024-10-08
2258,contato,2024-10-11
2258,reuniao,2024-11-14
2258,perdido,2024-11-21
2259,lead,2025-08-23
2259,contato,2025-09-18
2259,reuniao,2025-09-22
2259,perdido,2025-10-22
2260,lead,2024-10-13
2260,contato,2024-11-01
2260,reuniao,2024-11-11
2260,proposta,2024-11-15
2260,fechado,2024-11-17
2261,lead,2024-07-21
2261,perdido,2024-08-04
2262,lead,2025-11-16
2262,contato,2025-12-10
2262,reuniao,2025-12-29
2262,proposta,2025-12-31
2263,lead,2024-03-16
2263,contato,2024-03-26
2263,reuniao,2024-04-07
2263,proposta,2024-04-16
2263,fechado,2024-04-21
2264,lead,2025-09-29
2264,contato,2025-10-03
2264,reuniao,2025-10-05
2264,proposta,2025-10-09
2264,fechado,2025-10-10
2265,lead,2024-02-05
2265,contato,2024-02-16
2265,perdido,2024-03-07
2266,lead,2024-10-20
2266,contato,2024-10-25
2266,perdido,2024-11-22
2267,lead,2025-03-20
2267,contato,2025-03-31
2267,perdido,2025-04-07
2268,lead,2024-09-18
2268,contato,2024-09-20
2268,reuniao,2024-10-06
2268,proposta,2024-10-23
2268,perdido,2024-11-11
2269,lead,2025-01-19
2269,contato,2025-01-20
2269,reuniao,2025-01-22
2269,proposta,2025-01-28
2269,perdido,2025-02-19
2270,lead,2024-05-10
2270,contato,2024-05-12
2270,reuniao,2024-05-14
2270,proposta,2024-05-24
2270,perdido,2024-06-04
2271,lead,2025-02-08
2271,contato,2025-02-20
2271,perdido,2025-03-06
2272,lead,2024-03-22
2272,contato,2024-03-31
2272,perdido,2024-04-13
2273,lead,2025-07-22
2273,contato,2025-07-26
2273,reuniao,2025-07-30
2273,proposta,2025-08-07
2273,fechado,2025-08-18
2274,lead,2025-02-17
2274,perdido,2025-03-13
2275,lead,2024-12-14
2275,perdido,2024-12-30
2276,lead,2024-01-31
2276,contato,2024-02-02
2276,perdido,2024-02-23
2277,lead,2024-12-31
2277,contato,2025-01-07
2277,reuniao,2025-01-21
2277,proposta,2025-02-03
2277,perdido,2025-02-14
2278,lead,2025-02-05
2278,perdido,2025-03-07
2279,lead,2024-06-27
2279,perdido,2024-07-27
2280,lead,2025-04-22
2280,contato,2025-05-14
2280,reuniao,2025-05-24
2280,proposta,2025-05-29
2280,perdido,2025-06-22
2281,lead,2024-02-14
2281,contato,2024-02-18
2281,reuniao,2024-03-09
2281,proposta,2024-03-12
2281,perdido,2024-03-17
2282,lead,2024-05-14
2282,contato,2024-05-26
2282,reuniao,2024-06-02
2282,proposta,2024-06-04
2282,fechado,2024-06-06
2283,lead,2025-06-05
2283,contato,2025-06-07
2283,reuniao,2025-06-12
2283,perdido,2025-06-28
2284,lead,2024-03-30
2284,contato,2024-04-08
2284,perdido,2024-05-02
2285,lead,2024-06-11
2285,contato,2024-06-13
2285,reuniao,2024-06-20
2285,proposta,2024-06-23
2285,fechado,2024-06-26
2286,lead,2025-04-02
2286,contato,2025-04-13
2286,reuniao,2025-04-17
2286,perdido,2025-04-25
2287,lead,2025-05-29
2287,contato,2025-06-11
2287,reuniao,2025-06-18
2287,perdido,2025-06-25
2288,lead,2024-01-29
2288,contato,2024-02-02
2288,perdido,2024-02-24
2289,lead,2024-03-16
2289,contato,2024-03-23
2289,perdido,2024-04-05
2290,lead,2024-11-14
2290,contato,2024-11-21
2290,reuniao,2024-11-29
2290,proposta,2024-11-30
2290,perdido,2024-12-05
2291,lead,2025-02-23
2291,contato,2025-03-04
2291,reuniao,2025-03-10
2291,perdido,2025-03-24
2292,lead,2024-11-20
2292,contato,2024-11-29
2292,reuniao,2024-12-07
2292,perdido,2024-12-29
2293,lead,2025-03-30
2293,perdido,2025-04-10
2294,lead,2025-06-20
2294,perdido,2025-06-26
2295,lead,2025-11-17
2295,contato,2025-11-19
2295,perdido,2025-11-29
2296,lead,2024-09-03
2296,contato,2024-09-12
2296,reuniao,2024-09-27
2296,proposta,2024-10-01
2296,perdido,2024-10-19
2297,lead,2024-04-10
2297,contato,2024-04-11
2297,perdido,2024-05-02
2298,lead,2024-06-26
2298,perdido,2024-07-15
2299,lead,2024-03-31
2299,contato,2024-04-06
2299,perdido,2024-04-22
2300,lead,2024-10-05
2300,perdido,2024-10-22
2301,lead,2025-09-20
2301,contato,2025-09-22
2301,reuniao,2025-10-01
2301,proposta,2025-10-04
2301,fechado,2025-10-13
2302,lead,2024-09-01
2302,contato,2024-09-10
2302,reuniao,2024-09-12
2302,proposta,2024-09-25
2302,perdido,2024-09-30
2303,lead,2024-03-31
2303,contato,2024-04-01
2303,perdido,2024-04-15
2304,lead,2025-01-13
2304,contato,2025-01-16
2304,reuniao,2024-12-31
2304,proposta,2025-02-02
2304,perdido,2025-02-22
2305,lead,2025-12-24
2305,contato,2025-12-30
2306,lead,2024-04-29
2306,contato,2024-05-03
2306,reuniao,2024-05-05
2306,proposta,2024-05-13
2306,fechado,2024-05-26
2307,lead,2025-07-08
2307,contato,2025-07-18
2307,perdido,2025-07-23
2308,lead,2025-08-13
2308,contato,2025-08-22
2308,reuniao,2025-08-31
2308,perdido,2025-09-26
2309,lead,2024-10-11
2309,contato,2024-10-13
2309,reuniao,2024-10-06
2309,proposta,2024-11-05
2309,perdido,2024-11-28
2310,lead,2025-03-12
2310,contato,2025-03-31
2310,perdido,2025-04-08
2311,lead,2024-11-03
2311,contato,2024-11-09
2311,reuniao,2024-11-16
2311,proposta,2024-11-24
2311,fechado,2024-12-01
2312,lead,2024-06-24
2312,contato,2024-06-28
2312,reuniao,2024-07-10
2312,perdido,2024-07-20
2313,lead,2024-10-29
2313,contato,2024-11-02
2313,reuniao,2024-11-09
2313,proposta,2024-11-19
2313,perdido,2024-12-18
2314,lead,2024-02-25
2314,perdido,2024-03-22
2315,lead,2025-05-13
2315,contato,2025-05-21
2315,reuniao,2025-06-04
2315,perdido,2025-07-04
2316,lead,2025-08-18
2316,contato,2025-08-23
2316,reuniao,2025-09-04
2316,proposta,2025-09-10
2316,perdido,2025-10-03
2317,lead,2024-07-31
2317,contato,2024-08-10
2317,perdido,2024-08-25
2318,lead,2025-02-07
2318,contato,2025-02-10
2318,perdido,2025-03-06
2319,lead,2024-05-31
2319,contato,2024-06-01
2319,reuniao,2024-06-05
2319,perdido,2024-06-14
2320,lead,2024-03-17
2320,contato,2024-03-19
2320,perdido,2024-03-24
2321,lead,2025-04-11
2321,contato,2025-04-20
2321,reuniao,2025-04-26
2321,proposta,2025-04-27
2321,fechado,2025-04-29
2322,lead,2024-03-21
2322,perdido,2024-04-07
2323,lead,2025-07-11
2323,contato,2025-07-25
2323,reuniao,2025-08-10
2323,perdido,2025-09-05
2324,lead,2024-07-02
2324,contato,2024-07-06
2324,perdido,2024-07-31
2325,lead,2025-08-10
2325,perdido,2025-08-20
2326,lead,2024-09-17
2326,contato,2024-09-20
2326,reuniao,2024-09-30
2326,perdido,2024-10-24
2327,lead,2024-09-17
2327,contato,2024-09-21
2327,perdido,2024-09-30
2328,lead,2025-06-15
2328,contato,2025-06-16
2328,reuniao,2025-06-19
2328,perdido,2025-06-28
2329,lead,2025-01-06
2329,contato,2025-01-10
2329,perdido,2025-01-23
2330,lead,2024-05-08
2330,contato,2024-05-12
2330,perdido,2024-05-29
2331,lead,2025-09-04
2331,contato,2025-09-08
2331,reuniao,2025-09-21
2331,proposta,2025-09-25
2331,perdido,2025-10-19
2332,lead,2024-08-26
2332,contato,2024-09-18
2332,reuniao,2024-09-25
2332,proposta,2024-10-05
2332,fechado,2024-10-06
2333,lead,2024-02-29
2333,contato,2024-03-02
2333,reuniao,2024-03-09
2333,proposta,2024-03-27
2333,perdido,2024-04-03
2334,lead,2024-10-21
2334,contato,2024-10-26
2334,reuniao,2024-10-28
2334,proposta,2024-11-03
2334,perdido,2024-11-17
2335,lead,2025-02-11
2335,contato,2025-02-22
2335,reuniao,2025-03-01
2335,proposta,2025-03-04
2335,perdido,2025-04-01
2336,lead,2025-03-06
2336,contato,2025-03-12
2336,reuniao,2025-03-26
2336,proposta,2025-03-29
2336,perdido,2025-04-10
2337,lead,2025-08-23
2337,contato,2025-08-30
2337,reuniao,2025-09-05
2337,proposta,2025-09-13
2337,perdido,2025-09-28
2338,lead,2025-01-23
2338,contato,2025-01-27
2338,reuniao,2025-02-08
2338,perdido,2025-02-26
2339,lead,2024-05-25
2339,contato,2024-05-30
2339,reuniao,2024-06-04
2339,perdido,2024-06-07
2340,lead,2024-06-24
2340,contato,2024-06-28
2340,reuniao,2024-07-06
2340,proposta,2024-07-04
2340,perdido,2024-08-03
2341,lead,2024-02-28
2341,contato,2024-03-06
2341,perdido,2024-03-15
2342,lead,2025-06-04
2342,contato,2025-06-06
2342,reuniao,2025-06-12
2342,proposta,2025-06-18
2342,perdido,2025-07-04
2343,lead,2024-03-03
2343,contato,2024-03-09
2343,reuniao,2024-03-19
2343,proposta,2024-04-03
2343,perdido,2024-04-19
2344,lead,2025-03-03
2344,contato,2025-03-22
2344,perdido,2025-04-21
2345,lead,2025-02-25
2345,contato,2025-03-09
2345,reuniao,2025-03-12
2345,proposta,2025-03-14
2345,perdido,2025-03-30
2346,lead,2025-07-14
2346,perdido,2025-07-28
2347,lead,2024-02-12
2347,contato,2024-02-26
2347,reuniao,2024-03-01
2347,perdido,2024-03-18
2348,lead,2024-05-10
2348,perdido,2024-06-02
2349,lead,2025-10-17
2349,perdido,2025-11-13
2350,lead,2025-02-10
2350,contato,2025-02-12
2350,perdido,2025-03-04
2351,lead,2024-11-23
2351,contato,2024-11-24
2351,perdido,2024-11-29
2352,lead,2025-06-13
2352,contato,2025-06-23
2352,reuniao,2025-06-27
2352,proposta,2025-07-21
2352,perdido,2025-08-16
2353,lead,2025-10-12
2353,contato,2025-10-21
2353,reuniao,2025-10-29
2353,perdido,2025-11-10
2354,lead,2024-06-25
2354,contato,2024-07-02
2354,reuniao,2024-07-10
2354,perdido,2024-07-24
2355,lead,2025-10-11
2355,contato,2025-10-14
2355,reuniao,2025-10-23
2355,proposta,2025-11-03
2355,perdido,2025-12-02
2356,lead,2024-03-04
2356,contato,2024-03-12
2356,perdido,2024-03-30
2357,lead,2025-12-11
2357,contato,2025-12-23
2358,lead,2024-04-12
2358,contato,2024-04-14
2358,reuniao,2024-04-04
2358,perdido,2024-05-02
2359,lead,2024-06-27
2359,contato,2024-06-29
2359,reuniao,2024-07-08
2359,proposta,2024-07-18
2359,perdido,2024-08-05
2360,lead,2024-02-26
2360,contato,2024-03-05
2360,reuniao,2024-03-09
2360,perdido,2024-03-31
2361,lead,2025-07-29
2361,perdido,2025-08-06
2362,lead,2025-12-17
2362,contato,2025-12-25
2363,lead,2024-07-22
2363,perdido,2024-08-04
2364,lead,2024-08-15
2364,contato,2024-08-29
2364,reuniao,2024-09-05
2364,proposta,2024-09-10
2364,fechado,2024-09-13
2365,lead,2024-07-08
2365,contato,2024-07-12
2365,reuniao,2024-07-17
2365,proposta,2024-07-21
2365,perdido,2024-07-26
2366,lead,2024-04-04
2366,contato,2024-04-20
2366,reuniao,2024-05-04
2366,proposta,2024-05-06
2366,perdido,2024-05-19
2367,lead,2025-07-15
2367,contato,2025-07-16
2367,reuniao,2025-07-17
2367,proposta,2025-07-19
2367,fechado,2025-07-25
2368,lead,2024-02-04
2368,contato,2024-02-09
2368,reuniao,2024-02-23
2368,proposta,2024-02-28
2368,fechado,2024-03-04
2369,lead,2025-12-02
2369,contato,2025-12-26
2369,reuniao,2025-12-30
2370,lead,2025-10-30
2370,contato,2025-11-07
2370,reuniao,2025-11-10
2370,proposta,2025-11-12
2370,fechado,2025-11-24
2371,lead,2024-03-11
2371,contato,2024-03-21
2371,reuniao,2024-03-22
2371,proposta,2024-04-01
2371,perdido,2024-04-22
2372,lead,2025-01-17
2372,contato,2025-01-28
2372,reuniao,2025-02-08
2372,perdido,2025-03-06
2373,lead,2025-12-25
2374,lead,2025-09-06
2374,contato,2025-09-11
2374,reuniao,2025-09-15
2374,perdido,2025-10-04
2375,lead,2025-05-19
2375,contato,2025-05-26
2375,reuniao,2025-06-01
2375,proposta,2025-06-06
2375,fechado,2025-06-11
2376,lead,2024-01-13
2376,contato,2024-01-23
2376,reuniao,2024-01-28
2376,proposta,2024-01-31
2376,perdido,2024-02-27
2377,lead,2024-02-09
2377,contato,2024-02-15
2377,perdido,2024-02-18
2378,lead,2025-07-21
2378,contato,2025-07-29
2378,reuniao,2025-08-09
2378,perdido,2025-08-20
2379,lead,2024-09-22
2379,contato,2024-09-29
2379,reuniao,2024-09-30
2379,proposta,2024-10-03
2379,fechado,2024-10-13
2380,lead,2025-04-15
2380,contato,2025-04-23
2380,reuniao,2025-04-27
2380,proposta,2025-05-05
2380,fechado,2025-05-16
2381,lead,2025-06-06
2381,contato,2025-06-17
2381,reuniao,2025-06-21
2381,proposta,2025-06-27
2381,perdido,2025-07-06
2382,lead,2024-10-26
2382,contato,2024-11-02
2382,perdido,2024-12-01
2383,lead,2024-03-27
2383,contato,2024-03-30
2383,reuniao,2024-04-14
2383,perdido,2024-04-28
2384,lead,2024-09-30
2384,perdido,2024-10-13
2385,lead,2025-09-19
2385,perdido,2025-10-04
2386,lead,2024-08-19
2386,contato,2024-08-29
2386,reuniao,2024-09-13
2386,perdido,2024-09-17
2387,lead,2024-02-05
2387,contato,2024-02-08
2387,perdido,2024-02-24
2388,lead,2025-11-25
2388,perdido,2025-12-06
2389,lead,2025-04-24
2389,contato,2025-04-29
2389,perdido,2025-05-06
2390,lead,2025-01-23
2390,contato,2025-01-26
2390,reuniao,2025-02-05
2390,proposta,2025-02-14
2390,perdido,2025-03-12
2391,lead,2025-08-18
2391,contato,2025-08-24
2391,reuniao,2025-08-25
2391,proposta,2025-08-30
2391,fechado,2025-09-02
2392,lead,2024-10-18
2392,perdido,2024-11-04
2393,lead,2025-12-18
2393,contato,2025-12-29
2393,reuniao,2025-12-30
2394,lead,2025-09-09
2394,contato,2025-09-17
2394,reuniao,2025-09-26
2394,proposta,2025-09-28
2394,perdido,2025-10-01
2395,lead,2024-07-09
2395,contato,2024-07-18
2395,reuniao,2024-07-31
2395,perdido,2024-08-13
2396,lead,2024-09-19
2396,contato,2024-09-26
2396,perdido,2024-09-29
2397,lead,2024-07-05
2397,perdido,2024-07-16
2398,lead,2025-04-08
2398,contato,2025-04-09
2398,reuniao,2025-04-12
2398,proposta,2025-04-21
2398,perdido,2025-05-07
2399,lead,2025-03-25
2399,contato,2025-04-04
2399,reuniao,2025-04-05
2399,proposta,2025-04-06
2399,fechado,2025-04-10
2400,lead,2025-01-13
2400,contato,2025-01-23
2400,perdido,2025-01-30
2401,lead,2025-11-30
2401,perdido,2025-12-22
2402,lead,2024-12-05
2402,contato,2024-12-14
2402,reuniao,2024-12-22
2402,perdido,2025-01-16
2403,lead,2025-07-12
2403,contato,2025-07-22
2403,reuniao,2025-07-23
2403,proposta,2025-07-25
2403,perdido,2025-08-09
2404,lead,2025-04-07
2404,contato,2025-04-13
2404,perdido,2025-05-05
2405,lead,2025-01-10
2405,perdido,2025-02-06
2406,lead,2024-01-24
2406,contato,2024-01-30
2406,perdido,2024-02-03
2407,lead,2025-04-07
2407,contato,2025-04-13
2407,perdido,2025-04-29
2408,lead,2025-03-27
2408,contato,2025-04-03
2408,reuniao,2025-04-08
2408,proposta,2025-04-17
2408,perdido,2025-05-16
2409,lead,2024-03-15
2409,perdido,2024-03-27
2410,lead,2025-07-22
2410,contato,2025-08-13
2410,perdido,2025-09-06
2411,lead,2024-12-01
2411,contato,2024-12-05
2411,perdido,2025-01-04
2412,lead,2024-08-13
2412,contato,2024-08-20
2412,reuniao,2024-08-25
2412,perdido,2024-08-28
2413,lead,2025-08-14
2413,perdido,2025-09-08
2414,lead,2024-08-29
2414,contato,2024-09-03
2414,perdido,2024-09-29
2415,lead,2025-03-14
2415,contato,2025-03-22
2415,reuniao,2025-04-02
2415,proposta,2025-03-18
2415,perdido,2025-04-21
2416,lead,2025-03-11
2416,perdido,2025-03-20
2417,lead,2024-01-30
2417,contato,2024-02-08
2417,reuniao,2024-02-15
2417,proposta,2024-02-28
2417,perdido,2024-03-17
2418,lead,2024-10-26
2418,perdido,2024-11-03
2419,lead,2024-05-24
2419,perdido,2024-05-31
2420,lead,2024-05-07
2420,contato,2024-05-18
2420,reuniao,2024-05-23
2420,proposta,2024-05-30
2420,fechado,2024-06-11
2421,lead,2025-04-05
2421,contato,2025-04-16
2421,reuniao,2025-04-17
2421,perdido,2025-05-11
2422,lead,2024-01-07
2422,contato,2024-01-12
2422,reuniao,2024-01-14
2422,proposta,2024-01-23
2422,fechado,2024-02-11
2423,lead,2025-12-03
2423,contato,2025-12-19
2423,reuniao,2025-12-28
2424,lead,2024-10-06
2424,contato,2024-10-14
2424,perdido,2024-11-07
2425,lead,2024-07-24
2425,perdido,2024-08-15
2426,lead,2025-10-25
2426,contato,2025-10-26
2426,reuniao,2025-11-17
2426,perdido,2025-12-17
2427,lead,2024-12-19
2427,contato,2024-12-24
2427,reuniao,2024-12-30
2427,proposta,2025-01-19
2427,perdido,2025-02-09
2428,lead,2025-03-09
2428,perdido,2025-04-05
2429,lead,2025-05-05
2429,perdido,2025-05-22
2430,lead,2025-09-19
2430,perdido,2025-10-04
2431,lead,2024-03-18
2431,contato,2024-03-25
2431,reuniao,2024-04-11
2431,perdido,2024-04-17
2432,lead,2024-02-17
2432,contato,2024-02-25
2432,reuniao,2024-02-27
2432,proposta,2024-03-04
2432,fechado,2024-03-07
2433,lead,2025-12-26
2433,perdido,2025-12-29
2434,lead,2024-01-05
2434,contato,2024-01-20
2434,perdido,2024-02-11
2435,lead,2025-05-14
2435,contato,2025-05-21
2435,reuniao,2025-05-22
2435,proposta,2025-05-30
2435,fechado,2025-06-12
2436,lead,2025-03-07
2436,contato,2025-03-15
2436,perdido,2025-04-09
2437,lead,2025-01-30
2437,perdido,2025-02-25
2438,lead,2025-07-14
2438,contato,2025-07-15
2438,reuniao,2025-07-28
2438,perdido,2025-08-16
2439,lead,2025-12-25
2440,lead,2024-01-27
2440,perdido,2024-01-31
2441,lead,2025-03-09
2441,perdido,2025-03-18
2442,lead,2025-05-20
2442,perdido,2025-06-01
2443,lead,2024-07-30
2443,contato,2024-08-04
2443,perdido,2024-08-14
2444,lead,2025-10-05
2444,contato,2025-10-10
2444,reuniao,2025-10-26
2444,proposta,2025-10-29
2444,fechado,2025-11-10
2445,lead,2024-11-22
2445,contato,2024-11-25
2445,perdido,2024-12-07
2446,lead,2024-04-11
2446,contato,2024-04-24
2446,reuniao,2024-04-27
2446,proposta,2024-05-03
2446,fechado,2024-05-05
2447,lead,2025-09-07
2447,perdido,2025-09-18
2448,lead,2025-11-12
2448,contato,2025-11-17
2448,reuniao,2025-11-22
2448,proposta,2025-11-27
2448,perdido,2025-12-03
2449,lead,2024-02-27
2449,contato,2024-03-05
2449,reuniao,2024-03-17
2449,proposta,2024-03-22
2449,perdido,2024-04-14
2450,lead,2025-06-16
2450,contato,2025-06-21
2450,perdido,2025-07-01
2451,lead,2024-05-18
2451,contato,2024-05-27
2451,reuniao,2024-06-02
2451,proposta,2024-06-07
2451,fechado,2024-06-11
2452,lead,2024-01-04
2452,perdido,2024-01-13
2453,lead,2024-06-23
2453,contato,2024-07-02
2453,reuniao,2024-07-17
2453,proposta,2024-07-18
2453,perdido,2024-08-12
2454,lead,2025-09-07
2454,perdido,2025-10-04
2455,lead,2024-03-26
2455,contato,2024-03-29
2455,reuniao,2024-04-01
2455,perdido,2024-04-07
2456,lead,2024-03-19
2456,contato,2024-03-21
2456,perdido,2024-03-27
2457,lead,2025-06-06
2457,contato,2025-06-09
2457,reuniao,2025-06-18
2457,proposta,2025-06-30
2457,perdido,2025-07-06
2458,lead,2024-10-14
2458,perdido,2024-11-13
2459,lead,2024-03-31
2459,contato,2024-04-12
2459,reuniao,2024-04-20
2459,perdido,2024-04-25
2460,lead,2024-05-29
2460,contato,2024-05-31
2460,reuniao,2024-06-12
2460,perdido,2024-07-07
2461,lead,2025-07-21
2461,contato,2025-07-28
2461,reuniao,2025-07-30
2461,perdido,2025-08-28
2462,lead,2025-03-15
2462,contato,2025-04-04
2462,reuniao,2025-04-08
2462,proposta,2025-04-13
2462,fechado,2025-04-28
2463,lead,2025-06-24
2463,perdido,2025-06-29
2464,lead,2024-02-26
2464,contato,2024-03-12
2464,reuniao,2024-03-18
2464,proposta,2024-03-25
2464,perdido,2024-04-03
2465,lead,2024-11-23
2465,contato,2024-11-25
2465,reuniao,2024-12-12
2465,proposta,2024-12-13
2465,perdido,2024-12-17
2466,lead,2025-07-23
2466,contato,2025-08-02
2466,reuniao,2025-08-06
2466,perdido,2025-08-10
2467,lead,2024-06-27
2467,contato,2024-06-29
2467,perdido,2024-07-15
2468,lead,2024-04-15
2468,contato,2024-04-18
2468,reuniao,2024-04-23
2468,proposta,2024-05-03
2468,fechado,2024-05-04
2469,lead,2024-09-26
2469,contato,2024-09-27
2469,reuniao,2024-10-01
2469,proposta,2024-10-03
2469,fechado,2024-10-05
2470,lead,2024-08-21
2470,contato,2024-08-24
2470,reuniao,2024-08-29
2470,perdido,2024-09-04
2471,lead,2024-04-27
2471,perdido,2024-05-15
2472,lead,2025-11-21
2472,perdido,2025-12-18
2473,lead,2024-12-15
2473,perdido,2025-01-08
2474,lead,2025-03-05
2474,contato,2025-03-07
2474,reuniao,2025-03-17
2474,proposta,2025-03-21
2474,perdido,2025-03-28
2475,lead,2024-03-13
2475,perdido,2024-03-28
2476,lead,2025-03-06
2476,contato,2025-03-07
2476,reuniao,2025-03-10
2476,proposta,2025-03-17
2476,perdido,2025-03-21
2477,lead,2025-01-31
2477,contato,2025-02-20
2477,reuniao,2025-02-24
2477,proposta,2025-03-03
2477,fechado,2025-03-16
2478,lead,2025-11-03
2478,contato,2025-11-04
2478,reuniao,2025-11-12
2478,proposta,2025-12-03
2478,perdido,2025-12-29
2479,lead,2024-10-19
2479,contato,2024-10-27
2479,reuniao,2024-11-03
2479,proposta,2024-11-12
2479,perdido,2024-12-12
2480,lead,2025-07-11
2480,perdido,2025-07-20
2481,lead,2024-07-28
2481,contato,2024-08-10
2481,reuniao,2024-08-15
2481,proposta,2024-08-22
2481,perdido,2024-09-19
2482,lead,2025-02-14
2482,perdido,2025-03-01
2483,lead,2025-10-30
2483,contato,2025-11-01
2483,reuniao,2025-11-08
2483,proposta,2025-11-26
2483,fechado,2025-12-01
2484,lead,2025-03-16
2484,perdido,2025-03-28
2485,lead,2025-05-16
2485,contato,2025-05-24
2485,perdido,2025-06-09
2486,lead,2025-09-23
2486,contato,2025-10-05
2486,reuniao,2025-10-18
2486,proposta,2025-10-28
2486,perdido,2025-11-22
2487,lead,2025-10-29
2487,contato,2025-11-04
2487,reuniao,2025-11-07
2487,proposta,2025-11-09
2487,perdido,2025-12-01
2488,lead,2024-05-13
2488,contato,2024-05-15
2488,perdido,2024-06-08
2489,lead,2024-05-04
2489,contato,2024-05-07
2489,reuniao,2024-05-15
2489,proposta,2024-05-28
2489,fechado,2024-05-31
2490,lead,2025-01-28
2490,contato,2025-02-01
2490,reuniao,2025-02-18
2490,proposta,2025-02-28
2490,perdido,2025-03-18
2491,lead,2025-12-27
2492,lead,2024-12-22
2492,contato,2024-12-29
2492,reuniao,2025-01-04
2492,proposta,2025-01-14
2492,fechado,2025-01-20
2493,lead,2024-08-19
2493,contato,2024-08-25
2493,reuniao,2024-08-27
2493,perdido,2024-09-22
2494,lead,2025-01-21
2494,contato,2025-02-02
2494,reuniao,2025-02-09
2494,perdido,2025-02-13
2495,lead,2024-02-06
2495,contato,2024-02-12
2495,reuniao,2024-02-19
2495,proposta,2024-02-26
2495,perdido,2024-03-04
2496,lead,2024-04-21
2496,contato,2024-04-22
2496,reuniao,2024-04-24
2496,perdido,2024-05-18
2497,lead,2024-03-31
2497,contato,2024-04-08
2497,reuniao,2024-04-13
2497,perdido,2024-05-10
2498,lead,2024-01-16
2498,contato,2024-01-17
2498,perdido,2024-01-31
2499,lead,2025-05-24
2499,contato,2025-06-07
2499,reuniao,2025-06-16
2499,proposta,2025-06-25
2499,perdido,2025-07-22
2500,lead,2024-08-15
2500,contato,2024-08-19
2500,reuniao,2024-08-27
2500,proposta,2024-08-31
2500,fechado,2024-09-04
2501,lead,2024-04-14
2501,contato,2024-05-05
2501,reuniao,2024-05-11
2501,proposta,2024-05-17
2501,fechado,2024-05-27
2502,lead,2025-01-07
2502,contato,2025-01-14
2502,reuniao,2025-01-22
2502,perdido,2025-01-25
2503,lead,2024-08-13
2503,contato,2024-08-19
2503,reuniao,2024-08-28
2503,proposta,2024-09-07
2503,fechado,2024-09-14
2504,lead,2024-10-05
2504,contato,2024-10-11
2504,perdido,2024-10-20
2505,lead,2024-08-06
2505,perdido,2024-08-31
2506,lead,2024-01-03
2506,contato,2024-01-09
2506,reuniao,2024-01-17
2506,proposta,2024-01-29
2506,perdido,2024-02-20
2507,lead,2025-04-29
2507,perdido,2025-05-20
2508,lead,2024-03-06
2508,contato,2024-03-08
2508,reuniao,2024-03-15
2508,proposta,2024-03-28
2508,perdido,2024-04-20
2509,lead,2024-05-21
2509,perdido,2024-06-01
2510,lead,2024-04-30
2510,contato,2024-05-01
2510,perdido,2024-05-20
2511,lead,2024-08-19
2511,contato,2024-08-21
2511,reuniao,2024-09-03
2511,perdido,2024-09-09
2512,lead,2024-04-08
2512,perdido,2024-04-20
2513,lead,2024-09-01
2513,perdido,2024-09-17
2514,lead,2024-06-09
2514,contato,2024-06-14
2514,reuniao,2024-06-29
2514,proposta,2024-07-09
2514,perdido,2024-07-31
2515,lead,2024-02-04
2515,contato,2024-02-12
2515,reuniao,2024-02-22
2515,perdido,2024-03-09
2516,lead,2025-09-19
2516,contato,2025-09-22
2516,reuniao,2025-09-28
2516,proposta,2025-10-02
2516,perdido,2025-10-29
2517,lead,2024-07-29
2517,contato,2024-08-04
2517,perdido,2024-08-22
2518,lead,2024-02-25
2518,contato,2024-03-09
2518,reuniao,2024-03-11
2518,perdido,2024-03-25
2519,lead,2025-01-12
2519,contato,2025-01-17
2519,reuniao,2025-01-25
2519,proposta,2025-01-27
2519,perdido,2025-02-03
2520,lead,2024-03-14
2520,contato,2024-03-19
2520,reuniao,2024-03-26
2520,proposta,2024-03-29
2520,fechado,2024-04-06
2521,lead,2025-07-04
2521,perdido,2025-07-18
2522,lead,2024-02-04
2522,contato,2024-02-09
2522,perdido,2024-02-17
2523,lead,2024-11-29
2523,contato,2024-12-10
2523,reuniao,2024-12-15
2523,proposta,2024-12-26
2523,perdido,2025-01-10
2524,lead,2025-11-12
2524,contato,2025-11-18
2524,reuniao,2025-12-07
2524,proposta,2025-12-21
2525,lead,2024-04-07
2525,contato,2024-04-26
2525,perdido,2024-05-03
2526,lead,2024-05-08
2526,contato,2024-05-12
2526,reuniao,2024-05-18
2526,proposta,2024-05-25
2526,perdido,2024-06-04
2527,lead,2025-02-28
2527,contato,2025-03-09
2527,reuniao,2025-03-12
2527,proposta,2025-03-23
2527,perdido,2025-04-04
2528,lead,2025-12-13
2528,contato,2025-12-15
2528,reuniao,2025-12-24
2529,lead,2024-09-29
2529,contato,2024-10-01
2529,perdido,2024-10-21
2530,lead,2025-03-31
2530,perdido,2025-04-25
2531,lead,2024-04-03
2531,contato,2024-04-16
2531,reuniao,2024-05-14
2531,perdido,2024-06-09
2532,lead,2025-03-27
2532,contato,2025-03-31
2532,perdido,2025-04-03
2533,lead,2024-06-16
2533,contato,2024-06-17
2533,reuniao,2024-06-22
2533,perdido,2024-07-03
2534,lead,2025-03-08
2534,contato,2025-03-22
2534,perdido,2025-04-13
2535,lead,2024-02-21
2535,contato,2024-03-15
2535,reuniao,2024-04-01
2535,perdido,2024-04-22
2536,lead,2025-01-14
2536,contato,2025-01-22
2536,reuniao,2025-01-28
2536,perdido,2025-02-07
2537,lead,2024-06-04
2537,contato,2024-06-21
2537,reuniao,2024-07-14
2537,proposta,2024-07-15
2537,perdido,2024-07-25
2538,lead,2025-04-25
2538,contato,2025-05-02
2538,reuniao,2025-05-08
2538,proposta,2025-04-23
2538,perdido,2025-05-20
2539,lead,2025-06-13
2539,contato,2025-06-27
2539,reuniao,2025-06-28
2539,proposta,2025-07-01
2539,perdido,2025-07-25
2540,lead,2025-09-02
2540,perdido,2025-09-11
2541,lead,2025-12-25
2542,lead,2024-11-24
2542,contato,2024-12-08
2542,reuniao,2024-12-18
2542,proposta,2024-12-24
2542,perdido,2025-01-05
2543,lead,2025-04-17
2543,contato,2025-04-25
2543,reuniao,2025-04-29
2543,perdido,2025-05-16
2544,lead,2024-01-11
2544,contato,2024-01-18
2544,reuniao,2024-01-25
2544,proposta,2024-01-28
2544,fechado,2024-02-04
2545,lead,2025-10-14
2545,perdido,2025-11-01
2546,lead,2025-03-10
2546,perdido,2025-03-13
2547,lead,2024-10-25
2547,contato,2024-11-11
2547,perdido,2024-11-27
2548,lead,2024-11-04
2548,perdido,2024-11-13
2549,lead,2025-06-21
2549,contato,2025-06-25
2549,reuniao,2025-06-29
2549,perdido,2025-07-21
2550,lead,2025-08-22
2550,contato,2025-08-26
2550,perdido,2025-09-20
2551,lead,2025-08-01
2551,contato,2025-08-03
2551,reuniao,2025-08-11
2551,perdido,2025-08-14
2552,lead,2025-01-06
2552,contato,2025-01-16
2552,reuniao,2025-01-23
2552,proposta,2025-01-25
2552,perdido,2025-02-03
2553,lead,2024-09-19
2553,contato,2024-10-08
2553,reuniao,2024-10-12
2553,perdido,2024-10-31
2554,lead,2025-11-14
2554,contato,2025-11-16
2554,perdido,2025-12-15
2555,lead,2025-03-22
2555,contato,2025-04-03
2555,reuniao,2025-04-05
2555,proposta,2025-04-08
2555,perdido,2025-04-20
2556,lead,2025-01-25
2556,contato,2025-02-06
2556,reuniao,2025-02-10
2556,perdido,2025-02-13
2557,lead,2025-02-26
2557,perdido,2025-03-13
2558,lead,2025-03-19
2558,contato,2025-04-02
2558,perdido,2025-04-10
2559,lead,2025-05-18
2559,perdido,2025-06-10
2560,lead,2025-01-30
2560,contato,2025-02-05
2560,reuniao,2025-02-18
2560,perdido,2025-02-28
2561,lead,2025-09-22
2561,contato,2025-09-23
2561,reuniao,2025-10-11
2561,proposta,2025-10-20
2561,fechado,2025-10-23
2562,lead,2025-09-11
2562,contato,2025-09-22
2562,perdido,2025-10-06
2563,lead,2024-11-11
2563,perdido,2024-12-09
2564,lead,2024-04-14
2564,contato,2024-04-22
2564,reuniao,2024-05-02
2564,proposta,2024-05-07
2564,fechado,2024-05-10
2565,lead,2025-02-13
2565,contato,2025-02-18
2565,perdido,2025-03-08
2566,lead,2025-03-13
2566,contato,2025-03-17
2566,perdido,2025-03-26
2567,lead,2025-01-13
2567,contato,2025-01-24
2567,reuniao,2025-02-04
2567,proposta,2025-02-09
2567,fechado,2025-02-12
2568,lead,2025-10-03
2568,contato,2025-10-05
2568,reuniao,2025-10-06
2568,proposta,2025-10-08
2568,perdido,2025-11-02
2569,lead,2024-02-24
2569,contato,2024-03-05
2569,reuniao,2024-03-09
2569,proposta,2024-03-13
2569,fechado,2024-03-16
2570,lead,2024-07-15
2570,contato,2024-07-24
2570,reuniao,2024-07-28
2570,perdido,2024-08-18
2571,lead,2025-09-15
2571,contato,2025-09-22
2571,reuniao,2025-10-10
2571,proposta,2025-10-17
2571,fechado,2025-10-28
2572,lead,2025-11-09
2572,perdido,2025-11-21
2573,lead,2024-10-29
2573,contato,2024-11-12
2573,perdido,2024-11-15
2574,lead,2024-05-02
2574,perdido,2024-05-25
2575,lead,2024-10-25
2575,contato,2024-11-06
2575,reuniao,2024-11-09
2575,proposta,2024-11-18
2575,fechado,2024-11-21
2576,lead,2024-11-22
2576,contato,2024-11-24
2576,perdido,2024-11-30
2577,lead,2025-01-11
2577,contato,2025-01-18
2577,perdido,2025-02-06
2578,lead,2024-07-04
2578,contato,2024-07-11
2578,reuniao,2024-07-22
2578,perdido,2024-08-19
2579,lead,2024-08-04
2579,perdido,2024-08-08
2580,lead,2025-04-06
2580,contato,2025-04-22
2580,reuniao,2025-05-20
2580,proposta,2025-06-02
2580,fechado,2025-06-12
2581,lead,2025-03-14
2581,contato,2025-03-21
2581,perdido,2025-04-15
2582,lead,2025-04-10
2582,contato,2025-04-16
2582,perdido,2025-04-30
2583,lead,2024-09-23
2583,contato,2024-09-24
2583,reuniao,2024-09-26
2583,proposta,2024-10-05
2583,perdido,2024-10-18
2584,lead,2024-08-23
2584,contato,2024-09-01
2584,perdido,2024-09-25
2585,lead,2024-09-04
2585,contato,2024-09-16
2585,perdido,2024-10-12
2586,lead,2025-11-18
2586,contato,2025-11-24
2586,reuniao,2025-12-09
2586,proposta,2025-12-13
2586,fechado,2025-12-18
2587,lead,2024-10-06
2587,perdido,2024-11-04
2588,lead,2025-03-03
2588,contato,2025-03-11
2588,reuniao,2025-03-17
2588,perdido,2025-03-28
2589,lead,2025-01-13
2589,perdido,2025-02-07
2590,lead,2025-09-23
2590,contato,2025-09-25
2590,reuniao,2025-09-28
2590,proposta,2025-10-07
2590,fechado,2025-10-08
2591,lead,2024-09-17
2591,perdido,2024-10-16
2592,lead,2024-11-04
2592,contato,2024-11-11
2592,perdido,2024-12-03
2593,lead,2025-08-29
2593,contato,2025-09-05
2593,reuniao,2025-09-14
2593,perdido,2025-10-09
2594,lead,2024-04-09
2594,contato,2024-04-14
2594,reuniao,2024-04-20
2594,proposta,2024-04-23
2594,fechado,2024-04-27
2595,lead,2025-02-24
2595,contato,2025-03-03
2595,reuniao,2025-03-10
2595,proposta,2025-03-16
2595,perdido,2025-04-07
2596,lead,2024-10-10
2596,contato,2024-10-11
2596,perdido,2024-11-02
2597,lead,2025-12-19
2597,contato,2025-12-26
2597,perdido,2025-12-29
2598,lead,2025-05-24
2598,perdido,2025-06-05
2599,lead,2024-01-06
2599,contato,2024-01-20
2599,reuniao,2024-01-24
2599,perdido,2024-02-04
2600,lead,2025-08-27
2600,contato,2025-09-01
2600,reuniao,2025-09-05
2600,perdido,2025-10-02
2601,lead,2025-05-10
2601,contato,2025-05-22
2601,reuniao,2025-05-03
2601,proposta,2025-05-31
2601,fechado,2025-06-04
2602,lead,2025-02-04
2602,contato,2025-02-05
2602,reuniao,2025-02-06
2602,proposta,2025-02-16
2602,perdido,2025-03-07
2603,lead,2024-06-03
2603,contato,2024-06-09
2603,reuniao,2024-06-21
2603,proposta,2024-06-26
2603,perdido,2024-07-22
2604,lead,2024-03-31
2604,perdido,2024-04-09
2605,lead,2025-03-18
2605,contato,2025-03-24
2605,reuniao,2025-03-29
2605,perdido,2025-04-05
2606,lead,2024-11-09
2606,contato,2024-11-16
2606,reuniao,2024-11-29
2606,perdido,2024-12-22
2607,lead,2025-09-12
2607,contato,2025-09-15
2607,reuniao,2025-09-30
2607,proposta,2025-10-02
2607,perdido,2025-10-30
2608,lead,2024-06-24
2608,contato,2024-07-17
2608,reuniao,2024-07-22
2608,proposta,2024-08-03
2608,perdido,2024-08-26
2609,lead,2025-03-24
2609,contato,2025-03-28
2609,perdido,2025-04-01
2610,lead,2024-06-13
2610,contato,2024-06-16
2610,reuniao,2024-07-01
2610,proposta,2024-07-20
2610,perdido,2024-08-15
2611,lead,2025-03-23
2611,contato,2025-03-26
2611,reuniao,2025-03-31
2611,proposta,2025-04-02
2611,perdido,2025-04-16
2612,lead,2024-01-28
2612,contato,2024-02-03
2612,perdido,2024-02-24
2613,lead,2024-10-04
2613,contato,2024-10-16
2613,reuniao,2024-10-30
2613,proposta,2024-11-07
2613,perdido,2024-11-17
2614,lead,2024-04-17
2614,contato,2024-04-30
2614,perdido,2024-05-19
2615,lead,2025-03-03
2615,contato,2025-03-14
2615,perdido,2025-04-02
2616,lead,2024-08-07
2616,perdido,2024-08-18
2617,lead,2025-07-02
2617,contato,2025-07-04
2617,perdido,2025-07-23
2618,lead,2024-03-08
2618,contato,2024-03-13
2618,reuniao,2024-03-27
2618,proposta,2024-04-06
2618,perdido,2024-05-03
2619,lead,2025-02-01
2619,perdido,2025-02-27
2620,lead,2025-02-23
2620,contato,2025-03-01
2620,reuniao,2025-03-10
2620,proposta,2025-03-13
2620,fechado,2025-03-24
2621,lead,2024-01-13
2621,perdido,2024-02-12
2622,lead,2024-01-21
2622,contato,2024-01-25
2622,perdido,2024-02-03
2623,lead,2024-08-01
2623,contato,2024-08-10
2623,reuniao,2024-08-20
2623,proposta,2024-09-03
2623,perdido,2024-09-18
2624,lead,2025-03-05
2624,contato,2025-03-06
2624,perdido,2025-04-05
2625,lead,2025-11-28
2625,contato,2025-12-05
2625,reuniao,2025-12-13
2625,proposta,2025-12-15
2626,lead,2024-02-22
2626,perdido,2024-03-17
2627,lead,2025-05-10
2627,contato,2025-05-14
2627,perdido,2025-06-03
2628,lead,2025-05-03
2628,contato,2025-05-12
2628,reuniao,2025-05-15
2628,proposta,2025-05-21
2628,perdido,2025-06-02
2629,lead,2025-04-16
2629,contato,2025-04-23
2629,perdido,2025-04-30
2630,lead,2025-01-09
2630,contato,2025-01-12
2630,reuniao,2025-01-14
2630,proposta,2025-01-23
2630,fechado,2025-01-25
2631,lead,2025-12-01
2631,contato,2025-12-02
2631,reuniao,2025-12-05
2631,proposta,2025-12-10
2631,fechado,2025-12-17
2632,lead,2025-01-01
2632,contato,2025-01-11
2632,perdido,2025-01-20
2633,lead,2025-08-26
2633,perdido,2025-09-10
2634,lead,2024-06-24
2634,contato,2024-06-25
2634,reuniao,2024-06-30
2634,perdido,2024-07-12
2635,lead,2025-07-31
2635,contato,2025-08-04
2635,perdido,2025-08-10
2636,lead,2025-12-28
2637,lead,2025-10-18
2637,contato,2025-10-24
2637,perdido,2025-11-01
2638,lead,2024-07-28
2638,contato,2024-08-03
2638,reuniao,2024-08-15
2638,proposta,2024-08-22
2638,perdido,2024-08-29
2639,lead,2025-09-01
2639,contato,2025-09-12
2639,reuniao,2025-09-21
2639,proposta,2025-10-06
2639,perdido,2025-10-24
2640,lead,2024-02-25
2640,perdido,2024-03-16
2641,lead,2025-04-22
2641,contato,2025-04-24
2641,reuniao,2025-04-25
2641,proposta,2025-04-28
2641,fechado,2025-05-04
2642,lead,2024-08-28
2642,contato,2024-09-08
2642,perdido,2024-10-02
2643,lead,2025-04-08
2643,perdido,2025-04-30
2644,lead,2024-10-19
2644,perdido,2024-10-22
2645,lead,2024-01-06
2645,contato,2024-01-11
2645,reuniao,2024-01-15
2645,perdido,2024-02-03
2646,lead,2024-05-30
2646,contato,2024-06-07
2646,perdido,2024-06-20
2647,lead,2024-01-24
2647,contato,2024-01-30
2647,reuniao,2024-02-01
2647,proposta,2024-02-10
2647,perdido,2024-03-05
2648,lead,2024-10-30
2648,contato,2024-11-09
2648,reuniao,2024-11-26
2648,perdido,2024-12-21
2649,lead,2025-08-27
2649,contato,2025-08-29
2649,reuniao,2025-09-07
2649,proposta,2025-09-09
2649,fechado,2025-09-16
2650,lead,2025-06-05
2650,perdido,2025-06-18
2651,lead,2025-07-17
2651,contato,2025-07-28
2651,reuniao,2025-08-04
2651,proposta,2025-08-08
2651,fechado,2025-08-19
2652,lead,2025-07-31
2652,perdido,2025-08-11
2653,lead,2024-09-19
2653,perdido,2024-10-01
2654,lead,2025-01-03
2654,perdido,2025-01-11
2655,lead,2025-01-05
2655,perdido,2025-01-25
2656,lead,2024-03-07
2656,contato,2024-03-09
2656,perdido,2024-04-03
2657,lead,2025-02-26
2657,contato,2025-03-03
2657,reuniao,2025-03-06
2657,perdido,2025-04-04
2658,lead,2025-05-23
2658,perdido,2025-06-16
2659,lead,2025-03-06
2659,contato,2025-03-12
2659,reuniao,2025-03-28
2659,perdido,2025-04-23
2660,lead,2025-06-12
2660,contato,2025-06-17
2660,perdido,2025-06-24
2661,lead,2024-03-11
2661,perdido,2024-03-16
2662,lead,2025-06-24
2662,perdido,2025-07-17
2663,lead,2024-05-13
2663,contato,2024-05-31
2663,reuniao,2024-06-06
2663,perdido,2024-06-30
2664,lead,2025-09-23
2664,contato,2025-09-30
2664,reuniao,2025-10-12
2664,proposta,2025-10-15
2664,perdido,2025-10-29
2665,lead,2024-06-10
2665,contato,2024-07-01
2665,reuniao,2024-07-11
2665,perdido,2024-07-25
2666,lead,2024-12-23
2666,contato,2024-12-28
2666,reuniao,2024-12-30
2666,perdido,2025-01-17
2667,lead,2024-12-19
2667,contato,2024-12-28
2667,reuniao,2025-01-12
2667,perdido,2025-02-11
2668,lead,2024-06-30
2668,contato,2024-07-05
2668,perdido,2024-07-08
2669,lead,2024-09-12
2669,contato,2024-10-01
2669,reuniao,2024-10-07
2669,perdido,2024-10-19
2670,lead,2024-04-27
2670,contato,2024-05-22
2670,reuniao,2024-05-08
2670,perdido,2024-06-16
2671,lead,2025-02-09
2671,contato,2025-02-11
2671,reuniao,2025-02-21
2671,proposta,2025-03-01
2671,fechado,2025-03-03
2672,lead,2025-10-20
2672,perdido,2025-11-18
2673,lead,2024-08-07
2673,contato,2024-08-12
2673,perdido,2024-08-21
2674,lead,2025-01-05
2674,perdido,2025-02-04
2675,lead,2025-09-12
2675,perdido,2025-09-22
2676,lead,2024-11-19
2676,contato,2024-11-24
2676,perdido,2024-11-29
2677,lead,2025-08-20
2677,contato,2025-09-04
2677,reuniao,2025-09-05
2677,proposta,2025-09-13
2677,fechado,2025-09-17
2678,lead,2024-11-14
2678,contato,2024-11-23
2678,reuniao,2024-12-06
2678,proposta,2024-12-10
2678,perdido,2024-12-22
2679,lead,2024-11-09
2679,contato,2024-11-20
2679,reuniao,2024-12-13
2679,perdido,2024-12-23
2680,lead,2024-04-06
2680,contato,2024-04-09
2680,perdido,2024-04-23
2681,lead,2024-03-15
2681,contato,2024-03-21
2681,reuniao,2024-03-29
2681,proposta,2024-04-04
2681,fechado,2024-04-12
2682,lead,2025-03-07
2682,contato,2025-03-12
2682,reuniao,2025-03-20
2682,perdido,2025-04-01
2683,lead,2025-08-17
2683,contato,2025-08-23
2683,reuniao,2025-08-28
2683,proposta,2025-09-07
2683,fechado,2025-09-16
2684,lead,2024-03-22
2684,contato,2024-03-31
2684,perdido,2024-04-03
2685,lead,2025-10-18
2685,contato,2025-10-24
2685,reuniao,2025-11-01
2685,proposta,2025-11-07
2685,fechado,2025-11-08
2686,lead,2024-09-10
2686,contato,2024-09-24
2686,reuniao,2024-09-30
2686,proposta,2024-10-08
2686,perdido,2024-10-16
2687,lead,2024-10-28
2687,perdido,2024-11-06
2688,lead,2025-10-06
2688,perdido,2025-10-10
2689,lead,2025-10-08
2689,contato,2025-10-14
2689,reuniao,2025-10-18
2689,proposta,2025-10-23
2689,perdido,2025-11-07
2690,lead,2025-01-14
2690,perdido,2025-02-05
2691,lead,2024-07-06
2691,contato,2024-07-15
2691,reuniao,2024-07-21
2691,proposta,2024-08-05
2691,fechado,2024-08-08
2692,lead,2024-04-17
2692,contato,2024-04-27
2692,reuniao,2024-04-30
2692,proposta,2024-05-05
2692,perdido,2024-05-08
2693,lead,2024-07-02
2693,contato,2024-07-06
2693,reuniao,2024-07-18
2693,proposta,2024-07-19
2693,perdido,2024-08-05
2694,lead,2025-07-10
2694,contato,2025-07-11
2694,reuniao,2025-07-23
2694,proposta,2025-07-29
2694,perdido,2025-08-04
2695,lead,2024-08-14
2695,contato,2024-08-24
2695,reuniao,2024-08-27
2695,perdido,2024-09-12
2696,lead,2025-05-04
2696,perdido,2025-05-08
2697,lead,2024-05-04
2697,contato,2024-05-10
2697,reuniao,2024-05-19
2697,proposta,2024-06-12
2697,perdido,2024-07-10
2698,lead,2024-12-11
2698,perdido,2024-12-20
2699,lead,2024-09-05
2699,perdido,2024-09-15
2700,lead,2025-01-02
2700,contato,2025-01-09
2700,perdido,2025-01-26
2701,lead,2025-02-09
2701,contato,2025-02-16
2701,reuniao,2025-02-25
2701,proposta,2025-02-28
2701,perdido,2025-03-26
2702,lead,2025-12-23
2702,contato,2025-12-28
2703,lead,2025-10-10
2703,contato,2025-10-24
2703,reuniao,2025-11-21
2703,perdido,2025-11-28
2704,lead,2025-05-05
2704,contato,2025-05-08
2704,perdido,2025-06-03
2705,lead,2024-04-04
2705,contato,2024-04-19
2705,perdido,2024-05-12
2706,lead,2025-10-24
2706,contato,2025-11-13
2706,reuniao,2025-11-14
2706,perdido,2025-11-21
2707,lead,2025-10-05
2707,perdido,2025-11-04
2708,lead,2025-10-01
2708,contato,2025-10-03
2708,reuniao,2025-10-05
2708,proposta,2025-10-07
2708,perdido,2025-10-16
2709,lead,2024-12-12
2709,contato,2024-12-16
2709,reuniao,2024-12-21
2709,proposta,2024-12-29
2709,perdido,2025-01-16
2710,lead,2024-04-16
2710,contato,2024-04-24
2710,perdido,2024-05-22
2711,lead,2025-06-19
2711,contato,2025-06-24
2711,reuniao,2025-07-10
2711,proposta,2025-07-11
2711,fechado,2025-07-19
2712,lead,2024-10-01
2712,perdido,2024-10-26
2713,lead,2024-08-30
2713,contato,2024-09-26
2713,perdido,2024-10-25
2714,lead,2024-10-03
2714,contato,2024-10-10
2714,perdido,2024-10-22
2715,lead,2025-02-02
2715,contato,2025-02-11
2715,perdido,2025-03-07
2716,lead,2024-08-21
2716,contato,2024-08-26
2716,perdido,2024-09-21
2717,lead,2025-05-01
2717,contato,2025-05-04
2717,reuniao,2025-05-10
2717,proposta,2025-05-12
2717,fechado,2025-05-26
2718,lead,2025-03-31
2718,contato,2025-04-11
2718,reuniao,2025-04-26
2718,proposta,2025-05-05
2718,fechado,2025-05-07
2719,lead,2025-01-05
2719,contato,2025-01-26
2719,reuniao,2025-01-28
2719,proposta,2025-01-31
2719,fechado,2025-02-03
2720,lead,2024-01-31
2720,contato,2024-02-05
2720,perdido,2024-02-09
2721,lead,2025-11-07
2721,contato,2025-11-14
2721,reuniao,2025-11-20
2721,perdido,2025-11-30
2722,lead,2024-10-18
2722,contato,2024-10-22
2722,perdido,2024-11-16
2723,lead,2024-11-16
2723,contato,2024-11-21
2723,reuniao,2024-11-25
2723,proposta,2024-11-30
2723,perdido,2024-12-10
2724,lead,2024-11-22
2724,perdido,2024-12-19
2725,lead,2024-09-14
2725,perdido,2024-10-10
2726,lead,2025-04-19
2726,contato,2025-04-25
2726,reuniao,2025-04-09
2726,proposta,2025-05-09
2726,fechado,2025-05-28
2727,lead,2024-01-08
2727,perdido,2024-01-16
2728,lead,2025-09-21
2728,contato,2025-09-24
2728,reuniao,2025-10-02
2728,proposta,2025-10-06
2728,fechado,2025-10-13
2729,lead,2024-02-29
2729,contato,2024-03-04
2729,reuniao,2024-02-18
2729,proposta,2024-04-01
2729,perdido,2024-04-15
2730,lead,2025-12-31
2731,lead,2025-03-18
2731,perdido,2025-03-24
2732,lead,2024-02-07
2732,perdido,2024-03-02
2733,lead,2025-02-04
2733,perdido,2025-02-15
2734,lead,2024-08-19
2734,contato,2024-08-25
2734,perdido,2024-09-17
2735,lead,2025-11-20
2735,perdido,2025-11-26
2736,lead,2025-06-19
2736,contato,2025-06-23
2736,reuniao,2025-07-16
2736,perdido,2025-08-06
2737,lead,2025-01-04
2737,contato,2025-01-11
2737,reuniao,2025-01-25
2737,perdido,2025-01-30
2738,lead,2024-10-31
2738,contato,2024-11-01
2738,reuniao,2024-11-07
2738,perdido,2024-12-05
2739,lead,2025-12-28
2740,lead,2025-04-14
2740,contato,2025-04-18
2740,reuniao,2025-04-24
2740,proposta,2025-04-25
2740,perdido,2025-05-24
2741,lead,2025-01-08
2741,contato,2025-01-15
2741,reuniao,2025-01-19
2741,perdido,2025-01-23
2742,lead,2024-10-08
2742,contato,2024-10-12
2742,reuniao,2024-10-15
2742,perdido,2024-11-10
2743,lead,2024-08-14
2743,contato,2024-08-17
2743,reuniao,2024-08-28
2743,perdido,2024-09-11
2744,lead,2025-05-12
2744,perdido,2025-05-22
2745,lead,2025-02-20
2745,contato,2025-03-02
2745,reuniao,2025-03-18
2745,perdido,2025-03-24
2746,lead,2025-09-02
2746,contato,2025-09-15
2746,perdido,2025-10-08
2747,lead,2025-01-30
2747,perdido,2025-02-25
2748,lead,2025-02-17
2748,contato,2025-03-14
2748,perdido,2025-04-09
2749,lead,2024-12-10
2749,contato,2024-12-12
2749,reuniao,2024-12-06
2749,perdido,2025-01-14
2750,lead,2025-06-25
2750,contato,2025-07-09
2750,reuniao,2025-07-17
2750,perdido,2025-08-08
2751,lead,2024-10-21
2751,contato,2024-10-26
2751,perdido,2024-11-03
2752,lead,2025-09-05
2752,perdido,2025-09-11
2753,lead,2024-08-16
2753,contato,2024-08-26
2753,reuniao,2024-08-29
2753,perdido,2024-09-09
2754,lead,2025-05-03
2754,perdido,2025-05-08
2755,lead,2025-10-05
2755,contato,2025-10-08
2755,reuniao,2025-11-04
2755,proposta,2025-11-08
2755,perdido,2025-11-18
2756,lead,2025-06-30
2756,contato,2025-07-06
2756,reuniao,2025-07-10
2756,proposta,2025-07-15
2756,fechado,2025-07-19
2757,lead,2024-08-28
2757,contato,2024-09-01
2757,perdido,2024-09-08
2758,lead,2025-05-13
2758,contato,2025-05-23
2758,reuniao,2025-05-24
2758,perdido,2025-06-10
2759,lead,2024-05-12
2759,contato,2024-05-15
2759,reuniao,2024-05-21
2759,proposta,2024-05-25
2759,fechado,2024-06-02
2760,lead,2024-02-02
2760,contato,2024-02-07
2760,reuniao,2024-02-14
2760,proposta,2024-02-22
2760,perdido,2024-03-12
2761,lead,2025-07-19
2761,contato,2025-08-04
2761,reuniao,2025-08-07
2761,proposta,2025-08-14
2761,fechado,2025-08-18
2762,lead,2025-08-01
2762,perdido,2025-08-06
2763,lead,2024-01-13
2763,contato,2024-01-23
2763,perdido,2024-02-13
2764,lead,2025-11-16
2764,perdido,2025-12-14
2765,lead,2024-11-13
2765,contato,2024-11-21
2765,reuniao,2024-11-26
2765,proposta,2024-12-14
2765,fechado,2024-12-20
2766,lead,2025-10-14
2766,contato,2025-10-19
2766,reuniao,2025-10-30
2766,proposta,2025-11-03
2766,perdido,2025-11-27
2767,lead,2025-07-16
2767,contato,2025-07-23
2767,reuniao,2025-07-28
2767,perdido,2025-08-23
2768,lead,2025-10-11
2768,contato,2025-10-18
2768,reuniao,2025-10-23
2768,perdido,2025-11-21
2769,lead,2025-08-22
2769,perdido,2025-09-02
2770,lead,2025-12-08
2770,contato,2025-12-14
2771,lead,2025-03-18
2771,contato,2025-04-04
2771,perdido,2025-04-08
2772,lead,2024-05-27
2772,perdido,2024-06-10
2773,lead,2024-10-02
2773,contato,2024-10-10
2773,reuniao,2024-10-19
2773,proposta,2024-10-24
2773,perdido,2024-11-16
2774,lead,2025-06-16
2774,contato,2025-06-18
2774,reuniao,2025-06-25
2774,proposta,2025-06-27
2774,perdido,2025-07-20
2775,lead,2024-04-06
2775,perdido,2024-04-11
2776,lead,2025-11-01
2776,perdido,2025-11-16
2777,lead,2024-05-11
2777,contato,2024-05-14
2777,reuniao,2024-05-24
2777,perdido,2024-06-09
2778,lead,2025-09-23
2778,perdido,2025-10-21
2779,lead,2024-12-16
2779,contato,2025-01-18
2779,reuniao,2025-01-21
2779,proposta,2025-01-22
2779,perdido,2025-02-04
2780,lead,2025-08-27
2780,perdido,2025-09-18
2781,lead,2025-11-24
2781,contato,2025-11-26
2781,reuniao,2025-12-02
2781,perdido,2025-12-16
2782,lead,2024-10-26
2782,contato,2024-10-29
2782,reuniao,2024-11-01
2782,proposta,2024-11-07
2782,fechado,2024-11-10
2783,lead,2025-05-05
2783,contato,2025-05-08
2783,reuniao,2025-05-20
2783,proposta,2025-05-26
2783,perdido,2025-06-11
2784,lead,2024-05-27
2784,contato,2024-06-08
2784,perdido,2024-06-18
2785,lead,2025-07-26
2785,contato,2025-08-01
2785,reuniao,2025-08-04
2785,perdido,2025-08-30
2786,lead,2025-08-11
2786,contato,2025-08-24
2786,perdido,2025-09-14
2787,lead,2024-07-21
2787,contato,2024-07-29
2787,reuniao,2024-08-01
2787,proposta,2024-08-10
2787,perdido,2024-08-20
2788,lead,2024-01-14
2788,contato,2024-01-15
2788,perdido,2024-01-18
2789,lead,2024-11-02
2789,contato,2024-11-06
2789,reuniao,2024-11-12
2789,proposta,2024-11-19
2789,fechado,2024-11-21
2790,lead,2024-04-15
2790,contato,2024-04-19
2790,perdido,2024-04-24
2791,lead,2025-08-10
2791,contato,2025-08-16
2791,reuniao,2025-08-27
2791,perdido,2025-09-02
2792,lead,2024-06-23
2792,contato,2024-07-01
2792,reuniao,2024-07-17
2792,proposta,2024-07-26
2792,perdido,2024-08-13
2793,lead,2025-11-12
2793,perdido,2025-11-30
2794,lead,2025-12-06
2794,contato,2025-12-11
2795,lead,2025-10-17
2795,contato,2025-10-18
2795,reuniao,2025-10-22
2795,proposta,2025-10-27
2795,perdido,2025-10-31
2796,lead,2025-02-27
2796,perdido,2025-03-08
2797,lead,2024-06-28
2797,contato,2024-06-30
2797,reuniao,2024-07-04
2797,perdido,2024-07-23
2798,lead,2025-07-31
2798,contato,2025-08-11
2798,reuniao,2025-08-14
2798,proposta,2025-08-19
2798,fechado,2025-08-24
2799,lead,2025-05-09
2799,perdido,2025-05-12
2800,lead,2025-12-11
2800,contato,2025-12-13
2800,reuniao,2025-12-14
2800,proposta,2025-12-20
2800,perdido,2025-12-30
2801,lead,2024-09-23
2801,contato,2024-10-05
2801,perdido,2024-10-14
2802,lead,2024-02-03
2802,contato,2024-02-16
2802,reuniao,2024-02-21
2802,proposta,2024-02-23
2802,fechado,2024-02-27
2803,lead,2025-12-30
2804,lead,2025-08-26
2804,contato,2025-09-08
2804,reuniao,2025-09-14
2804,proposta,2025-09-23
2804,perdido,2025-10-12
2805,lead,2024-05-23
2805,perdido,2024-06-07
2806,lead,2025-05-27
2806,perdido,2025-05-31
2807,lead,2024-01-01
2807,contato,2024-01-08
2807,reuniao,2024-01-09
2807,proposta,2024-01-16
2807,fechado,2024-01-24
2808,lead,2025-02-02
2808,contato,2025-02-13
2808,reuniao,2025-02-14
2808,proposta,2025-02-16
2808,fechado,2025-02-19
2809,lead,2024-09-13
2809,contato,2024-09-28
2809,reuniao,2024-10-04
2809,perdido,2024-10-29
2810,lead,2024-09-26
2810,contato,2024-10-05
2810,reuniao,2024-10-07
2810,perdido,2024-10-26
2811,lead,2024-06-10
2811,contato,2024-06-16
2811,reuniao,2024-06-25
2811,perdido,2024-07-15
2812,lead,2024-07-04
2812,perdido,2024-08-03
2813,lead,2024-11-21
2813,contato,2024-11-22
2813,perdido,2024-12-06
2814,lead,2024-06-13
2814,contato,2024-06-19
2814,reuniao,2024-06-26
2814,proposta,2024-07-04
2814,fechado,2024-07-10
2815,lead,2024-11-30
2815,contato,2024-12-05
2815,perdido,2024-12-18
2816,lead,2025-02-13
2816,contato,2025-02-17
2816,reuniao,2025-02-25
2816,proposta,2025-03-01
2816,fechado,2025-03-06
2817,lead,2025-05-16
2817,contato,2025-05-29
2817,perdido,2025-06-02
2818,lead,2025-04-21
2818,contato,2025-04-23
2818,reuniao,2025-05-11
2818,proposta,2025-05-28
2818,perdido,2025-06-03
2819,lead,2024-06-08
2819,contato,2024-06-21
2819,reuniao,2024-07-16
2819,proposta,2024-07-25
2819,fechado,2024-07-26
2820,lead,2024-01-23
2820,perdido,2024-01-29
2821,lead,2025-08-21
2821,perdido,2025-08-31
2822,lead,2025-09-20
2822,contato,2025-09-26
2822,reuniao,2025-10-02
2822,proposta,2025-10-06
2822,perdido,2025-10-19
2823,lead,2025-12-12
2823,contato,2025-12-17
2823,reuniao,2025-12-20
2823,proposta,2025-12-27
2824,lead,2025-11-25
2824,perdido,2025-12-21
2825,lead,2025-03-22
2825,contato,2025-04-10
2825,reuniao,2025-04-14
2825,perdido,2025-04-24
2826,lead,2025-10-06
2826,contato,2025-10-20
2826,perdido,2025-10-28
2827,lead,2024-11-15
2827,contato,2024-12-12
2827,perdido,2025-01-07
2828,lead,2025-07-15
2828,contato,2025-07-19
2828,reuniao,2025-07-24
2828,perdido,2025-08-03
2829,lead,2025-11-22
2829,contato,2025-12-03
2829,reuniao,2025-12-10
2829,perdido,2025-12-20
2830,lead,2025-07-23
2830,perdido,2025-08-07
2831,lead,2024-10-21
2831,contato,2024-10-26
2831,reuniao,2024-11-04
2831,proposta,2024-11-12
2831,perdido,2024-12-11
2832,lead,2024-09-23
2832,contato,2024-09-24
2832,reuniao,2024-09-26
2832,proposta,2024-09-27
2832,perdido,2024-10-20
2833,lead,2024-07-18
2833,contato,2024-07-22
2833,reuniao,2024-07-27
2833,proposta,2024-08-01
2833,fechado,2024-08-14
2834,lead,2024-09-16
2834,contato,2024-09-19
2834,reuniao,2024-10-02
2834,perdido,2024-10-05
2835,lead,2025-08-11
2835,contato,2025-08-24
2835,reuniao,2025-09-18
2835,proposta,2025-09-25
2835,fechado,2025-10-02
2836,lead,2025-05-09
2836,perdido,2025-06-08
2837,lead,2024-06-14
2837,contato,2024-06-15
2837,reuniao,2024-06-18
2837,perdido,2024-07-16
2838,lead,2025-05-16
2838,contato,2025-05-17
2838,reuniao,2025-05-28
2838,proposta,2025-05-31
2838,fechado,2025-06-02
2839,lead,2024-09-25
2839,contato,2024-10-02
2839,perdido,2024-10-30
2840,lead,2025-02-02
2840,contato,2025-02-09
2840,reuniao,2025-02-14
2840,proposta,2025-02-25
2840,fechado,2025-03-05
2841,lead,2024-09-18
2841,contato,2024-09-24
2841,perdido,2024-10-04
2842,lead,2025-01-12
2842,perdido,2025-02-09
2843,lead,2025-05-30
2843,contato,2025-06-05
2843,perdido,2025-06-30
2844,lead,2025-05-31
2844,contato,2025-06-09
2844,reuniao,2025-06-11
2844,proposta,2025-06-16
2844,perdido,2025-07-03
2845,lead,2025-06-18
2845,contato,2025-06-25
2845,reuniao,2025-06-29
2845,perdido,2025-07-02
2846,lead,2024-10-03
2846,contato,2024-10-09
2846,reuniao,2024-10-18
2846,proposta,2024-10-28
2846,perdido,2024-11-14
2847,lead,2025-05-01
2847,perdido,2025-05-21
2848,lead,2024-06-05
2848,contato,2024-06-20
2848,perdido,2024-07-15
2849,lead,2024-12-10
2849,contato,2024-12-17
2849,reuniao,2024-12-27
2849,proposta,2025-01-08
2849,perdido,2025-01-26
2850,lead,2025-02-17
2850,contato,2025-02-23
2850,reuniao,2025-02-28
2850,proposta,2025-03-01
2850,perdido,2025-03-23
2851,lead,2025-04-28
2851,contato,2025-05-04
2851,reuniao,2025-05-13
2851,proposta,2025-05-19
2851,fechado,2025-05-26
2852,lead,2025-10-19
2852,contato,2025-10-24
2852,reuniao,2025-10-27
2852,proposta,2025-11-04
2852,perdido,2025-11-17
2853,lead,2024-07-29
2853,perdido,2024-08-28
2854,lead,2025-08-31
2854,contato,2025-09-05
2854,perdido,2025-09-29
2855,lead,2024-08-03
2855,perdido,2024-08-18
2856,lead,2025-01-29
2856,perdido,2025-02-07
2857,lead,2025-08-17
2857,contato,2025-09-04
2857,reuniao,2025-09-10
2857,proposta,2025-09-16
2857,perdido,2025-09-20
2858,lead,2025-05-25
2858,contato,2025-06-03
2858,reuniao,2025-06-12
2858,proposta,2025-06-27
2858,perdido,2025-07-15
2859,lead,2025-09-13
2859,contato,2025-09-23
2859,reuniao,2025-09-24
2859,perdido,2025-10-06
2860,lead,2025-08-07
2860,contato,2025-08-16
2860,reuniao,2025-08-17
2860,perdido,2025-09-15
2861,lead,2024-07-06
2861,contato,2024-07-11
2861,reuniao,2024-07-25
2861,proposta,2024-07-27
2861,fechado,2024-08-04
2862,lead,2025-12-25
2863,lead,2025-11-07
2863,contato,2025-11-09
2863,reuniao,2025-10-25
2863,perdido,2025-11-28
2864,lead,2024-11-01
2864,perdido,2024-11-08
2865,lead,2024-01-27
2865,perdido,2024-02-16
2866,lead,2024-07-28
2866,contato,2024-07-29
2866,reuniao,2024-08-03
2866,perdido,2024-08-20
2867,lead,2025-08-24
2867,contato,2025-09-01
2867,reuniao,2025-09-08
2867,proposta,2025-09-11
2867,perdido,2025-10-04
2868,lead,2025-11-18
2868,contato,2025-11-29
2868,perdido,2025-12-23
2869,lead,2025-08-20
2869,contato,2025-08-27
2869,reuniao,2025-08-28
2869,proposta,2025-09-06
2869,fechado,2025-09-09
2870,lead,2024-10-07
2870,perdido,2024-10-28
2871,lead,2024-02-01
2871,contato,2024-02-05
2871,reuniao,2024-01-26
2871,proposta,2024-02-22
2871,perdido,2024-02-25
2872,lead,2025-01-10
2872,contato,2025-01-17
2872,reuniao,2025-01-21
2872,perdido,2025-02-16
2873,lead,2024-09-22
2873,contato,2024-09-26
2873,reuniao,2024-10-16
2873,proposta,2024-10-20
2873,fechado,2024-10-23
2874,lead,2024-03-14
2874,contato,2024-04-03
2874,perdido,2024-04-12
2875,lead,2024-03-03
2875,contato,2024-03-08
2875,reuniao,2024-03-28
2875,perdido,2024-04-24
2876,lead,2024-04-03
2876,contato,2024-04-05
2876,reuniao,2024-04-07
2876,proposta,2024-04-13
2876,perdido,2024-05-10
2877,lead,2024-05-12
2877,contato,2024-05-17
2877,reuniao,2024-05-26
2877,proposta,2024-06-03
2877,perdido,2024-06-24
2878,lead,2025-06-18
2878,perdido,2025-07-04
2879,lead,2024-09-26
2879,contato,2024-09-28
2879,perdido,2024-10-04
2880,lead,2024-11-06
2880,contato,2024-11-23
2880,reuniao,2024-12-03
2880,proposta,2024-12-10
2880,perdido,2024-12-26
2881,lead,2025-02-26
2881,contato,2025-03-01
2881,reuniao,2025-03-20
2881,perdido,2025-03-31
2882,lead,2025-11-26
2882,perdido,2025-12-16
2883,lead,2025-06-20
2883,contato,2025-06-25
2883,reuniao,2025-06-29
2883,proposta,2025-06-30
2883,perdido,2025-07-29
2884,lead,2025-03-30
2884,perdido,2025-04-25
2885,lead,2025-06-10
2885,contato,2025-06-18
2885,reuniao,2025-06-26
2885,perdido,2025-07-15
2886,lead,2025-05-22
2886,contato,2025-05-27
2886,reuniao,2025-06-01
2886,proposta,2025-06-11
2886,perdido,2025-07-08
2887,lead,2025-05-01
2887,perdido,2025-05-22
2888,lead,2024-12-27
2888,perdido,2025-01-18
2889,lead,2025-02-07
2889,contato,2025-02-11
2889,reuniao,2025-02-20
2889,perdido,2025-03-04
2890,lead,2024-11-26
2890,contato,2024-12-06
2890,reuniao,2024-12-27
2890,proposta,2024-12-08
2890,perdido,2025-01-21
2891,lead,2024-10-06
2891,perdido,2024-10-21
2892,lead,2024-07-01
2892,contato,2024-07-16
2892,reuniao,2024-08-02
2892,proposta,2024-08-23
2892,perdido,2024-08-29
2893,lead,2024-09-07
2893,perdido,2024-09-28
2894,lead,2024-10-30
2894,contato,2024-11-06
2894,perdido,2024-11-21
2895,lead,2025-02-15
2895,contato,2025-02-19
2895,reuniao,2025-03-12
2895,proposta,2025-03-27
2895,perdido,2025-04-03
2896,lead,2024-12-31
2896,perdido,2025-01-07
2897,lead,2024-03-04
2897,contato,2024-03-08
2897,reuniao,2024-03-09
2897,proposta,2024-03-19
2897,fechado,2024-03-20
2898,lead,2024-08-26
2898,contato,2024-08-31
2898,perdido,2024-09-06
2899,lead,2024-09-22
2899,contato,2024-10-04
2899,perdido,2024-10-17
2900,lead,2025-05-13
2900,contato,2025-05-20
2900,reuniao,2025-06-02
2900,proposta,2025-06-08
2900,perdido,2025-06-28
2901,lead,2024-08-21
2901,contato,2024-08-30
2901,perdido,2024-09-25
2902,lead,2024-01-05
2902,contato,2024-01-10
2902,perdido,2024-01-22
2903,lead,2024-02-18
2903,perdido,2024-03-09
2904,lead,2024-12-28
2904,perdido,2025-01-10
2905,lead,2024-04-29
2905,perdido,2024-05-22
2906,lead,2024-12-26
2906,perdido,2024-12-31
2907,lead,2025-02-12
2907,contato,2025-02-28
2907,perdido,2025-03-19
2908,lead,2025-11-04
2908,perdido,2025-11-14
2909,lead,2025-04-06
2909,perdido,2025-04-21
2910,lead,2024-01-18
2910,contato,2024-01-23
2910,reuniao,2024-02-01
2910,perdido,2024-02-26
2911,lead,2024-09-26
2911,contato,2024-10-07
2911,reuniao,2024-10-16
2911,proposta,2024-10-23
2911,perdido,2024-10-26
2912,lead,2025-07-20
2912,contato,2025-07-21
2912,perdido,2025-08-19
2913,lead,2024-06-23
2913,contato,2024-06-27
2913,reuniao,2024-06-29
2913,proposta,2024-07-05
2913,fechado,2024-07-18
2914,lead,2025-10-29
2914,contato,2025-11-04
2914,reuniao,2025-11-13
2914,proposta,2025-11-16
2914,perdido,2025-12-08
2915,lead,2025-01-16
2915,contato,2025-01-20
2915,perdido,2025-02-01
2916,lead,2024-02-23
2916,contato,2024-03-21
2916,reuniao,2024-04-03
2916,proposta,2024-04-20
2916,perdido,2024-05-15
2917,lead,2024-06-08
2917,perdido,2024-06-24
2918,lead,2025-10-15
2918,contato,2025-10-24
2918,perdido,2025-11-15
2919,lead,2025-12-24
2919,perdido,2025-12-27
2920,lead,2025-09-13
2920,contato,2025-09-17
2920,reuniao,2025-09-22
2920,proposta,2025-10-01
2920,fechado,2025-10-02
2921,lead,2024-08-11
2921,perdido,2024-09-05
2922,lead,2025-06-30
2922,contato,2025-07-09
2922,reuniao,2025-07-25
2922,proposta,2025-07-27
2922,perdido,2025-08-18
2923,lead,2024-05-24
2923,contato,2024-05-25
2923,reuniao,2024-05-27
2923,perdido,2024-06-14
2924,lead,2024-09-28
2924,contato,2024-10-02
2924,perdido,2024-10-14
2925,lead,2025-05-06
2925,perdido,2025-05-15
2926,lead,2025-12-03
2926,perdido,2025-12-29
2927,lead,2024-11-08
2927,contato,2024-11-17
2927,reuniao,2024-12-01
2927,proposta,2024-12-06
2927,perdido,2024-12-27
2928,lead,2024-12-27
2928,perdido,2025-01-23
2929,lead,2024-05-22
2929,contato,2024-05-24
2929,perdido,2024-06-11
2930,lead,2024-10-12
2930,contato,2024-10-16
2930,reuniao,2024-10-23
2930,proposta,2024-11-01
2930,perdido,2024-11-28
2931,lead,2024-02-05
2931,contato,2024-02-13
2931,perdido,2024-03-14
2932,lead,2025-09-10
2932,contato,2025-10-01
2932,reuniao,2025-10-02
2932,proposta,2025-10-13
2932,perdido,2025-11-03
2933,lead,2024-01-14
2933,perdido,2024-01-23
2934,lead,2025-04-26
2934,contato,2025-04-30
2934,reuniao,2025-05-06
2934,proposta,2025-05-16
2934,fechado,2025-05-21
2935,lead,2024-07-03
2935,contato,2024-07-07
2935,reuniao,2024-07-13
2935,proposta,2024-07-14
2935,fechado,2024-07-18
2936,lead,2024-12-09
2936,contato,2024-12-13
2936,reuniao,2024-12-16
2936,proposta,2024-12-23
2936,perdido,2025-01-09
2937,lead,2024-07-10
2937,perdido,2024-07-21
2938,lead,2024-10-10
2938,contato,2024-10-12
2938,reuniao,2024-10-13
2938,proposta,2024-10-27
2938,perdido,2024-11-17
2939,lead,2025-01-26
2939,perdido,2025-01-30
2940,lead,2025-03-26
2940,contato,2025-04-04
2940,reuniao,2025-04-06
2940,perdido,2025-05-05
2941,lead,2025-11-10
2941,contato,2025-11-14
2941,reuniao,2025-11-16
2941,proposta,2025-11-03
2941,perdido,2025-12-02
2942,lead,2024-08-20
2942,contato,2024-08-27
2942,reuniao,2024-09-07
2942,proposta,2024-09-13
2942,perdido,2024-09-23
2943,lead,2025-02-18
2943,perdido,2025-02-24
2944,lead,2025-10-12
2944,contato,2025-10-17
2944,reuniao,2025-10-24
2944,proposta,2025-10-26
2944,perdido,2025-11-06
2945,lead,2024-07-17
2945,perdido,2024-07-20
2946,lead,2025-09-15
2946,contato,2025-09-21
2946,reuniao,2025-09-29
2946,proposta,2025-10-06
2946,perdido,2025-10-28
2947,lead,2025-11-24
2947,contato,2025-11-28
2947,reuniao,2025-11-29
2947,proposta,2025-12-06
2947,fechado,2025-12-20
2948,lead,2025-09-02
2948,perdido,2025-09-28
2949,lead,2025-02-09
2949,perdido,2025-02-28
2950,lead,2025-05-24
2950,contato,2025-06-03
2950,reuniao,2025-06-05
2950,perdido,2025-07-02
2951,lead,2024-12-13
2951,contato,2024-12-18
2951,reuniao,2024-12-29
2951,perdido,2025-01-24
2952,lead,2025-02-26
2952,contato,2025-02-28
2952,reuniao,2025-03-21
2952,proposta,2025-03-24
2952,perdido,2025-04-16
2953,lead,2025-12-08
2953,contato,2025-12-12
2953,reuniao,2025-12-21
2954,lead,2024-06-15
2954,contato,2024-06-19
2954,reuniao,2024-06-27
2954,proposta,2024-06-30
2954,fechado,2024-07-05
2955,lead,2025-07-19
2955,contato,2025-07-26
2955,perdido,2025-08-19
2956,lead,2025-01-04
2956,contato,2025-01-13
2956,reuniao,2025-01-20
2956,proposta,2025-02-21
2956,perdido,2025-03-22
2957,lead,2024-04-20
2957,contato,2024-04-21
2957,perdido,2024-05-04
2958,lead,2025-03-28
2958,contato,2025-04-13
2958,reuniao,2025-04-15
2958,perdido,2025-04-28
2959,lead,2025-07-19
2959,contato,2025-07-23
2959,reuniao,2025-07-27
2959,proposta,2025-08-03
2959,perdido,2025-08-25
2960,lead,2025-02-08
2960,contato,2025-02-18
2960,reuniao,2025-02-22
2960,perdido,2025-03-02
2961,lead,2025-08-25
2961,contato,2025-09-12
2961,reuniao,2025-09-18
2961,proposta,2025-09-24
2961,perdido,2025-10-24
2962,lead,2024-09-15
2962,contato,2024-09-23
2962,reuniao,2024-09-25
2962,proposta,2024-09-29
2962,fechado,2024-10-02
2963,lead,2025-10-20
2963,contato,2025-11-03
2963,reuniao,2025-11-07
2963,perdido,2025-12-04
2964,lead,2025-03-31
2964,perdido,2025-04-10
2965,lead,2025-07-28
2965,contato,2025-08-27
2965,perdido,2025-09-21
2966,lead,2024-07-03
2966,contato,2024-07-12
2966,perdido,2024-07-21
2967,lead,2024-11-14
2967,contato,2024-11-27
2967,reuniao,2024-12-02
2967,proposta,2024-12-11
2967,perdido,2024-12-22
2968,lead,2025-10-17
2968,contato,2025-10-25
2968,perdido,2025-10-31
2969,lead,2024-01-29
2969,contato,2024-02-05
2969,reuniao,2024-02-13
2969,proposta,2024-02-17
2969,perdido,2024-02-25
2970,lead,2024-10-13
2970,perdido,2024-10-23
2971,lead,2025-07-10
2971,contato,2025-07-19
2971,reuniao,2025-07-26
2971,proposta,2025-08-03
2971,perdido,2025-08-17
2972,lead,2025-06-10
2972,contato,2025-06-19
2972,perdido,2025-06-25
2973,lead,2025-09-05
2973,contato,2025-09-25
2973,perdido,2025-10-17
2974,lead,2025-06-06
2974,perdido,2025-06-12
2975,lead,2025-11-15
2975,perdido,2025-12-04
2976,lead,2024-12-29
2976,contato,2025-01-09
2976,perdido,2025-02-05
2977,lead,2025-03-15
2977,contato,2025-03-26
2977,reuniao,2025-03-30
2977,proposta,2025-04-01
2977,fechado,2025-04-08
2978,lead,2025-09-02
2978,contato,2025-09-08
2978,reuniao,2025-09-13
2978,proposta,2025-09-14
2978,perdido,2025-10-11
2979,lead,2025-05-09
2979,contato,2025-05-10
2979,reuniao,2025-05-21
2979,proposta,2025-05-30
2979,perdido,2025-06-19
2980,lead,2024-02-29
2980,contato,2024-03-06
2980,perdido,2024-03-17
2981,lead,2024-09-16
2981,perdido,2024-09-23
2982,lead,2025-01-30
2982,perdido,2025-02-20
2983,lead,2025-06-19
2983,contato,2025-06-26
2983,reuniao,2025-07-07
2983,proposta,2025-07-15
2983,fechado,2025-07-22
2984,lead,2025-01-25
2984,contato,2025-02-18
2984,perdido,2025-03-16
2985,lead,2025-07-07
2985,contato,2025-07-14
2985,reuniao,2025-07-18
2985,perdido,2025-08-03
2986,lead,2025-08-25
2986,contato,2025-08-30
2986,reuniao,2025-09-09
2986,proposta,2025-08-27
2986,fechado,2025-09-24
2987,lead,2024-06-27
2987,contato,2024-07-01
2987,perdido,2024-07-10
2988,lead,2025-03-10
2988,contato,2025-03-14
2988,perdido,2025-04-13
2989,lead,2025-02-01
2989,contato,2025-02-02
2989,perdido,2025-02-19
2990,lead,2024-05-27
2990,contato,2024-06-06
2990,reuniao,2024-06-07
2990,proposta,2024-06-09
2990,fechado,2024-06-21
2991,lead,2024-12-22
2991,contato,2025-01-07
2991,reuniao,2025-01-18
2991,proposta,2025-01-22
2991,perdido,2025-01-30
2992,lead,2025-01-27
2992,contato,2025-01-30
2992,perdido,2025-02-12
2993,lead,2025-08-09
2993,perdido,2025-08-30
2994,lead,2024-11-26
2994,perdido,2024-12-07
2995,lead,2024-02-16
2995,contato,2024-02-22
2995,reuniao,2024-02-29
2995,proposta,2024-03-17
2995,fechado,2024-04-02
2996,lead,2024-12-19
2996,contato,2025-01-09
2996,reuniao,2025-01-15
2996,proposta,2025-01-23
2996,fechado,2025-02-12
2997,lead,2025-08-25
2997,contato,2025-09-07
2997,reuniao,2025-09-15
2997,proposta,2025-10-06
2997,perdido,2025-10-27
2998,lead,2025-02-10
2998,contato,2025-02-14
2998,perdido,2025-02-27
2999,lead,2024-08-09
2999,contato,2024-08-21
2999,reuniao,2024-08-30
2999,proposta,2024-09-01
2999,fechado,2024-09-13
3000,lead,2025-10-26
3000,contato,2025-11-01
3000,reuniao,2025-11-14
3000,proposta,2025-11-19
3000,perdido,2025-12-13
3001,lead,2025-05-17
3001,perdido,2025-06-08
3002,lead,2025-12-31
3003,lead,2024-05-03
3003,contato,2024-05-05
3003,reuniao,2024-05-08
3003,perdido,2024-05-13
3004,lead,2024-05-29
3004,contato,2024-06-07
3004,reuniao,2024-06-17
3004,proposta,2024-06-21
3004,fechado,2024-06-26
3005,lead,2024-07-22
3005,contato,2024-07-25
3005,reuniao,2024-08-05
3005,proposta,2024-08-10
3005,fechado,2024-08-22
3006,lead,2025-07-13
3006,contato,2025-07-26
3006,reuniao,2025-08-08
3006,proposta,2025-08-14
3006,fechado,2025-08-18
3007,lead,2025-01-03
3007,contato,2025-01-11
3007,perdido,2025-02-09
3008,lead,2025-02-09
3008,perdido,2025-03-11
3009,lead,2025-01-26
3009,perdido,2025-02-24
3010,lead,2025-11-07
3010,contato,2025-11-18
3010,reuniao,2025-11-23
3010,perdido,2025-12-21
3011,lead,2024-01-20
3011,contato,2024-02-03
3011,reuniao,2024-02-06
3011,proposta,2024-02-20
3011,perdido,2024-02-25
3012,lead,2024-04-07
3012,contato,2024-04-27
3012,reuniao,2024-04-16
3012,proposta,2024-05-10
3012,perdido,2024-05-17
3013,lead,2024-09-27
3013,perdido,2024-10-12
3014,lead,2024-12-20
3014,contato,2024-12-29
3014,reuniao,2025-01-06
3014,proposta,2025-01-18
3014,perdido,2025-01-25
3015,lead,2024-03-08
3015,contato,2024-03-15
3015,reuniao,2024-03-24
3015,perdido,2024-04-14
3016,lead,2025-10-05
3016,contato,2025-10-08
3016,reuniao,2025-10-12
3016,proposta,2025-10-14
3016,perdido,2025-10-26
3017,lead,2025-04-22
3017,contato,2025-04-26
3017,reuniao,2025-04-27
3017,perdido,2025-05-26
3018,lead,2025-11-03
3018,perdido,2025-11-12
3019,lead,2025-11-10
3019,contato,2025-11-17
3019,reuniao,2025-11-27
3019,perdido,2025-12-15
3020,lead,2025-01-07
3020,contato,2025-01-11
3020,perdido,2025-01-19
3021,lead,2025-09-06
3021,contato,2025-09-15
3021,perdido,2025-09-19
3022,lead,2025-06-04
3022,perdido,2025-06-09
3023,lead,2024-09-11
3023,contato,2024-09-18
3023,reuniao,2024-09-23
3023,proposta,2024-09-25
3023,fechado,2024-10-01
3024,lead,2025-04-07
3024,perdido,2025-04-20
3025,lead,2025-11-20
3025,contato,2025-12-01
3025,reuniao,2025-12-09
3025,perdido,2025-12-21
3026,lead,2025-06-26
3026,contato,2025-06-30
3026,perdido,2025-07-21
3027,lead,2025-05-15
3027,perdido,2025-06-05
3028,lead,2024-05-23
3028,perdido,2024-06-05
3029,lead,2025-08-20
3029,contato,2025-08-24
3029,reuniao,2025-09-18
3029,proposta,2025-09-26
3029,perdido,2025-10-09
3030,lead,2024-10-02
3030,contato,2024-10-10
3030,reuniao,2024-10-21
3030,proposta,2024-10-24
3030,fechado,2024-10-28
3031,lead,2025-03-15
3031,contato,2025-03-19
3031,perdido,2025-03-22
3032,lead,2025-04-22
3032,contato,2025-04-26
3032,reuniao,2025-04-29
3032,perdido,2025-05-21
3033,lead,2025-01-09
3033,contato,2025-01-18
3033,perdido,2025-02-16
3034,lead,2024-04-12
3034,contato,2024-05-09
3034,reuniao,2024-05-20
3034,proposta,2024-06-05
3034,fechado,2024-06-07
3035,lead,2025-05-06
3035,contato,2025-05-16
3035,perdido,2025-06-08
3036,lead,2024-06-12
3036,contato,2024-06-17
3036,reuniao,2024-06-28
3036,perdido,2024-07-25
3037,lead,2024-06-27
3037,contato,2024-07-07
3037,reuniao,2024-07-22
3037,perdido,2024-08-10
3038,lead,2024-03-16
3038,perdido,2024-04-06
3039,lead,2025-03-12
3039,contato,2025-04-18
3039,perdido,2025-05-15
3040,lead,2024-03-10
3040,contato,2024-04-14
3040,reuniao,2024-04-16
3040,perdido,2024-05-10
3041,lead,2024-08-31
3041,contato,2024-09-12
3041,reuniao,2024-09-24
3041,perdido,2024-10-24
3042,lead,2025-10-03
3042,perdido,2025-10-28
3043,lead,2024-11-19
3043,contato,2024-11-25
3043,reuniao,2024-12-07
3043,proposta,2024-12-15
3043,perdido,2024-12-18
3044,lead,2025-10-06
3044,contato,2025-10-10
3044,perdido,2025-10-14
3045,lead,2024-12-24
3045,contato,2024-12-31
3045,reuniao,2025-01-04
3045,proposta,2025-01-13
3045,perdido,2025-02-11
3046,lead,2024-04-22
3046,contato,2024-05-01
3046,reuniao,2024-05-11
3046,perdido,2024-05-20
3047,lead,2025-06-22
3047,contato,2025-07-09
3047,reuniao,2025-07-15
3047,proposta,2025-07-26
3047,fechado,2025-08-09
3048,lead,2024-09-06
3048,contato,2024-09-07
3048,reuniao,2024-09-09
3048,proposta,2024-09-14
3048,perdido,2024-10-10
3049,lead,2025-12-01
3049,perdido,2025-12-19
3050,lead,2024-06-24
3050,contato,2024-07-01
3050,reuniao,2024-07-10
3050,proposta,2024-07-17
3050,perdido,2024-07-24
3051,lead,2025-08-12
3051,contato,2025-08-18
3051,reuniao,2025-09-10
3051,proposta,2025-09-11
3051,perdido,2025-09-25
3052,lead,2024-12-25
3052,contato,2024-12-31
3052,perdido,2025-01-17
3053,lead,2025-08-29
3053,contato,2025-09-13
3053,perdido,2025-10-13
3054,lead,2024-04-25
3054,contato,2024-05-05
3054,reuniao,2024-05-25
3054,perdido,2024-06-23
3055,lead,2025-03-22
3055,perdido,2025-04-14
3056,lead,2024-03-07
3056,perdido,2024-04-04
3057,lead,2025-07-30
3057,contato,2025-07-31
3057,perdido,2025-08-09
3058,lead,2024-06-03
3058,perdido,2024-06-29
3059,lead,2024-10-30
3059,contato,2024-11-14
3059,reuniao,2024-11-20
3059,perdido,2024-12-03
3060,lead,2025-04-06
3060,contato,2025-04-11
3060,reuniao,2025-04-15
3060,proposta,2025-04-17
3060,perdido,2025-04-23
3061,lead,2024-12-11
3061,contato,2024-12-13
3061,reuniao,2024-12-17
3061,proposta,2024-12-24
3061,fechado,2025-01-04
3062,lead,2025-07-08
3062,contato,2025-07-13
3062,reuniao,2025-07-22
3062,proposta,2025-07-25
3062,perdido,2025-08-19
3063,lead,2025-04-29
3063,contato,2025-05-06
3063,reuniao,2025-05-22
3063,perdido,2025-06-11
3064,lead,2024-03-19
3064,contato,2024-03-20
3064,reuniao,2024-03-25
3064,proposta,2024-04-03
3064,perdido,2024-04-09
3065,lead,2025-07-04
3065,contato,2025-07-12
3065,reuniao,2025-07-23
3065,perdido,2025-08-05
3066,lead,2024-10-27
3066,contato,2024-11-12
3066,reuniao,2024-12-07
3066,proposta,2024-12-08
3066,perdido,2024-12-16
3067,lead,2025-02-26
3067,contato,2025-03-02
3067,perdido,2025-03-08
3068,lead,2024-05-19
3068,contato,2024-05-30
3068,reuniao,2024-06-10
3068,proposta,2024-06-15
3068,perdido,2024-07-01
3069,lead,2024-10-27
3069,contato,2024-11-02
3069,reuniao,2024-12-06
3069,perdido,2024-12-31
3070,lead,2025-08-08
3070,contato,2025-08-13
3070,reuniao,2025-08-14
3070,proposta,2025-08-29
3070,perdido,2025-09-25
3071,lead,2025-10-29
3071,contato,2025-11-10
3071,perdido,2025-11-27
3072,lead,2025-11-08
3072,contato,2025-11-09
3072,reuniao,2025-11-28
3072,perdido,2025-12-21
3073,lead,2025-05-08
3073,perdido,2025-05-11
3074,lead,2024-02-15
3074,contato,2024-02-20
3074,reuniao,2024-02-26
3074,proposta,2024-03-04
3074,fechado,2024-03-07
3075,lead,2024-11-11
3075,perdido,2024-12-05
3076,lead,2024-05-02
3076,perdido,2024-05-12
3077,lead,2025-05-06
3077,perdido,2025-05-31
3078,lead,2024-04-09
3078,perdido,2024-05-01
3079,lead,2025-12-11
3079,contato,2025-12-15
3079,reuniao,2025-12-18
3079,proposta,2025-12-20
3080,lead,2024-05-03
3080,contato,2024-06-03
3080,perdido,2024-06-28
3081,lead,2024-01-30
3081,perdido,2024-02-13
3082,lead,2025-08-30
3082,perdido,2025-09-23
3083,lead,2024-05-09
3083,perdido,2024-06-02
3084,lead,2024-01-14
3084,perdido,2024-02-06
3085,lead,2025-01-27
3085,contato,2025-02-11
3085,reuniao,2025-02-13
3085,proposta,2025-02-17
3085,perdido,2025-03-01
3086,lead,2025-12-03
3086,perdido,2025-12-18
3087,lead,2024-06-28
3087,contato,2024-07-07
3087,reuniao,2024-07-24
3087,perdido,2024-08-12
3088,lead,2024-10-16
3088,contato,2024-10-18
3088,reuniao,2024-10-25
3088,proposta,2024-11-01
3088,perdido,2024-11-08
3089,lead,2024-06-04
3089,contato,2024-06-06
3089,reuniao,2024-06-29
3089,proposta,2024-07-02
3089,perdido,2024-07-15
3090,lead,2025-02-02
3090,contato,2025-02-06
3090,reuniao,2025-02-12
3090,proposta,2025-02-20
3090,perdido,2025-03-14
3091,lead,2024-08-12
3091,perdido,2024-08-20
3092,lead,2025-02-22
3092,contato,2025-02-25
3092,reuniao,2025-03-04
3092,proposta,2025-02-24
3092,perdido,2025-03-31
3093,lead,2024-12-11
3093,contato,2024-12-17
3093,reuniao,2024-12-20
3093,proposta,2025-01-07
3093,perdido,2025-01-25
3094,lead,2025-10-31
3094,contato,2025-11-09
3094,perdido,2025-12-02
3095,lead,2025-04-16
3095,perdido,2025-04-26
3096,lead,2025-04-25
3096,contato,2025-04-26
3096,reuniao,2025-05-04
3096,proposta,2025-05-12
3096,perdido,2025-06-02
3097,lead,2024-12-18
3097,perdido,2024-12-28
3098,lead,2024-07-27
3098,perdido,2024-08-12
3099,lead,2024-08-05
3099,contato,2024-08-08
3099,reuniao,2024-08-11
3099,perdido,2024-09-06
3100,lead,2025-01-02
3100,contato,2025-01-16
3100,perdido,2025-02-11
3101,lead,2024-05-01
3101,contato,2024-05-11
3101,reuniao,2024-05-14
3101,proposta,2024-05-18
3101,perdido,2024-06-06
3102,lead,2024-03-20
3102,perdido,2024-04-19
3103,lead,2024-09-19
3103,perdido,2024-09-25
3104,lead,2024-03-19
3104,contato,2024-03-25
3104,reuniao,2024-03-29
3104,perdido,2024-04-04
3105,lead,2024-05-30
3105,contato,2024-06-06
3105,perdido,2024-07-01
3106,lead,2025-01-20
3106,contato,2025-02-03
3106,reuniao,2025-01-22
3106,perdido,2025-03-11
3107,lead,2025-07-17
3107,contato,2025-08-02
3107,reuniao,2025-08-07
3107,proposta,2025-08-19
3107,perdido,2025-09-11
3108,lead,2024-05-25
3108,perdido,2024-06-07
3109,lead,2025-07-19
3109,perdido,2025-07-26
3110,lead,2024-01-09
3110,contato,2024-01-16
3110,perdido,2024-02-14
3111,lead,2025-12-29
3111,contato,2025-12-31
3112,lead,2025-01-10
3112,contato,2025-01-20
3112,reuniao,2025-02-02
3112,perdido,2025-02-05
3113,lead,2024-12-09
3113,contato,2024-12-15
3113,reuniao,2024-12-16
3113,perdido,2025-01-14
3114,lead,2025-04-02
3114,contato,2025-04-19
3114,reuniao,2025-04-21
3114,perdido,2025-05-21
3115,lead,2024-12-08
3115,contato,2024-12-16
3115,reuniao,2024-12-27
3115,proposta,2025-01-03
3115,perdido,2025-02-02
3116,lead,2024-10-16
3116,perdido,2024-10-29
3117,lead,2024-09-18
3117,contato,2024-09-20
3117,perdido,2024-10-01
3118,lead,2025-12-11
3118,contato,2025-12-28
3119,lead,2025-09-12
3119,contato,2025-09-16
3119,perdido,2025-09-22
3120,lead,2025-01-01
3120,perdido,2025-01-29
3121,lead,2025-08-24
3121,contato,2025-09-01
3121,reuniao,2025-09-04
3121,proposta,2025-09-07
3121,perdido,2025-10-05
3122,lead,2024-03-31
3122,contato,2024-04-08
3122,perdido,2024-04-22
3123,lead,2025-01-17
3123,perdido,2025-02-16
3124,lead,2024-11-17
3124,contato,2024-11-21
3124,perdido,2024-12-10
3125,lead,2024-08-14
3125,contato,2024-08-22
3125,perdido,2024-09-07
3126,lead,2025-10-24
3126,contato,2025-11-12
3126,reuniao,2025-11-20
3126,perdido,2025-12-14
3127,lead,2025-08-21
3127,contato,2025-09-25
3127,reuniao,2025-09-27
3127,proposta,2025-10-06
3127,perdido,2025-10-21
3128,lead,2025-10-15
3128,contato,2025-10-24
3128,reuniao,2025-10-28
3128,perdido,2025-11-08
3129,lead,2025-03-23
3129,contato,2025-04-01
3129,reuniao,2025-04-10
3129,proposta,2025-04-12
3129,perdido,2025-04-23
3130,lead,2024-09-22
3130,contato,2024-09-25
3130,perdido,2024-10-23
3131,lead,2025-06-20
3131,contato,2025-06-28
3131,perdido,2025-07-24
3132,lead,2024-03-04
3132,contato,2024-03-10
3132,reuniao,2024-03-23
3132,proposta,2024-03-30
3132,fechado,2024-04-02
3133,lead,2025-09-06
3133,contato,2025-10-02
3133,perdido,2025-10-20
3134,lead,2024-01-17
3134,contato,2024-01-28
3134,perdido,2024-02-27
3135,lead,2025-08-09
3135,contato,2025-08-13
3135,reuniao,2025-08-19
3135,perdido,2025-09-02
3136,lead,2025-05-11
3136,contato,2025-05-13
3136,perdido,2025-05-30
3137,lead,2024-02-21
3137,contato,2024-02-27
3137,reuniao,2024-03-09
3137,proposta,2024-03-25
3137,perdido,2024-04-04
3138,lead,2024-03-30
3138,contato,2024-04-03
3138,reuniao,2024-04-10
3138,proposta,2024-04-28
3138,perdido,2024-05-18
3139,lead,2024-11-19
3139,contato,2024-12-04
3139,reuniao,2024-12-11
3139,proposta,2025-01-02
3139,perdido,2025-01-06
3140,lead,2024-07-25
3140,perdido,2024-07-31
3141,lead,2025-09-16
3141,contato,2025-09-26
3141,reuniao,2025-10-06
3141,proposta,2025-10-17
3141,perdido,2025-11-09
3142,lead,2024-05-02
3142,perdido,2024-05-18
3143,lead,2024-10-22
3143,contato,2024-10-27
3143,perdido,2024-10-30
3144,lead,2024-06-23
3144,contato,2024-06-28
3144,reuniao,2024-06-21
3144,perdido,2024-08-05
3145,lead,2024-03-17
3145,contato,2024-03-19
3145,reuniao,2024-04-04
3145,proposta,2024-04-05
3145,perdido,2024-04-27
3146,lead,2024-06-22
3146,perdido,2024-07-13
3147,lead,2025-09-11
3147,contato,2025-09-22
3147,reuniao,2025-10-01
3147,proposta,2025-10-11
3147,perdido,2025-10-24
3148,lead,2025-05-19
3148,contato,2025-06-03
3148,reuniao,2025-06-10
3148,proposta,2025-06-26
3148,perdido,2025-07-13
3149,lead,2025-10-21
3149,perdido,2025-11-13
3150,lead,2024-10-14
3150,contato,2024-10-23
3150,reuniao,2024-10-25
3150,proposta,2024-10-31
3150,perdido,2024-11-09
3151,lead,2024-06-06
3151,contato,2024-06-15
3151,perdido,2024-07-11
3152,lead,2024-01-15
3152,perdido,2024-01-18
3153,lead,2024-12-26
3153,perdido,2025-01-06
3154,lead,2024-01-23
3154,contato,2024-01-31
3154,reuniao,2024-02-05
3154,perdido,2024-03-03
3155,lead,2024-01-03
3155,contato,2024-02-03
3155,reuniao,2024-02-10
3155,proposta,2024-02-22
3155,fechado,2024-02-25
3156,lead,2025-03-02
3156,contato,2025-03-13
3156,perdido,2025-03-20
3157,lead,2024-04-12
3157,contato,2024-04-13
3157,perdido,2024-05-08
3158,lead,2025-02-03
3158,contato,2025-02-05
3158,reuniao,2025-02-13
3158,perdido,2025-02-18
3159,lead,2025-02-11
3159,contato,2025-02-14
3159,reuniao,2025-02-15
3159,proposta,2025-02-23
3159,perdido,2025-03-17
3160,lead,2025-05-25
3160,contato,2025-05-28
3160,reuniao,2025-06-03
3160,perdido,2025-06-21
3161,lead,2024-09-27
3161,perdido,2024-10-25
3162,lead,2025-05-12
3162,contato,2025-05-22
3162,reuniao,2025-06-03
3162,proposta,2025-06-08
3162,fechado,2025-06-14
3163,lead,2024-09-15
3163,contato,2024-10-01
3163,reuniao,2024-10-04
3163,proposta,2024-10-24
3163,fechado,2024-10-29
3164,lead,2024-02-26
3164,perdido,2024-03-11
3165,lead,2024-08-02
3165,perdido,2024-08-28
3166,lead,2024-01-05
3166,perdido,2024-01-08
3167,lead,2024-11-27
3167,contato,2024-12-03
3167,perdido,2024-12-15
3168,lead,2025-06-07
3168,perdido,2025-06-18
3169,lead,2025-07-13
3169,contato,2025-07-18
3169,reuniao,2025-07-26
3169,perdido,2025-07-30
3170,lead,2024-05-31
3170,contato,2024-06-02
3170,reuniao,2024-06-08
3170,proposta,2024-06-15
3170,perdido,2024-06-23
3171,lead,2024-03-02
3171,contato,2024-03-07
3171,reuniao,2024-03-22
3171,perdido,2024-04-20
3172,lead,2024-04-27
3172,contato,2024-05-11
3172,perdido,2024-05-25
3173,lead,2025-12-17
3173,contato,2025-12-18
3173,reuniao,2025-12-21
3173,proposta,2025-12-30
3174,lead,2024-08-04
3174,contato,2024-08-21
3174,reuniao,2024-09-06
3174,proposta,2024-09-07
3174,perdido,2024-09-22
3175,lead,2024-10-31
3175,contato,2024-11-16
3175,perdido,2024-11-19
3176,lead,2024-02-13
3176,contato,2024-02-21
3176,reuniao,2024-02-23
3176,proposta,2024-03-08
3176,perdido,2024-04-05
3177,lead,2025-07-17
3177,contato,2025-07-18
3177,reuniao,2025-08-07
3177,proposta,2025-09-01
3177,fechado,2025-09-20
3178,lead,2024-11-16
3178,perdido,2024-11-22
3179,lead,2024-02-20
3179,contato,2024-03-09
3179,reuniao,2024-03-14
3179,perdido,2024-04-02
3180,lead,2024-12-06
3180,contato,2024-12-16
3180,perdido,2024-12-24
3181,lead,2025-05-18
3181,contato,2025-05-31
3181,reuniao,2025-06-13
3181,proposta,2025-06-22
3181,fechado,2025-06-23
3182,lead,2024-12-06
3182,perdido,2024-12-13
3183,lead,2025-12-03
3183,perdido,2025-12-21
3184,lead,2025-09-20
3184,contato,2025-09-27
3184,perdido,2025-10-27
3185,lead,2025-01-08
3185,contato,2025-01-15
3185,reuniao,2025-01-17
3185,perdido,2025-02-10
3186,lead,2025-11-10
3186,perdido,2025-12-05
3187,lead,2025-08-04
3187,contato,2025-08-12
3187,reuniao,2025-08-27
3187,perdido,2025-09-05
3188,lead,2024-09-16
3188,contato,2024-09-17
3188,perdido,2024-10-10
3189,lead,2025-07-02
3189,contato,2025-07-16
3189,reuniao,2025-07-30
3189,proposta,2025-08-05
3189,fechado,2025-08-08
3190,lead,2025-01-03
3190,contato,2025-01-15
3190,reuniao,2025-02-03
3190,proposta,2025-02-17
3190,perdido,2025-02-25
3191,lead,2025-01-22
3191,contato,2025-01-28
3191,perdido,2025-02-10
3192,lead,2025-01-12
3192,contato,2025-01-21
3192,reuniao,2025-02-04
3192,proposta,2025-02-09
3192,perdido,2025-03-10
3193,lead,2025-07-29
3193,contato,2025-08-05
3193,reuniao,2025-08-14
3193,proposta,2025-09-02
3193,fechado,2025-09-09
3194,lead,2025-10-24
3194,contato,2025-11-03
3194,perdido,2025-12-01
3195,lead,2024-08-10
3195,contato,2024-08-11
3195,reuniao,2024-08-19
3195,proposta,2024-08-22
3195,perdido,2024-09-10
3196,lead,2025-03-27
3196,contato,2025-03-28
3196,perdido,2025-04-16
3197,lead,2025-03-18
3197,contato,2025-03-29
3197,reuniao,2025-04-09
3197,proposta,2025-04-18
3197,fechado,2025-04-22
3198,lead,2025-10-01
3198,contato,2025-10-11
3198,perdido,2025-11-02
3199,lead,2024-11-15
3199,contato,2024-11-26
3199,perdido,2024-12-26
3200,lead,2024-04-30
3200,contato,2024-05-17
3200,reuniao,2024-05-25
3200,perdido,2024-06-16
3201,lead,2024-05-10
3201,contato,2024-05-26
3201,reuniao,2024-05-30
3201,proposta,2024-06-18
3201,fechado,2024-06-20
3202,lead,2024-01-29
3202,contato,2024-02-12
3202,reuniao,2024-02-27
3202,proposta,2024-03-02
3202,perdido,2024-03-25
3203,lead,2024-02-28
3203,contato,2024-03-09
3203,reuniao,2024-03-18
3203,proposta,2024-03-25
3203,fechado,2024-04-07
3204,lead,2024-07-26
3204,contato,2024-07-31
3204,reuniao,2024-08-08
3204,perdido,2024-08-23
3205,lead,2024-02-29
3205,perdido,2024-03-16
3206,lead,2025-09-19
3206,contato,2025-10-11
3206,reuniao,2025-10-23
3206,proposta,2025-10-29
3206,perdido,2025-11-04
3207,lead,2024-09-12
3207,contato,2024-09-17
3207,perdido,2024-10-04
3208,lead,2024-09-17
3208,perdido,2024-10-05
3209,lead,2025-06-21
3209,contato,2025-06-29
3209,perdido,2025-07-07
3210,lead,2024-07-26
3210,contato,2024-07-28
3210,perdido,2024-08-14
3211,lead,2025-05-19
3211,perdido,2025-05-29
3212,lead,2025-08-13
3212,contato,2025-08-18
3212,perdido,2025-09-10
3213,lead,2024-09-11
3213,perdido,2024-10-06
3214,lead,2024-12-10
3214,perdido,2024-12-27
3215,lead,2024-08-12
3215,contato,2024-08-20
3215,reuniao,2024-09-04
3215,proposta,2024-09-13
3215,perdido,2024-09-20
3216,lead,2024-10-27
3216,contato,2024-11-09
3216,perdido,2024-12-01
3217,lead,2025-02-16
3217,contato,2025-02-21
3217,perdido,2025-03-07
3218,lead,2024-09-03
3218,contato,2024-09-04
3218,reuniao,2024-09-15
3218,proposta,2024-09-25
3218,perdido,2024-10-19
3219,lead,2024-11-28
3219,perdido,2024-12-12
3220,lead,2024-12-27
3220,contato,2025-01-01
3220,perdido,2025-01-22
3221,lead,2024-01-14
3221,perdido,2024-01-23
3222,lead,2024-04-11
3222,contato,2024-04-16
3222,reuniao,2024-04-24
3222,proposta,2024-04-28
3222,perdido,2024-05-12
3223,lead,2025-01-23
3223,perdido,2025-02-06
3224,lead,2024-01-02
3224,perdido,2024-01-23
3225,lead,2025-05-11
3225,contato,2025-05-24
3225,reuniao,2025-05-29
3225,proposta,2025-06-24
3225,perdido,2025-07-03
3226,lead,2025-10-14
3226,perdido,2025-10-23
3227,lead,2025-06-19
3227,perdido,2025-06-28
3228,lead,2024-08-05
3228,perdido,2024-08-12
3229,lead,2024-11-17
3229,contato,2024-11-21
3229,reuniao,2024-12-08
3229,perdido,2024-12-22
3230,lead,2025-04-02
3230,perdido,2025-04-24
3231,lead,2025-04-24
3231,contato,2025-04-25
3231,perdido,2025-05-19
3232,lead,2025-12-11
3232,contato,2025-12-14
3232,reuniao,2025-12-29
3233,lead,2024-12-24
3233,contato,2025-01-11
3233,reuniao,2025-01-25
3233,perdido,2025-02-09
3234,lead,2024-06-14
3234,contato,2024-06-19
3234,reuniao,2024-06-26
3234,proposta,2024-07-19
3234,perdido,2024-08-02
3235,lead,2024-09-12
3235,contato,2024-09-14
3235,reuniao,2024-09-21
3235,perdido,2024-10-05
3236,lead,2025-10-27
3236,perdido,2025-11-18
3237,lead,2025-03-21
3237,contato,2025-03-22
3237,reuniao,2025-03-31
3237,proposta,2025-04-06
3237,fechado,2025-04-08
3238,lead,2025-09-14
3238,contato,2025-09-25
3238,reuniao,2025-10-01
3238,proposta,2025-10-08
3238,perdido,2025-10-26
3239,lead,2025-05-26
3239,perdido,2025-06-05
3240,lead,2025-11-30
3240,contato,2025-12-03
3240,perdido,2025-12-16
3241,lead,2025-01-01
3241,contato,2025-01-04
3241,perdido,2025-01-31
3242,lead,2025-11-17
3242,contato,2025-11-29
3242,perdido,2025-12-20
3243,lead,2025-09-30
3243,contato,2025-10-04
3243,reuniao,2025-10-09
3243,proposta,2025-10-15
3243,fechado,2025-10-23
3244,lead,2025-08-29
3244,contato,2025-09-10
3244,reuniao,2025-09-15
3244,proposta,2025-09-24
3244,perdido,2025-10-20
3245,lead,2025-11-09
3245,contato,2025-11-10
3245,reuniao,2025-11-12
3245,perdido,2025-11-29
3246,lead,2025-01-14
3246,perdido,2025-02-09
3247,lead,2025-06-09
3247,contato,2025-06-19
3247,reuniao,2025-06-30
3247,perdido,2025-07-07
3248,lead,2025-01-31
3248,contato,2025-02-05
3248,reuniao,2025-02-14
3248,proposta,2025-02-15
3248,perdido,2025-02-23
3249,lead,2025-07-06
3249,perdido,2025-07-28
3250,lead,2025-06-26
3250,contato,2025-06-29
3250,reuniao,2025-07-07
3250,perdido,2025-07-17
3251,lead,2025-06-22
3251,contato,2025-06-26
3251,reuniao,2025-07-02
3251,proposta,2025-07-05
3251,perdido,2025-07-18
3252,lead,2024-10-30
3252,perdido,2024-11-07
3253,lead,2025-07-23
3253,contato,2025-07-25
3253,perdido,2025-08-05
3254,lead,2025-09-23
3254,contato,2025-10-18
3254,perdido,2025-11-17
3255,lead,2025-03-23
3255,contato,2025-04-10
3255,reuniao,2025-04-14
3255,perdido,2025-04-28
3256,lead,2024-11-21
3256,contato,2024-11-25
3256,perdido,2024-12-17
3257,lead,2025-09-06
3257,contato,2025-09-12
3257,reuniao,2025-09-24
3257,proposta,2025-10-05
3257,perdido,2025-10-27
3258,lead,2025-07-08
3258,contato,2025-07-16
3258,perdido,2025-08-13
3259,lead,2024-12-03
3259,contato,2024-12-13
3259,perdido,2025-01-08
3260,lead,2025-02-15
3260,contato,2025-02-19
3260,perdido,2025-03-13
3261,lead,2025-04-28
3261,contato,2025-05-16
3261,reuniao,2025-05-23
3261,proposta,2025-06-09
3261,perdido,2025-06-15
3262,lead,2025-04-29
3262,contato,2025-05-13
3262,reuniao,2025-05-23
3262,perdido,2025-06-22
3263,lead,2024-08-03
3263,contato,2024-08-09
3263,perdido,2024-08-13
3264,lead,2024-07-19
3264,contato,2024-08-02
3264,perdido,2024-08-31
3265,lead,2025-10-01
3265,contato,2025-10-10
3265,reuniao,2025-11-03
3265,proposta,2025-11-07
3265,perdido,2025-12-05
3266,lead,2025-11-07
3266,perdido,2025-11-25
3267,lead,2024-10-11
3267,contato,2024-10-12
3267,perdido,2024-10-17
3268,lead,2025-10-20
3268,contato,2025-10-27
3268,perdido,2025-11-18
3269,lead,2024-12-04
3269,contato,2024-12-05
3269,reuniao,2024-12-14
3269,proposta,2025-01-10
3269,perdido,2025-01-25
3270,lead,2024-04-13
3270,contato,2024-04-16
3270,perdido,2024-04-26
3271,lead,2025-06-01
3271,contato,2025-06-02
3271,reuniao,2025-06-23
3271,perdido,2025-06-29
3272,lead,2024-01-26
3272,perdido,2024-02-21
3273,lead,2024-03-08
3273,contato,2024-03-22
3273,perdido,2024-04-20
3274,lead,2025-11-10
3274,contato,2025-11-15
3274,perdido,2025-12-07
3275,lead,2025-01-10
3275,contato,2025-01-11
3275,reuniao,2025-01-29
3275,perdido,2025-02-13
3276,lead,2024-06-28
3276,contato,2024-07-09
3276,perdido,2024-07-18
3277,lead,2024-12-13
3277,contato,2024-12-30
3277,perdido,2025-01-29
3278,lead,2025-02-14
3278,contato,2025-02-21
3278,perdido,2025-03-23
3279,lead,2025-03-25
3279,perdido,2025-04-06
3280,lead,2024-09-02
3280,contato,2024-09-19
3280,reuniao,2024-09-29
3280,proposta,2024-10-06
3280,perdido,2024-10-17
3281,lead,2024-09-30
3281,contato,2024-10-09
3281,reuniao,2024-10-30
3281,proposta,2024-11-12
3281,perdido,2024-11-30
3282,lead,2025-01-28
3282,contato,2025-02-04
3282,reuniao,2025-02-14
3282,proposta,2025-02-22
3282,perdido,2025-03-15
3283,lead,2025-03-17
3283,contato,2025-03-23
3283,reuniao,2025-04-02
3283,proposta,2025-04-21
3283,perdido,2025-05-06
3284,lead,2025-10-26
3284,contato,2025-11-01
3284,reuniao,2025-11-05
3284,proposta,2025-11-21
3284,perdido,2025-11-28
3285,lead,2024-10-04
3285,contato,2024-10-17
3285,reuniao,2024-10-19
3285,proposta,2024-10-06
3285,perdido,2024-11-15
3286,lead,2025-09-22
3286,contato,2025-09-24
3286,reuniao,2025-10-07
3286,proposta,2025-10-12
3286,fechado,2025-10-27
3287,lead,2025-12-25
3288,lead,2024-08-26
3288,perdido,2024-09-11
3289,lead,2024-01-16
3289,contato,2024-02-04
3289,reuniao,2024-02-08
3289,perdido,2024-03-06
3290,lead,2025-03-02
3290,contato,2025-03-23
3290,reuniao,2025-03-26
3290,perdido,2025-03-31
3291,lead,2025-10-13
3291,perdido,2025-11-12
3292,lead,2024-01-30
3292,contato,2024-02-09
3292,reuniao,2024-02-16
3292,perdido,2024-03-09
3293,lead,2024-05-05
3293,contato,2024-05-20
3293,perdido,2024-06-04
3294,lead,2025-04-21
3294,perdido,2025-05-01
3295,lead,2025-08-02
3295,perdido,2025-08-23
3296,lead,2024-02-20
3296,contato,2024-02-29
3296,perdido,2024-03-21
3297,lead,2024-09-13
3297,perdido,2024-09-24
3298,lead,2024-06-05
3298,contato,2024-06-09
3298,reuniao,2024-06-16
3298,perdido,2024-07-14
3299,lead,2025-11-30
3299,contato,2025-12-04
3299,perdido,2025-12-16
3300,lead,2025-04-25
3300,contato,2025-05-01
3300,reuniao,2025-05-04
3300,proposta,2025-05-12
3300,perdido,2025-06-11
3301,lead,2024-12-09
3301,contato,2025-01-06
3301,reuniao,2025-01-18
3301,perdido,2025-02-01
3302,lead,2025-09-13
3302,contato,2025-09-19
3302,reuniao,2025-09-23
3302,perdido,2025-10-17
3303,lead,2025-01-21
3303,perdido,2025-02-15
3304,lead,2025-10-19
3304,perdido,2025-10-24
3305,lead,2024-06-05
3305,contato,2024-06-10
3305,reuniao,2024-06-27
3305,proposta,2024-07-03
3305,perdido,2024-07-28
3306,lead,2024-01-16
3306,contato,2024-01-21
3306,reuniao,2024-01-26
3306,perdido,2024-02-02
3307,lead,2024-10-31
3307,contato,2024-11-17
3307,reuniao,2024-11-24
3307,proposta,2024-12-13
3307,perdido,2024-12-26
3308,lead,2024-05-11
3308,perdido,2024-06-08
3309,lead,2025-08-24
3309,contato,2025-08-27
3309,reuniao,2025-09-10
3309,proposta,2025-09-27
3309,fechado,2025-10-17
3310,lead,2025-01-19
3310,contato,2025-01-21
3310,perdido,2025-02-02
3311,lead,2024-07-16
3311,contato,2024-07-20
3311,reuniao,2024-07-29
3311,perdido,2024-08-22
3312,lead,2025-07-04
3312,contato,2025-07-12
3312,perdido,2025-08-05
3313,lead,2025-01-15
3313,perdido,2025-01-23
3314,lead,2025-01-02
3314,perdido,2025-01-15
3315,lead,2024-04-23
3315,contato,2024-05-07
3315,reuniao,2024-06-19
3315,perdido,2024-07-10
3316,lead,2025-12-27
3316,contato,2025-12-28
3317,lead,2025-04-08
3317,perdido,2025-04-26
3318,lead,2025-09-07
3318,contato,2025-09-19
3318,reuniao,2025-09-25
3318,proposta,2025-10-10
3318,fechado,2025-10-15
3319,lead,2025-06-23
3319,contato,2025-06-27
3319,reuniao,2025-06-29
3319,perdido,2025-07-24
3320,lead,2025-01-02
3320,contato,2025-01-03
3320,reuniao,2025-01-09
3320,perdido,2025-01-31
3321,lead,2024-01-06
3321,contato,2024-01-09
3321,reuniao,2024-01-14
3321,proposta,2024-01-23
3321,perdido,2024-02-02
3322,lead,2025-04-14
3322,contato,2025-04-23
3322,reuniao,2025-04-30
3322,perdido,2025-05-22
3323,lead,2024-02-28
3323,contato,2024-03-17
3323,perdido,2024-04-08
3324,lead,2025-11-27
3324,contato,2025-12-11
3324,reuniao,2025-12-21
3325,lead,2024-06-14
3325,perdido,2024-06-25
3326,lead,2024-09-16
3326,perdido,2024-09-30
3327,lead,2025-01-29
3327,perdido,2025-02-02
3328,lead,2025-01-02
3328,contato,2025-01-08
3328,perdido,2025-01-29
3329,lead,2025-04-05
3329,contato,2025-04-14
3329,reuniao,2025-04-15
3329,proposta,2025-05-02
3329,perdido,2025-05-21
3330,lead,2025-07-12
3330,perdido,2025-07-30
3331,lead,2025-06-21
3331,perdido,2025-07-16
3332,lead,2025-10-16
3332,contato,2025-10-18
3332,reuniao,2025-10-19
3332,perdido,2025-11-17
3333,lead,2024-12-03
3333,perdido,2024-12-17
3334,lead,2025-01-19
3334,perdido,2025-02-02
3335,lead,2025-09-21
3335,perdido,2025-09-24
3336,lead,2024-07-11
3336,perdido,2024-07-26
3337,lead,2024-06-11
3337,perdido,2024-06-24
3338,lead,2024-01-06
3338,perdido,2024-02-01
3339,lead,2025-06-06
3339,contato,2025-06-14
3339,reuniao,2025-06-21
3339,proposta,2025-06-18
3339,fechado,2025-07-15
3340,lead,2025-04-29
3340,contato,2025-05-12
3340,reuniao,2025-05-16
3340,proposta,2025-06-10
3340,perdido,2025-07-07
3341,lead,2024-07-06
3341,contato,2024-07-10
3341,perdido,2024-08-08
3342,lead,2024-03-18
3342,contato,2024-03-29
3342,perdido,2024-04-07
3343,lead,2024-01-24
3343,contato,2024-02-09
3343,perdido,2024-02-23
3344,lead,2024-12-20
3344,contato,2024-12-22
3344,reuniao,2024-12-24
3344,proposta,2024-12-31
3344,perdido,2025-01-26
3345,lead,2024-05-03
3345,contato,2024-05-11
3345,perdido,2024-06-01
3346,lead,2025-07-20
3346,perdido,2025-08-06
3347,lead,2025-11-18
3347,contato,2025-11-22
3347,reuniao,2025-12-12
3347,proposta,2025-12-26
3348,lead,2025-07-07
3348,contato,2025-07-19
3348,reuniao,2025-07-31
3348,proposta,2025-08-02
3348,perdido,2025-08-20
3349,lead,2025-09-05
3349,perdido,2025-09-23
3350,lead,2025-12-23
3351,lead,2025-06-07
3351,contato,2025-06-12
3351,perdido,2025-06-25
3352,lead,2025-02-07
3352,contato,2025-02-20
3352,perdido,2025-03-08
3353,lead,2025-08-03
3353,contato,2025-08-11
3353,reuniao,2025-08-25
3353,proposta,2025-08-30
3353,perdido,2025-09-18
3354,lead,2025-02-05
3354,contato,2025-02-11
3354,reuniao,2025-02-19
3354,perdido,2025-03-15
3355,lead,2024-11-03
3355,contato,2024-11-10
3355,perdido,2024-12-02
3356,lead,2024-01-19
3356,contato,2024-01-20
3356,reuniao,2024-01-14
3356,proposta,2024-02-04
3356,fechado,2024-02-18
3357,lead,2025-03-28
3357,contato,2025-04-13
3357,reuniao,2025-04-21
3357,perdido,2025-05-14
3358,lead,2025-10-08
3358,contato,2025-10-19
3358,perdido,2025-11-03
3359,lead,2025-05-03
3359,contato,2025-05-12
3359,reuniao,2025-05-19
3359,perdido,2025-06-03
3360,lead,2024-10-13
3360,contato,2024-10-24
3360,reuniao,2024-11-04
3360,perdido,2024-11-18
3361,lead,2025-03-10
3361,perdido,2025-03-14
3362,lead,2025-08-05
3362,contato,2025-08-06
3362,reuniao,2025-08-19
3362,perdido,2025-09-12
3363,lead,2025-06-27
3363,contato,2025-07-07
3363,reuniao,2025-06-29
3363,proposta,2025-07-21
3363,perdido,2025-08-05
3364,lead,2024-12-23
3364,perdido,2025-01-04
3365,lead,2024-09-12
3365,perdido,2024-10-07
3366,lead,2024-10-07
3366,perdido,2024-10-11
3367,lead,2025-10-16
3367,contato,2025-10-29
3367,reuniao,2025-11-13
3367,perdido,2025-11-18
3368,lead,2024-04-15
3368,perdido,2024-04-22
3369,lead,2025-09-13
3369,perdido,2025-09-28
3370,lead,2024-05-04
3370,contato,2024-05-07
3370,perdido,2024-05-26
3371,lead,2025-12-14
3371,contato,2025-12-24
3371,reuniao,2025-12-26
3371,perdido,2025-12-31
3372,lead,2024-11-15
3372,contato,2024-11-16
3372,perdido,2024-11-29
3373,lead,2025-06-01
3373,contato,2025-06-03
3373,reuniao,2025-06-18
3373,proposta,2025-06-22
3373,perdido,2025-07-18
3374,lead,2025-05-29
3374,contato,2025-06-05
3374,reuniao,2025-06-13
3374,perdido,2025-06-20
3375,lead,2025-07-03
3375,contato,2025-07-24
3375,reuniao,2025-08-04
3375,proposta,2025-08-06
3375,perdido,2025-08-25
3376,lead,2025-07-17
3376,contato,2025-07-19
3376,perdido,2025-08-12
3377,lead,2024-01-22
3377,perdido,2024-02-13
3378,lead,2024-07-03
3378,contato,2024-07-13
3378,reuniao,2024-07-21
3378,perdido,2024-08-19
3379,lead,2024-05-29
3379,contato,2024-06-10
3379,reuniao,2024-06-27
3379,perdido,2024-07-14
3380,lead,2025-05-07
3380,contato,2025-05-24
3380,reuniao,2025-06-02
3380,perdido,2025-06-07
3381,lead,2025-04-26
3381,perdido,2025-05-20
3382,lead,2024-07-22
3382,perdido,2024-08-04
3383,lead,2025-07-20
3383,contato,2025-08-09
3383,reuniao,2025-08-10
3383,proposta,2025-08-22
3383,perdido,2025-09-18
3384,lead,2024-08-03
3384,contato,2024-08-08
3384,reuniao,2024-08-28
3384,perdido,2024-09-06
3385,lead,2024-08-29
3385,perdido,2024-09-02
3386,lead,2024-10-09
3386,contato,2024-10-15
3386,perdido,2024-10-30
3387,lead,2025-06-11
3387,contato,2025-06-22
3387,perdido,2025-06-28
3388,lead,2024-01-07
3388,contato,2024-01-25
3388,reuniao,2024-01-29
3388,perdido,2024-02-04
3389,lead,2025-10-15
3389,contato,2025-10-24
3389,reuniao,2025-10-28
3389,perdido,2025-11-05
3390,lead,2025-05-02
3390,perdido,2025-05-05
3391,lead,2025-02-19
3391,contato,2025-03-03
3391,perdido,2025-03-14
3392,lead,2024-06-04
3392,perdido,2024-06-18
3393,lead,2025-07-14
3393,contato,2025-07-27
3393,reuniao,2025-08-24
3393,perdido,2025-09-20
3394,lead,2025-09-20
3394,contato,2025-09-29
3394,reuniao,2025-10-06
3394,proposta,2025-10-24
3394,perdido,2025-10-28
3395,lead,2025-01-01
3395,contato,2025-01-02
3395,perdido,2025-01-26
3396,lead,2024-07-19
3396,perdido,2024-07-23
3397,lead,2024-09-25
3397,contato,2024-09-30
3397,perdido,2024-10-19
3398,lead,2024-10-22
3398,contato,2024-11-11
3398,reuniao,2024-11-18
3398,perdido,2024-12-10
3399,lead,2024-07-30
3399,contato,2024-08-01
3399,perdido,2024-08-19
3400,lead,2025-05-17
3400,contato,2025-05-24
3400,reuniao,2025-05-13
3400,proposta,2025-06-15
3400,perdido,2025-07-02
3401,lead,2024-08-28
3401,perdido,2024-09-22
3402,lead,2025-08-12
3402,contato,2025-08-16
3402,perdido,2025-08-24
3403,lead,2024-11-28
3403,contato,2024-12-12
3403,reuniao,2024-12-22
3403,perdido,2024-12-31
3404,lead,2025-03-18
3404,perdido,2025-04-06
3405,lead,2025-11-16
3405,contato,2025-11-26
3405,reuniao,2025-12-11
3405,proposta,2025-12-13
3405,fechado,2025-12-16
3406,lead,2024-11-14
3406,contato,2024-12-01
3406,reuniao,2024-12-04
3406,proposta,2024-12-11
3406,fechado,2024-12-18
3407,lead,2024-04-16
3407,perdido,2024-04-30
3408,lead,2025-01-28
3408,contato,2025-02-04
3408,reuniao,2025-01-28
3408,proposta,2025-02-23
3408,perdido,2025-03-06
3409,lead,2024-12-28
3409,contato,2025-01-03
3409,reuniao,2025-01-10
3409,proposta,2025-01-15
3409,fechado,2025-01-18
3410,lead,2025-07-11
3410,contato,2025-07-14
3410,reuniao,2025-07-19
3410,proposta,2025-08-03
3410,perdido,2025-08-14
3411,lead,2025-09-11
3411,perdido,2025-09-15
3412,lead,2025-05-17
3412,perdido,2025-06-16
3413,lead,2025-12-05
3413,contato,2025-12-19
3413,reuniao,2025-12-29
3414,lead,2024-06-30
3414,contato,2024-07-18
3414,perdido,2024-07-21
3415,lead,2024-06-06
3415,contato,2024-06-18
3415,reuniao,2024-06-20
3415,perdido,2024-06-30
3416,lead,2024-07-18
3416,contato,2024-07-28
3416,reuniao,2024-08-17
3416,proposta,2024-09-01
3416,fechado,2024-09-22
3417,lead,2025-04-17
3417,perdido,2025-05-08
3418,lead,2024-05-31
3418,contato,2024-06-06
3418,perdido,2024-07-06
3419,lead,2024-02-21
3419,contato,2024-03-01
3419,reuniao,2024-03-08
3419,perdido,2024-03-11
3420,lead,2025-12-11
3420,contato,2025-12-19
3421,lead,2024-08-06
3421,contato,2024-08-08
3421,reuniao,2024-08-15
3421,perdido,2024-09-11
3422,lead,2024-05-24
3422,contato,2024-05-28
3422,reuniao,2024-06-05
3422,proposta,2024-06-20
3422,perdido,2024-06-23
3423,lead,2024-09-10
3423,contato,2024-09-17
3423,reuniao,2024-09-21
3423,perdido,2024-10-10
3424,lead,2024-04-07
3424,contato,2024-04-13
3424,perdido,2024-04-26
3425,lead,2024-01-21
3425,contato,2024-02-05
3425,reuniao,2024-03-07
3425,proposta,2024-03-17
3425,perdido,2024-04-16
3426,lead,2024-07-29
3426,perdido,2024-08-08
3427,lead,2024-08-25
3427,contato,2024-09-04
3427,perdido,2024-09-22
3428,lead,2025-08-03
3428,contato,2025-08-06
3428,reuniao,2025-08-09
3428,perdido,2025-08-20
3429,lead,2024-11-05
3429,contato,2024-11-06
3429,perdido,2024-11-25
3430,lead,2025-06-04
3430,contato,2025-06-08
3430,reuniao,2025-07-02
3430,perdido,2025-07-05
3431,lead,2025-06-03
3431,contato,2025-06-07
3431,reuniao,2025-06-14
3431,proposta,2025-06-19
3431,fechado,2025-07-02
3432,lead,2025-07-17
3432,contato,2025-07-27
3432,reuniao,2025-08-04
3432,perdido,2025-09-01
3433,lead,2025-10-24
3433,perdido,2025-11-01
3434,lead,2024-12-30
3434,perdido,2025-01-21
3435,lead,2024-03-01
3435,contato,2024-03-05
3435,reuniao,2024-03-09
3435,proposta,2024-03-14
3435,perdido,2024-04-07
3436,lead,2024-01-22
3436,contato,2024-01-29
3436,reuniao,2024-02-03
3436,proposta,2024-02-12
3436,perdido,2024-02-24
3437,lead,2024-04-28
3437,contato,2024-05-10
3437,reuniao,2024-05-18
3437,perdido,2024-06-10
3438,lead,2025-08-18
3438,contato,2025-09-04
3438,reuniao,2025-09-06
3438,proposta,2025-09-24
3438,perdido,2025-10-03
3439,lead,2025-02-12
3439,contato,2025-02-26
3439,perdido,2025-03-22
3440,lead,2024-03-25
3440,contato,2024-04-04
3440,perdido,2024-04-20
3441,lead,2024-03-20
3441,contato,2024-03-24
3441,perdido,2024-04-09
3442,lead,2025-10-04
3442,perdido,2025-10-20
3443,lead,2025-01-11
3443,contato,2025-01-17
3443,perdido,2025-02-15
3444,lead,2024-04-17
3444,perdido,2024-05-09
3445,lead,2025-10-08
3445,contato,2025-10-12
3445,reuniao,2025-10-15
3445,proposta,2025-10-23
3445,perdido,2025-11-22
3446,lead,2025-05-23
3446,contato,2025-05-28
3446,reuniao,2025-06-10
3446,proposta,2025-06-13
3446,perdido,2025-07-01
3447,lead,2024-12-10
3447,contato,2024-12-29
3447,reuniao,2025-01-04
3447,proposta,2025-01-16
3447,perdido,2025-02-09
3448,lead,2024-11-29
3448,contato,2024-12-02
3448,reuniao,2024-12-06
3448,proposta,2024-12-20
3448,perdido,2025-01-05
3449,lead,2025-04-18
3449,contato,2025-05-10
3449,perdido,2025-05-24
3450,lead,2024-08-25
3450,perdido,2024-09-16
3451,lead,2025-12-31
3452,lead,2025-07-13
3452,perdido,2025-08-07
3453,lead,2025-03-26
3453,contato,2025-03-29
3453,reuniao,2025-04-24
3453,proposta,2025-05-24
3453,perdido,2025-06-16
3454,lead,2025-04-29
3454,perdido,2025-05-08
3455,lead,2025-12-28
3456,lead,2024-01-07
3456,contato,2024-01-21
3456,reuniao,2024-01-30
3456,perdido,2024-02-16
3457,lead,2024-01-13
3457,contato,2024-01-21
3457,reuniao,2024-01-23
3457,proposta,2024-01-27
3457,perdido,2024-02-12
3458,lead,2025-07-13
3458,perdido,2025-07-27
3459,lead,2024-05-14
3459,contato,2024-05-31
3459,perdido,2024-06-25
3460,lead,2025-04-27
3460,contato,2025-05-10
3460,reuniao,2025-05-13
3460,proposta,2025-05-30
3460,perdido,2025-06-24
3461,lead,2025-01-02
3461,perdido,2025-01-20
3462,lead,2024-08-09
3462,perdido,2024-08-19
3463,lead,2024-05-30
3463,contato,2024-06-12
3463,reuniao,2024-06-27
3463,proposta,2024-06-30
3463,fechado,2024-07-05
3464,lead,2025-07-07
3464,perdido,2025-07-31
3465,lead,2024-04-16
3465,contato,2024-04-24
3465,reuniao,2024-04-25
3465,proposta,2024-05-10
3465,fechado,2024-05-15
3466,lead,2024-04-07
3466,contato,2024-04-14
3466,reuniao,2024-04-17
3466,proposta,2024-04-22
3466,fechado,2024-05-14
3467,lead,2024-11-10
3467,perdido,2024-11-26
3468,lead,2024-03-11
3468,contato,2024-03-17
3468,reuniao,2024-03-25
3468,proposta,2024-04-01
3468,perdido,2024-04-06
3469,lead,2025-03-27
3469,contato,2025-04-01
3469,reuniao,2025-05-03
3469,proposta,2025-05-11
3469,perdido,2025-05-20
3470,lead,2025-12-24
3471,lead,2025-06-13
3471,contato,2025-06-23
3471,reuniao,2025-07-01
3471,perdido,2025-07-31
3472,lead,2025-03-01
3472,perdido,2025-03-05
3473,lead,2024-10-06
3473,contato,2024-10-14
3473,reuniao,2024-10-27
3473,proposta,2024-10-29
3473,perdido,2024-11-25
3474,lead,2025-12-21
3475,lead,2025-09-26
3475,perdido,2025-10-07
3476,lead,2025-08-11
3476,contato,2025-08-23
3476,reuniao,2025-08-30
3476,perdido,2025-09-20
3477,lead,2024-05-29
3477,perdido,2024-06-17
3478,lead,2024-03-14
3478,contato,2024-04-01
3478,reuniao,2024-04-16
3478,proposta,2024-05-08
3478,perdido,2024-05-18
3479,lead,2024-04-21
3479,perdido,2024-04-27
3480,lead,2024-06-21
3480,contato,2024-06-28
3480,reuniao,2024-07-06
3480,perdido,2024-07-16
3481,lead,2024-02-17
3481,contato,2024-02-22
3481,reuniao,2024-02-26
3481,proposta,2024-03-03
3481,perdido,2024-03-14
3482,lead,2025-10-02
3482,contato,2025-10-10
3482,reuniao,2025-10-16
3482,proposta,2025-10-21
3482,perdido,2025-11-02
3483,lead,2024-04-27
3483,perdido,2024-05-03
3484,lead,2024-05-27
3484,contato,2024-06-05
3484,perdido,2024-06-26
3485,lead,2025-10-02
3485,perdido,2025-10-08
3486,lead,2025-11-24
3486,contato,2025-11-27
3486,perdido,2025-12-05
3487,lead,2024-05-23
3487,contato,2024-06-05
3487,perdido,2024-06-10
3488,lead,2024-07-20
3488,contato,2024-07-22
3488,reuniao,2024-07-30
3488,proposta,2024-08-18
3488,perdido,2024-08-26
3489,lead,2025-07-26
3489,perdido,2025-08-02
3490,lead,2025-12-04
3490,contato,2025-12-17
3490,reuniao,2025-12-22
3490,perdido,2025-12-26
3491,lead,2025-04-01
3491,perdido,2025-04-13
3492,lead,2024-11-11
3492,perdido,2024-12-10
3493,lead,2025-04-19
3493,contato,2025-04-23
3493,reuniao,2025-04-25
3493,proposta,2025-05-03
3493,fechado,2025-05-15
3494,lead,2025-07-10
3494,contato,2025-07-22
3494,reuniao,2025-07-26
3494,proposta,2025-07-13
3494,perdido,2025-08-21
3495,lead,2024-03-07
3495,contato,2024-03-11
3495,reuniao,2024-03-13
3495,proposta,2024-04-02
3495,perdido,2024-04-29
3496,lead,2024-11-05
3496,contato,2024-11-10
3496,perdido,2024-11-25
3497,lead,2025-09-09
3497,perdido,2025-09-29
3498,lead,2025-05-12
3498,contato,2025-05-14
3498,reuniao,2025-05-25
3498,proposta,2025-06-02
3498,fechado,2025-06-07
3499,lead,2024-04-04
3499,contato,2024-04-06
3499,reuniao,2024-04-27
3499,proposta,2024-05-08
3499,perdido,2024-05-11
3500,lead,2025-06-19
3500,contato,2025-06-26
3500,reuniao,2025-07-08
3500,perdido,2025-07-26
3501,lead,2025-04-14
3501,perdido,2025-04-20
3502,lead,2024-06-26
3502,contato,2024-06-29
3502,reuniao,2024-07-10
3502,proposta,2024-07-22
3502,fechado,2024-08-01
3503,lead,2024-08-30
3503,contato,2024-09-08
3503,reuniao,2024-09-15
3503,perdido,2024-10-10
3504,lead,2024-08-06
3504,perdido,2024-08-23
3505,lead,2025-12-25
3505,contato,2025-12-29
3506,lead,2024-04-25
3506,perdido,2024-05-03
3507,lead,2025-08-18
3507,contato,2025-09-12
3507,reuniao,2025-09-13
3507,perdido,2025-10-13
3508,lead,2025-01-17
3508,contato,2025-02-13
3508,reuniao,2025-03-25
3508,proposta,2025-04-02
3508,fechado,2025-04-08
3509,lead,2025-09-26
3509,perdido,2025-10-08
3510,lead,2025-12-15
3510,contato,2025-12-30
3511,lead,2025-11-26
3511,contato,2025-11-30
3511,reuniao,2025-12-06
3511,proposta,2025-12-21
3512,lead,2025-09-07
3512,perdido,2025-10-06
3513,lead,2024-10-20
3513,contato,2024-10-24
3513,perdido,2024-11-18
3514,lead,2024-07-02
3514,contato,2024-07-07
3514,reuniao,2024-07-25
3514,proposta,2024-08-04
3514,perdido,2024-08-28
3515,lead,2024-08-10
3515,perdido,2024-09-03
3516,lead,2025-04-04
3516,contato,2025-04-10
3516,perdido,2025-04-15
3517,lead,2024-08-28
3517,contato,2024-09-08
3517,reuniao,2024-09-13
3517,proposta,2024-09-23
3517,perdido,2024-10-13
3518,lead,2024-11-05
3518,perdido,2024-11-12
3519,lead,2024-02-15
3519,contato,2024-02-18
3519,reuniao,2024-02-20
3519,proposta,2024-02-28
3519,fechado,2024-03-04
3520,lead,2025-07-02
3520,contato,2025-07-20
3520,perdido,2025-08-06
3521,lead,2024-03-06
3521,contato,2024-03-19
3521,reuniao,2024-03-21
3521,proposta,2024-04-01
3521,perdido,2024-04-26
3522,lead,2024-08-24
3522,contato,2024-09-01
3522,reuniao,2024-09-22
3522,proposta,2024-10-03
3522,perdido,2024-10-09
3523,lead,2025-02-21
3523,contato,2025-02-23
3523,perdido,2025-03-19
3524,lead,2025-01-18
3524,contato,2025-01-23
3524,reuniao,2025-01-31
3524,proposta,2025-02-02
3524,perdido,2025-02-16
3525,lead,2025-10-05
3525,contato,2025-10-07
3525,reuniao,2025-10-10
3525,proposta,2025-10-28
3525,perdido,2025-11-17
3526,lead,2025-04-08
3526,perdido,2025-04-25
3527,lead,2025-07-17
3527,contato,2025-07-19
3527,reuniao,2025-08-10
3527,proposta,2025-08-11
3527,perdido,2025-09-07
3528,lead,2024-07-28
3528,perdido,2024-08-06
3529,lead,2024-03-20
3529,contato,2024-04-03
3529,reuniao,2024-04-15
3529,perdido,2024-05-06
3530,lead,2025-06-10
3530,contato,2025-06-15
3530,reuniao,2025-06-18
3530,perdido,2025-07-08
3531,lead,2024-04-03
3531,perdido,2024-04-26
3532,lead,2025-08-22
3532,contato,2025-08-31
3532,perdido,2025-09-20
3533,lead,2025-11-12
3533,contato,2025-11-14
3533,perdido,2025-11-18
3534,lead,2024-07-11
3534,contato,2024-08-02
3534,reuniao,2024-08-14
3534,proposta,2024-08-24
3534,fechado,2024-09-06
3535,lead,2025-06-24
3535,contato,2025-06-27
3535,reuniao,2025-07-07
3535,proposta,2025-07-14
3535,perdido,2025-07-27
3536,lead,2024-11-07
3536,contato,2024-11-21
3536,reuniao,2024-11-24
3536,proposta,2024-11-30
3536,perdido,2024-12-17
3537,lead,2024-07-24
3537,contato,2024-08-13
3537,reuniao,2024-08-22
3537,proposta,2024-09-01
3537,perdido,2024-09-18
3538,lead,2024-11-02
3538,contato,2024-11-05
3538,perdido,2024-11-14
3539,lead,2025-03-30
3539,contato,2025-04-11
3539,perdido,2025-05-10
3540,lead,2025-12-21
3540,perdido,2025-12-31
3541,lead,2024-07-25
3541,contato,2024-08-08
3541,reuniao,2024-08-19
3541,perdido,2024-08-31
3542,lead,2025-05-12
3542,contato,2025-05-19
3542,reuniao,2025-05-20
3542,perdido,2025-05-27
3543,lead,2024-08-22
3543,contato,2024-08-30
3543,reuniao,2024-09-05
3543,proposta,2024-09-13
3543,fechado,2024-09-23
3544,lead,2024-06-15
3544,contato,2024-06-20
3544,reuniao,2024-06-26
3544,proposta,2024-07-04
3544,fechado,2024-07-18
3545,lead,2025-03-20
3545,contato,2025-04-11
3545,reuniao,2025-04-21
3545,perdido,2025-05-17
3546,lead,2025-06-24
3546,contato,2025-07-03
3546,reuniao,2025-07-08
3546,perdido,2025-08-05
3547,lead,2025-05-21
3547,perdido,2025-05-26
3548,lead,2025-11-11
3548,perdido,2025-11-28
3549,lead,2024-03-04
3549,perdido,2024-03-23
3550,lead,2025-01-23
3550,perdido,2025-01-31
3551,lead,2024-07-17
3551,perdido,2024-08-09
3552,lead,2025-08-08
3552,contato,2025-08-23
3552,reuniao,2025-08-30
3552,proposta,2025-09-06
3552,perdido,2025-09-13
3553,lead,2024-02-05
3553,contato,2024-02-14
3553,reuniao,2024-02-19
3553,perdido,2024-03-09
3554,lead,2024-04-20
3554,perdido,2024-04-27
3555,lead,2025-07-03
3555,contato,2025-07-10
3555,reuniao,2025-07-25
3555,proposta,2025-08-06
3555,perdido,2025-08-28
3556,lead,2024-09-07
3556,perdido,2024-09-17
3557,lead,2025-04-25
3557,contato,2025-05-10
3557,reuniao,2025-05-12
3557,proposta,2025-05-16
3557,perdido,2025-05-29
3558,lead,2025-12-30
3559,lead,2024-11-25
3559,contato,2024-12-08
3559,reuniao,2024-12-20
3559,perdido,2024-12-29
3560,lead,2025-01-19
3560,contato,2025-01-20
3560,perdido,2025-02-03
3561,lead,2025-12-09
3561,contato,2025-12-12
3561,reuniao,2025-12-19
3562,lead,2025-06-12
3562,perdido,2025-06-24
3563,lead,2024-05-05
3563,contato,2024-05-07
3563,perdido,2024-06-05
3564,lead,2025-07-29
3564,contato,2025-08-05
3564,reuniao,2025-08-12
3564,proposta,2025-08-18
3564,perdido,2025-09-06
3565,lead,2025-01-09
3565,contato,2025-01-14
3565,perdido,2025-02-01
3566,lead,2025-07-15
3566,contato,2025-07-24
3566,reuniao,2025-07-31
3566,proposta,2025-08-09
3566,fechado,2025-08-15
3567,lead,2025-02-26
3567,contato,2025-02-28
3567,perdido,2025-03-29
3568,lead,2024-05-27
3568,perdido,2024-06-10
3569,lead,2025-08-06
3569,perdido,2025-08-28
3570,lead,2024-01-02
3570,contato,2024-02-04
3570,perdido,2024-02-14
3571,lead,2025-10-02
3571,contato,2025-10-03
3571,perdido,2025-11-02
3572,lead,2025-08-10
3572,contato,2025-08-23
3572,perdido,2025-09-06
3573,lead,2025-12-04
3573,contato,2025-12-08
3574,lead,2024-01-20
3574,contato,2024-01-23
3574,perdido,2024-02-15
3575,lead,2024-11-07
3575,contato,2024-11-12
3575,perdido,2024-11-18
3576,lead,2024-04-15
3576,contato,2024-05-02
3576,reuniao,2024-05-07
3576,proposta,2024-05-21
3576,perdido,2024-05-27
3577,lead,2024-09-21
3577,contato,2024-09-26
3577,reuniao,2024-09-28
3577,proposta,2024-10-21
3577,perdido,2024-10-31
3578,lead,2024-09-10
3578,contato,2024-09-18
3578,reuniao,2024-09-21
3578,proposta,2024-09-26
3578,perdido,2024-10-06
3579,lead,2025-02-26
3579,contato,2025-02-27
3579,perdido,2025-03-05
3580,lead,2024-11-07
3580,contato,2024-11-12
3580,reuniao,2024-12-08
3580,proposta,2024-12-23
3580,fechado,2024-12-24
3581,lead,2025-11-30
3581,contato,2025-12-08
3581,perdido,2025-12-15
3582,lead,2024-07-07
3582,contato,2024-07-10
3582,reuniao,2024-08-15
3582,proposta,2024-08-31
3582,perdido,2024-09-25
3583,lead,2024-10-23
3583,contato,2024-10-26
3583,reuniao,2024-11-11
3583,perdido,2024-11-22
3584,lead,2025-05-08
3584,perdido,2025-05-24
3585,lead,2024-07-06
3585,contato,2024-07-12
3585,reuniao,2024-07-28
3585,proposta,2024-08-23
3585,perdido,2024-09-18
3586,lead,2025-05-25
3586,contato,2025-05-30
3586,reuniao,2025-06-07
3586,proposta,2025-06-08
3586,perdido,2025-06-23
3587,lead,2025-05-14
3587,contato,2025-05-17
3587,perdido,2025-06-12
3588,lead,2025-05-17
3588,perdido,2025-05-30
3589,lead,2025-04-20
3589,perdido,2025-05-11
3590,lead,2025-08-09
3590,perdido,2025-09-08
3591,lead,2025-12-27
3592,lead,2024-02-01
3592,contato,2024-02-12
3592,perdido,2024-02-29
3593,lead,2024-12-28
3593,contato,2025-01-05
3593,reuniao,2025-01-14
3593,proposta,2025-02-01
3593,fechado,2025-02-11
3594,lead,2025-08-05
3594,perdido,2025-08-27
3595,lead,2024-01-01
3595,contato,2024-01-11
3595,perdido,2024-01-22
3596,lead,2025-01-25
3596,contato,2025-01-30
3596,reuniao,2025-02-21
3596,proposta,2025-02-22
3596,fechado,2025-03-04
3597,lead,2025-04-09
3597,contato,2025-04-13
3597,perdido,2025-04-27
3598,lead,2024-05-01
3598,contato,2024-05-11
3598,reuniao,2024-05-16
3598,perdido,2024-06-06
3599,lead,2024-10-10
3599,contato,2024-10-27
3599,reuniao,2024-10-30
3599,proposta,2024-11-02
3599,perdido,2024-11-15
3600,lead,2025-07-17
3600,perdido,2025-08-05
3601,lead,2024-02-08
3601,contato,2024-02-17
3601,reuniao,2024-02-21
3601,perdido,2024-03-06
3602,lead,2024-03-22
3602,contato,2024-03-26
3602,reuniao,2024-04-02
3602,perdido,2024-04-27
3603,lead,2025-08-09
3603,contato,2025-08-11
3603,perdido,2025-08-17
3604,lead,2025-08-02
3604,contato,2025-08-05
3604,reuniao,2025-08-11
3604,perdido,2025-09-06
3605,lead,2025-02-21
3605,contato,2025-02-28
3605,reuniao,2025-03-04
3605,proposta,2025-03-08
3605,fechado,2025-03-17
3606,lead,2024-10-21
3606,perdido,2024-11-02
3607,lead,2024-03-02
3607,contato,2024-03-04
3607,reuniao,2024-03-05
3607,proposta,2024-03-09
3607,perdido,2024-04-08
3608,lead,2025-08-04
3608,contato,2025-08-07
3608,reuniao,2025-08-23
3608,proposta,2025-09-13
3608,fechado,2025-09-17
3609,lead,2024-06-08
3609,perdido,2024-06-15
3610,lead,2025-10-20
3610,contato,2025-10-22
3610,reuniao,2025-11-06
3610,proposta,2025-11-20
3610,fechado,2025-11-29
3611,lead,2025-07-06
3611,contato,2025-07-15
3611,perdido,2025-07-19
3612,lead,2024-02-16
3612,contato,2024-02-18
3612,reuniao,2024-02-22
3612,proposta,2024-03-07
3612,perdido,2024-03-29
3613,lead,2025-03-23
3613,contato,2025-03-31
3613,perdido,2025-04-22
3614,lead,2025-10-25
3614,contato,2025-11-08
3614,perdido,2025-11-29
3615,lead,2025-09-25
3615,perdido,2025-09-28
3616,lead,2025-03-08
3616,perdido,2025-03-29
3617,lead,2024-04-17
3617,contato,2024-04-21
3617,perdido,2024-05-21
3618,lead,2025-04-24
3618,contato,2025-05-10
3618,perdido,2025-05-13
3619,lead,2025-04-13
3619,contato,2025-04-15
3619,perdido,2025-05-13
3620,lead,2025-02-20
3620,contato,2025-03-06
3620,perdido,2025-03-14
3621,lead,2024-06-27
3621,perdido,2024-07-06
3622,lead,2025-10-10
3622,contato,2025-10-13
3622,perdido,2025-11-06
3623,lead,2025-01-01
3623,contato,2025-01-19
3623,reuniao,2025-02-04
3623,perdido,2025-02-19
3624,lead,2024-07-23
3624,contato,2024-08-06
3624,reuniao,2024-08-12
3624,perdido,2024-09-10
3625,lead,2024-06-19
3625,contato,2024-06-22
3625,perdido,2024-07-13
3626,lead,2024-07-09
3626,contato,2024-07-10
3626,reuniao,2024-07-11
3626,proposta,2024-07-19
3626,perdido,2024-08-01
3627,lead,2024-11-26
3627,perdido,2024-12-13
3628,lead,2024-05-30
3628,contato,2024-06-04
3628,reuniao,2024-06-01
3628,proposta,2024-07-20
3628,perdido,2024-08-04
3629,lead,2025-01-10
3629,perdido,2025-01-26
3630,lead,2024-05-02
3630,contato,2024-05-05
3630,reuniao,2024-05-24
3630,perdido,2024-06-16
3631,lead,2024-07-01
3631,perdido,2024-07-06
3632,lead,2024-03-12
3632,perdido,2024-03-19
3633,lead,2024-09-09
3633,contato,2024-09-23
3633,reuniao,2024-10-13
3633,proposta,2024-10-17
3633,perdido,2024-11-11
3634,lead,2024-10-14
3634,perdido,2024-10-17
3635,lead,2024-10-12
3635,perdido,2024-11-08
3636,lead,2025-05-26
3636,contato,2025-06-04
3636,perdido,2025-07-04
3637,lead,2024-12-16
3637,contato,2024-12-18
3637,perdido,2024-12-25
3638,lead,2025-05-03
3638,contato,2025-05-16
3638,reuniao,2025-05-21
3638,perdido,2025-06-09
3639,lead,2024-01-19
3639,perdido,2024-02-13
3640,lead,2024-11-06
3640,contato,2024-11-20
3640,reuniao,2024-12-18
3640,proposta,2024-12-29
3640,perdido,2025-01-27
3641,lead,2024-02-22
3641,contato,2024-03-18
3641,reuniao,2024-03-26
3641,proposta,2024-04-09
3641,perdido,2024-05-08
3642,lead,2024-11-27
3642,contato,2024-12-04
3642,perdido,2024-12-20
3643,lead,2025-03-09
3643,contato,2025-03-16
3643,perdido,2025-04-05
3644,lead,2025-07-23
3644,contato,2025-07-28
3644,reuniao,2025-08-04
3644,proposta,2025-08-08
3644,perdido,2025-08-24
3645,lead,2025-01-28
3645,contato,2025-02-10
3645,perdido,2025-03-07
3646,lead,2024-09-25
3646,perdido,2024-10-07
3647,lead,2024-06-26
3647,contato,2024-07-05
3647,reuniao,2024-07-14
3647,proposta,2024-07-19
3647,perdido,2024-08-04
3648,lead,2025-11-24
3648,contato,2025-11-30
3648,reuniao,2025-12-13
3648,perdido,2025-12-30
3649,lead,2024-05-06
3649,contato,2024-05-15
3649,perdido,2024-05-21
3650,lead,2024-01-24
3650,perdido,2024-02-19
3651,lead,2024-03-16
3651,contato,2024-03-22
3651,perdido,2024-03-28
3652,lead,2025-12-29
3653,lead,2025-10-15
3653,perdido,2025-11-11
3654,lead,2024-08-10
3654,perdido,2024-08-15
3655,lead,2024-01-03
3655,contato,2024-01-07
3655,reuniao,2024-01-11
3655,proposta,2024-01-26
3655,perdido,2024-01-29
3656,lead,2025-06-29
3656,contato,2025-07-11
3656,reuniao,2025-07-18
3656,proposta,2025-07-28
3656,perdido,2025-08-26
3657,lead,2024-07-25
3657,contato,2024-08-09
3657,reuniao,2024-08-19
3657,perdido,2024-08-26
3658,lead,2024-01-13
3658,contato,2024-01-23
3658,reuniao,2024-01-27
3658,proposta,2024-02-02
3658,perdido,2024-02-12
3659,lead,2024-11-22
3659,perdido,2024-12-10
3660,lead,2024-10-27
3660,contato,2024-11-05
3660,reuniao,2024-11-11
3660,proposta,2024-11-20
3660,fechado,2024-11-25
3661,lead,2024-09-12
3661,perdido,2024-10-03
3662,lead,2025-04-04
3662,contato,2025-04-27
3662,reuniao,2025-05-01
3662,perdido,2025-05-15
3663,lead,2025-05-27
3663,perdido,2025-06-03
3664,lead,2025-02-02
3664,contato,2025-02-11
3664,perdido,2025-03-09
3665,lead,2024-01-08
3665,perdido,2024-01-15
3666,lead,2024-01-13
3666,perdido,2024-01-24
3667,lead,2025-09-27
3667,contato,2025-10-05
3667,perdido,2025-10-10
3668,lead,2024-04-27
3668,perdido,2024-05-06
3669,lead,2024-10-08
3669,contato,2024-10-11
3669,perdido,2024-10-24
3670,lead,2024-03-01
3670,perdido,2024-03-31
3671,lead,2024-05-29
3671,contato,2024-06-03
3671,perdido,2024-06-21
3672,lead,2024-12-17
3672,perdido,2024-12-22
3673,lead,2024-06-03
3673,contato,2024-06-11
3673,reuniao,2024-06-16
3673,perdido,2024-06-22
3674,lead,2025-04-08
3674,perdido,2025-05-03
3675,lead,2024-09-16
3675,perdido,2024-09-30
3676,lead,2025-07-16
3676,contato,2025-07-25
3676,reuniao,2025-08-01
3676,perdido,2025-08-14
3677,lead,2025-02-28
3677,contato,2025-03-02
3677,reuniao,2025-03-09
3677,perdido,2025-03-22
3678,lead,2024-06-17
3678,contato,2024-06-25
3678,reuniao,2024-07-02
3678,proposta,2024-07-15
3678,perdido,2024-08-11
3679,lead,2025-08-01
3679,contato,2025-08-15
3679,reuniao,2025-08-18
3679,perdido,2025-09-06
3680,lead,2025-11-03
3680,contato,2025-11-08
3680,reuniao,2025-11-30
3680,proposta,2025-12-03
3680,fechado,2025-12-10
3681,lead,2024-03-12
3681,contato,2024-03-16
3681,reuniao,2024-03-21
3681,proposta,2024-03-26
3681,perdido,2024-04-23
3682,lead,2025-04-16
3682,contato,2025-04-22
3682,reuniao,2025-04-27
3682,perdido,2025-05-25
3683,lead,2025-03-20
3683,contato,2025-03-22
3683,reuniao,2025-04-05
3683,proposta,2025-04-18
3683,perdido,2025-05-13
3684,lead,2025-04-16
3684,perdido,2025-05-07
3685,lead,2024-01-18
3685,perdido,2024-02-06
3686,lead,2024-01-16
3686,perdido,2024-02-07
3687,lead,2024-07-21
3687,contato,2024-07-26
3687,perdido,2024-08-15
3688,lead,2024-02-16
3688,perdido,2024-02-19
3689,lead,2024-09-15
3689,contato,2024-09-30
3689,reuniao,2024-10-03
3689,proposta,2024-10-08
3689,perdido,2024-10-22
3690,lead,2025-09-20
3690,perdido,2025-10-07
3691,lead,2024-09-06
3691,perdido,2024-09-20
3692,lead,2024-10-04
3692,contato,2024-10-24
3692,reuniao,2024-11-02
3692,proposta,2024-11-08
3692,perdido,2024-11-30
3693,lead,2024-06-28
3693,contato,2024-07-11
3693,reuniao,2024-07-23
3693,perdido,2024-08-14
3694,lead,2024-10-25
3694,contato,2024-11-09
3694,reuniao,2024-11-20
3694,proposta,2024-11-26
3694,perdido,2024-12-24
3695,lead,2025-07-24
3695,contato,2025-07-26
3695,reuniao,2025-08-02
3695,perdido,2025-08-25
3696,lead,2025-08-20
3696,perdido,2025-08-28
3697,lead,2024-10-25
3697,contato,2024-10-28
3697,reuniao,2024-11-07
3697,perdido,2024-11-16
3698,lead,2024-10-07
3698,perdido,2024-10-20
3699,lead,2024-05-04
3699,contato,2024-05-05
3699,perdido,2024-05-11
3700,lead,2025-12-09
3700,contato,2025-12-16
3700,reuniao,2025-12-26
3700,proposta,2025-12-30
3701,lead,2024-08-03
3701,contato,2024-08-12
3701,reuniao,2024-09-03
3701,proposta,2024-09-12
3701,perdido,2024-10-08
3702,lead,2024-08-28
3702,contato,2024-09-05
3702,reuniao,2024-09-10
3702,proposta,2024-09-16
3702,perdido,2024-09-28
3703,lead,2024-10-31
3703,contato,2024-11-25
3703,reuniao,2024-12-03
3703,perdido,2025-01-01
3704,lead,2024-02-16
3704,contato,2024-02-24
3704,reuniao,2024-02-27
3704,proposta,2024-03-03
3704,perdido,2024-03-27
3705,lead,2024-08-17
3705,perdido,2024-08-24
3706,lead,2025-11-02
3706,contato,2025-11-08
3706,reuniao,2025-11-29
3706,proposta,2025-12-05
3706,perdido,2025-12-22
3707,lead,2024-02-12
3707,perdido,2024-02-17
3708,lead,2024-06-07
3708,contato,2024-06-10
3708,reuniao,2024-06-15
3708,perdido,2024-06-26
3709,lead,2024-05-20
3709,perdido,2024-06-19
3710,lead,2024-06-02
3710,perdido,2024-06-21
3711,lead,2025-11-21
3711,contato,2025-11-24
3711,perdido,2025-12-10
3712,lead,2025-05-14
3712,perdido,2025-05-25
3713,lead,2025-10-25
3713,contato,2025-11-07
3713,reuniao,2025-11-14
3713,proposta,2025-11-17
3713,perdido,2025-11-29
3714,lead,2025-09-09
3714,contato,2025-09-22
3714,reuniao,2025-09-25
3714,proposta,2025-10-01
3714,perdido,2025-10-19
3715,lead,2025-03-16
3715,perdido,2025-04-14
3716,lead,2025-02-03
3716,perdido,2025-02-07
3717,lead,2025-01-05
3717,contato,2025-01-17
3717,reuniao,2025-02-07
3717,proposta,2025-02-22
3717,perdido,2025-02-25
3718,lead,2025-04-30
3718,contato,2025-05-08
3718,reuniao,2025-05-10
3718,proposta,2025-05-13
3718,perdido,2025-05-19
3719,lead,2025-05-09
3719,perdido,2025-05-18
3720,lead,2025-02-27
3720,contato,2025-03-13
3720,reuniao,2025-03-15
3720,perdido,2025-03-18
3721,lead,2024-11-16
3721,perdido,2024-11-23
3722,lead,2025-04-20
3722,contato,2025-05-08
3722,perdido,2025-05-20
3723,lead,2024-04-06
3723,contato,2024-04-08
3723,reuniao,2024-04-24
3723,perdido,2024-05-11
3724,lead,2025-01-29
3724,contato,2025-02-01
3724,reuniao,2025-02-11
3724,proposta,2025-02-15
3724,fechado,2025-02-18
3725,lead,2025-01-11
3725,perdido,2025-01-24
3726,lead,2025-01-20
3726,perdido,2025-01-24
3727,lead,2025-01-06
3727,contato,2025-01-12
3727,perdido,2025-02-09
3728,lead,2025-06-15
3728,contato,2025-06-22
3728,perdido,2025-06-27
3729,lead,2025-06-21
3729,perdido,2025-07-21
3730,lead,2024-08-18
3730,contato,2024-08-19
3730,perdido,2024-08-31
3731,lead,2024-09-04
3731,contato,2024-09-07
3731,reuniao,2024-09-14
3731,proposta,2024-10-05
3731,perdido,2024-11-03
3732,lead,2024-01-10
3732,contato,2024-01-28
3732,perdido,2024-02-23
3733,lead,2024-03-07
3733,contato,2024-03-21
3733,reuniao,2024-03-25
3733,perdido,2024-03-28
3734,lead,2024-06-24
3734,perdido,2024-07-23
3735,lead,2025-06-28
3735,contato,2025-07-06
3735,reuniao,2025-07-15
3735,perdido,2025-07-28
3736,lead,2025-07-24
3736,perdido,2025-08-16
3737,lead,2024-06-13
3737,contato,2024-06-24
3737,perdido,2024-06-29
3738,lead,2025-09-18
3738,contato,2025-09-24
3738,reuniao,2025-10-02
3738,perdido,2025-10-20
3739,lead,2024-09-22
3739,contato,2024-10-07
3739,reuniao,2024-10-09
3739,perdido,2024-11-05
3740,lead,2025-07-24
3740,contato,2025-08-05
3740,reuniao,2025-08-09
3740,perdido,2025-08-27
3741,lead,2024-11-30
3741,contato,2024-12-25
3741,reuniao,2024-12-28
3741,perdido,2025-01-26
3742,lead,2025-05-17
3742,contato,2025-06-03
3742,perdido,2025-06-14
3743,lead,2024-09-08
3743,contato,2024-09-23
3743,reuniao,2024-10-01
3743,proposta,2024-10-06
3743,fechado,2024-10-21
3744,lead,2024-02-10
3744,perdido,2024-03-01
3745,lead,2024-06-18
3745,contato,2024-06-22
3745,perdido,2024-07-07
3746,lead,2025-05-06
3746,contato,2025-05-08
3746,reuniao,2025-05-24
3746,proposta,2025-05-30
3746,perdido,2025-06-03
3747,lead,2025-10-23
3747,perdido,2025-11-08
3748,lead,2025-03-18
3748,perdido,2025-04-07
3749,lead,2025-06-30
3749,contato,2025-07-12
3749,reuniao,2025-07-19
3749,proposta,2025-07-31
3749,perdido,2025-08-25
3750,lead,2024-01-08
3750,perdido,2024-01-15
3751,lead,2025-06-23
3751,contato,2025-06-25
3751,reuniao,2025-07-03
3751,perdido,2025-07-07
3752,lead,2025-08-23
3752,contato,2025-09-05
3752,perdido,2025-09-26
3753,lead,2024-10-19
3753,contato,2024-10-25
3753,reuniao,2024-11-02
3753,proposta,2024-11-08
3753,perdido,2024-11-26
3754,lead,2024-12-25
3754,contato,2024-12-29
3754,reuniao,2025-01-13
3754,perdido,2025-01-22
3755,lead,2024-01-30
3755,contato,2024-02-01
3755,reuniao,2024-02-06
3755,proposta,2024-02-13
3755,fechado,2024-02-15
3756,lead,2024-04-19
3756,contato,2024-04-25
3756,reuniao,2024-04-27
3756,perdido,2024-05-05
3757,lead,2024-02-01
3757,contato,2024-02-03
3757,reuniao,2024-02-18
3757,proposta,2024-02-28
3757,fechado,2024-03-12
3758,lead,2025-05-31
3758,perdido,2025-06-13
3759,lead,2025-07-25
3759,contato,2025-08-09
3759,perdido,2025-08-22
3760,lead,2024-03-04
3760,contato,2024-03-18
3760,reuniao,2024-04-17
3760,proposta,2024-04-23
3760,fechado,2024-04-29
3761,lead,2025-10-26
3761,contato,2025-10-27
3761,perdido,2025-11-22
3762,lead,2025-08-27
3762,contato,2025-08-30
3762,reuniao,2025-09-05
3762,proposta,2025-09-11
3762,perdido,2025-10-03
3763,lead,2025-02-13
3763,contato,2025-02-19
3763,reuniao,2025-02-22
3763,proposta,2025-03-01
3763,perdido,2025-03-14
3764,lead,2025-12-12
3764,contato,2025-12-15
3764,perdido,2025-12-18
3765,lead,2025-09-27
3765,contato,2025-10-01
3765,reuniao,2025-10-04
3765,proposta,2025-10-09
3765,perdido,2025-10-20
3766,lead,2024-05-24
3766,contato,2024-05-26
3766,perdido,2024-06-02
3767,lead,2025-11-21
3767,contato,2025-11-27
3767,reuniao,2025-12-01
3767,perdido,2025-12-27
3768,lead,2024-11-11
3768,contato,2024-11-19
3768,perdido,2024-12-05
3769,lead,2024-04-04
3769,contato,2024-04-06
3769,reuniao,2024-04-10
3769,proposta,2024-04-11
3769,fechado,2024-04-16
3770,lead,2024-05-07
3770,perdido,2024-05-21
3771,lead,2025-04-26
3771,perdido,2025-05-06
3772,lead,2025-12-20
3772,contato,2025-12-27
3773,lead,2024-11-13
3773,contato,2024-11-17
3773,reuniao,2024-12-15
3773,perdido,2025-01-01
3774,lead,2025-02-11
3774,contato,2025-02-13
3774,perdido,2025-03-05
3775,lead,2024-07-25
3775,perdido,2024-08-24
3776,lead,2025-08-31
3776,perdido,2025-09-11
3777,lead,2024-03-09
3777,contato,2024-03-12
3777,reuniao,2024-03-22
3777,proposta,2024-03-25
3777,perdido,2024-04-23
3778,lead,2025-02-16
3778,contato,2025-02-20
3778,perdido,2025-03-09
3779,lead,2025-02-19
3779,contato,2025-03-02
3779,reuniao,2025-03-13
3779,perdido,2025-03-28
3780,lead,2024-01-01
3780,contato,2024-01-04
3780,reuniao,2024-01-10
3780,perdido,2024-02-06
3781,lead,2025-11-10
3781,contato,2025-11-16
3781,reuniao,2025-11-19
3781,proposta,2025-11-23
3781,fechado,2025-11-30
3782,lead,2025-12-08
3782,contato,2025-12-09
3783,lead,2024-12-01
3783,perdido,2024-12-10
3784,lead,2025-05-27
3784,perdido,2025-06-05
3785,lead,2025-09-03
3785,perdido,2025-09-07
3786,lead,2024-03-10
3786,contato,2024-03-17
3786,reuniao,2024-04-16
3786,proposta,2024-04-17
3786,perdido,2024-05-01
3787,lead,2024-02-18
3787,contato,2024-02-21
3787,reuniao,2024-02-24
3787,proposta,2024-03-09
3787,perdido,2024-04-03
3788,lead,2025-04-30
3788,contato,2025-05-02
3788,perdido,2025-05-08
3789,lead,2025-02-03
3789,contato,2025-02-16
3789,reuniao,2025-02-28
3789,proposta,2025-03-20
3789,perdido,2025-04-09
3790,lead,2025-04-23
3790,contato,2025-05-10
3790,reuniao,2025-05-17
3790,proposta,2025-05-25
3790,perdido,2025-06-06
3791,lead,2025-02-10
3791,perdido,2025-03-10
3792,lead,2025-05-27
3792,perdido,2025-06-21
3793,lead,2024-04-04
3793,contato,2024-04-06
3793,perdido,2024-05-06
3794,lead,2024-05-19
3794,contato,2024-05-27
3794,reuniao,2024-06-01
3794,proposta,2024-06-05
3794,fechado,2024-06-21
3795,lead,2024-06-04
3795,perdido,2024-06-11
3796,lead,2024-10-22
3796,contato,2024-10-27
3796,reuniao,2024-11-17
3796,proposta,2024-11-22
3796,perdido,2024-11-26
3797,lead,2025-06-23
3797,contato,2025-07-06
3797,reuniao,2025-07-21
3797,perdido,2025-08-13
3798,lead,2025-08-20
3798,contato,2025-08-29
3798,reuniao,2025-09-07
3798,proposta,2025-09-16
3798,perdido,2025-10-12
3799,lead,2024-10-11
3799,contato,2024-10-19
3799,reuniao,2024-11-03
3799,proposta,2024-11-05
3799,perdido,2024-11-24
3800,lead,2025-03-01
3800,contato,2025-03-10
3800,reuniao,2025-03-14
3800,proposta,2025-03-22
3800,perdido,2025-04-18
3801,lead,2024-07-21
3801,contato,2024-07-27
3801,reuniao,2024-08-03
3801,perdido,2024-08-08
3802,lead,2024-12-09
3802,contato,2024-12-29
3802,perdido,2025-01-01
3803,lead,2025-11-10
3803,perdido,2025-12-02
3804,lead,2024-06-30
3804,contato,2024-07-02
3804,reuniao,2024-07-09
3804,proposta,2024-07-13
3804,perdido,2024-08-03
3805,lead,2025-07-16
3805,perdido,2025-08-12
3806,lead,2024-01-24
3806,contato,2024-01-28
3806,perdido,2024-02-04
3807,lead,2024-08-31
3807,contato,2024-09-25
3807,reuniao,2024-10-06
3807,perdido,2024-10-13
3808,lead,2025-04-08
3808,contato,2025-04-18
3808,perdido,2025-05-05
3809,lead,2025-07-06
3809,contato,2025-07-12
3809,reuniao,2025-07-14
3809,perdido,2025-08-07
3810,lead,2025-02-23
3810,perdido,2025-03-23
3811,lead,2025-09-18
3811,contato,2025-09-27
3811,perdido,2025-10-25
3812,lead,2025-08-11
3812,perdido,2025-08-19
3813,lead,2025-03-11
3813,perdido,2025-04-07
3814,lead,2024-09-02
3814,contato,2024-09-09
3814,reuniao,2024-09-13
3814,proposta,2024-09-19
3814,perdido,2024-09-22
3815,lead,2024-09-13
3815,contato,2024-09-25
3815,reuniao,2024-10-09
3815,proposta,2024-10-27
3815,perdido,2024-11-21
3816,lead,2025-03-09
3816,perdido,2025-03-25
3817,lead,2025-04-06
3817,contato,2025-04-18
3817,reuniao,2025-05-10
3817,proposta,2025-05-18
3817,perdido,2025-06-11
3818,lead,2024-10-06
3818,perdido,2024-10-15
3819,lead,2024-10-08
3819,contato,2024-10-17
3819,reuniao,2024-10-27
3819,proposta,2024-11-08
3819,perdido,2024-11-29
3820,lead,2024-04-20
3820,perdido,2024-05-12
3821,lead,2024-01-01
3821,contato,2024-01-05
3821,reuniao,2024-01-25
3821,perdido,2024-02-14
3822,lead,2024-11-26
3822,contato,2024-12-04
3822,reuniao,2024-12-21
3822,proposta,2024-12-28
3822,perdido,2025-01-08
3823,lead,2025-08-20
3823,contato,2025-08-22
3823,reuniao,2025-08-29
3823,perdido,2025-09-05
3824,lead,2025-06-28
3824,contato,2025-07-03
3824,reuniao,2025-07-07
3824,proposta,2025-07-12
3824,perdido,2025-07-16
3825,lead,2025-12-26
3826,lead,2025-04-16
3826,contato,2025-04-27
3826,reuniao,2025-05-02
3826,proposta,2025-05-20
3826,fechado,2025-05-28
3827,lead,2024-06-01
3827,contato,2024-06-20
3827,reuniao,2024-06-21
3827,perdido,2024-07-14
3828,lead,2025-04-21
3828,contato,2025-04-30
3828,reuniao,2025-05-07
3828,proposta,2025-06-06
3828,perdido,2025-06-23
3829,lead,2025-08-18
3829,contato,2025-09-05
3829,reuniao,2025-09-09
3829,proposta,2025-09-25
3829,perdido,2025-10-25
3830,lead,2025-03-26
3830,perdido,2025-04-05
3831,lead,2024-12-14
3831,contato,2024-12-22
3831,reuniao,2024-12-29
3831,perdido,2025-01-24
3832,lead,2025-03-11
3832,contato,2025-03-15
3832,perdido,2025-03-25
3833,lead,2024-01-15
3833,contato,2024-01-25
3833,reuniao,2024-02-03
3833,perdido,2024-02-06
3834,lead,2024-06-27
3834,contato,2024-07-08
3834,perdido,2024-07-17
3835,lead,2024-04-07
3835,perdido,2024-04-15
3836,lead,2024-10-19
3836,contato,2024-10-24
3836,reuniao,2024-11-12
3836,proposta,2024-11-19
3836,perdido,2024-12-02
3837,lead,2025-10-05
3837,contato,2025-10-07
3837,reuniao,2025-10-09
3837,proposta,2025-10-25
3837,perdido,2025-11-08
3838,lead,2024-04-29
3838,contato,2024-05-12
3838,reuniao,2024-05-18
3838,proposta,2024-06-01
3838,perdido,2024-06-05
3839,lead,2024-02-10
3839,contato,2024-02-13
3839,reuniao,2024-02-23
3839,perdido,2024-02-28
3840,lead,2025-07-07
3840,contato,2025-07-16
3840,reuniao,2025-07-19
3840,proposta,2025-07-26
3840,fechado,2025-08-02
3841,lead,2025-09-17
3841,contato,2025-09-30
3841,reuniao,2025-10-22
3841,proposta,2025-10-23
3841,perdido,2025-11-09
3842,lead,2025-01-18
3842,contato,2025-01-24
3842,reuniao,2025-01-09
3842,proposta,2025-02-10
3842,perdido,2025-03-06
3843,lead,2024-09-23
3843,contato,2024-09-28
3843,reuniao,2024-10-12
3843,proposta,2024-10-17
3843,perdido,2024-10-21
3844,lead,2024-11-01
3844,contato,2024-11-05
3844,perdido,2024-12-01
3845,lead,2025-04-08
3845,contato,2025-04-13
3845,reuniao,2025-04-16
3845,perdido,2025-05-14
3846,lead,2025-08-20
3846,contato,2025-08-26
3846,perdido,2025-09-22
3847,lead,2024-04-30
3847,perdido,2024-05-07
3848,lead,2025-10-12
3848,perdido,2025-11-10
3849,lead,2025-04-07
3849,perdido,2025-04-25
3850,lead,2025-06-05
3850,contato,2025-06-13
3850,reuniao,2025-06-28
3850,proposta,2025-07-07
3850,fechado,2025-07-17
3851,lead,2024-02-20
3851,perdido,2024-03-09
3852,lead,2025-10-24
3852,perdido,2025-11-10
3853,lead,2025-01-16
3853,perdido,2025-02-08
3854,lead,2024-09-12
3854,perdido,2024-09-15
3855,lead,2024-10-09
3855,perdido,2024-10-14
3856,lead,2024-07-19
3856,perdido,2024-08-09
3857,lead,2024-04-10
3857,contato,2024-04-19
3857,reuniao,2024-05-06
3857,perdido,2024-05-14
3858,lead,2024-01-20
3858,contato,2024-01-27
3858,reuniao,2024-02-19
3858,perdido,2024-02-24
3859,lead,2024-06-26
3859,contato,2024-07-12
3859,reuniao,2024-07-22
3859,perdido,2024-08-02
3860,lead,2024-12-28
3860,contato,2025-01-06
3860,reuniao,2025-01-23
3860,proposta,2025-02-02
3860,fechado,2025-02-13
3861,lead,2025-04-14
3861,contato,2025-04-23
3861,reuniao,2025-04-24
3861,perdido,2025-05-02
3862,lead,2025-06-01
3862,contato,2025-06-06
3862,reuniao,2025-06-07
3862,perdido,2025-06-21
3863,lead,2025-02-25
3863,contato,2025-02-28
3863,reuniao,2025-03-04
3863,proposta,2025-03-09
3863,perdido,2025-03-14
3864,lead,2024-03-09
3864,contato,2024-03-11
3864,perdido,2024-03-29
3865,lead,2024-11-02
3865,perdido,2024-11-07
3866,lead,2025-04-14
3866,contato,2025-04-17
3866,perdido,2025-05-04
3867,lead,2025-06-09
3867,perdido,2025-06-24
3868,lead,2024-08-14
3868,contato,2024-08-27
3868,reuniao,2024-09-05
3868,perdido,2024-09-10
3869,lead,2025-10-31
3869,contato,2025-11-08
3869,reuniao,2025-11-17
3869,proposta,2025-11-29
3869,perdido,2025-12-21
3870,lead,2025-07-22
3870,contato,2025-08-12
3870,reuniao,2025-08-30
3870,proposta,2025-09-22
3870,perdido,2025-10-03
3871,lead,2025-09-05
3871,contato,2025-09-08
3871,reuniao,2025-09-15
3871,perdido,2025-10-14
3872,lead,2025-04-14
3872,perdido,2025-04-29
3873,lead,2024-10-20
3873,perdido,2024-10-31
3874,lead,2025-11-05
3874,contato,2025-11-12
3874,reuniao,2025-11-16
3874,proposta,2025-11-20
3874,perdido,2025-12-02
3875,lead,2025-10-11
3875,contato,2025-10-14
3875,perdido,2025-11-13
3876,lead,2025-08-18
3876,contato,2025-09-04
3876,perdido,2025-09-20
3877,lead,2025-10-04
3877,contato,2025-10-19
3877,reuniao,2025-10-30
3877,proposta,2025-11-05
3877,perdido,2025-12-04
3878,lead,2025-10-22
3878,contato,2025-11-12
3878,perdido,2025-11-15
3879,lead,2025-06-12
3879,perdido,2025-06-22
3880,lead,2024-05-08
3880,contato,2024-05-23
3880,perdido,2024-06-03
3881,lead,2025-01-22
3881,contato,2025-01-28
3881,reuniao,2025-02-07
3881,proposta,2025-02-15
3881,fechado,2025-02-18
3882,lead,2025-03-10
3882,contato,2025-03-18
3882,reuniao,2025-03-20
3882,perdido,2025-04-14
3883,lead,2025-07-04
3883,perdido,2025-07-26
3884,lead,2024-12-26
3884,contato,2025-01-04
3884,reuniao,2025-01-25
3884,perdido,2025-01-29
3885,lead,2025-01-07
3885,contato,2025-01-22
3885,perdido,2025-02-05
3886,lead,2025-12-27
3887,lead,2024-11-19
3887,contato,2024-11-20
3887,reuniao,2024-11-29
3887,proposta,2024-12-03
3887,fechado,2024-12-10
3888,lead,2024-03-19
3888,perdido,2024-03-28
3889,lead,2025-05-15
3889,contato,2025-05-18
3889,reuniao,2025-05-21
3889,perdido,2025-06-11
3890,lead,2024-09-12
3890,contato,2024-10-06
3890,reuniao,2024-10-13
3890,perdido,2024-11-10
3891,lead,2024-06-13
3891,contato,2024-06-25
3891,reuniao,2024-06-28
3891,perdido,2024-07-07
3892,lead,2025-03-18
3892,perdido,2025-03-28
3893,lead,2025-11-21
3893,contato,2025-11-30
3893,reuniao,2025-12-06
3894,lead,2024-08-04
3894,contato,2024-08-12
3894,reuniao,2024-08-20
3894,proposta,2024-08-22
3894,fechado,2024-08-30
3895,lead,2024-09-19
3895,contato,2024-09-24
3895,reuniao,2024-09-28
3895,proposta,2024-10-04
3895,fechado,2024-10-08
3896,lead,2024-11-29
3896,perdido,2024-12-06
3897,lead,2025-04-29
3897,perdido,2025-05-09
3898,lead,2024-10-07
3898,contato,2024-10-25
3898,reuniao,2024-11-03
3898,proposta,2024-11-05
3898,perdido,2024-11-14
3899,lead,2024-10-28
3899,contato,2024-11-09
3899,perdido,2024-12-06
3900,lead,2025-05-09
3900,contato,2025-05-18
3900,reuniao,2025-05-30
3900,perdido,2025-06-17
3901,lead,2025-12-18
3902,lead,2024-08-07
3902,contato,2024-08-10
3902,reuniao,2024-08-27
3902,proposta,2024-09-04
3902,perdido,2024-09-16
3903,lead,2025-02-18
3903,contato,2025-02-23
3903,perdido,2025-03-13
3904,lead,2025-07-21
3904,contato,2025-08-05
3904,reuniao,2025-08-10
3904,perdido,2025-08-30
3905,lead,2024-05-16
3905,contato,2024-05-23
3905,reuniao,2024-05-27
3905,proposta,2024-05-31
3905,perdido,2024-06-07
3906,lead,2025-08-09
3906,contato,2025-08-29
3906,reuniao,2025-08-30
3906,proposta,2025-09-06
3906,perdido,2025-09-12
3907,lead,2024-09-07
3907,contato,2024-09-15
3907,reuniao,2024-09-20
3907,proposta,2024-09-04
3907,fechado,2024-09-30
3908,lead,2024-03-06
3908,perdido,2024-03-17
3909,lead,2024-01-14
3909,perdido,2024-02-03
3910,lead,2024-01-19
3910,contato,2024-02-02
3910,perdido,2024-02-26
3911,lead,2025-07-24
3911,perdido,2025-08-22
3912,lead,2025-04-20
3912,contato,2025-05-04
3912,reuniao,2025-05-09
3912,proposta,2025-05-19
3912,perdido,2025-05-23
3913,lead,2025-07-20
3913,contato,2025-07-21
3913,reuniao,2025-07-26
3913,proposta,2025-08-15
3913,perdido,2025-08-27
3914,lead,2025-06-17
3914,contato,2025-06-28
3914,perdido,2025-07-17
3915,lead,2024-09-26
3915,contato,2024-10-08
3915,perdido,2024-11-04
3916,lead,2025-11-04
3916,perdido,2025-11-23
3917,lead,2025-09-24
3917,perdido,2025-10-20
3918,lead,2024-09-02
3918,contato,2024-09-04
3918,reuniao,2024-09-07
3918,proposta,2024-09-09
3918,fechado,2024-09-25
3919,lead,2025-07-04
3919,perdido,2025-07-31
3920,lead,2025-08-10
3920,contato,2025-08-11
3920,reuniao,2025-08-26
3920,proposta,2025-08-28
3920,perdido,2025-09-13
3921,lead,2024-12-20
3921,perdido,2025-01-10
3922,lead,2024-03-12
3922,perdido,2024-03-16
3923,lead,2024-08-21
3923,contato,2024-08-22
3923,perdido,2024-09-04
3924,lead,2025-12-21
3925,lead,2025-05-20
3925,contato,2025-06-05
3925,reuniao,2025-06-07
3925,proposta,2025-06-10
3925,perdido,2025-06-24
3926,lead,2025-07-05
3926,perdido,2025-07-12
3927,lead,2025-10-19
3927,contato,2025-10-22
3927,reuniao,2025-10-24
3927,proposta,2025-10-27
3927,perdido,2025-11-14
3928,lead,2024-05-09
3928,contato,2024-05-16
3928,reuniao,2024-05-07
3928,proposta,2024-06-03
3928,perdido,2024-06-17
3929,lead,2025-12-03
3929,perdido,2025-12-18
3930,lead,2025-01-10
3930,contato,2025-01-18
3930,reuniao,2025-01-29
3930,perdido,2025-02-07
3931,lead,2025-06-11
3931,contato,2025-06-16
3931,perdido,2025-06-30
3932,lead,2024-08-09
3932,perdido,2024-08-30
3933,lead,2024-08-18
3933,perdido,2024-09-17
3934,lead,2024-09-10
3934,contato,2024-09-12
3934,reuniao,2024-09-29
3934,proposta,2024-10-06
3934,perdido,2024-10-20
3935,lead,2024-09-02
3935,contato,2024-09-13
3935,reuniao,2024-10-06
3935,proposta,2024-10-15
3935,fechado,2024-10-19
3936,lead,2024-02-05
3936,contato,2024-02-14
3936,reuniao,2024-02-29
3936,proposta,2024-03-05
3936,perdido,2024-03-21
3937,lead,2024-08-02
3937,contato,2024-08-09
3937,reuniao,2024-08-12
3937,proposta,2024-08-22
3937,fechado,2024-08-24
3938,lead,2025-03-31
3938,perdido,2025-04-13
3939,lead,2025-10-12
3939,contato,2025-10-16
3939,perdido,2025-11-09
3940,lead,2024-01-24
3940,contato,2024-02-01
3940,perdido,2024-02-14
3941,lead,2024-01-10
3941,contato,2024-01-21
3941,reuniao,2024-01-24
3941,perdido,2024-01-28
3942,lead,2025-02-23
3942,contato,2025-02-27
3942,reuniao,2025-03-11
3942,proposta,2025-03-22
3942,perdido,2025-03-25
3943,lead,2025-05-08
3943,perdido,2025-06-03
3944,lead,2025-03-05
3944,perdido,2025-03-30
3945,lead,2025-12-07
3945,perdido,2025-12-29
3946,lead,2024-05-28
3946,contato,2024-06-02
3946,reuniao,2024-06-04
3946,perdido,2024-06-08
3947,lead,2024-12-14
3947,contato,2024-12-25
3947,reuniao,2025-01-29
3947,perdido,2025-02-02
3948,lead,2025-10-22
3948,contato,2025-10-29
3948,perdido,2025-11-18
3949,lead,2025-03-11
3949,contato,2025-04-11
3949,perdido,2025-04-30
3950,lead,2025-02-13
3950,contato,2025-02-18
3950,reuniao,2025-03-02
3950,perdido,2025-03-12
3951,lead,2025-11-04
3951,perdido,2025-11-17
3952,lead,2024-08-25
3952,contato,2024-08-31
3952,reuniao,2024-09-03
3952,perdido,2024-10-01
3953,lead,2024-04-06
3953,contato,2024-04-13
3953,reuniao,2024-04-25
3953,proposta,2024-05-08
3953,fechado,2024-05-09
3954,lead,2024-03-18
3954,contato,2024-03-20
3954,reuniao,2024-03-28
3954,proposta,2024-04-06
3954,perdido,2024-04-10
3955,lead,2025-08-12
3955,contato,2025-08-17
3955,reuniao,2025-09-03
3955,perdido,2025-09-22
3956,lead,2025-09-09
3956,contato,2025-09-15
3956,reuniao,2025-09-27
3956,proposta,2025-10-13
3956,perdido,2025-11-03
3957,lead,2024-06-01
3957,contato,2024-06-06
3957,perdido,2024-06-25
3958,lead,2024-11-23
3958,perdido,2024-12-22
3959,lead,2025-02-18
3959,contato,2025-02-25
3959,reuniao,2025-02-09
3959,proposta,2025-03-03
3959,perdido,2025-03-28
3960,lead,2024-03-25
3960,perdido,2024-04-11
3961,lead,2025-09-03
3961,contato,2025-09-13
3961,perdido,2025-09-22
3962,lead,2024-10-23
3962,contato,2024-11-07
3962,reuniao,2024-11-10
3962,proposta,2024-11-17
3962,perdido,2024-12-11
3963,lead,2025-09-14
3963,contato,2025-09-20
3963,reuniao,2025-10-07
3963,perdido,2025-10-12
3964,lead,2025-06-23
3964,contato,2025-07-01
3964,perdido,2025-07-09
3965,lead,2024-07-21
3965,contato,2024-07-28
3965,perdido,2024-08-10
3966,lead,2025-05-20
3966,perdido,2025-06-09
3967,lead,2025-06-07
3967,contato,2025-06-15
3967,reuniao,2025-07-07
3967,proposta,2025-07-12
3967,perdido,2025-08-05
3968,lead,2024-08-03
3968,perdido,2024-08-14
3969,lead,2024-06-17
3969,perdido,2024-07-01
3970,lead,2025-08-14
3970,contato,2025-08-21
3970,reuniao,2025-09-13
3970,proposta,2025-09-17
3970,fechado,2025-09-22
3971,lead,2025-04-22
3971,contato,2025-04-28
3971,reuniao,2025-05-04
3971,perdido,2025-05-18
3972,lead,2025-06-06
3972,contato,2025-06-15
3972,reuniao,2025-07-03
3972,perdido,2025-07-21
3973,lead,2024-08-04
3973,contato,2024-08-18
3973,reuniao,2024-09-07
3973,proposta,2024-09-20
3973,fechado,2024-09-30
3974,lead,2025-05-24
3974,perdido,2025-06-19
3975,lead,2025-05-18
3975,contato,2025-05-27
3975,reuniao,2025-06-01
3975,perdido,2025-06-26
3976,lead,2024-08-21
3976,perdido,2024-08-31
3977,lead,2024-07-01
3977,perdido,2024-07-18
3978,lead,2024-11-02
3978,contato,2024-11-09
3978,reuniao,2024-11-13
3978,perdido,2024-12-10
3979,lead,2025-06-06
3979,perdido,2025-07-01
3980,lead,2024-05-03
3980,contato,2024-05-12
3980,reuniao,2024-05-28
3980,proposta,2024-06-01
3980,fechado,2024-06-02
3981,lead,2025-09-21
3981,contato,2025-10-02
3981,reuniao,2025-10-28
3981,proposta,2025-10-29
3981,perdido,2025-11-11
3982,lead,2024-06-19
3982,contato,2024-07-02
3982,reuniao,2024-07-19
3982,perdido,2024-07-24
3983,lead,2025-08-27
3983,contato,2025-08-31
3983,reuniao,2025-09-03
3983,perdido,2025-09-20
3984,lead,2024-04-05
3984,contato,2024-04-21
3984,perdido,2024-05-10
3985,lead,2025-06-06
3985,perdido,2025-07-03
3986,lead,2025-02-04
3986,contato,2025-02-13
3986,reuniao,2025-02-18
3986,proposta,2025-03-08
3986,perdido,2025-03-25
3987,lead,2025-04-10
3987,contato,2025-04-12
3987,reuniao,2025-04-16
3987,perdido,2025-05-01
3988,lead,2025-12-08
3989,lead,2024-01-30
3989,contato,2024-02-08
3989,perdido,2024-02-28
3990,lead,2024-03-31
3990,perdido,2024-04-29
3991,lead,2024-02-15
3991,perdido,2024-03-07
3992,lead,2025-01-11
3992,contato,2025-01-29
3992,reuniao,2025-02-05
3992,proposta,2025-02-17
3992,perdido,2025-02-25
3993,lead,2025-07-28
3993,contato,2025-08-04
3993,perdido,2025-09-02
3994,lead,2024-01-31
3994,contato,2024-02-05
3994,perdido,2024-03-02
3995,lead,2025-07-09
3995,contato,2025-07-12
3995,reuniao,2025-07-26
3995,perdido,2025-08-25
3996,lead,2024-11-03
3996,contato,2024-11-05
3996,reuniao,2024-11-29
3996,perdido,2024-12-07
3997,lead,2025-11-11
3997,contato,2025-11-19
3997,perdido,2025-12-15
3998,lead,2024-09-27
3998,perdido,2024-10-14
3999,lead,2025-12-17
3999,contato,2025-12-28
4000,lead,2025-02-01
4000,contato,2025-02-06
4000,reuniao,2025-02-11
4000,proposta,2025-02-01
4000,perdido,2025-03-15
4001,lead,2025-12-22
4001,contato,2025-12-23
4001,reuniao,2025-12-26
4002,lead,2025-03-20
4002,perdido,2025-03-30
4003,lead,2024-08-31
4003,perdido,2024-09-05
4004,lead,2025-07-28
4004,contato,2025-08-04
4004,reuniao,2025-08-09
4004,perdido,2025-08-24
4005,lead,2024-12-19
4005,contato,2024-12-31
4005,reuniao,2025-01-05
4005,proposta,2025-01-07
4005,perdido,2025-01-11
4006,lead,2024-08-01
4006,contato,2024-08-03
4006,reuniao,2024-09-09
4006,perdido,2024-10-07
4007,lead,2024-12-11
4007,contato,2024-12-12
4007,reuniao,2024-12-14
4007,perdido,2024-12-22
4008,lead,2025-09-20
4008,contato,2025-10-01
4008,reuniao,2025-10-05
4008,proposta,2025-10-16
4008,perdido,2025-10-28
4009,lead,2025-06-01
4009,contato,2025-06-10
4009,reuniao,2025-06-16
4009,proposta,2025-06-26
4009,fechado,2025-07-04
4010,lead,2024-04-18
4010,perdido,2024-05-09
4011,lead,2025-08-26
4011,contato,2025-08-30
4011,reuniao,2025-09-07
4011,proposta,2025-09-10
4011,perdido,2025-09-30
4012,lead,2024-11-02
4012,contato,2024-11-06
4012,reuniao,2024-11-11
4012,proposta,2024-11-14
4012,perdido,2024-11-24
4013,lead,2024-02-17
4013,perdido,2024-02-21
4014,lead,2024-03-30
4014,contato,2024-04-12
4014,reuniao,2024-04-18
4014,perdido,2024-04-21
4015,lead,2024-02-07
4015,perdido,2024-03-01
4016,lead,2025-04-21
4016,perdido,2025-05-19
4017,lead,2024-06-20
4017,contato,2024-07-03
4017,reuniao,2024-07-07
4017,proposta,2024-07-26
4017,perdido,2024-08-14
4018,lead,2024-02-26
4018,contato,2024-02-28
4018,perdido,2024-03-02
4019,lead,2024-09-15
4019,contato,2024-09-17
4019,reuniao,2024-09-20
4019,proposta,2024-10-05
4019,fechado,2024-10-10
4020,lead,2025-09-16
4020,perdido,2025-09-28
4021,lead,2025-03-18
4021,contato,2025-03-27
4021,perdido,2025-03-30
4022,lead,2024-12-18
4022,contato,2024-12-30
4022,perdido,2025-01-07
4023,lead,2025-06-01
4023,contato,2025-06-08
4023,perdido,2025-06-29
4024,lead,2024-02-13
4024,perdido,2024-03-02
4025,lead,2025-09-28
4025,contato,2025-10-19
4025,reuniao,2025-10-24
4025,perdido,2025-11-19
4026,lead,2024-04-21
4026,contato,2024-04-25
4026,reuniao,2024-04-28
4026,proposta,2024-05-11
4026,perdido,2024-05-31
4027,lead,2024-01-13
4027,contato,2024-02-03
4027,perdido,2024-02-10
4028,lead,2024-09-12
4028,contato,2024-09-23
4028,reuniao,2024-09-25
4028,perdido,2024-09-28
4029,lead,2024-02-02
4029,contato,2024-02-22
4029,perdido,2024-03-23
4030,lead,2024-04-13
4030,contato,2024-04-17
4030,reuniao,2024-04-26
4030,proposta,2024-05-07
4030,perdido,2024-05-15
4031,lead,2025-06-06
4031,contato,2025-06-12
4031,reuniao,2025-06-24
4031,perdido,2025-07-16
4032,lead,2024-10-13
4032,contato,2024-11-03
4032,reuniao,2024-11-13
4032,proposta,2024-11-19
4032,fechado,2024-11-21
4033,lead,2024-01-04
4033,contato,2024-01-09
4033,perdido,2024-01-23
4034,lead,2025-03-28
4034,contato,2025-04-06
4034,reuniao,2025-04-01
4034,proposta,2025-04-23
4034,perdido,2025-05-10
4035,lead,2025-05-13
4035,contato,2025-05-25
4035,reuniao,2025-06-11
4035,proposta,2025-06-18
4035,perdido,2025-06-21
4036,lead,2025-10-12
4036,contato,2025-10-13
4036,perdido,2025-11-04
4037,lead,2024-04-04
4037,contato,2024-04-07
4037,perdido,2024-04-28
4038,lead,2025-09-09
4038,contato,2025-09-16
4038,reuniao,2025-09-30
4038,proposta,2025-10-08
4038,perdido,2025-10-13
4039,lead,2025-05-14
4039,contato,2025-05-24
4039,reuniao,2025-05-31
4039,proposta,2025-06-04
4039,perdido,2025-06-13
4040,lead,2025-02-05
4040,contato,2025-02-07
4040,reuniao,2025-02-19
4040,proposta,2025-02-20
4040,perdido,2025-03-01
4041,lead,2024-06-24
4041,contato,2024-07-02
4041,reuniao,2024-07-09
4041,proposta,2024-07-31
4041,perdido,2024-08-03
4042,lead,2024-11-23
4042,contato,2024-12-03
4042,reuniao,2024-12-30
4042,proposta,2025-01-11
4042,perdido,2025-01-21
4043,lead,2024-05-06
4043,contato,2024-05-25
4043,reuniao,2024-05-31
4043,perdido,2024-06-20
4044,lead,2025-05-21
4044,contato,2025-05-24
4044,reuniao,2025-06-01
4044,proposta,2025-06-03
4044,perdido,2025-07-01
4045,lead,2025-05-11
4045,contato,2025-05-28
4045,reuniao,2025-06-28
4045,proposta,2025-07-01
4045,fechado,2025-07-06
4046,lead,2024-05-01
4046,perdido,2024-05-07
4047,lead,2024-06-16
4047,perdido,2024-07-03
4048,lead,2025-10-11
4048,perdido,2025-10-30
4049,lead,2024-12-05
4049,contato,2024-12-15
4049,reuniao,2025-01-02
4049,perdido,2025-01-08
4050,lead,2025-01-29
4050,contato,2025-02-22
4050,reuniao,2025-03-07
4050,perdido,2025-03-21
4051,lead,2025-11-24
4051,contato,2025-12-03
4051,reuniao,2025-12-11
4051,proposta,2025-12-20
4051,perdido,2025-12-26
4052,lead,2024-05-13
4052,perdido,2024-05-16
4053,lead,2025-03-17
4053,perdido,2025-03-31
4054,lead,2025-07-04
4054,contato,2025-07-21
4054,perdido,2025-08-07
4055,lead,2024-08-10
4055,perdido,2024-08-24
4056,lead,2024-08-01
4056,contato,2024-08-10
4056,perdido,2024-08-30
4057,lead,2025-10-08
4057,perdido,2025-11-01
4058,lead,2024-02-27
4058,contato,2024-02-29
4058,reuniao,2024-03-03
4058,perdido,2024-03-12
4059,lead,2024-04-06
4059,contato,2024-04-09
4059,reuniao,2024-04-17
4059,proposta,2024-04-28
4059,perdido,2024-05-12
4060,lead,2024-10-18
4060,perdido,2024-10-31
4061,lead,2025-07-24
4061,contato,2025-07-28
4061,perdido,2025-08-20
4062,lead,2024-11-21
4062,contato,2024-12-03
4062,reuniao,2024-12-07
4062,proposta,2024-12-23
4062,perdido,2025-01-11
4063,lead,2024-07-01
4063,perdido,2024-07-28
4064,lead,2024-10-24
4064,contato,2024-11-09
4064,perdido,2024-12-09
4065,lead,2024-11-13
4065,perdido,2024-11-21
4066,lead,2025-05-28
4066,contato,2025-06-18
4066,reuniao,2025-06-25
4066,perdido,2025-07-15
4067,lead,2025-09-17
4067,contato,2025-09-23
4067,reuniao,2025-10-09
4067,proposta,2025-10-29
4067,fechado,2025-11-02
4068,lead,2024-08-11
4068,contato,2024-08-15
4068,reuniao,2024-08-29
4068,perdido,2024-09-07
4069,lead,2025-05-14
4069,contato,2025-05-31
4069,reuniao,2025-06-03
4069,perdido,2025-06-29
4070,lead,2025-05-09
4070,contato,2025-05-16
4070,reuniao,2025-05-17
4070,perdido,2025-06-09
4071,lead,2025-06-29
4071,contato,2025-07-05
4071,reuniao,2025-07-12
4071,proposta,2025-07-20
4071,fechado,2025-07-27
4072,lead,2025-02-12
4072,perdido,2025-03-07
4073,lead,2024-01-09
4073,contato,2024-01-17
4073,reuniao,2024-01-25
4073,proposta,2024-02-01
4073,fechado,2024-02-14
4074,lead,2025-04-06
4074,contato,2025-04-14
4074,reuniao,2025-05-02
4074,proposta,2025-05-08
4074,perdido,2025-05-28
4075,lead,2025-03-07
4075,contato,2025-03-24
4075,reuniao,2025-04-01
4075,proposta,2025-04-06
4075,perdido,2025-05-05
4076,lead,2025-03-07
4076,contato,2025-03-16
4076,reuniao,2025-03-23
4076,proposta,2025-03-28
4076,perdido,2025-04-03
4077,lead,2024-07-10
4077,contato,2024-07-16
4077,reuniao,2024-07-23
4077,perdido,2024-08-02
4078,lead,2024-02-26
4078,contato,2024-02-29
4078,reuniao,2024-03-07
4078,perdido,2024-04-02
4079,lead,2024-04-30
4079,contato,2024-05-16
4079,reuniao,2024-05-20
4079,proposta,2024-06-02
4079,fechado,2024-06-09
4080,lead,2024-05-19
4080,contato,2024-05-25
4080,reuniao,2024-06-04
4080,proposta,2024-06-09
4080,perdido,2024-06-30
4081,lead,2024-04-18
4081,contato,2024-04-23
4081,reuniao,2024-04-26
4081,proposta,2024-05-02
4081,fechado,2024-05-25
4082,lead,2024-06-10
4082,contato,2024-06-12
4082,perdido,2024-07-04
4083,lead,2024-02-09
4083,contato,2024-02-13
4083,reuniao,2024-02-17
4083,proposta,2024-02-19
4083,perdido,2024-03-06
4084,lead,2024-06-30
4084,perdido,2024-07-15
4085,lead,2025-12-30
4086,lead,2025-01-06
4086,contato,2025-01-21
4086,reuniao,2025-01-25
4086,perdido,2025-01-31
4087,lead,2024-08-30
4087,contato,2024-09-12
4087,perdido,2024-09-25
4088,lead,2025-05-23
4088,perdido,2025-06-17
4089,lead,2024-12-03
4089,perdido,2024-12-17
4090,lead,2024-01-17
4090,perdido,2024-02-11
4091,lead,2025-01-27
4091,contato,2025-02-02
4091,reuniao,2025-02-17
4091,perdido,2025-03-13
4092,lead,2024-07-28
4092,contato,2024-08-06
4092,reuniao,2024-08-16
4092,perdido,2024-08-20
4093,lead,2025-02-10
4093,contato,2025-02-20
4093,reuniao,2025-02-21
4093,perdido,2025-03-16
4094,lead,2024-04-18
4094,contato,2024-04-23
4094,reuniao,2024-05-10
4094,proposta,2024-05-26
4094,fechado,2024-05-30
4095,lead,2024-12-15
4095,contato,2024-12-22
4095,perdido,2025-01-07
4096,lead,2024-05-03
4096,contato,2024-05-19
4096,perdido,2024-05-29
4097,lead,2024-07-24
4097,contato,2024-07-30
4097,reuniao,2024-08-02
4097,proposta,2024-08-09
4097,perdido,2024-08-27
4098,lead,2025-04-29
4098,perdido,2025-05-11
4099,lead,2024-05-28
4099,contato,2024-06-15
4099,reuniao,2024-06-24
4099,proposta,2024-06-26
4099,fechado,2024-06-30
4100,lead,2024-10-22
4100,contato,2024-10-31
4100,reuniao,2024-11-06
4100,proposta,2024-12-04
4100,perdido,2024-12-25
4101,lead,2024-02-11
4101,contato,2024-02-24
4101,perdido,2024-03-24
4102,lead,2025-04-29
4102,contato,2025-05-03
4102,reuniao,2025-05-06
4102,proposta,2025-05-12
4102,perdido,2025-06-07
4103,lead,2025-01-22
4103,contato,2025-01-25
4103,perdido,2025-01-29
4104,lead,2025-08-06
4104,perdido,2025-09-01
4105,lead,2025-01-20
4105,contato,2025-02-08
4105,perdido,2025-02-17
4106,lead,2025-12-26
4107,lead,2024-06-07
4107,contato,2024-06-18
4107,perdido,2024-06-21
4108,lead,2025-06-09
4108,contato,2025-06-18
4108,reuniao,2025-06-24
4108,perdido,2025-07-07
4109,lead,2024-11-02
4109,perdido,2024-11-17
4110,lead,2024-09-22
4110,contato,2024-10-03
4110,reuniao,2024-10-09
4110,proposta,2024-10-17
4110,perdido,2024-11-09
4111,lead,2025-05-31
4111,perdido,2025-06-28
4112,lead,2025-11-22
4112,contato,2025-12-04
4112,perdido,2025-12-20
4113,lead,2025-06-19
4113,contato,2025-06-22
4113,reuniao,2025-06-30
4113,proposta,2025-07-13
4113,perdido,2025-08-10
4114,lead,2024-08-18
4114,contato,2024-08-31
4114,reuniao,2024-09-11
4114,proposta,2024-09-24
4114,perdido,2024-09-30
4115,lead,2025-01-06
4115,contato,2025-01-22
4115,reuniao,2025-01-03
4115,proposta,2025-01-29
4115,perdido,2025-02-20
4116,lead,2024-05-20
4116,contato,2024-06-03
4116,reuniao,2024-06-10
4116,perdido,2024-06-19
4117,lead,2025-03-13
4117,contato,2025-03-15
4117,reuniao,2025-03-16
4117,proposta,2025-03-20
4117,fechado,2025-03-31
4118,lead,2024-10-12
4118,contato,2024-10-17
4118,perdido,2024-10-29
4119,lead,2024-05-28
4119,contato,2024-06-02
4119,perdido,2024-06-19
4120,lead,2024-01-12
4120,perdido,2024-01-26
4121,lead,2025-10-29
4121,contato,2025-11-08
4121,perdido,2025-11-13
4122,lead,2024-02-15
4122,contato,2024-02-17
4122,reuniao,2024-02-19
4122,proposta,2024-02-23
4122,perdido,2024-03-19
4123,lead,2024-08-18
4123,contato,2024-08-19
4123,reuniao,2024-08-28
4123,proposta,2024-09-11
4123,perdido,2024-10-04
4124,lead,2024-04-30
4124,contato,2024-05-02
4124,reuniao,2024-05-13
4124,proposta,2024-05-19
4124,perdido,2024-06-18
4125,lead,2024-12-25
4125,contato,2024-12-26
4125,perdido,2025-01-06
4126,lead,2024-05-04
4126,contato,2024-05-05
4126,reuniao,2024-04-17
4126,proposta,2024-05-12
4126,perdido,2024-06-06
4127,lead,2025-06-04
4127,contato,2025-06-28
4127,reuniao,2025-07-07
4127,perdido,2025-08-05
4128,lead,2024-05-26
4128,contato,2024-05-29
4128,reuniao,2024-06-08
4128,perdido,2024-06-24
4129,lead,2024-04-27
4129,contato,2024-05-06
4129,perdido,2024-05-28
4130,lead,2024-05-20
4130,perdido,2024-06-14
4131,lead,2024-07-23
4131,contato,2024-07-27
4131,perdido,2024-08-01
4132,lead,2025-03-27
4132,contato,2025-04-22
4132,reuniao,2025-05-05
4132,proposta,2025-05-20
4132,fechado,2025-05-24
4133,lead,2024-05-14
4133,perdido,2024-06-07
4134,lead,2025-05-06
4134,contato,2025-05-13
4134,perdido,2025-06-02
4135,lead,2024-11-01
4135,contato,2024-11-19
4135,reuniao,2024-11-29
4135,proposta,2024-12-26
4135,fechado,2025-01-01
4136,lead,2024-05-05
4136,contato,2024-05-13
4136,reuniao,2024-05-19
4136,proposta,2024-05-27
4136,perdido,2024-05-31
4137,lead,2024-06-06
4137,contato,2024-06-14
4137,reuniao,2024-06-25
4137,perdido,2024-07-20
4138,lead,2025-01-15
4138,perdido,2025-01-29
4139,lead,2024-09-24
4139,contato,2024-10-09
4139,perdido,2024-11-06
4140,lead,2025-01-08
4140,contato,2025-01-20
4140,reuniao,2025-01-23
4140,perdido,2025-02-07
4141,lead,2025-08-05
4141,perdido,2025-08-22
4142,lead,2024-01-26
4142,contato,2024-02-17
4142,reuniao,2024-02-20
4142,proposta,2024-02-23
4142,perdido,2024-03-16
4143,lead,2024-10-05
4143,contato,2024-10-06
4143,perdido,2024-10-27
4144,lead,2024-10-21
4144,contato,2024-10-28
4144,perdido,2024-11-23
4145,lead,2024-06-15
4145,contato,2024-06-21
4145,perdido,2024-07-01
4146,lead,2024-11-10
4146,perdido,2024-12-09
4147,lead,2025-02-07
4147,contato,2025-02-12
4147,reuniao,2025-03-01
4147,perdido,2025-03-16
4148,lead,2025-02-18
4148,contato,2025-02-26
4148,perdido,2025-03-23
4149,lead,2025-04-16
4149,perdido,2025-05-03
4150,lead,2024-02-14
4150,perdido,2024-03-15
4151,lead,2024-11-25
4151,contato,2024-11-30
4151,reuniao,2024-12-05
4151,proposta,2024-12-12
4151,fechado,2024-12-16
4152,lead,2025-06-21
4152,perdido,2025-07-13
4153,lead,2024-11-21
4153,perdido,2024-12-09
4154,lead,2025-04-06
4154,perdido,2025-05-02
4155,lead,2025-02-21
4155,contato,2025-02-23
4155,perdido,2025-03-01
4156,lead,2024-11-29
4156,contato,2024-12-19
4156,reuniao,2024-12-25
4156,perdido,2025-01-04
4157,lead,2024-02-15
4157,contato,2024-02-20
4157,reuniao,2024-02-26
4157,proposta,2024-02-28
4157,fechado,2024-03-15
4158,lead,2025-03-21
4158,contato,2025-04-02
4158,reuniao,2025-04-06
4158,proposta,2025-04-16
4158,fechado,2025-04-22
4159,lead,2025-01-19
4159,contato,2025-01-28
4159,reuniao,2025-01-30
4159,perdido,2025-02-06
4160,lead,2024-01-04
4160,contato,2024-01-11
4160,reuniao,2024-01-19
4160,proposta,2024-01-24
4160,fechado,2024-01-27
4161,lead,2024-05-12
4161,contato,2024-06-06
4161,reuniao,2024-06-19
4161,proposta,2024-06-26
4161,perdido,2024-07-16
4162,lead,2024-02-04
4162,contato,2024-02-13
4162,reuniao,2024-02-20
4162,perdido,2024-02-24
4163,lead,2025-02-09
4163,contato,2025-02-20
4163,reuniao,2025-02-23
4163,proposta,2025-03-03
4163,perdido,2025-03-08
4164,lead,2024-01-09
4164,perdido,2024-02-01
4165,lead,2025-08-29
4165,contato,2025-09-04
4165,perdido,2025-10-04
4166,lead,2025-11-15
4166,contato,2025-11-20
4166,reuniao,2025-12-10
4167,lead,2025-12-09
4167,perdido,2025-12-12
4168,lead,2024-05-27
4168,contato,2024-06-04
4168,reuniao,2024-06-07
4168,proposta,2024-06-21
4168,perdido,2024-07-01
4169,lead,2024-12-26
4169,contato,2024-12-31
4169,reuniao,2025-01-11
4169,proposta,2025-01-22
4169,perdido,2025-01-25
4170,lead,2025-10-04
4170,contato,2025-10-23
4170,reuniao,2025-10-29
4170,perdido,2025-11-11
4171,lead,2025-04-29
4171,perdido,2025-05-24
4172,lead,2024-07-24
4172,contato,2024-07-25
4172,reuniao,2024-08-06
4172,proposta,2024-08-16
4172,fechado,2024-08-24
4173,lead,2025-08-22
4173,contato,2025-09-07
4173,perdido,2025-09-23
4174,lead,2025-02-11
4174,contato,2025-02-20
4174,reuniao,2025-03-03
4174,proposta,2025-03-16
4174,perdido,2025-04-02
4175,lead,2025-05-30
4175,perdido,2025-06-25
4176,lead,2025-12-04
4176,contato,2025-12-05
4176,reuniao,2025-12-06
4176,proposta,2025-12-12
4176,perdido,2025-12-21
4177,lead,2025-12-29
4178,lead,2025-01-03
4178,contato,2025-01-21
4178,reuniao,2025-01-26
4178,perdido,2025-02-17
4179,lead,2024-04-06
4179,contato,2024-04-11
4179,reuniao,2024-04-20
4179,proposta,2024-04-27
4179,perdido,2024-05-08
4180,lead,2025-03-12
4180,perdido,2025-03-25
4181,lead,2025-03-28
4181,perdido,2025-04-14
4182,lead,2025-02-10
4182,contato,2025-02-22
4182,perdido,2025-03-23
4183,lead,2024-10-26
4183,contato,2024-11-01
4183,perdido,2024-12-01
4184,lead,2025-02-16
4184,contato,2025-02-18
4184,perdido,2025-02-27
4185,lead,2025-01-19
4185,contato,2025-01-24
4185,reuniao,2025-01-31
4185,perdido,2025-02-17
4186,lead,2025-11-13
4186,perdido,2025-12-01
4187,lead,2025-08-25
4187,contato,2025-09-01
4187,reuniao,2025-09-04
4187,perdido,2025-09-19
4188,lead,2024-10-05
4188,contato,2024-10-16
4188,reuniao,2024-10-18
4188,perdido,2024-10-24
4189,lead,2025-02-10
4189,contato,2025-02-27
4189,perdido,2025-03-09
4190,lead,2025-02-07
4190,perdido,2025-02-28
4191,lead,2025-01-06
4191,contato,2025-01-10
4191,perdido,2025-01-20
4192,lead,2024-02-02
4192,contato,2024-02-04
4192,reuniao,2024-02-07
4192,proposta,2024-02-11
4192,perdido,2024-02-17
4193,lead,2025-05-17
4193,contato,2025-05-20
4193,reuniao,2025-05-30
4193,proposta,2025-06-07
4193,perdido,2025-07-03
4194,lead,2025-05-31
4194,contato,2025-06-08
4194,reuniao,2025-06-11
4194,perdido,2025-07-04
4195,lead,2024-12-16
4195,perdido,2024-12-24
4196,lead,2025-10-11
4196,contato,2025-10-21
4196,reuniao,2025-10-27
4196,perdido,2025-11-20
4197,lead,2025-12-17
4197,contato,2025-12-30
4197,reuniao,2025-12-31
4198,lead,2025-08-05
4198,contato,2025-08-13
4198,reuniao,2025-09-01
4198,perdido,2025-09-11
4199,lead,2025-10-31
4199,perdido,2025-11-04
4200,lead,2024-12-19
4200,contato,2024-12-29
4200,perdido,2025-01-03
4201,lead,2025-10-21
4201,contato,2025-11-02
4201,reuniao,2025-11-06
4201,proposta,2025-11-10
4201,perdido,2025-12-02
4202,lead,2025-11-05
4202,contato,2025-11-25
4202,reuniao,2025-12-04
4202,perdido,2025-12-20
4203,lead,2025-03-15
4203,contato,2025-03-19
4203,reuniao,2025-03-21
4203,perdido,2025-03-29
4204,lead,2024-04-01
4204,contato,2024-04-04
4204,reuniao,2024-04-07
4204,proposta,2024-04-11
4204,perdido,2024-04-29
4205,lead,2024-04-03
4205,contato,2024-04-13
4205,reuniao,2024-04-17
4205,proposta,2024-04-23
4205,perdido,2024-05-19
4206,lead,2024-12-05
4206,contato,2024-12-06
4206,reuniao,2024-12-11
4206,perdido,2024-12-31
4207,lead,2025-06-03
4207,contato,2025-06-24
4207,reuniao,2025-07-08
4207,proposta,2025-07-11
4207,fechado,2025-07-15
4208,lead,2025-01-01
4208,perdido,2025-01-06
4209,lead,2025-07-25
4209,contato,2025-07-27
4209,reuniao,2025-08-16
4209,perdido,2025-09-06
4210,lead,2025-07-01
4210,contato,2025-07-05
4210,reuniao,2025-07-10
4210,proposta,2025-07-15
4210,perdido,2025-08-01
4211,lead,2024-05-10
4211,perdido,2024-06-09
4212,lead,2024-03-20
4212,perdido,2024-03-31
4213,lead,2025-05-12
4213,contato,2025-05-21
4213,perdido,2025-06-15
4214,lead,2024-08-10
4214,contato,2024-08-19
4214,reuniao,2024-08-21
4214,perdido,2024-08-30
4215,lead,2025-11-02
4215,contato,2025-11-12
4215,perdido,2025-11-28
4216,lead,2025-09-17
4216,perdido,2025-10-15
4217,lead,2024-11-18
4217,perdido,2024-12-16
4218,lead,2025-02-15
4218,contato,2025-02-16
4218,reuniao,2025-02-23
4218,proposta,2025-03-04
4218,fechado,2025-03-12
4219,lead,2025-09-02
4219,perdido,2025-09-25
4220,lead,2025-09-19
4220,contato,2025-09-27
4220,perdido,2025-10-15
4221,lead,2025-02-01
4221,contato,2025-02-06
4221,perdido,2025-02-25
4222,lead,2025-12-06
4223,lead,2025-01-12
4223,contato,2025-01-21
4223,reuniao,2025-02-07
4223,perdido,2025-03-04
4224,lead,2024-01-24
4224,contato,2024-01-26
4224,perdido,2024-02-07
4225,lead,2025-02-05
4225,contato,2025-02-11
4225,reuniao,2025-02-15
4225,perdido,2025-02-18
4226,lead,2025-07-07
4226,contato,2025-07-09
4226,reuniao,2025-07-13
4226,proposta,2025-07-18
4226,perdido,2025-08-11
4227,lead,2025-12-18
4228,lead,2024-03-02
4228,perdido,2024-03-19
4229,lead,2024-11-09
4229,contato,2024-11-17
4229,reuniao,2024-11-18
4229,proposta,2024-11-19
4229,perdido,2024-11-25
4230,lead,2025-02-19
4230,perdido,2025-03-16
4231,lead,2025-09-27
4231,contato,2025-10-06
4231,perdido,2025-11-03
4232,lead,2025-05-20
4232,contato,2025-05-24
4232,reuniao,2025-06-06
4232,proposta,2025-06-10
4232,perdido,2025-06-30
4233,lead,2024-05-30
4233,perdido,2024-06-24
4234,lead,2025-09-11
4234,contato,2025-09-22
4234,reuniao,2025-09-24
4234,proposta,2025-09-30
4234,perdido,2025-10-26
4235,lead,2025-04-12
4235,contato,2025-04-17
4235,perdido,2025-04-23
4236,lead,2025-10-07
4236,contato,2025-10-12
4236,perdido,2025-11-01
4237,lead,2025-08-22
4237,contato,2025-08-26
4237,perdido,2025-09-12
4238,lead,2024-03-18
4238,contato,2024-03-23
4238,reuniao,2024-03-27
4238,proposta,2024-04-07
4238,fechado,2024-04-11
4239,lead,2025-11-26
4239,perdido,2025-12-02
4240,lead,2024-11-20
4240,contato,2024-11-30
4240,perdido,2024-12-23
4241,lead,2025-12-16
4241,contato,2025-12-27
4242,lead,2024-04-28
4242,contato,2024-05-04
4242,reuniao,2024-05-14
4242,proposta,2024-04-26
4242,perdido,2024-06-08
4243,lead,2025-07-20
4243,perdido,2025-08-16
4244,lead,2024-07-29
4244,contato,2024-08-19
4244,perdido,2024-09-05
4245,lead,2024-01-26
4245,contato,2024-01-30
4245,reuniao,2024-02-01
4245,perdido,2024-03-02
4246,lead,2025-12-26
4247,lead,2024-07-28
4247,perdido,2024-08-20
4248,lead,2024-02-16
4248,contato,2024-03-08
4248,reuniao,2024-03-13
4248,perdido,2024-03-28
4249,lead,2025-09-11
4249,contato,2025-09-18
4249,reuniao,2025-10-02
4249,perdido,2025-10-25
4250,lead,2024-11-02
4250,perdido,2024-11-21
4251,lead,2025-02-13
4251,contato,2025-02-16
4251,reuniao,2025-02-19
4251,proposta,2025-02-25
4251,perdido,2025-03-17
4252,lead,2025-12-18
4253,lead,2024-12-13
4253,contato,2024-12-31
4253,reuniao,2025-01-05
4253,proposta,2025-01-28
4253,perdido,2025-02-10
4254,lead,2024-02-08
4254,contato,2024-02-13
4254,reuniao,2024-02-19
4254,proposta,2024-02-29
4254,fechado,2024-03-11
4255,lead,2025-05-02
4255,contato,2025-05-16
4255,perdido,2025-06-03
4256,lead,2025-05-16
4256,contato,2025-05-18
4256,reuniao,2025-05-21
4256,perdido,2025-06-15
4257,lead,2024-05-03
4257,contato,2024-05-05
4257,reuniao,2024-05-31
4257,proposta,2024-06-04
4257,perdido,2024-06-17
4258,lead,2025-01-26
4258,contato,2025-01-29
4258,reuniao,2025-02-13
4258,proposta,2025-03-02
4258,perdido,2025-03-16
4259,lead,2024-09-17
4259,contato,2024-09-21
4259,perdido,2024-10-11
4260,lead,2024-01-29
4260,contato,2024-02-08
4260,reuniao,2024-03-01
4260,proposta,2024-03-04
4260,perdido,2024-03-28
4261,lead,2024-08-03
4261,perdido,2024-08-11
4262,lead,2025-10-17
4262,contato,2025-10-25
4262,reuniao,2025-10-27
4262,perdido,2025-11-19
4263,lead,2024-07-25
4263,contato,2024-07-30
4263,reuniao,2024-07-31
4263,perdido,2024-08-15
4264,lead,2024-05-24
4264,contato,2024-06-04
4264,reuniao,2024-06-18
4264,proposta,2024-06-23
4264,perdido,2024-07-04
4265,lead,2025-11-10
4265,contato,2025-11-21
4265,reuniao,2025-11-30
4265,perdido,2025-12-22
4266,lead,2024-09-27
4266,contato,2024-10-02
4266,reuniao,2024-10-10
4266,perdido,2024-10-26
4267,lead,2025-11-10
4267,contato,2025-11-12
4267,perdido,2025-11-15
4268,lead,2025-09-26
4268,perdido,2025-10-22
4269,lead,2024-12-04
4269,contato,2024-12-21
4269,reuniao,2024-12-26
4269,proposta,2025-01-03
4269,perdido,2025-01-19
4270,lead,2024-09-29
4270,contato,2024-10-06
4270,reuniao,2024-10-11
4270,perdido,2024-10-23
4271,lead,2024-03-24
4271,contato,2024-04-09
4271,reuniao,2024-04-15
4271,proposta,2024-04-27
4271,perdido,2024-05-16
4272,lead,2024-05-01
4272,contato,2024-05-03
4272,reuniao,2024-05-11
4272,perdido,2024-05-19
4273,lead,2024-05-31
4273,perdido,2024-06-28
4274,lead,2024-12-04
4274,contato,2024-12-05
4274,reuniao,2024-12-10
4274,perdido,2024-12-16
4275,lead,2024-09-19
4275,contato,2024-09-27
4275,perdido,2024-10-02
4276,lead,2025-07-26
4276,contato,2025-07-28
4276,perdido,2025-08-04
4277,lead,2024-07-22
4277,perdido,2024-08-05
4278,lead,2024-10-28
4278,contato,2024-11-09
4278,reuniao,2024-11-17
4278,proposta,2024-12-06
4278,fechado,2024-12-08
4279,lead,2024-03-14
4279,perdido,2024-03-28
4280,lead,2024-07-01
4280,perdido,2024-07-31
4281,lead,2025-07-12
4281,contato,2025-08-01
4281,reuniao,2025-08-06
4281,proposta,2025-08-23
4281,perdido,2025-09-05
4282,lead,2025-05-13
4282,contato,2025-05-17
4282,perdido,2025-05-23
4283,lead,2024-10-11
4283,perdido,2024-11-05
4284,lead,2025-02-14
4284,contato,2025-02-25
4284,reuniao,2025-02-26
4284,perdido,2025-03-16
4285,lead,2024-11-24
4285,contato,2024-12-20
4285,reuniao,2024-12-23
4285,proposta,2025-01-09
4285,perdido,2025-01-13
4286,lead,2025-10-07
4286,contato,2025-10-08
4286,reuniao,2025-10-20
4286,proposta,2025-11-06
4286,perdido,2025-12-05
4287,lead,2024-10-06
4287,contato,2024-10-14
4287,reuniao,2024-10-30
4287,proposta,2024-11-03
4287,perdido,2024-11-20
4288,lead,2025-05-24
4288,contato,2025-06-13
4288,perdido,2025-06-26
4289,lead,2024-05-21
4289,perdido,2024-06-04
4290,lead,2024-11-04
4290,contato,2024-11-07
4290,perdido,2024-11-26
4291,lead,2025-01-17
4291,contato,2025-01-29
4291,reuniao,2025-02-24
4291,perdido,2025-03-09
4292,lead,2024-03-02
4292,contato,2024-03-11
4292,reuniao,2024-03-14
4292,proposta,2024-03-24
4292,perdido,2024-04-23
4293,lead,2025-02-20
4293,contato,2025-03-02
4293,perdido,2025-03-09
4294,lead,2025-02-12
4294,contato,2025-02-18
4294,reuniao,2025-02-25
4294,perdido,2025-03-19
4295,lead,2024-04-07
4295,contato,2024-04-15
4295,reuniao,2024-04-21
4295,proposta,2024-05-03
4295,perdido,2024-05-10
4296,lead,2025-12-30
4297,lead,2024-02-23
4297,contato,2024-03-11
4297,reuniao,2024-03-12
4297,proposta,2024-03-18
4297,fechado,2024-03-26
4298,lead,2025-10-07
4298,contato,2025-10-17
4298,reuniao,2025-10-22
4298,proposta,2025-11-03
4298,perdido,2025-11-16
4299,lead,2024-12-23
4299,contato,2024-12-25
4299,perdido,2025-01-15
4300,lead,2024-05-24
4300,contato,2024-05-30
4300,reuniao,2024-06-02
4300,proposta,2024-06-11
4300,perdido,2024-07-02
4301,lead,2024-03-07
4301,contato,2024-03-12
4301,reuniao,2024-03-30
4301,proposta,2024-04-03
4301,perdido,2024-04-13
4302,lead,2025-05-08
4302,contato,2025-05-23
4302,reuniao,2025-06-01
4302,perdido,2025-06-13
4303,lead,2025-06-19
4303,contato,2025-07-09
4303,perdido,2025-08-04
4304,lead,2025-04-19
4304,contato,2025-05-01
4304,reuniao,2025-05-03
4304,proposta,2025-06-01
4304,perdido,2025-06-19
4305,lead,2024-10-24
4305,perdido,2024-11-21
4306,lead,2024-04-17
4306,contato,2024-04-25
4306,reuniao,2024-05-10
4306,proposta,2024-05-26
4306,perdido,2024-06-23
4307,lead,2025-07-17
4307,perdido,2025-08-14
4308,lead,2025-09-19
4308,perdido,2025-10-11
4309,lead,2024-10-04
4309,perdido,2024-11-03
4310,lead,2025-08-28
4310,contato,2025-09-12
4310,reuniao,2025-09-21
4310,perdido,2025-10-08
4311,lead,2025-03-23
4311,contato,2025-03-25
4311,perdido,2025-04-14
4312,lead,2025-01-15
4312,perdido,2025-01-24
4313,lead,2025-03-06
4313,contato,2025-03-09
4313,reuniao,2025-03-12
4313,proposta,2025-03-09
4313,perdido,2025-04-11
4314,lead,2024-03-04
4314,perdido,2024-03-09
4315,lead,2024-03-15
4315,perdido,2024-04-11
4316,lead,2025-05-27
4316,perdido,2025-06-05
4317,lead,2025-12-04
4318,lead,2025-01-04
4318,perdido,2025-01-17
4319,lead,2024-01-31
4319,perdido,2024-02-27
4320,lead,2024-02-08
4320,contato,2024-02-14
4320,reuniao,2024-02-18
4320,perdido,2024-03-17
4321,lead,2024-12-01
4321,contato,2024-12-23
4321,reuniao,2025-01-03
4321,proposta,2025-01-07
4321,fechado,2025-01-18
4322,lead,2025-04-07
4322,contato,2025-04-14
4322,reuniao,2025-04-30
4322,proposta,2025-05-08
4322,fechado,2025-05-11
4323,lead,2024-04-04
4323,contato,2024-04-08
4323,perdido,2024-04-25
4324,lead,2024-01-19
4324,perdido,2024-02-13
4325,lead,2025-05-30
4325,perdido,2025-06-24
4326,lead,2024-03-29
4326,contato,2024-04-09
4326,perdido,2024-05-09
4327,lead,2024-11-07
4327,perdido,2024-11-30
4328,lead,2025-06-02
4328,perdido,2025-06-12
4329,lead,2024-03-15
4329,contato,2024-03-24
4329,reuniao,2024-04-06
4329,perdido,2024-05-02
4330,lead,2024-11-11
4330,contato,2024-12-13
4330,perdido,2024-12-26
4331,lead,2024-03-06
4331,contato,2024-03-15
4331,reuniao,2024-03-18
4331,proposta,2024-03-21
4331,fechado,2024-03-29
4332,lead,2024-09-01
4332,contato,2024-09-04
4332,perdido,2024-09-15
4333,lead,2025-10-19
4333,contato,2025-10-22
4333,reuniao,2025-10-27
4333,proposta,2025-11-04
4333,fechado,2025-11-12
4334,lead,2025-04-28
4334,contato,2025-05-02
4334,reuniao,2025-05-03
4334,perdido,2025-05-21
4335,lead,2024-01-13
4335,perdido,2024-01-22
4336,lead,2024-03-22
4336,contato,2024-03-23
4336,perdido,2024-03-26
4337,lead,2024-07-20
4337,contato,2024-07-30
4337,reuniao,2024-08-09
4337,proposta,2024-08-11
4337,perdido,2024-08-26
4338,lead,2025-10-07
4338,contato,2025-10-12
4338,reuniao,2025-10-22
4338,perdido,2025-11-16
4339,lead,2025-06-13
4339,contato,2025-06-20
4339,reuniao,2025-06-26
4339,proposta,2025-07-15
4339,fechado,2025-07-21
4340,lead,2025-03-11
4340,contato,2025-03-13
4340,perdido,2025-04-02
4341,lead,2024-04-03
4341,contato,2024-04-10
4341,reuniao,2024-04-27
4341,perdido,2024-05-12
4342,lead,2025-10-31
4342,contato,2025-11-13
4342,reuniao,2025-11-17
4342,proposta,2025-11-06
4342,perdido,2025-11-30
4343,lead,2025-08-01
4343,contato,2025-08-11
4343,reuniao,2025-08-14
4343,perdido,2025-08-31
4344,lead,2024-06-06
4344,contato,2024-06-07
4344,reuniao,2024-06-17
4344,proposta,2024-06-19
4344,perdido,2024-07-07
4345,lead,2024-10-13
4345,contato,2024-10-26
4345,reuniao,2024-10-27
4345,perdido,2024-11-20
4346,lead,2024-10-30
4346,contato,2024-11-06
4346,perdido,2024-12-03
4347,lead,2025-02-20
4347,contato,2025-03-03
4347,reuniao,2025-03-10
4347,perdido,2025-03-23
4348,lead,2024-09-21
4348,contato,2024-09-25
4348,perdido,2024-10-04
4349,lead,2024-05-15
4349,contato,2024-05-25
4349,reuniao,2024-06-21
4349,proposta,2024-06-26
4349,perdido,2024-07-14
4350,lead,2025-04-14
4350,perdido,2025-05-14
4351,lead,2025-04-22
4351,contato,2025-05-01
4351,reuniao,2025-05-13
4351,proposta,2025-05-26
4351,perdido,2025-06-14
4352,lead,2024-11-11
4352,contato,2024-11-22
4352,perdido,2024-12-16
4353,lead,2024-12-19
4353,perdido,2025-01-07
4354,lead,2024-01-29
4354,perdido,2024-02-23
4355,lead,2024-11-22
4355,contato,2024-11-30
4355,reuniao,2024-12-15
4355,proposta,2024-12-29
4355,perdido,2025-01-26
4356,lead,2025-07-26
4356,contato,2025-08-02
4356,reuniao,2025-08-10
4356,perdido,2025-08-18
4357,lead,2025-02-22
4357,perdido,2025-03-14
4358,lead,2025-10-25
4358,contato,2025-11-08
4358,reuniao,2025-11-18
4358,perdido,2025-12-02
4359,lead,2025-05-20
4359,perdido,2025-06-10
4360,lead,2025-07-07
4360,contato,2025-07-11
4360,reuniao,2025-08-19
4360,proposta,2025-08-31
4360,perdido,2025-09-17
4361,lead,2024-11-24
4361,contato,2024-11-29
4361,reuniao,2024-12-10
4361,proposta,2024-12-14
4361,perdido,2024-12-26
4362,lead,2024-04-18
4362,perdido,2024-05-04
4363,lead,2025-10-19
4363,contato,2025-11-03
4363,reuniao,2025-11-11
4363,proposta,2025-11-15
4363,perdido,2025-11-25
4364,lead,2025-04-08
4364,contato,2025-04-11
4364,reuniao,2025-04-15
4364,proposta,2025-04-18
4364,fechado,2025-05-05
4365,lead,2025-10-17
4365,perdido,2025-10-29
4366,lead,2025-03-11
4366,perdido,2025-03-14
4367,lead,2024-11-20
4367,contato,2024-11-28
4367,reuniao,2024-12-09
4367,proposta,2024-12-13
4367,perdido,2025-01-01
4368,lead,2024-03-22
4368,contato,2024-04-12
4368,reuniao,2024-04-24
4368,proposta,2024-04-28
4368,perdido,2024-05-19
4369,lead,2024-10-08
4369,contato,2024-10-19
4369,reuniao,2024-11-01
4369,proposta,2024-11-11
4369,perdido,2024-11-21
4370,lead,2025-02-26
4370,contato,2025-03-02
4370,perdido,2025-03-22
4371,lead,2025-11-02
4371,contato,2025-11-13
4371,reuniao,2025-12-03
4371,perdido,2025-12-26
4372,lead,2025-08-18
4372,perdido,2025-09-10
4373,lead,2025-01-07
4373,contato,2025-01-19
4373,perdido,2025-02-14
4374,lead,2024-11-15
4374,perdido,2024-12-10
4375,lead,2024-01-19
4375,perdido,2024-02-17
4376,lead,2024-09-04
4376,contato,2024-09-27
4376,reuniao,2024-10-07
4376,perdido,2024-10-27
4377,lead,2025-12-14
4377,perdido,2025-12-31
4378,lead,2025-06-08
4378,contato,2025-06-17
4378,reuniao,2025-06-23
4378,perdido,2025-07-08
4379,lead,2025-01-14
4379,contato,2025-02-01
4379,reuniao,2025-02-09
4379,proposta,2025-02-15
4379,perdido,2025-03-07
4380,lead,2025-09-13
4380,contato,2025-10-13
4380,reuniao,2025-10-25
4380,proposta,2025-10-28
4380,fechado,2025-10-31
4381,lead,2024-01-13
4381,contato,2024-01-19
4381,perdido,2024-02-07
4382,lead,2025-11-24
4382,perdido,2025-11-28
4383,lead,2025-05-08
4383,perdido,2025-06-07
4384,lead,2024-01-08
4384,contato,2024-01-12
4384,reuniao,2024-01-27
4384,proposta,2024-02-04
4384,perdido,2024-02-29
4385,lead,2025-05-12
4385,contato,2025-05-17
4385,reuniao,2025-05-26
4385,proposta,2025-06-06
4385,perdido,2025-07-01
4386,lead,2024-02-18
4386,perdido,2024-02-22
4387,lead,2025-03-25
4387,contato,2025-04-01
4387,perdido,2025-04-27
4388,lead,2024-07-26
4388,perdido,2024-08-06
4389,lead,2024-05-16
4389,perdido,2024-06-14
4390,lead,2025-03-18
4390,contato,2025-03-22
4390,reuniao,2025-03-28
4390,proposta,2025-04-05
4390,perdido,2025-04-16
4391,lead,2024-11-04
4391,perdido,2024-11-08
4392,lead,2024-02-06
4392,contato,2024-02-07
4392,perdido,2024-02-10
4393,lead,2025-08-13
4393,contato,2025-08-17
4393,perdido,2025-09-06
4394,lead,2024-06-27
4394,contato,2024-07-01
4394,reuniao,2024-07-07
4394,perdido,2024-07-18
4395,lead,2025-03-11
4395,contato,2025-03-15
4395,perdido,2025-04-10
4396,lead,2025-03-05
4396,perdido,2025-03-12
4397,lead,2024-02-01
4397,contato,2024-02-08
4397,reuniao,2024-02-17
4397,proposta,2024-03-11
4397,perdido,2024-04-04
4398,lead,2025-12-29
4399,lead,2024-11-15
4399,contato,2024-11-19
4399,reuniao,2024-12-05
4399,proposta,2024-12-21
4399,perdido,2025-01-06
4400,lead,2024-05-11
4400,perdido,2024-06-08
4401,lead,2024-11-06
4401,perdido,2024-11-10
4402,lead,2025-03-01
4402,contato,2025-03-15
4402,reuniao,2025-03-19
4402,proposta,2025-04-03
4402,perdido,2025-04-15
4403,lead,2024-01-02
4403,contato,2024-01-07
4403,reuniao,2024-01-12
4403,proposta,2024-01-25
4403,perdido,2024-02-07
4404,lead,2024-07-25
4404,perdido,2024-08-22
4405,lead,2025-01-20
4405,contato,2025-01-26
4405,reuniao,2025-02-02
4405,perdido,2025-02-24
4406,lead,2025-05-04
4406,perdido,2025-05-19
4407,lead,2024-08-05
4407,contato,2024-08-19
4407,reuniao,2024-08-20
4407,proposta,2024-08-28
4407,perdido,2024-09-01
4408,lead,2024-10-13
4408,contato,2024-10-16
4408,perdido,2024-11-11
4409,lead,2024-05-23
4409,contato,2024-06-05
4409,reuniao,2024-06-10
4409,proposta,2024-06-25
4409,perdido,2024-07-23
4410,lead,2024-07-19
4410,perdido,2024-08-04
4411,lead,2025-04-29
4411,contato,2025-05-08
4411,reuniao,2025-05-14
4411,proposta,2025-05-24
4411,fechado,2025-06-03
4412,lead,2024-08-24
4412,contato,2024-08-30
4412,reuniao,2024-09-07
4412,perdido,2024-09-21
4413,lead,2024-07-08
4413,contato,2024-07-24
4413,reuniao,2024-07-29
4413,perdido,2024-08-06
4414,lead,2024-07-24
4414,contato,2024-08-09
4414,perdido,2024-09-05
4415,lead,2025-03-08
4415,contato,2025-03-15
4415,reuniao,2025-03-19
4415,proposta,2025-03-26
4415,perdido,2025-04-08
4416,lead,2025-02-03
4416,perdido,2025-02-08
4417,lead,2024-10-15
4417,perdido,2024-10-28
4418,lead,2025-03-21
4418,contato,2025-04-02
4418,reuniao,2025-04-07
4418,proposta,2025-04-13
4418,perdido,2025-05-01
4419,lead,2025-03-28
4419,perdido,2025-04-07
4420,lead,2024-01-08
4420,contato,2024-01-21
4420,perdido,2024-02-07
4421,lead,2024-08-26
4421,contato,2024-09-11
4421,reuniao,2024-10-01
4421,perdido,2024-10-26
4422,lead,2024-06-10
4422,contato,2024-06-16
4422,reuniao,2024-06-18
4422,perdido,2024-07-14
4423,lead,2025-08-18
4423,perdido,2025-09-07
4424,lead,2024-07-05
4424,contato,2024-07-09
4424,reuniao,2024-07-13
4424,proposta,2024-07-20
4424,perdido,2024-07-26
4425,lead,2024-08-08
4425,contato,2024-08-12
4425,perdido,2024-08-16
4426,lead,2025-01-21
4426,perdido,2025-02-13
4427,lead,2025-01-27
4427,contato,2025-01-31
4427,perdido,2025-02-06
4428,lead,2025-08-03
4428,contato,2025-08-05
4428,reuniao,2025-08-13
4428,perdido,2025-09-05
4429,lead,2024-10-01
4429,contato,2024-10-13
4429,reuniao,2024-10-10
4429,perdido,2024-11-05
4430,lead,2024-07-10
4430,contato,2024-07-22
4430,perdido,2024-08-08
4431,lead,2025-03-05
4431,contato,2025-03-15
4431,reuniao,2025-03-18
4431,proposta,2025-03-21
4431,perdido,2025-04-08
4432,lead,2025-05-29
4432,contato,2025-06-06
4432,reuniao,2025-06-20
4432,perdido,2025-07-08
4433,lead,2025-12-25
4434,lead,2025-03-11
4434,perdido,2025-03-16
4435,lead,2024-12-22
4435,contato,2024-12-31
4435,reuniao,2025-01-17
4435,proposta,2025-01-28
4435,perdido,2025-02-08
4436,lead,2024-03-21
4436,perdido,2024-04-12
4437,lead,2025-12-20
4437,contato,2025-12-31
4438,lead,2025-04-27
4438,perdido,2025-05-10
4439,lead,2024-04-12
4439,contato,2024-04-13
4439,reuniao,2024-04-14
4439,proposta,2024-04-18
4439,fechado,2024-04-28
4440,lead,2024-11-25
4440,contato,2024-12-13
4440,reuniao,2025-01-11
4440,perdido,2025-01-22
4441,lead,2025-02-03
4441,contato,2025-02-05
4441,reuniao,2025-02-14
4441,proposta,2025-02-21
4441,fechado,2025-02-26
4442,lead,2024-05-20
4442,contato,2024-06-03
4442,reuniao,2024-06-12
4442,proposta,2024-06-14
4442,perdido,2024-06-19
4443,lead,2025-06-01
4443,perdido,2025-06-10
4444,lead,2025-04-02
4444,contato,2025-04-08
4444,perdido,2025-04-15
4445,lead,2024-06-01
4445,contato,2024-06-11
4445,reuniao,2024-07-01
4445,perdido,2024-07-24
4446,lead,2025-12-22
4446,contato,2025-12-27
4446,reuniao,2025-12-31
4447,lead,2025-11-16
4447,contato,2025-11-26
4447,reuniao,2025-12-06
4447,perdido,2025-12-16
4448,lead,2024-06-27
4448,contato,2024-07-12
4448,perdido,2024-08-03
4449,lead,2024-11-10
4449,perdido,2024-11-17
4450,lead,2025-10-06
4450,contato,2025-10-25
4450,perdido,2025-11-21
4451,lead,2024-10-14
4451,contato,2024-10-22
4451,reuniao,2024-11-05
4451,proposta,2024-11-12
4451,fechado,2024-11-24
4452,lead,2025-11-21
4452,contato,2025-12-06
4452,reuniao,2025-12-11
4452,proposta,2025-12-27
4453,lead,2024-05-08
4453,contato,2024-05-13
4453,perdido,2024-05-25
4454,lead,2025-05-26
4454,contato,2025-06-09
4454,reuniao,2025-06-28
4454,perdido,2025-07-09
4455,lead,2025-02-27
4455,contato,2025-03-06
4455,perdido,2025-03-24
4456,lead,2024-08-31
4456,perdido,2024-09-13
4457,lead,2025-05-21
4457,perdido,2025-06-03
4458,lead,2024-01-14
4458,perdido,2024-02-07
4459,lead,2024-05-30
4459,perdido,2024-06-29
4460,lead,2024-06-23
4460,contato,2024-06-25
4460,perdido,2024-06-30
4461,lead,2024-03-10
4461,contato,2024-03-19
4461,perdido,2024-03-26
4462,lead,2024-01-20
4462,perdido,2024-02-06
4463,lead,2024-09-05
4463,contato,2024-09-09
4463,perdido,2024-09-12
4464,lead,2024-05-21
4464,perdido,2024-06-06
4465,lead,2024-03-20
4465,contato,2024-04-04
4465,reuniao,2024-04-25
4465,proposta,2024-05-06
4465,perdido,2024-05-21
4466,lead,2024-04-06
4466,contato,2024-04-25
4466,perdido,2024-05-25
4467,lead,2025-08-16
4467,contato,2025-08-30
4467,reuniao,2025-09-04
4467,proposta,2025-09-09
4467,perdido,2025-09-18
4468,lead,2024-02-25
4468,contato,2024-03-06
4468,reuniao,2024-03-14
4468,proposta,2024-03-22
4468,perdido,2024-03-25
4469,lead,2025-05-26
4469,contato,2025-06-15
4469,reuniao,2025-07-18
4469,perdido,2025-07-27
4470,lead,2024-01-31
4470,contato,2024-02-05
4470,reuniao,2024-02-20
4470,perdido,2024-03-19
4471,lead,2024-01-23
4471,contato,2024-02-05
4471,perdido,2024-02-15
4472,lead,2024-11-11
4472,contato,2024-11-12
4472,reuniao,2024-11-20
4472,proposta,2024-11-27
4472,fechado,2024-12-08
4473,lead,2024-09-26
4473,contato,2024-10-03
4473,reuniao,2024-10-04
4473,proposta,2024-10-24
4473,fechado,2024-11-01
4474,lead,2025-01-26
4474,perdido,2025-02-12
4475,lead,2025-05-10
4475,contato,2025-05-26
4475,reuniao,2025-06-02
4475,proposta,2025-06-09
4475,perdido,2025-06-15
4476,lead,2024-08-02
4476,contato,2024-08-24
4476,reuniao,2024-08-25
4476,proposta,2024-09-21
4476,fechado,2024-09-30
4477,lead,2024-05-03
4477,contato,2024-05-10
4477,reuniao,2024-05-15
4477,perdido,2024-06-03
4478,lead,2025-08-12
4478,contato,2025-08-16
4478,reuniao,2025-08-23
4478,proposta,2025-08-29
4478,perdido,2025-09-16
4479,lead,2024-04-12
4479,contato,2024-04-13
4479,reuniao,2024-04-17
4479,proposta,2024-04-26
4479,fechado,2024-04-30
4480,lead,2025-07-24
4480,contato,2025-08-09
4480,reuniao,2025-08-16
4480,proposta,2025-08-22
4480,fechado,2025-08-28
4481,lead,2025-02-19
4481,contato,2025-02-21
4481,reuniao,2025-03-03
4481,proposta,2025-03-04
4481,perdido,2025-03-28
4482,lead,2024-07-16
4482,perdido,2024-08-08
4483,lead,2024-08-05
4483,perdido,2024-08-23
4484,lead,2024-09-18
4484,contato,2024-09-23
4484,reuniao,2024-10-07
4484,proposta,2024-10-17
4484,fechado,2024-10-26
4485,lead,2025-02-22
4485,contato,2025-02-24
4485,reuniao,2025-03-10
4485,proposta,2025-03-11
4485,perdido,2025-03-15
4486,lead,2025-12-13
4486,contato,2025-12-19
4486,reuniao,2025-12-28
4486,proposta,2025-12-31
4487,lead,2024-08-09
4487,perdido,2024-08-15
4488,lead,2025-11-11
4488,contato,2025-11-12
4488,reuniao,2025-11-15
4488,perdido,2025-11-23
4489,lead,2024-05-11
4489,contato,2024-05-18
4489,reuniao,2024-06-06
4489,proposta,2024-06-08
4489,perdido,2024-06-22
4490,lead,2024-03-07
4490,contato,2024-03-12
4490,perdido,2024-04-05
4491,lead,2025-01-18
4491,contato,2025-01-19
4491,reuniao,2025-02-17
4491,proposta,2025-02-25
4491,fechado,2025-03-02
4492,lead,2025-12-10
4492,contato,2025-12-12
4492,perdido,2025-12-29
4493,lead,2024-12-17
4493,contato,2024-12-28
4493,reuniao,2025-01-10
4493,proposta,2025-01-14
4493,perdido,2025-02-03
4494,lead,2025-07-25
4494,perdido,2025-08-02
4495,lead,2024-12-06
4495,contato,2024-12-12
4495,perdido,2024-12-20
4496,lead,2025-09-04
4496,contato,2025-09-10
4496,reuniao,2025-09-16
4496,proposta,2025-10-04
4496,perdido,2025-10-17
4497,lead,2025-08-05
4497,contato,2025-08-09
4497,reuniao,2025-08-18
4497,proposta,2025-08-29
4497,perdido,2025-09-28
4498,lead,2025-04-28
4498,perdido,2025-05-15
4499,lead,2025-03-09
4499,contato,2025-03-15
4499,reuniao,2025-04-04
4499,proposta,2025-04-11
4499,fechado,2025-04-15
4500,lead,2025-01-10
4500,contato,2025-01-12
4500,reuniao,2025-01-16
4500,perdido,2025-01-28
4501,lead,2025-11-23
4501,perdido,2025-12-06
4502,lead,2025-02-01
4502,contato,2025-02-15
4502,perdido,2025-02-23
4503,lead,2024-08-24
4503,contato,2024-09-09
4503,reuniao,2024-09-02
4503,perdido,2024-10-11
4504,lead,2025-09-27
4504,contato,2025-09-30
4504,reuniao,2025-10-08
4504,proposta,2025-10-17
4504,perdido,2025-11-08
4505,lead,2025-04-09
4505,contato,2025-04-17
4505,reuniao,2025-04-23
4505,proposta,2025-04-26
4505,fechado,2025-05-02
4506,lead,2025-02-02
4506,contato,2025-02-10
4506,reuniao,2025-02-15
4506,proposta,2025-02-21
4506,perdido,2025-03-17
4507,lead,2025-04-25
4507,contato,2025-05-13
4507,perdido,2025-05-22
4508,lead,2024-09-02
4508,perdido,2024-09-27
4509,lead,2024-10-25
4509,perdido,2024-11-16
4510,lead,2024-05-04
4510,perdido,2024-05-18
4511,lead,2025-09-07
4511,perdido,2025-09-25
4512,lead,2025-04-13
4512,contato,2025-04-21
4512,reuniao,2025-04-22
4512,perdido,2025-05-04
4513,lead,2025-08-14
4513,contato,2025-08-18
4513,perdido,2025-08-31
4514,lead,2024-08-08
4514,perdido,2024-08-25
4515,lead,2025-12-27
4516,lead,2024-09-08
4516,perdido,2024-09-11
4517,lead,2024-09-06
4517,perdido,2024-10-04
4518,lead,2025-11-26
4518,contato,2025-12-23
4519,lead,2025-04-05
4519,contato,2025-04-15
4519,reuniao,2025-05-02
4519,perdido,2025-06-01
4520,lead,2025-11-04
4520,contato,2025-11-08
4520,perdido,2025-11-26
4521,lead,2025-03-15
4521,contato,2025-03-28
4521,reuniao,2025-04-09
4521,perdido,2025-04-13
4522,lead,2024-06-11
4522,contato,2024-07-05
4522,reuniao,2024-07-13
4522,proposta,2024-07-16
4522,perdido,2024-08-15
4523,lead,2024-10-03
4523,contato,2024-10-08
4523,reuniao,2024-10-15
4523,proposta,2024-10-16
4523,perdido,2024-10-29
4524,lead,2025-09-10
4524,contato,2025-09-18
4524,reuniao,2025-09-24
4524,perdido,2025-09-30
4525,lead,2024-12-21
4525,contato,2024-12-29
4525,reuniao,2025-01-08
4525,proposta,2025-01-24
4525,perdido,2025-02-05
4526,lead,2025-05-15
4526,contato,2025-05-22
4526,reuniao,2025-05-24
4526,proposta,2025-06-01
4526,perdido,2025-06-13
4527,lead,2024-04-13
4527,contato,2024-05-05
4527,perdido,2024-06-03
4528,lead,2024-10-09
4528,contato,2024-10-15
4528,perdido,2024-11-08
4529,lead,2025-08-27
4529,contato,2025-09-19
4529,reuniao,2025-10-05
4529,perdido,2025-11-03
4530,lead,2025-11-10
4530,perdido,2025-11-28
4531,lead,2024-08-14
4531,contato,2024-08-20
4531,reuniao,2024-09-01
4531,perdido,2024-09-26
4532,lead,2024-04-17
4532,contato,2024-04-20
4532,perdido,2024-05-14
4533,lead,2024-01-14
4533,contato,2024-01-29
4533,perdido,2024-02-15
4534,lead,2024-03-17
4534,perdido,2024-03-31
4535,lead,2025-08-23
4535,contato,2025-08-25
4535,reuniao,2025-09-06
4535,proposta,2025-09-20
4535,perdido,2025-10-16
4536,lead,2024-11-21
4536,perdido,2024-12-08
4537,lead,2024-07-18
4537,contato,2024-07-25
4537,reuniao,2024-07-26
4537,proposta,2024-07-29
4537,perdido,2024-08-12
4538,lead,2025-07-06
4538,perdido,2025-07-13
4539,lead,2025-07-20
4539,contato,2025-07-28
4539,reuniao,2025-08-07
4539,proposta,2025-08-14
4539,perdido,2025-08-17
4540,lead,2024-09-12
4540,contato,2024-09-28
4540,perdido,2024-10-16
4541,lead,2025-10-11
4541,contato,2025-10-15
4541,perdido,2025-11-10
4542,lead,2024-11-27
4542,perdido,2024-11-30
4543,lead,2024-06-23
4543,perdido,2024-07-21
4544,lead,2025-10-10
4544,contato,2025-10-26
4544,reuniao,2025-10-29
4544,proposta,2025-10-30
4544,perdido,2025-11-15
4545,lead,2024-04-03
4545,perdido,2024-04-06
4546,lead,2025-12-28
4546,contato,2025-12-30
4547,lead,2025-03-08
4547,contato,2025-03-14
4547,perdido,2025-03-25
4548,lead,2025-10-21
4548,contato,2025-10-24
4548,reuniao,2025-11-08
4548,perdido,2025-12-02
4549,lead,2024-04-22
4549,contato,2024-05-04
4549,perdido,2024-05-19
4550,lead,2024-10-02
4550,perdido,2024-10-15
4551,lead,2025-09-21
4551,perdido,2025-10-13
4552,lead,2025-08-25
4552,perdido,2025-09-11
4553,lead,2025-09-20
4553,contato,2025-09-25
4553,reuniao,2025-10-02
4553,proposta,2025-10-13
4553,perdido,2025-10-20
4554,lead,2024-07-09
4554,contato,2024-07-17
4554,reuniao,2024-08-01
4554,perdido,2024-08-26
4555,lead,2025-03-11
4555,contato,2025-03-21
4555,perdido,2025-04-09
4556,lead,2024-10-02
4556,contato,2024-10-06
4556,reuniao,2024-10-14
4556,perdido,2024-11-10
4557,lead,2024-08-11
4557,contato,2024-08-18
4557,reuniao,2024-08-21
4557,proposta,2024-08-25
4557,fechado,2024-08-28
4558,lead,2025-01-11
4558,perdido,2025-01-28
4559,lead,2025-05-19
4559,contato,2025-05-21
4559,perdido,2025-06-16
4560,lead,2025-01-10
4560,perdido,2025-01-22
4561,lead,2024-05-30
4561,contato,2024-06-14
4561,reuniao,2024-06-19
4561,perdido,2024-07-18
4562,lead,2025-08-01
4562,contato,2025-08-13
4562,reuniao,2025-08-02
4562,proposta,2025-08-23
4562,perdido,2025-09-15
4563,lead,2025-12-11
4563,contato,2025-12-21
4563,reuniao,2025-12-27
4564,lead,2024-09-13
4564,contato,2024-09-17
4564,reuniao,2024-09-25
4564,perdido,2024-10-02
4565,lead,2025-09-03
4565,contato,2025-09-12
4565,reuniao,2025-09-13
4565,proposta,2025-09-15
4565,perdido,2025-10-08
4566,lead,2025-09-14
4566,perdido,2025-09-27
4567,lead,2024-06-23
4567,contato,2024-06-27
4567,reuniao,2024-06-17
4567,proposta,2024-07-12
4567,fechado,2024-07-18
4568,lead,2025-05-12
4568,contato,2025-05-14
4568,reuniao,2025-05-30
4568,proposta,2025-06-05
4568,perdido,2025-06-14
4569,lead,2025-11-08
4569,perdido,2025-11-29
4570,lead,2025-06-07
4570,contato,2025-06-16
4570,perdido,2025-07-15
4571,lead,2024-01-17
4571,contato,2024-01-28
4571,perdido,2024-02-05
4572,lead,2025-03-02
4572,contato,2025-03-07
4572,reuniao,2025-03-09
4572,proposta,2025-03-21
4572,fechado,2025-03-26
4573,lead,2025-07-08
4573,contato,2025-07-19
4573,reuniao,2025-07-21
4573,perdido,2025-07-27
4574,lead,2025-03-11
4574,perdido,2025-04-07
4575,lead,2024-01-17
4575,perdido,2024-01-25
4576,lead,2024-03-12
4576,contato,2024-03-19
4576,perdido,2024-04-11
4577,lead,2025-07-27
4577,contato,2025-07-31
4577,perdido,2025-08-05
4578,lead,2024-12-20
4578,perdido,2024-12-31
4579,lead,2025-11-24
4579,perdido,2025-11-29
4580,lead,2024-10-21
4580,contato,2024-10-25
4580,perdido,2024-11-14
4581,lead,2025-08-12
4581,contato,2025-08-20
4581,perdido,2025-09-05
4582,lead,2024-01-20
4582,contato,2024-01-28
4582,perdido,2024-02-25
4583,lead,2025-08-28
4583,perdido,2025-09-05
4584,lead,2025-09-10
4584,perdido,2025-09-26
4585,lead,2024-09-12
4585,contato,2024-10-05
4585,reuniao,2024-09-21
4585,proposta,2024-10-24
4585,fechado,2024-10-30
4586,lead,2024-08-02
4586,contato,2024-08-07
4586,reuniao,2024-08-29
4586,perdido,2024-09-01
4587,lead,2025-10-17
4587,contato,2025-10-25
4587,reuniao,2025-10-27
4587,proposta,2025-10-30
4587,perdido,2025-11-13
4588,lead,2025-07-07
4588,contato,2025-07-13
4588,perdido,2025-07-22
4589,lead,2025-02-26
4589,contato,2025-03-11
4589,perdido,2025-03-14
4590,lead,2024-11-06
4590,contato,2024-11-11
4590,perdido,2024-11-24
4591,lead,2025-10-19
4591,contato,2025-10-24
4591,perdido,2025-11-12
4592,lead,2025-06-13
4592,perdido,2025-06-19
4593,lead,2024-10-22
4593,contato,2024-10-29
4593,reuniao,2024-11-04
4593,perdido,2024-11-22
4594,lead,2024-12-28
4594,contato,2025-01-04
4594,reuniao,2025-01-13
4594,perdido,2025-02-06
4595,lead,2024-02-27
4595,perdido,2024-03-22
4596,lead,2025-08-03
4596,perdido,2025-08-30
4597,lead,2025-08-28
4597,contato,2025-09-11
4597,reuniao,2025-09-13
4597,proposta,2025-09-17
4597,fechado,2025-09-27
4598,lead,2024-09-07
4598,perdido,2024-09-13
4599,lead,2024-08-02
4599,contato,2024-08-15
4599,perdido,2024-08-31
4600,lead,2024-06-16
4600,contato,2024-06-18
4600,perdido,2024-07-13
4601,lead,2024-04-18
4601,perdido,2024-04-24
4602,lead,2025-11-16
4602,contato,2025-11-28
4602,reuniao,2025-12-05
4602,perdido,2025-12-27
4603,lead,2025-06-22
4603,contato,2025-07-02
4603,perdido,2025-07-17
4604,lead,2024-11-03
4604,contato,2024-11-07
4604,perdido,2024-11-22
4605,lead,2024-03-05
4605,contato,2024-03-23
4605,reuniao,2024-03-31
4605,perdido,2024-04-11
4606,lead,2024-03-25
4606,perdido,2024-04-03
4607,lead,2025-05-15
4607,contato,2025-05-20
4607,perdido,2025-05-24
4608,lead,2024-05-10
4608,contato,2024-05-12
4608,reuniao,2024-04-30
4608,proposta,2024-05-22
4608,perdido,2024-06-21
4609,lead,2024-09-02
4609,contato,2024-09-13
4609,perdido,2024-10-12
4610,lead,2025-11-23
4610,contato,2025-11-25
4610,reuniao,2025-11-29
4610,perdido,2025-12-06
4611,lead,2025-02-16
4611,contato,2025-02-23
4611,reuniao,2025-02-26
4611,proposta,2025-03-03
4611,perdido,2025-03-25
4612,lead,2025-08-01
4612,contato,2025-08-22
4612,reuniao,2025-09-01
4612,proposta,2025-09-04
4612,perdido,2025-09-15
4613,lead,2024-03-01
4613,contato,2024-03-10
4613,reuniao,2024-03-15
4613,proposta,2024-03-21
4613,perdido,2024-04-10
4614,lead,2024-08-19
4614,contato,2024-08-31
4614,perdido,2024-09-24
4615,lead,2025-10-07
4615,contato,2025-10-17
4615,reuniao,2025-11-09
4615,proposta,2025-11-15
4615,fechado,2025-11-19
4616,lead,2025-08-03
4616,perdido,2025-08-25
4617,lead,2025-05-25
4617,perdido,2025-06-09
4618,lead,2025-02-20
4618,perdido,2025-03-08
4619,lead,2024-06-30
4619,perdido,2024-07-28
4620,lead,2025-02-18
4620,contato,2025-02-27
4620,reuniao,2025-03-17
4620,perdido,2025-04-05
4621,lead,2024-01-29
4621,contato,2024-02-05
4621,perdido,2024-03-03
4622,lead,2024-05-09
4622,contato,2024-05-15
4622,perdido,2024-06-01
4623,lead,2025-01-10
4623,contato,2025-01-15
4623,reuniao,2025-01-17
4623,proposta,2025-02-01
4623,perdido,2025-03-03
4624,lead,2024-01-02
4624,contato,2024-01-21
4624,reuniao,2024-01-24
4624,proposta,2024-02-05
4624,fechado,2024-02-15
4625,lead,2024-05-31
4625,perdido,2024-06-10
4626,lead,2024-04-03
4626,perdido,2024-04-11
4627,lead,2024-08-31
4627,perdido,2024-09-28
4628,lead,2025-09-10
4628,contato,2025-09-27
4628,reuniao,2025-10-01
4628,proposta,2025-10-10
4628,perdido,2025-10-29
4629,lead,2025-11-15
4629,perdido,2025-12-05
4630,lead,2024-04-12
4630,contato,2024-04-23
4630,reuniao,2024-04-27
4630,proposta,2024-05-10
4630,perdido,2024-05-29
4631,lead,2024-05-30
4631,contato,2024-06-05
4631,perdido,2024-06-13
4632,lead,2025-09-01
4632,contato,2025-09-22
4632,reuniao,2025-09-29
4632,perdido,2025-10-16
4633,lead,2024-04-17
4633,contato,2024-04-26
4633,reuniao,2024-04-28
4633,proposta,2024-05-05
4633,perdido,2024-06-02
4634,lead,2025-06-08
4634,contato,2025-06-15
4634,perdido,2025-07-01
4635,lead,2024-02-19
4635,perdido,2024-03-12
4636,lead,2025-03-31
4636,contato,2025-04-10
4636,reuniao,2025-04-22
4636,proposta,2025-05-03
4636,perdido,2025-05-24
4637,lead,2024-06-27
4637,contato,2024-07-08
4637,reuniao,2024-07-09
4637,proposta,2024-07-26
4637,perdido,2024-08-25
4638,lead,2025-06-15
4638,perdido,2025-06-18
4639,lead,2025-01-11
4639,perdido,2025-02-06
4640,lead,2024-04-22
4640,perdido,2024-05-02
4641,lead,2024-10-11
4641,contato,2024-10-14
4641,reuniao,2024-10-28
4641,proposta,2024-11-01
4641,perdido,2024-11-07
4642,lead,2025-01-08
4642,contato,2025-01-20
4642,reuniao,2025-01-06
4642,proposta,2025-02-03
4642,perdido,2025-02-19
4643,lead,2025-12-28
4643,contato,2025-12-30
4644,lead,2024-12-13
4644,contato,2024-12-19
4644,perdido,2025-01-16
4645,lead,2024-04-02
4645,contato,2024-04-04
4645,reuniao,2024-04-14
4645,proposta,2024-04-24
4645,fechado,2024-05-05
4646,lead,2025-01-31
4646,contato,2025-02-03
4646,reuniao,2025-02-15
4646,perdido,2025-03-04
4647,lead,2024-05-22
4647,contato,2024-05-31
4647,reuniao,2024-06-05
4647,proposta,2024-06-14
4647,perdido,2024-07-06
4648,lead,2025-09-25
4648,contato,2025-09-28
4648,perdido,2025-10-12
4649,lead,2025-08-22
4649,contato,2025-08-26
4649,perdido,2025-09-23
4650,lead,2024-03-18
4650,contato,2024-03-23
4650,reuniao,2024-04-01
4650,proposta,2024-04-06
4650,perdido,2024-04-24
4651,lead,2025-02-20
4651,perdido,2025-03-22
4652,lead,2025-05-05
4652,perdido,2025-05-09
4653,lead,2024-06-16
4653,contato,2024-06-25
4653,perdido,2024-06-30
4654,lead,2025-03-17
4654,contato,2025-04-05
4654,reuniao,2025-04-25
4654,proposta,2025-04-30
4654,perdido,2025-05-06
4655,lead,2024-11-27
4655,contato,2024-12-01
4655,reuniao,2024-12-16
4655,proposta,2024-12-26
4655,perdido,2025-01-19
4656,lead,2024-12-14
4656,perdido,2024-12-25
4657,lead,2025-01-29
4657,contato,2025-02-01
4657,reuniao,2025-02-08
4657,perdido,2025-02-28
4658,lead,2025-02-09
4658,contato,2025-02-16
4658,reuniao,2025-03-02
4658,proposta,2025-03-05
4658,perdido,2025-03-18
4659,lead,2025-05-15
4659,contato,2025-05-19
4659,reuniao,2025-05-26
4659,proposta,2025-06-20
4659,fechado,2025-06-25
4660,lead,2024-11-19
4660,contato,2024-11-24
4660,reuniao,2024-11-25
4660,proposta,2024-11-27
4660,perdido,2024-12-22
4661,lead,2025-05-25
4661,contato,2025-05-30
4661,perdido,2025-06-25
4662,lead,2024-12-18
4662,contato,2024-12-23
4662,reuniao,2024-12-24
4662,perdido,2025-01-10
4663,lead,2025-04-11
4663,contato,2025-04-21
4663,reuniao,2025-05-08
4663,proposta,2025-05-10
4663,perdido,2025-05-24
4664,lead,2024-06-25
4664,contato,2024-06-30
4664,reuniao,2024-07-03
4664,proposta,2024-07-10
4664,perdido,2024-07-20
4665,lead,2025-01-23
4665,contato,2025-01-29
4665,perdido,2025-02-16
4666,lead,2024-12-02
4666,contato,2024-12-13
4666,reuniao,2024-12-24
4666,proposta,2025-01-07
4666,fechado,2025-01-21
4667,lead,2024-07-27
4667,contato,2024-08-08
4667,perdido,2024-09-05
4668,lead,2024-02-05
4668,perdido,2024-02-24
4669,lead,2025-01-06
4669,contato,2025-01-10
4669,perdido,2025-01-21
4670,lead,2024-01-06
4670,perdido,2024-01-28
4671,lead,2024-10-02
4671,perdido,2024-10-05
4672,lead,2024-09-18
4672,perdido,2024-09-28
4673,lead,2025-03-22
4673,contato,2025-03-23
4673,reuniao,2025-03-29
4673,proposta,2025-04-11
4673,perdido,2025-04-27
4674,lead,2025-12-20
4674,contato,2025-12-23
4674,reuniao,2025-12-27
4675,lead,2025-09-10
4675,perdido,2025-09-26
4676,lead,2025-12-09
4676,contato,2025-12-15
4677,lead,2025-11-18
4677,perdido,2025-12-10
4678,lead,2024-02-12
4678,perdido,2024-02-24
4679,lead,2024-07-10
4679,contato,2024-07-22
4679,reuniao,2024-07-26
4679,perdido,2024-08-15
4680,lead,2024-07-22
4680,perdido,2024-08-10
4681,lead,2024-02-10
4681,contato,2024-02-19
4681,perdido,2024-02-23
4682,lead,2025-09-01
4682,contato,2025-09-05
4682,perdido,2025-09-26
4683,lead,2025-10-07
4683,contato,2025-10-14
4683,reuniao,2025-10-26
4683,proposta,2025-11-07
4683,perdido,2025-11-18
4684,lead,2025-03-02
4684,perdido,2025-03-30
4685,lead,2025-10-04
4685,perdido,2025-10-15
4686,lead,2025-05-18
4686,contato,2025-05-22
4686,reuniao,2025-05-31
4686,perdido,2025-06-03
4687,lead,2024-11-09
4687,contato,2024-11-20
4687,reuniao,2024-11-25
4687,proposta,2024-11-27
4687,perdido,2024-12-12
4688,lead,2024-04-01
4688,contato,2024-04-05
4688,reuniao,2024-04-11
4688,proposta,2024-04-21
4688,perdido,2024-05-18
4689,lead,2025-11-24
4689,contato,2025-11-28
4689,perdido,2025-12-18
4690,lead,2025-05-02
4690,perdido,2025-05-08
4691,lead,2024-09-06
4691,contato,2024-09-16
4691,reuniao,2024-09-27
4691,proposta,2024-10-04
4691,fechado,2024-10-11
4692,lead,2024-03-18
4692,perdido,2024-03-30
4693,lead,2025-07-25
4693,contato,2025-08-06
4693,reuniao,2025-08-08
4693,proposta,2025-08-14
4693,perdido,2025-09-08
4694,lead,2025-07-27
4694,contato,2025-08-02
4694,reuniao,2025-08-16
4694,perdido,2025-09-08
4695,lead,2025-01-24
4695,perdido,2025-02-20
4696,lead,2025-12-31
4697,lead,2024-09-30
4697,contato,2024-10-06
4697,perdido,2024-10-12
4698,lead,2025-11-11
4698,contato,2025-11-14
4698,reuniao,2025-11-30
4698,proposta,2025-12-10
4699,lead,2025-03-19
4699,contato,2025-03-24
4699,perdido,2025-04-13
4700,lead,2025-06-04
4700,contato,2025-06-11
4700,reuniao,2025-07-04
4700,proposta,2025-07-18
4700,perdido,2025-08-09
4701,lead,2025-10-23
4701,contato,2025-10-28
4701,perdido,2025-11-27
4702,lead,2025-08-20
4702,contato,2025-08-21
4702,reuniao,2025-08-30
4702,proposta,2025-09-04
4702,fechado,2025-09-06
4703,lead,2024-07-16
4703,contato,2024-07-19
4703,reuniao,2024-07-20
4703,proposta,2024-07-25
4703,perdido,2024-08-21
4704,lead,2025-09-16
4704,perdido,2025-10-01
4705,lead,2025-01-22
4705,perdido,2025-02-07
4706,lead,2024-01-26
4706,contato,2024-02-02
4706,reuniao,2024-02-08
4706,perdido,2024-02-23
4707,lead,2025-04-19
4707,contato,2025-04-25
4707,reuniao,2025-05-08
4707,proposta,2025-05-12
4707,perdido,2025-05-23
4708,lead,2024-12-30
4708,perdido,2025-01-21
4709,lead,2025-01-21
4709,perdido,2025-01-28
4710,lead,2024-10-18
4710,perdido,2024-10-30
4711,lead,2024-02-06
4711,contato,2024-02-16
4711,reuniao,2024-02-21
4711,perdido,2024-03-15
4712,lead,2024-04-23
4712,contato,2024-04-27
4712,reuniao,2024-05-04
4712,perdido,2024-05-15
4713,lead,2025-06-20
4713,contato,2025-06-23
4713,perdido,2025-07-13
4714,lead,2024-06-01
4714,perdido,2024-06-11
4715,lead,2025-03-18
4715,perdido,2025-03-31
4716,lead,2025-01-24
4716,perdido,2025-02-23
4717,lead,2024-05-23
4717,contato,2024-06-03
4717,perdido,2024-06-27
4718,lead,2024-07-09
4718,perdido,2024-08-01
4719,lead,2024-09-28
4719,contato,2024-10-12
4719,reuniao,2024-10-25
4719,proposta,2024-11-02
4719,fechado,2024-11-09
4720,lead,2025-09-26
4720,contato,2025-10-09
4720,reuniao,2025-10-13
4720,proposta,2025-10-24
4720,perdido,2025-11-12
4721,lead,2025-11-10
4721,contato,2025-11-27
4721,reuniao,2025-12-01
4721,perdido,2025-12-11
4722,lead,2024-09-30
4722,perdido,2024-10-12
4723,lead,2024-01-26
4723,contato,2024-01-29
4723,perdido,2024-02-25
4724,lead,2025-02-28
4724,contato,2025-03-01
4724,reuniao,2025-03-15
4724,proposta,2025-03-29
4724,fechado,2025-04-09
4725,lead,2024-10-22
4725,perdido,2024-11-14
4726,lead,2024-12-24
4726,contato,2025-01-12
4726,reuniao,2025-01-23
4726,perdido,2025-02-20
4727,lead,2024-11-10
4727,contato,2024-11-17
4727,reuniao,2024-11-26
4727,perdido,2024-12-22
4728,lead,2025-04-05
4728,contato,2025-04-09
4728,perdido,2025-04-22
4729,lead,2024-07-28
4729,contato,2024-08-09
4729,perdido,2024-08-21
4730,lead,2025-10-05
4730,contato,2025-10-15
4730,reuniao,2025-10-17
4730,proposta,2025-10-19
4730,perdido,2025-10-27
4731,lead,2024-10-25
4731,contato,2024-11-05
4731,reuniao,2024-11-16
4731,perdido,2024-11-26
4732,lead,2024-08-28
4732,contato,2024-09-06
4732,reuniao,2024-09-18
4732,proposta,2024-09-30
4732,fechado,2024-10-12
4733,lead,2025-10-27
4733,contato,2025-11-08
4733,reuniao,2025-11-19
4733,perdido,2025-12-08
4734,lead,2024-09-09
4734,contato,2024-09-29
4734,perdido,2024-10-15
4735,lead,2024-02-17
4735,perdido,2024-02-24
4736,lead,2024-04-05
4736,contato,2024-04-09
4736,perdido,2024-04-17
4737,lead,2025-05-18
4737,contato,2025-05-26
4737,reuniao,2025-06-04
4737,proposta,2025-06-17
4737,perdido,2025-07-15
4738,lead,2025-02-04
4738,perdido,2025-02-15
4739,lead,2025-01-19
4739,contato,2025-01-22
4739,reuniao,2025-01-30
4739,proposta,2025-02-04
4739,perdido,2025-02-12
4740,lead,2024-02-17
4740,contato,2024-03-08
4740,reuniao,2024-03-28
4740,perdido,2024-04-22
4741,lead,2024-04-11
4741,contato,2024-04-15
4741,reuniao,2024-04-21
4741,perdido,2024-04-26
4742,lead,2024-10-07
4742,perdido,2024-11-01
4743,lead,2024-11-15
4743,perdido,2024-11-28
4744,lead,2024-09-23
4744,contato,2024-10-06
4744,reuniao,2024-09-30
4744,proposta,2024-10-25
4744,fechado,2024-10-27
4745,lead,2025-01-02
4745,contato,2025-01-05
4745,perdido,2025-01-22
4746,lead,2025-06-02
4746,contato,2025-06-10
4746,reuniao,2025-06-23
4746,proposta,2025-07-15
4746,perdido,2025-07-26
4747,lead,2025-03-23
4747,perdido,2025-04-21
4748,lead,2025-03-07
4748,contato,2025-04-06
4748,reuniao,2025-04-26
4748,proposta,2025-04-30
4748,perdido,2025-05-04
4749,lead,2025-02-02
4749,contato,2025-02-06
4749,reuniao,2025-02-08
4749,perdido,2025-03-04
4750,lead,2024-05-08
4750,contato,2024-05-12
4750,reuniao,2024-05-17
4750,perdido,2024-05-29
4751,lead,2025-03-02
4751,perdido,2025-03-25
4752,lead,2024-04-07
4752,contato,2024-04-11
4752,perdido,2024-05-11
4753,lead,2025-05-17
4753,contato,2025-05-25
4753,reuniao,2025-06-01
4753,proposta,2025-06-19
4753,perdido,2025-07-07
4754,lead,2024-11-19
4754,contato,2024-11-22
4754,reuniao,2024-11-23
4754,proposta,2024-12-02
4754,perdido,2024-12-22
4755,lead,2025-02-16
4755,perdido,2025-03-11
4756,lead,2025-09-13
4756,perdido,2025-09-28
4757,lead,2024-09-20
4757,contato,2024-09-27
4757,reuniao,2024-09-29
4757,perdido,2024-10-19
4758,lead,2024-02-28
4758,contato,2024-03-06
4758,reuniao,2024-03-11
4758,proposta,2024-03-29
4758,perdido,2024-04-27
4759,lead,2025-10-04
4759,perdido,2025-10-12
4760,lead,2024-09-14
4760,contato,2024-09-21
4760,reuniao,2024-09-23
4760,perdido,2024-10-16
4761,lead,2024-10-14
4761,contato,2024-10-20
4761,reuniao,2024-10-29
4761,perdido,2024-11-19
4762,lead,2024-07-22
4762,contato,2024-07-28
4762,perdido,2024-08-10
4763,lead,2024-10-24
4763,contato,2024-10-30
4763,reuniao,2024-11-08
4763,proposta,2024-11-13
4763,fechado,2024-11-26
4764,lead,2025-01-12
4764,perdido,2025-02-07
4765,lead,2025-08-30
4765,contato,2025-09-03
4765,reuniao,2025-08-21
4765,perdido,2025-09-22
4766,lead,2025-05-23
4766,perdido,2025-06-03
4767,lead,2025-01-08
4767,perdido,2025-01-22
4768,lead,2025-06-26
4768,contato,2025-07-20
4768,reuniao,2025-07-31
4768,proposta,2025-08-04
4768,perdido,2025-08-16
4769,lead,2025-09-02
4769,contato,2025-09-07
4769,reuniao,2025-09-25
4769,perdido,2025-10-19
4770,lead,2024-02-02
4770,contato,2024-02-15
4770,reuniao,2024-02-29
4770,proposta,2024-03-11
4770,perdido,2024-04-09
4771,lead,2025-02-23
4771,contato,2025-03-07
4771,reuniao,2025-03-10
4771,proposta,2025-04-01
4771,perdido,2025-04-09
4772,lead,2024-01-25
4772,perdido,2024-02-10
4773,lead,2024-07-31
4773,perdido,2024-08-16
4774,lead,2025-06-25
4774,contato,2025-07-02
4774,perdido,2025-07-09
4775,lead,2025-07-18
4775,contato,2025-08-03
4775,reuniao,2025-08-18
4775,proposta,2025-08-26
4775,perdido,2025-09-23
4776,lead,2025-09-28
4776,contato,2025-09-29
4776,perdido,2025-10-14
4777,lead,2024-12-29
4777,contato,2025-01-08
4777,reuniao,2025-01-14
4777,proposta,2025-01-28
4777,perdido,2025-02-17
4778,lead,2024-02-18
4778,contato,2024-02-25
4778,perdido,2024-03-21
4779,lead,2024-03-16
4779,contato,2024-03-29
4779,reuniao,2024-04-04
4779,proposta,2024-04-11
4779,perdido,2024-05-09
4780,lead,2024-06-10
4780,contato,2024-06-15
4780,perdido,2024-07-13
4781,lead,2024-09-19
4781,contato,2024-09-25
4781,reuniao,2024-09-28
4781,proposta,2024-10-01
4781,perdido,2024-10-11
4782,lead,2025-01-15
4782,contato,2025-01-25
4782,perdido,2025-02-24
4783,lead,2025-03-30
4783,perdido,2025-04-16
4784,lead,2024-04-10
4784,contato,2024-04-15
4784,perdido,2024-04-23
4785,lead,2024-04-29
4785,contato,2024-05-04
4785,reuniao,2024-05-14
4785,proposta,2024-05-19
4785,fechado,2024-06-08
4786,lead,2024-04-18
4786,contato,2024-04-28
4786,perdido,2024-05-14
4787,lead,2025-06-19
4787,contato,2025-06-28
4787,reuniao,2025-07-24
4787,proposta,2025-07-25
4787,fechado,2025-08-03
4788,lead,2024-07-27
4788,contato,2024-08-05
4788,perdido,2024-09-03
4789,lead,2024-04-13
4789,contato,2024-05-01
4789,perdido,2024-05-05
4790,lead,2024-11-02
4790,contato,2024-11-14
4790,perdido,2024-12-05
4791,lead,2024-06-12
4791,perdido,2024-06-18
4792,lead,2024-09-17
4792,contato,2024-09-28
4792,perdido,2024-10-13
4793,lead,2025-08-14
4793,perdido,2025-09-05
4794,lead,2024-08-21
4794,contato,2024-08-29
4794,reuniao,2024-09-05
4794,proposta,2024-09-06
4794,perdido,2024-09-23
4795,lead,2024-04-19
4795,perdido,2024-05-09
4796,lead,2024-05-31
4796,contato,2024-06-06
4796,reuniao,2024-06-14
4796,proposta,2024-06-24
4796,perdido,2024-07-21
4797,lead,2024-01-20
4797,contato,2024-01-30
4797,perdido,2024-02-08
4798,lead,2025-10-11
4798,contato,2025-10-29
4798,reuniao,2025-11-09
4798,perdido,2025-11-13
4799,lead,2025-05-06
4799,contato,2025-05-13
4799,perdido,2025-05-23
4800,lead,2024-11-28
4800,contato,2024-12-13
4800,reuniao,2024-12-16
4800,proposta,2025-01-04
4800,perdido,2025-01-30
4801,lead,2025-02-03
4801,perdido,2025-02-14
4802,lead,2024-06-18
4802,perdido,2024-06-30
4803,lead,2024-10-12
4803,perdido,2024-10-15
4804,lead,2024-08-10
4804,contato,2024-08-23
4804,perdido,2024-09-06
4805,lead,2025-08-14
4805,perdido,2025-09-09
4806,lead,2025-06-10
4806,contato,2025-06-27
4806,perdido,2025-07-13
4807,lead,2024-07-12
4807,contato,2024-07-18
4807,reuniao,2024-08-06
4807,proposta,2024-08-17
4807,fechado,2024-09-09
4808,lead,2025-06-25
4808,contato,2025-06-26
4808,perdido,2025-07-25
4809,lead,2024-02-24
4809,contato,2024-03-03
4809,reuniao,2024-03-07
4809,proposta,2024-03-21
4809,fechado,2024-03-23
4810,lead,2024-05-09
4810,perdido,2024-05-21
4811,lead,2024-03-03
4811,perdido,2024-03-25
4812,lead,2024-06-05
4812,perdido,2024-07-01
4813,lead,2024-05-27
4813,perdido,2024-06-01
4814,lead,2025-10-11
4814,contato,2025-10-18
4814,reuniao,2025-10-19
4814,proposta,2025-10-26
4814,perdido,2025-11-10
4815,lead,2024-08-16
4815,perdido,2024-09-09
4816,lead,2024-09-07
4816,perdido,2024-09-24
4817,lead,2024-02-28
4817,perdido,2024-03-28
4818,lead,2024-02-07
4818,perdido,2024-02-10
4819,lead,2024-05-22
4819,contato,2024-06-05
4819,reuniao,2024-07-01
4819,perdido,2024-07-05
4820,lead,2024-03-22
4820,contato,2024-04-05
4820,reuniao,2024-04-10
4820,perdido,2024-05-09
4821,lead,2024-08-30
4821,contato,2024-09-07
4821,reuniao,2024-09-16
4821,proposta,2024-09-20
4821,perdido,2024-10-07
4822,lead,2024-04-27
4822,perdido,2024-05-25
4823,lead,2024-04-21
4823,contato,2024-05-16
4823,reuniao,2024-05-23
4823,perdido,2024-06-07
4824,lead,2025-03-31
4824,contato,2025-04-02
4824,perdido,2025-04-22
4825,lead,2025-11-11
4825,contato,2025-11-29
4825,reuniao,2025-12-01
4825,proposta,2025-12-08
4825,fechado,2025-12-14
4826,lead,2024-01-08
4826,contato,2024-01-15
4826,reuniao,2024-02-08
4826,perdido,2024-02-24
4827,lead,2025-05-12
4827,contato,2025-05-25
4827,reuniao,2025-06-10
4827,perdido,2025-06-21
4828,lead,2025-04-08
4828,perdido,2025-05-05
4829,lead,2025-02-18
4829,contato,2025-02-21
4829,perdido,2025-03-13
4830,lead,2025-05-02
4830,perdido,2025-05-19
4831,lead,2025-01-05
4831,contato,2025-01-15
4831,reuniao,2025-01-23
4831,proposta,2025-01-28
4831,perdido,2025-02-02
4832,lead,2025-10-30
4832,contato,2025-11-13
4832,perdido,2025-12-02
4833,lead,2024-04-07
4833,contato,2024-04-08
4833,reuniao,2024-04-23
4833,perdido,2024-05-15
4834,lead,2024-12-07
4834,contato,2024-12-10
4834,perdido,2025-01-05
4835,lead,2025-04-04
4835,contato,2025-04-21
4835,reuniao,2025-04-28
4835,perdido,2025-05-03
4836,lead,2025-10-17
4836,contato,2025-10-24
4836,perdido,2025-11-17
4837,lead,2024-12-19
4837,contato,2024-12-30
4837,reuniao,2025-01-09
4837,proposta,2025-01-13
4837,perdido,2025-02-12
4838,lead,2025-12-10
4839,lead,2025-04-06
4839,perdido,2025-04-27
4840,lead,2025-05-07
4840,perdido,2025-05-30
4841,lead,2025-08-09
4841,contato,2025-08-15
4841,perdido,2025-09-13
4842,lead,2025-06-02
4842,contato,2025-06-12
4842,reuniao,2025-07-05
4842,perdido,2025-07-26
4843,lead,2025-01-13
4843,perdido,2025-02-04
4844,lead,2025-07-03
4844,contato,2025-07-11
4844,reuniao,2025-07-23
4844,perdido,2025-08-11
4845,lead,2024-01-21
4845,perdido,2024-02-15
4846,lead,2025-11-03
4846,contato,2025-11-09
4846,reuniao,2025-11-23
4846,proposta,2025-12-08
4846,perdido,2025-12-22
4847,lead,2025-08-13
4847,contato,2025-08-20
4847,perdido,2025-09-19
4848,lead,2025-03-24
4848,perdido,2025-04-06
4849,lead,2024-02-09
4849,contato,2024-02-21
4849,perdido,2024-03-03
4850,lead,2024-07-21
4850,perdido,2024-07-25
4851,lead,2024-06-17
4851,contato,2024-06-27
4851,reuniao,2024-07-20
4851,proposta,2024-07-28
4851,perdido,2024-08-27
4852,lead,2024-06-20
4852,contato,2024-07-12
4852,perdido,2024-07-25
4853,lead,2025-04-18
4853,contato,2025-04-19
4853,reuniao,2025-04-27
4853,proposta,2025-04-30
4853,perdido,2025-05-10
4854,lead,2025-09-23
4854,perdido,2025-10-17
4855,lead,2025-04-25
4855,perdido,2025-05-21
4856,lead,2024-10-01
4856,contato,2024-10-19
4856,reuniao,2024-10-20
4856,perdido,2024-10-31
4857,lead,2025-12-03
4857,perdido,2025-12-29
4858,lead,2025-09-13
4858,perdido,2025-09-18
4859,lead,2025-04-27
4859,contato,2025-05-01
4859,reuniao,2025-05-06
4859,perdido,2025-06-03
4860,lead,2024-10-08
4860,contato,2024-10-14
4860,reuniao,2024-10-16
4860,perdido,2024-11-13
4861,lead,2025-04-26
4861,contato,2025-04-29
4861,reuniao,2025-05-02
4861,proposta,2025-05-11
4861,perdido,2025-06-09
4862,lead,2024-10-15
4862,perdido,2024-11-08
4863,lead,2024-04-05
4863,contato,2024-04-21
4863,reuniao,2024-05-08
4863,perdido,2024-05-19
4864,lead,2025-03-12
4864,perdido,2025-04-01
4865,lead,2025-05-07
4865,contato,2025-05-08
4865,reuniao,2025-05-26
4865,perdido,2025-06-18
4866,lead,2024-09-03
4866,perdido,2024-09-10
4867,lead,2025-11-01
4867,contato,2025-11-14
4867,reuniao,2025-11-17
4867,proposta,2025-11-20
4867,fechado,2025-11-23
4868,lead,2025-09-07
4868,contato,2025-10-07
4868,reuniao,2025-10-14
4868,proposta,2025-10-23
4868,perdido,2025-11-05
4869,lead,2025-02-17
4869,perdido,2025-03-07
4870,lead,2024-02-04
4870,perdido,2024-03-01
4871,lead,2024-01-10
4871,contato,2024-01-16
4871,perdido,2024-02-05
4872,lead,2025-03-26
4872,contato,2025-03-28
4872,perdido,2025-04-11
4873,lead,2025-08-06
4873,perdido,2025-08-12
4874,lead,2024-12-31
4874,contato,2025-01-01
4874,reuniao,2025-01-13
4874,proposta,2025-01-31
4874,perdido,2025-02-12
4875,lead,2024-01-14
4875,contato,2024-01-22
4875,reuniao,2024-01-27
4875,proposta,2024-01-30
4875,perdido,2024-02-13
4876,lead,2024-03-28
4876,perdido,2024-04-19
4877,lead,2024-05-16
4877,contato,2024-06-07
4877,perdido,2024-06-23
4878,lead,2025-03-18
4878,contato,2025-03-24
4878,reuniao,2025-03-31
4878,proposta,2025-04-19
4878,perdido,2025-05-09
4879,lead,2024-12-18
4879,contato,2025-01-08
4879,reuniao,2025-01-16
4879,proposta,2025-01-24
4879,fechado,2025-02-09
4880,lead,2024-02-29
4880,perdido,2024-03-28
4881,lead,2025-01-01
4881,contato,2025-01-10
4881,reuniao,2024-12-30
4881,proposta,2025-01-26
4881,perdido,2025-02-09
4882,lead,2025-09-18
4882,contato,2025-09-23
4882,reuniao,2025-09-30
4882,perdido,2025-10-07
4883,lead,2024-11-08
4883,contato,2024-11-11
4883,reuniao,2024-11-12
4883,perdido,2024-12-10
4884,lead,2024-04-01
4884,perdido,2024-04-29
4885,lead,2025-02-14
4885,perdido,2025-02-27
4886,lead,2025-11-01
4886,contato,2025-11-06
4886,reuniao,2025-11-10
4886,proposta,2025-11-16
4886,perdido,2025-11-27
4887,lead,2024-03-09
4887,perdido,2024-03-14
4888,lead,2024-04-06
4888,contato,2024-04-22
4888,reuniao,2024-04-29
4888,proposta,2024-05-03
4888,perdido,2024-05-16
4889,lead,2025-02-07
4889,contato,2025-02-15
4889,reuniao,2025-02-21
4889,perdido,2025-03-06
4890,lead,2024-08-26
4890,perdido,2024-09-12
4891,lead,2025-10-07
4891,perdido,2025-10-19
4892,lead,2025-05-17
4892,contato,2025-05-29
4892,reuniao,2025-05-31
4892,proposta,2025-06-24
4892,fechado,2025-06-30
4893,lead,2024-03-30
4893,contato,2024-04-07
4893,reuniao,2024-04-24
4893,proposta,2024-05-01
4893,perdido,2024-05-22
4894,lead,2025-09-19
4894,contato,2025-10-03
4894,reuniao,2025-10-13
4894,proposta,2025-10-20
4894,fechado,2025-10-28
4895,lead,2025-03-27
4895,contato,2025-03-30
4895,reuniao,2025-04-07
4895,perdido,2025-04-27
4896,lead,2024-12-25
4896,contato,2025-01-11
4896,reuniao,2025-01-14
4896,perdido,2025-02-01
4897,lead,2024-06-20
4897,contato,2024-07-05
4897,perdido,2024-07-24
4898,lead,2025-04-01
4898,perdido,2025-04-19
4899,lead,2025-10-09
4899,contato,2025-10-14
4899,perdido,2025-11-06
4900,lead,2024-01-22
4900,contato,2024-02-02
4900,perdido,2024-02-23
4901,lead,2024-09-22
4901,perdido,2024-10-14
4902,lead,2025-11-06
4902,perdido,2025-12-05
4903,lead,2024-09-27
4903,perdido,2024-10-17
4904,lead,2024-01-21
4904,contato,2024-01-28
4904,reuniao,2024-02-05
4904,perdido,2024-02-08
4905,lead,2024-02-29
4905,contato,2024-03-03
4905,reuniao,2024-03-08
4905,proposta,2024-03-18
4905,fechado,2024-03-21
4906,lead,2025-05-01
4906,contato,2025-05-08
4906,reuniao,2025-05-18
4906,perdido,2025-05-29
4907,lead,2025-05-08
4907,contato,2025-05-09
4907,reuniao,2025-05-10
4907,proposta,2025-05-17
4907,perdido,2025-06-16
4908,lead,2024-03-09
4908,contato,2024-03-11
4908,reuniao,2024-03-23
4908,proposta,2024-03-25
4908,perdido,2024-04-14
4909,lead,2024-05-21
4909,perdido,2024-05-31
4910,lead,2025-02-05
4910,contato,2025-02-19
4910,reuniao,2025-02-23
4910,proposta,2025-03-05
4910,perdido,2025-04-01
4911,lead,2025-04-28
4911,contato,2025-04-30
4911,perdido,2025-05-15
4912,lead,2024-04-06
4912,contato,2024-04-12
4912,perdido,2024-04-19
4913,lead,2024-11-22
4913,contato,2024-11-30
4913,reuniao,2024-12-02
4913,proposta,2024-12-03
4913,perdido,2024-12-17
4914,lead,2025-02-04
4914,contato,2025-02-15
4914,perdido,2025-03-15
4915,lead,2024-01-28
4915,perdido,2024-02-08
4916,lead,2024-05-25
4916,contato,2024-06-08
4916,reuniao,2024-05-30
4916,proposta,2024-06-21
4916,fechado,2024-06-25
4917,lead,2025-10-24
4917,perdido,2025-11-22
4918,lead,2025-09-26
4918,contato,2025-09-28
4918,reuniao,2025-10-08
4918,perdido,2025-10-22
4919,lead,2024-08-12
4919,contato,2024-08-17
4919,reuniao,2024-09-06
4919,proposta,2024-09-10
4919,fechado,2024-09-12
4920,lead,2025-09-17
4920,perdido,2025-09-23
4921,lead,2025-03-21
4921,contato,2025-03-24
4921,perdido,2025-04-18
4922,lead,2025-12-15
4922,contato,2025-12-20
4922,reuniao,2025-12-31
4923,lead,2025-12-01
4923,contato,2025-12-26
4924,lead,2025-03-10
4924,contato,2025-03-14
4924,reuniao,2025-03-18
4924,proposta,2025-03-21
4924,perdido,2025-04-07
4925,lead,2024-12-01
4925,contato,2024-12-08
4925,reuniao,2024-12-11
4925,proposta,2025-01-03
4925,fechado,2025-01-05
4926,lead,2024-03-27
4926,contato,2024-03-30
4926,reuniao,2024-04-20
4926,proposta,2024-04-21
4926,perdido,2024-05-10
4927,lead,2025-01-17
4927,contato,2025-01-27
4927,reuniao,2025-02-04
4927,proposta,2025-02-05
4927,fechado,2025-02-10
4928,lead,2024-10-08
4928,contato,2024-10-20
4928,reuniao,2024-10-22
4928,perdido,2024-11-08
4929,lead,2025-03-29
4929,contato,2025-04-01
4929,reuniao,2025-04-04
4929,proposta,2025-04-07
4929,perdido,2025-04-11
4930,lead,2024-02-21
4930,contato,2024-03-09
4930,reuniao,2024-03-18
4930,proposta,2024-03-27
4930,perdido,2024-04-07
4931,lead,2025-08-23
4931,perdido,2025-09-11
4932,lead,2025-12-01
4932,perdido,2025-12-25
4933,lead,2024-05-14
4933,contato,2024-05-28
4933,reuniao,2024-06-01
4933,perdido,2024-06-22
4934,lead,2025-03-21
4934,perdido,2025-04-09
4935,lead,2025-07-27
4935,contato,2025-08-01
4935,reuniao,2025-08-04
4935,perdido,2025-08-19
4936,lead,2025-01-31
4936,perdido,2025-02-16
4937,lead,2025-11-06
4937,perdido,2025-12-05
4938,lead,2025-01-07
4938,contato,2025-01-12
4938,reuniao,2025-01-14
4938,proposta,2025-01-27
4938,perdido,2025-02-05
4939,lead,2024-07-01
4939,perdido,2024-07-23
4940,lead,2024-12-05
4940,perdido,2024-12-15
4941,lead,2024-12-20
4941,contato,2024-12-27
4941,reuniao,2025-01-26
4941,proposta,2025-01-30
4941,perdido,2025-02-04
4942,lead,2024-06-17
4942,contato,2024-06-23
4942,reuniao,2024-07-06
4942,perdido,2024-07-28
4943,lead,2025-07-15
4943,contato,2025-07-19
4943,reuniao,2025-07-23
4943,proposta,2025-07-24
4943,perdido,2025-07-30
4944,lead,2025-03-11
4944,perdido,2025-03-21
4945,lead,2024-09-18
4945,contato,2024-09-20
4945,reuniao,2024-09-27
4945,proposta,2024-09-29
4945,perdido,2024-10-06
4946,lead,2024-10-25
4946,contato,2024-11-05
4946,perdido,2024-11-09
4947,lead,2024-09-19
4947,perdido,2024-10-15
4948,lead,2024-11-15
4948,contato,2024-11-25
4948,reuniao,2024-11-26
4948,perdido,2024-12-24
4949,lead,2025-01-16
4949,perdido,2025-02-15
4950,lead,2024-08-19
4950,contato,2024-08-27
4950,reuniao,2024-08-31
4950,proposta,2024-09-05
4950,perdido,2024-09-08
4951,lead,2025-08-09
4951,contato,2025-08-21
4951,perdido,2025-09-03
4952,lead,2025-10-31
4952,contato,2025-11-09
4952,perdido,2025-11-19
4953,lead,2025-01-13
4953,contato,2025-01-17
4953,perdido,2025-02-10
4954,lead,2025-05-16
4954,contato,2025-05-18
4954,reuniao,2025-05-26
4954,perdido,2025-06-15
4955,lead,2025-11-02
4955,contato,2025-12-03
4955,reuniao,2025-12-14
4956,lead,2024-05-01
4956,contato,2024-05-08
4956,perdido,2024-05-27
4957,lead,2024-04-30
4957,contato,2024-05-12
4957,perdido,2024-06-05
4958,lead,2024-02-11
4958,perdido,2024-03-11
4959,lead,2024-11-10
4959,contato,2024-11-14
4959,perdido,2024-11-21
4960,lead,2024-08-19
4960,perdido,2024-09-12
4961,lead,2025-02-03
4961,perdido,2025-02-26
4962,lead,2024-11-18
4962,contato,2024-12-20
4962,reuniao,2025-01-07
4962,perdido,2025-01-27
4963,lead,2024-04-30
4963,contato,2024-05-14
4963,reuniao,2024-05-27
4963,proposta,2024-06-15
4963,perdido,2024-06-29
4964,lead,2024-10-03
4964,contato,2024-10-10
4964,reuniao,2024-10-16
4964,proposta,2024-11-13
4964,perdido,2024-11-26
4965,lead,2024-01-17
4965,perdido,2024-01-23
4966,lead,2025-01-21
4966,perdido,2025-01-29
4967,lead,2024-07-01
4967,contato,2024-07-09
4967,perdido,2024-07-29
4968,lead,2024-03-07
4968,contato,2024-03-17
4968,perdido,2024-04-11
4969,lead,2024-02-07
4969,contato,2024-02-15
4969,reuniao,2024-02-23
4969,perdido,2024-02-27
4970,lead,2025-05-19
4970,contato,2025-06-05
4970,reuniao,2025-06-16
4970,proposta,2025-07-01
4970,fechado,2025-07-15
4971,lead,2024-06-12
4971,contato,2024-06-15
4971,perdido,2024-07-15
4972,lead,2025-04-08
4972,contato,2025-04-17
4972,reuniao,2025-05-12
4972,perdido,2025-06-03
4973,lead,2025-08-07
4973,contato,2025-08-17
4973,reuniao,2025-08-21
4973,proposta,2025-08-26
4973,fechado,2025-09-07
4974,lead,2024-12-31
4974,contato,2025-01-08
4974,reuniao,2025-01-20
4974,perdido,2025-02-17
4975,lead,2024-03-21
4975,contato,2024-03-28
4975,perdido,2024-04-10
4976,lead,2025-03-09
4976,perdido,2025-03-23
4977,lead,2024-02-11
4977,perdido,2024-03-04
4978,lead,2025-08-08
4978,contato,2025-08-09
4978,reuniao,2025-09-09
4978,proposta,2025-09-21
4978,fechado,2025-09-26
4979,lead,2025-06-24
4979,contato,2025-06-28
4979,reuniao,2025-07-02
4979,proposta,2025-07-10
4979,perdido,2025-07-25
4980,lead,2024-10-11
4980,perdido,2024-11-01
4981,lead,2024-06-30
4981,perdido,2024-07-09
4982,lead,2025-05-15
4982,contato,2025-05-18
4982,reuniao,2025-05-23
4982,proposta,2025-06-04
4982,perdido,2025-06-17
4983,lead,2025-02-07
4983,contato,2025-02-09
4983,reuniao,2025-03-01
4983,perdido,2025-03-22
4984,lead,2024-03-29
4984,contato,2024-04-27
4984,reuniao,2024-05-07
4984,proposta,2024-05-08
4984,fechado,2024-05-12
4985,lead,2025-06-22
4985,contato,2025-06-24
4985,reuniao,2025-07-06
4985,proposta,2025-07-08
4985,fechado,2025-07-26
4986,lead,2024-08-21
4986,contato,2024-08-24
4986,reuniao,2024-09-08
4986,proposta,2024-09-13
4986,perdido,2024-10-01
4987,lead,2025-10-06
4987,perdido,2025-10-20
4988,lead,2025-08-18
4988,perdido,2025-08-25
4989,lead,2024-07-05
4989,contato,2024-07-12
4989,reuniao,2024-07-16
4989,proposta,2024-07-27
4989,perdido,2024-08-15
4990,lead,2024-06-19
4990,perdido,2024-06-26
4991,lead,2024-10-08
4991,contato,2024-10-20
4991,reuniao,2024-10-24
4991,proposta,2024-11-04
4991,perdido,2024-11-13
4992,lead,2025-07-29
4992,perdido,2025-08-11
4993,lead,2024-03-19
4993,contato,2024-03-25
4993,perdido,2024-04-16
4994,lead,2024-08-07
4994,contato,2024-08-09
4994,perdido,2024-09-03
4995,lead,2025-04-08
4995,contato,2025-04-18
4995,perdido,2025-04-21
4996,lead,2024-01-19
4996,contato,2024-01-25
4996,perdido,2024-02-22
4997,lead,2024-02-01
4997,contato,2024-02-03
4997,reuniao,2024-02-09
4997,proposta,2024-02-11
4997,fechado,2024-02-15
4998,lead,2025-06-25
4998,contato,2025-06-29
4998,perdido,2025-07-28
4999,lead,2025-01-13
4999,contato,2025-01-23
4999,reuniao,2025-01-31
4999,proposta,2025-02-07
4999,perdido,2025-02-27
5000,lead,2025-02-01
5000,perdido,2025-02-19
5001,lead,2024-06-13
5001,contato,2024-06-17
5001,reuniao,2024-06-29
5001,proposta,2024-07-03
5001,fechado,2024-07-13
5002,lead,2025-01-18
5002,contato,2025-01-27
5002,reuniao,2025-01-31
5002,proposta,2025-02-06
5002,perdido,2025-02-26
5003,lead,2025-01-25
5003,contato,2025-01-30
5003,reuniao,2025-02-14
5003,proposta,2025-02-20
5003,perdido,2025-03-18
5004,lead,2024-10-20
5004,contato,2024-10-30
5004,reuniao,2024-11-03
5004,proposta,2024-11-11
5004,fechado,2024-11-29
5005,lead,2025-11-29
5005,contato,2025-12-01
5005,reuniao,2025-12-08
5005,proposta,2025-12-20
5005,perdido,2025-12-25
5006,lead,2024-01-28
5006,perdido,2024-02-15
5007,lead,2024-10-21
5007,contato,2024-10-24
5007,reuniao,2024-11-02
5007,proposta,2024-11-17
5007,perdido,2024-11-23
5008,lead,2025-09-09
5008,contato,2025-09-14
5008,perdido,2025-10-07
5009,lead,2024-05-12
5009,perdido,2024-05-23
5010,lead,2025-11-05
5010,contato,2025-11-14
5010,perdido,2025-11-26
5011,lead,2024-10-28
5011,contato,2024-11-05
5011,perdido,2024-11-27
5012,lead,2024-04-06
5012,perdido,2024-04-09
5013,lead,2024-02-24
5013,contato,2024-03-02
5013,reuniao,2024-03-10
5013,proposta,2024-03-21
5013,perdido,2024-03-24
5014,lead,2024-08-16
5014,contato,2024-08-27
5014,perdido,2024-09-06
5015,lead,2025-10-25
5015,contato,2025-11-03
5015,reuniao,2025-11-22
5015,proposta,2025-12-03
5015,fechado,2025-12-09
5016,lead,2025-11-09
5016,perdido,2025-12-09
5017,lead,2025-02-05
5017,contato,2025-02-11
5017,perdido,2025-02-24
5018,lead,2024-03-11
5018,perdido,2024-03-20
5019,lead,2024-11-22
5019,perdido,2024-12-15
5020,lead,2024-10-23
5020,contato,2024-10-29
5020,reuniao,2024-11-12
5020,proposta,2024-11-20
5020,fechado,2024-11-22
5021,lead,2024-05-30
5021,contato,2024-06-06
5021,perdido,2024-06-15
5022,lead,2024-02-13
5022,perdido,2024-03-06
5023,lead,2024-09-26
5023,contato,2024-10-01
5023,reuniao,2024-10-08
5023,proposta,2024-10-14
5023,perdido,2024-10-27
5024,lead,2024-09-19
5024,contato,2024-09-26
5024,reuniao,2024-09-29
5024,proposta,2024-10-01
5024,perdido,2024-10-05
5025,lead,2025-05-11
5025,contato,2025-05-15
5025,perdido,2025-06-09
5026,lead,2024-10-05
5026,perdido,2024-10-10
5027,lead,2024-01-08
5027,contato,2024-02-01
5027,perdido,2024-02-18
5028,lead,2024-01-12
5028,perdido,2024-01-28
5029,lead,2025-04-29
5029,perdido,2025-05-03
5030,lead,2025-04-09
5030,perdido,2025-04-26
5031,lead,2024-04-08
5031,contato,2024-04-14
5031,perdido,2024-04-18
5032,lead,2025-09-16
5032,contato,2025-09-19
5032,reuniao,2025-09-20
5032,perdido,2025-10-15
5033,lead,2025-04-11
5033,contato,2025-04-18
5033,reuniao,2025-04-29
5033,perdido,2025-05-13
5034,lead,2024-04-04
5034,contato,2024-04-13
5034,reuniao,2024-04-22
5034,proposta,2024-05-04
5034,perdido,2024-05-27
5035,lead,2024-07-15
5035,contato,2024-07-28
5035,reuniao,2024-07-30
5035,perdido,2024-08-27
5036,lead,2025-12-07
5036,contato,2025-12-13
5037,lead,2024-10-15
5037,contato,2024-10-19
5037,reuniao,2024-10-20
5037,proposta,2024-11-16
5037,fechado,2024-11-18
5038,lead,2024-06-04
5038,contato,2024-06-10
5038,perdido,2024-07-10
5039,lead,2025-01-14
5039,perdido,2025-02-09
5040,lead,2024-05-11
5040,contato,2024-05-12
5040,perdido,2024-05-27
5041,lead,2025-07-19
5041,contato,2025-07-31
5041,reuniao,2025-08-11
5041,proposta,2025-08-18
5041,perdido,2025-08-29
5042,lead,2025-07-21
5042,contato,2025-08-03
5042,reuniao,2025-08-04
5042,proposta,2025-08-10
5042,perdido,2025-08-19
5043,lead,2025-07-26
5043,contato,2025-07-28
5043,perdido,2025-08-16
5044,lead,2025-03-11
5044,contato,2025-03-16
5044,reuniao,2025-03-20
5044,proposta,2025-03-23
5044,perdido,2025-04-10
5045,lead,2025-05-04
5045,contato,2025-05-07
5045,reuniao,2025-05-21
5045,perdido,2025-05-29
5046,lead,2024-08-11
5046,contato,2024-08-19
5046,perdido,2024-09-07
5047,lead,2025-09-25
5047,perdido,2025-10-11
5048,lead,2024-03-28
5048,perdido,2024-04-12
5049,lead,2024-06-18
5049,contato,2024-07-01
5049,reuniao,2024-07-12
5049,perdido,2024-08-11
5050,lead,2025-12-25
5050,contato,2025-12-29
5051,lead,2025-11-26
5051,contato,2025-12-10
5052,lead,2025-01-04
5052,contato,2025-01-10
5052,reuniao,2025-01-25
5052,proposta,2025-02-03
5052,fechado,2025-02-14
5053,lead,2024-12-30
5053,contato,2025-01-05
5053,reuniao,2025-01-06
5053,perdido,2025-01-10
5054,lead,2024-03-10
5054,perdido,2024-03-25
5055,lead,2025-04-09
5055,contato,2025-04-14
5055,reuniao,2025-04-20
5055,proposta,2025-04-27
5055,perdido,2025-05-10
5056,lead,2024-01-18
5056,contato,2024-01-23
5056,perdido,2024-02-03
5057,lead,2024-08-05
5057,perdido,2024-08-28
5058,lead,2024-10-23
5058,perdido,2024-10-27
5059,lead,2025-10-06
5059,perdido,2025-11-03
5060,lead,2025-12-03
5060,contato,2025-12-06
5060,reuniao,2025-12-25
5061,lead,2025-12-08
5061,contato,2025-12-09
5062,lead,2025-07-25
5062,contato,2025-08-03
5062,reuniao,2025-08-06
5062,proposta,2025-08-12
5062,perdido,2025-09-05
5063,lead,2024-07-17
5063,perdido,2024-08-01
5064,lead,2024-01-26
5064,contato,2024-02-08
5064,perdido,2024-02-11
5065,lead,2024-10-28
5065,contato,2024-11-19
5065,perdido,2024-12-16
5066,lead,2024-07-23
5066,perdido,2024-08-02
5067,lead,2025-04-05
5067,perdido,2025-04-16
5068,lead,2024-09-19
5068,perdido,2024-10-01
5069,lead,2025-10-04
5069,contato,2025-10-09
5069,reuniao,2025-10-18
5069,perdido,2025-10-24
5070,lead,2024-09-21
5070,contato,2024-10-07
5070,perdido,2024-10-14
5071,lead,2024-09-24
5071,perdido,2024-10-04
5072,lead,2025-06-22
5072,perdido,2025-07-15
5073,lead,2025-02-21
5073,contato,2025-02-27
5073,reuniao,2025-03-06
5073,perdido,2025-04-05
5074,lead,2024-06-19
5074,contato,2024-06-26
5074,reuniao,2024-07-12
5074,perdido,2024-07-20
5075,lead,2025-04-21
5075,contato,2025-05-05
5075,reuniao,2025-05-12
5075,proposta,2025-05-26
5075,perdido,2025-06-07
5076,lead,2025-02-05
5076,perdido,2025-02-12
5077,lead,2024-03-01
5077,contato,2024-03-14
5077,reuniao,2024-04-01
5077,proposta,2024-04-12
5077,perdido,2024-05-02
5078,lead,2024-12-01
5078,perdido,2024-12-11
5079,lead,2025-10-24
5079,perdido,2025-11-10
5080,lead,2024-05-16
5080,perdido,2024-05-21
5081,lead,2024-10-20
5081,contato,2024-10-26
5081,reuniao,2024-11-03
5081,proposta,2024-11-06
5081,fechado,2024-11-09
5082,lead,2024-07-05
5082,contato,2024-07-18
5082,reuniao,2024-07-27
5082,proposta,2024-07-31
5082,perdido,2024-08-25
5083,lead,2025-01-21
5083,perdido,2025-02-17
5084,lead,2025-12-09
5084,perdido,2025-12-26
5085,lead,2024-08-02
5085,contato,2024-08-17
5085,perdido,2024-09-09
5086,lead,2025-08-21
5086,contato,2025-08-27
5086,reuniao,2025-08-31
5086,proposta,2025-09-10
5086,perdido,2025-09-13
5087,lead,2025-08-26
5087,contato,2025-08-31
5087,perdido,2025-09-06
5088,lead,2024-06-22
5088,contato,2024-07-08
5088,perdido,2024-07-31
5089,lead,2025-07-03
5089,contato,2025-07-06
5089,perdido,2025-08-05
5090,lead,2025-12-21
5091,lead,2025-11-21
5091,contato,2025-12-02
5091,reuniao,2025-12-16
5091,proposta,2025-12-26
5092,lead,2025-03-03
5092,perdido,2025-03-23
5093,lead,2024-04-02
5093,perdido,2024-04-24
5094,lead,2024-03-11
5094,contato,2024-03-22
5094,reuniao,2024-03-28
5094,proposta,2024-04-11
5094,perdido,2024-05-10
5095,lead,2024-06-28
5095,perdido,2024-07-13
5096,lead,2025-02-28
5096,contato,2025-03-08
5096,reuniao,2025-04-10
5096,proposta,2025-04-12
5096,perdido,2025-04-24
5097,lead,2024-09-30
5097,perdido,2024-10-18
5098,lead,2025-05-07
5098,contato,2025-06-03
5098,perdido,2025-06-06
5099,lead,2025-07-16
5099,contato,2025-07-18
5099,reuniao,2025-07-23
5099,proposta,2025-07-25
5099,perdido,2025-07-29
5100,lead,2024-04-23
5100,contato,2024-04-30
5100,reuniao,2024-05-06
5100,perdido,2024-06-05
5101,lead,2025-10-14
5101,perdido,2025-10-22
5102,lead,2024-02-04
5102,contato,2024-02-24
5102,reuniao,2024-02-25
5102,perdido,2024-03-06
5103,lead,2024-06-26
5103,perdido,2024-07-26
5104,lead,2025-08-07
5104,contato,2025-08-23
5104,reuniao,2025-08-25
5104,perdido,2025-09-23
5105,lead,2024-04-25
5105,contato,2024-04-30
5105,reuniao,2024-05-17
5105,proposta,2024-05-29
5105,perdido,2024-06-20
5106,lead,2024-05-22
5106,contato,2024-05-27
5106,reuniao,2024-06-01
5106,perdido,2024-07-01
5107,lead,2025-12-09
5108,lead,2025-10-19
5108,contato,2025-10-25
5108,perdido,2025-10-31
5109,lead,2025-08-05
5109,contato,2025-08-14
5109,perdido,2025-08-31
5110,lead,2024-04-18
5110,contato,2024-04-27
5110,reuniao,2024-05-07
5110,perdido,2024-05-24
5111,lead,2024-06-18
5111,contato,2024-06-22
5111,reuniao,2024-06-26
5111,perdido,2024-07-14
5112,lead,2024-06-02
5112,perdido,2024-06-28
5113,lead,2024-04-29
5113,contato,2024-05-06
5113,reuniao,2024-05-11
5113,proposta,2024-05-16
5113,fechado,2024-05-22
5114,lead,2025-12-05
5114,perdido,2025-12-12
5115,lead,2024-04-13
5115,contato,2024-04-19
5115,reuniao,2024-04-22
5115,perdido,2024-05-04
5116,lead,2025-06-12
5116,contato,2025-06-22
5116,reuniao,2025-07-06
5116,proposta,2025-07-26
5116,perdido,2025-08-07
5117,lead,2024-01-29
5117,contato,2024-01-30
5117,perdido,2024-02-13
5118,lead,2025-01-25
5118,contato,2025-03-03
5118,reuniao,2025-03-20
5118,proposta,2025-03-27
5118,perdido,2025-04-12
5119,lead,2024-02-10
5119,perdido,2024-02-24
5120,lead,2024-02-05
5120,contato,2024-02-09
5120,reuniao,2024-02-15
5120,proposta,2024-03-05
5120,perdido,2024-03-18
5121,lead,2024-05-29
5121,perdido,2024-06-27
5122,lead,2025-10-29
5122,contato,2025-11-03
5122,perdido,2025-11-28
5123,lead,2025-03-25
5123,contato,2025-03-30
5123,perdido,2025-04-20
5124,lead,2025-04-02
5124,perdido,2025-04-19
5125,lead,2024-07-23
5125,perdido,2024-08-15
5126,lead,2025-05-25
5126,perdido,2025-06-02
5127,lead,2025-04-25
5127,perdido,2025-05-12
5128,lead,2024-11-26
5128,contato,2024-12-17
5128,reuniao,2024-12-21
5128,proposta,2024-12-28
5128,perdido,2025-01-04
5129,lead,2025-04-25
5129,perdido,2025-04-29
5130,lead,2025-09-16
5130,contato,2025-09-30
5130,reuniao,2025-10-04
5130,proposta,2025-10-19
5130,perdido,2025-11-10
5131,lead,2025-11-26
5131,contato,2025-12-03
5131,reuniao,2025-12-07
5131,proposta,2025-12-09
5131,perdido,2025-12-17
5132,lead,2025-12-28
5132,contato,2025-12-31
5133,lead,2024-12-20
5133,contato,2025-01-01
5133,perdido,2025-01-19
5134,lead,2024-01-19
5134,contato,2024-01-24
5134,perdido,2024-02-16
5135,lead,2024-05-29
5135,contato,2024-06-06
5135,reuniao,2024-06-11
5135,perdido,2024-07-06
5136,lead,2024-05-05
5136,perdido,2024-06-01
5137,lead,2024-07-25
5137,contato,2024-07-31
5137,perdido,2024-08-22
5138,lead,2024-09-11
5138,contato,2024-09-18
5138,reuniao,2024-08-31
5138,perdido,2024-09-25
5139,lead,2025-04-15
5139,contato,2025-04-20
5139,perdido,2025-05-08
5140,lead,2025-01-14
5140,contato,2025-01-20
5140,reuniao,2025-01-24
5140,proposta,2025-02-04
5140,perdido,2025-02-10
5141,lead,2025-04-01
5141,contato,2025-04-05
5141,reuniao,2025-04-13
5141,proposta,2025-04-15
5141,perdido,2025-05-03
5142,lead,2025-12-06
5142,contato,2025-12-08
5142,reuniao,2025-12-19
5143,lead,2024-01-28
5143,contato,2024-02-04
5143,reuniao,2024-02-27
5143,perdido,2024-03-13
5144,lead,2024-01-09
5144,contato,2024-01-18
5144,reuniao,2024-01-26
5144,proposta,2024-02-01
5144,perdido,2024-02-16
5145,lead,2025-04-13
5145,contato,2025-05-01
5145,reuniao,2025-05-05
5145,proposta,2025-05-10
5145,perdido,2025-05-19
5146,lead,2025-01-26
5146,perdido,2025-02-01
5147,lead,2024-12-15
5147,contato,2025-01-02
5147,perdido,2025-01-28
5148,lead,2025-09-06
5148,contato,2025-09-09
5148,reuniao,2025-09-21
5148,proposta,2025-09-29
5148,perdido,2025-10-03
5149,lead,2024-04-07
5149,contato,2024-04-16
5149,reuniao,2024-04-28
5149,perdido,2024-05-05
5150,lead,2025-02-11
5150,contato,2025-02-21
5150,reuniao,2025-02-22
5150,perdido,2025-03-06
5151,lead,2025-11-03
5151,contato,2025-11-16
5151,perdido,2025-12-16
5152,lead,2024-11-13
5152,contato,2024-11-26
5152,reuniao,2024-12-08
5152,proposta,2024-12-12
5152,perdido,2025-01-10
5153,lead,2025-02-15
5153,contato,2025-02-22
5153,perdido,2025-03-13
5154,lead,2024-02-10
5154,contato,2024-02-25
5154,reuniao,2024-03-14
5154,proposta,2024-03-18
5154,perdido,2024-04-09
5155,lead,2024-09-03
5155,perdido,2024-10-01
5156,lead,2024-01-24
5156,contato,2024-02-05
5156,perdido,2024-02-12
5157,lead,2025-02-10
5157,perdido,2025-02-28
5158,lead,2025-02-21
5158,contato,2025-02-23
5158,reuniao,2025-03-06
5158,proposta,2025-03-07
5158,perdido,2025-03-23
5159,lead,2025-11-18
5159,contato,2025-11-29
5159,perdido,2025-12-05
5160,lead,2025-03-25
5160,perdido,2025-04-11
5161,lead,2024-01-02
5161,perdido,2024-01-11
5162,lead,2025-08-21
5162,contato,2025-08-28
5162,perdido,2025-09-24
5163,lead,2024-08-18
5163,perdido,2024-09-08
5164,lead,2025-05-18
5164,contato,2025-05-24
5164,perdido,2025-06-15
5165,lead,2024-06-26
5165,perdido,2024-07-11
5166,lead,2025-06-23
5166,perdido,2025-07-21
5167,lead,2025-10-30
5167,perdido,2025-11-03
5168,lead,2024-02-15
5168,contato,2024-03-03
5168,perdido,2024-03-17
5169,lead,2025-01-25
5169,contato,2025-01-28
5169,reuniao,2025-02-04
5169,proposta,2025-02-19
5169,perdido,2025-03-12
5170,lead,2025-01-23
5170,contato,2025-01-29
5170,reuniao,2025-02-11
5170,perdido,2025-02-25
5171,lead,2024-07-14
5171,contato,2024-07-15
5171,reuniao,2024-07-27
5171,perdido,2024-08-10
5172,lead,2024-08-28
5172,contato,2024-09-03
5172,reuniao,2024-09-17
5172,perdido,2024-09-30
5173,lead,2025-04-21
5173,perdido,2025-05-15
5174,lead,2024-07-19
5174,contato,2024-07-20
5174,reuniao,2024-07-21
5174,perdido,2024-08-18
5175,lead,2024-01-18
5175,contato,2024-01-25
5175,reuniao,2024-01-26
5175,proposta,2024-02-04
5175,perdido,2024-02-29
5176,lead,2025-07-01
5176,contato,2025-07-02
5176,reuniao,2025-07-11
5176,proposta,2025-07-14
5176,fechado,2025-07-28
5177,lead,2025-03-16
5177,contato,2025-03-19
5177,reuniao,2025-03-25
5177,perdido,2025-03-30
5178,lead,2024-06-15
5178,contato,2024-06-24
5178,reuniao,2024-07-03
5178,perdido,2024-07-30
5179,lead,2025-11-27
5179,contato,2025-12-12
5179,perdido,2025-12-28
5180,lead,2025-10-09
5180,contato,2025-10-12
5180,reuniao,2025-10-15
5180,perdido,2025-11-12
5181,lead,2025-11-29
5181,perdido,2025-12-19
5182,lead,2025-01-07
5182,contato,2025-01-10
5182,reuniao,2025-01-13
5182,perdido,2025-02-01
5183,lead,2024-06-02
5183,contato,2024-06-22
5183,reuniao,2024-07-02
5183,proposta,2024-07-08
5183,perdido,2024-07-24
5184,lead,2024-04-18
5184,contato,2024-05-03
5184,reuniao,2024-05-09
5184,proposta,2024-05-15
5184,fechado,2024-05-19
5185,lead,2025-11-16
5185,perdido,2025-11-30
5186,lead,2025-10-04
5186,contato,2025-10-21
5186,reuniao,2025-11-19
5186,proposta,2025-11-30
5186,perdido,2025-12-27
5187,lead,2025-06-08
5187,contato,2025-06-13
5187,perdido,2025-07-07
5188,lead,2025-01-06
5188,perdido,2025-01-14
5189,lead,2024-09-28
5189,contato,2024-10-10
5189,perdido,2024-10-13
5190,lead,2025-05-10
5190,contato,2025-05-21
5190,reuniao,2025-05-27
5190,proposta,2025-06-11
5190,perdido,2025-07-06
5191,lead,2024-01-06
5191,contato,2024-01-14
5191,reuniao,2024-02-06
5191,proposta,2024-02-19
5191,perdido,2024-02-23
5192,lead,2025-01-14
5192,contato,2025-01-21
5192,perdido,2025-02-13
5193,lead,2025-04-22
5193,contato,2025-05-14
5193,reuniao,2025-05-17
5193,perdido,2025-05-25
5194,lead,2025-06-18
5194,perdido,2025-07-18
5195,lead,2024-11-18
5195,perdido,2024-11-25
5196,lead,2025-06-11
5196,perdido,2025-06-19
5197,lead,2024-02-25
5197,contato,2024-03-02
5197,reuniao,2024-03-23
5197,perdido,2024-04-14
5198,lead,2024-06-01
5198,contato,2024-06-25
5198,reuniao,2024-07-16
5198,perdido,2024-08-01
5199,lead,2024-03-28
5199,contato,2024-04-05
5199,reuniao,2024-04-16
5199,proposta,2024-04-18
5199,fechado,2024-04-28
5200,lead,2024-08-26
5200,contato,2024-09-06
5200,reuniao,2024-09-18
5200,proposta,2024-09-28
5200,perdido,2024-10-18
5201,lead,2024-08-30
5201,perdido,2024-09-20
5202,lead,2024-09-21
5202,contato,2024-09-27
5202,perdido,2024-10-06
5203,lead,2024-11-30
5203,contato,2024-12-04
5203,reuniao,2024-12-10
5203,perdido,2024-12-16
5204,lead,2024-11-06
5204,perdido,2024-11-24
5205,lead,2024-12-22
5205,perdido,2024-12-31
5206,lead,2025-06-17
5206,contato,2025-07-01
5206,perdido,2025-07-04
5207,lead,2024-03-27
5207,contato,2024-04-06
5207,reuniao,2024-04-07
5207,perdido,2024-04-12
5208,lead,2024-09-04
5208,contato,2024-09-14
5208,reuniao,2024-09-18
5208,perdido,2024-10-08
5209,lead,2024-01-01
5209,contato,2024-01-09
5209,reuniao,2024-01-12
5209,perdido,2024-02-11
5210,lead,2024-01-16
5210,perdido,2024-02-14
5211,lead,2025-03-03
5211,perdido,2025-04-02
5212,lead,2025-09-23
5212,contato,2025-09-26
5212,reuniao,2025-10-04
5212,perdido,2025-10-22
5213,lead,2024-07-30
5213,contato,2024-08-05
5213,perdido,2024-08-08
5214,lead,2024-10-11
5214,contato,2024-10-15
5214,perdido,2024-11-08
5215,lead,2024-05-15
5215,contato,2024-05-17
5215,reuniao,2024-05-27
5215,proposta,2024-06-01
5215,perdido,2024-06-17
5216,lead,2024-03-27
5216,contato,2024-03-31
5216,reuniao,2024-04-06
5216,perdido,2024-04-22
5217,lead,2025-09-29
5217,contato,2025-10-19
5217,perdido,2025-11-11
5218,lead,2025-02-10
5218,contato,2025-02-12
5218,reuniao,2025-02-15
5218,perdido,2025-03-04
5219,lead,2025-05-12
5219,contato,2025-05-30
5219,reuniao,2025-06-03
5219,perdido,2025-06-29
5220,lead,2025-09-27
5220,perdido,2025-10-16
5221,lead,2025-02-20
5221,contato,2025-02-21
5221,perdido,2025-03-01
5222,lead,2024-04-23
5222,perdido,2024-05-02
5223,lead,2025-05-18
5223,contato,2025-05-26
5223,perdido,2025-05-30
5224,lead,2025-06-13
5224,contato,2025-06-25
5224,reuniao,2025-07-15
5224,proposta,2025-07-20
5224,perdido,2025-08-08
5225,lead,2024-10-20
5225,perdido,2024-11-18
5226,lead,2025-03-10
5226,contato,2025-03-17
5226,reuniao,2025-03-23
5226,perdido,2025-04-06
5227,lead,2024-12-17
5227,contato,2024-12-23
5227,perdido,2025-01-14
5228,lead,2024-08-21
5228,perdido,2024-09-09
5229,lead,2025-04-18
5229,contato,2025-05-03
5229,perdido,2025-05-24
5230,lead,2024-06-12
5230,perdido,2024-06-20
5231,lead,2024-08-16
5231,contato,2024-08-18
5231,reuniao,2024-08-21
5231,proposta,2024-08-06
5231,perdido,2024-09-25
5232,lead,2024-10-14
5232,contato,2024-10-23
5232,reuniao,2024-10-30
5232,perdido,2024-11-09
5233,lead,2025-03-09
5233,perdido,2025-03-21
5234,lead,2025-09-05
5234,contato,2025-09-13
5234,perdido,2025-09-28
5235,lead,2025-03-09
5235,contato,2025-03-20
5235,perdido,2025-04-06
5236,lead,2025-05-27
5236,contato,2025-06-13
5236,reuniao,2025-06-21
5236,proposta,2025-06-29
5236,perdido,2025-07-02
5237,lead,2024-07-19
5237,contato,2024-07-25
5237,reuniao,2024-08-01
5237,proposta,2024-08-05
5237,perdido,2024-08-21
5238,lead,2025-02-20
5238,perdido,2025-03-04
5239,lead,2024-03-01
5239,contato,2024-03-14
5239,perdido,2024-03-27
5240,lead,2024-11-28
5240,contato,2024-12-10
5240,reuniao,2025-01-03
5240,proposta,2025-01-22
5240,perdido,2025-01-30
5241,lead,2025-05-01
5241,contato,2025-05-14
5241,perdido,2025-05-30
5242,lead,2024-04-23
5242,contato,2024-04-25
5242,reuniao,2024-05-04
5242,perdido,2024-05-07
5243,lead,2025-10-12
5243,contato,2025-10-25
5243,perdido,2025-11-17
5244,lead,2024-10-22
5244,contato,2024-11-21
5244,perdido,2024-12-20
5245,lead,2025-04-17
5245,contato,2025-05-02
5245,reuniao,2025-05-05
5245,perdido,2025-05-18
5246,lead,2024-12-03
5246,contato,2024-12-16
5246,perdido,2024-12-24
5247,lead,2025-06-01
5247,contato,2025-06-17
5247,reuniao,2025-06-20
5247,perdido,2025-06-26
5248,lead,2025-02-18
5248,contato,2025-02-27
5248,perdido,2025-03-05
5249,lead,2024-03-14
5249,contato,2024-03-23
5249,perdido,2024-04-07
5250,lead,2025-10-28
5250,perdido,2025-11-13
5251,lead,2025-04-09
5251,contato,2025-04-20
5251,reuniao,2025-05-01
5251,proposta,2025-05-19
5251,perdido,2025-06-14
5252,lead,2024-12-05
5252,contato,2024-12-13
5252,reuniao,2024-12-25
5252,perdido,2025-01-18
5253,lead,2025-04-21
5253,perdido,2025-05-04
5254,lead,2024-06-23
5254,contato,2024-06-24
5254,reuniao,2024-07-02
5254,proposta,2024-07-08
5254,perdido,2024-08-05
5255,lead,2025-06-30
5255,contato,2025-07-20
5255,reuniao,2025-07-24
5255,proposta,2025-08-04
5255,perdido,2025-09-03
5256,lead,2024-10-18
5256,contato,2024-10-28
5256,perdido,2024-11-21
5257,lead,2025-07-30
5257,contato,2025-08-08
5257,reuniao,2025-08-14
5257,proposta,2025-08-22
5257,fechado,2025-09-03
5258,lead,2024-07-04
5258,perdido,2024-07-20
5259,lead,2025-07-18
5259,perdido,2025-08-12
5260,lead,2025-10-15
5260,contato,2025-10-19
5260,perdido,2025-10-26
5261,lead,2025-12-14
5262,lead,2025-07-07
5262,perdido,2025-08-01
5263,lead,2025-05-11
5263,perdido,2025-06-09
5264,lead,2025-01-11
5264,perdido,2025-01-26
5265,lead,2024-03-02
5265,perdido,2024-03-07
5266,lead,2025-02-03
5266,contato,2025-03-05
5266,reuniao,2025-03-07
5266,proposta,2025-03-22
5266,perdido,2025-04-15
5267,lead,2025-02-05
5267,contato,2025-02-13
5267,perdido,2025-03-15
5268,lead,2024-02-06
5268,contato,2024-02-23
5268,reuniao,2024-03-05
5268,proposta,2024-03-06
5268,perdido,2024-03-14
5269,lead,2025-05-01
5269,contato,2025-05-13
5269,perdido,2025-05-18
5270,lead,2024-03-31
5270,contato,2024-04-07
5270,perdido,2024-04-22
5271,lead,2025-02-25
5271,contato,2025-02-26
5271,reuniao,2025-03-07
5271,proposta,2025-03-11
5271,fechado,2025-03-17
5272,lead,2024-12-06
5272,contato,2024-12-09
5272,reuniao,2024-12-26
5272,perdido,2025-01-08
5273,lead,2025-09-22
5273,contato,2025-09-30
5273,reuniao,2025-10-01
5273,perdido,2025-10-20
5274,lead,2024-05-31
5274,contato,2024-06-10
5274,reuniao,2024-06-16
5274,perdido,2024-06-30
5275,lead,2024-04-16
5275,contato,2024-04-19
5275,reuniao,2024-04-15
5275,proposta,2024-05-12
5275,perdido,2024-05-19
5276,lead,2025-01-29
5276,contato,2025-02-11
5276,reuniao,2025-02-22
5276,perdido,2025-03-23
5277,lead,2024-11-25
5277,perdido,2024-11-30
5278,lead,2024-04-09
5278,contato,2024-04-12
5278,perdido,2024-04-19
5279,lead,2025-03-08
5279,contato,2025-03-18
5279,reuniao,2025-03-20
5279,proposta,2025-03-23
5279,perdido,2025-03-27
5280,lead,2025-10-15
5280,contato,2025-10-19
5280,reuniao,2025-10-26
5280,proposta,2025-11-08
5280,perdido,2025-11-17
5281,lead,2025-06-07
5281,contato,2025-06-17
5281,reuniao,2025-07-03
5281,proposta,2025-07-29
5281,perdido,2025-08-08
5282,lead,2024-05-14
5282,contato,2024-05-26
5282,perdido,2024-06-03
5283,lead,2024-06-05
5283,perdido,2024-07-01
5284,lead,2025-02-01
5284,contato,2025-02-04
5284,reuniao,2025-02-07
5284,proposta,2025-03-01
5284,perdido,2025-03-29
5285,lead,2025-04-22
5285,contato,2025-04-27
5285,reuniao,2025-05-04
5285,perdido,2025-05-20
5286,lead,2025-12-12
5287,lead,2024-03-02
5287,perdido,2024-03-20
5288,lead,2025-01-26
5288,perdido,2025-02-10
5289,lead,2025-12-20
5289,contato,2025-12-29
5289,reuniao,2025-12-30
5290,lead,2024-03-06
5290,perdido,2024-03-27
5291,lead,2025-12-06
5291,contato,2025-12-13
5291,reuniao,2025-12-16
5291,proposta,2025-12-25
5292,lead,2024-11-27
5292,contato,2024-11-29
5292,reuniao,2024-12-04
5292,perdido,2024-12-18
5293,lead,2025-05-21
5293,contato,2025-06-04
5293,perdido,2025-06-26
5294,lead,2024-10-28
5294,contato,2024-11-02
5294,reuniao,2024-11-22
5294,proposta,2024-11-26
5294,perdido,2024-12-16
5295,lead,2025-08-28
5295,contato,2025-08-30
5295,reuniao,2025-09-04
5295,proposta,2025-10-01
5295,perdido,2025-10-17
5296,lead,2025-10-16
5296,perdido,2025-10-31
5297,lead,2024-04-13
5297,contato,2024-04-18
5297,reuniao,2024-05-01
5297,proposta,2024-05-07
5297,perdido,2024-05-10
5298,lead,2025-06-13
5298,perdido,2025-06-28
5299,lead,2024-01-12
5299,contato,2024-01-24
5299,perdido,2024-02-12
5300,lead,2024-07-06
5300,contato,2024-07-18
5300,perdido,2024-07-31
5301,lead,2025-01-29
5301,perdido,2025-02-10
5302,lead,2025-03-01
5302,contato,2025-03-07
5302,reuniao,2025-03-31
5302,proposta,2025-04-08
5302,fechado,2025-04-16
5303,lead,2024-09-14
5303,contato,2024-09-17
5303,perdido,2024-10-01
5304,lead,2024-07-01
5304,contato,2024-07-10
5304,reuniao,2024-07-29
5304,perdido,2024-08-19
5305,lead,2024-04-17
5305,contato,2024-04-22
5305,reuniao,2024-05-02
5305,perdido,2024-05-30
5306,lead,2024-06-06
5306,contato,2024-06-24
5306,reuniao,2024-07-03
5306,perdido,2024-07-31
5307,lead,2024-03-19
5307,contato,2024-03-24
5307,perdido,2024-03-30
5308,lead,2024-06-23
5308,contato,2024-06-30
5308,perdido,2024-07-14
5309,lead,2025-08-12
5309,contato,2025-08-17
5309,reuniao,2025-08-27
5309,proposta,2025-09-06
5309,perdido,2025-09-20
5310,lead,2024-07-15
5310,perdido,2024-08-08
5311,lead,2025-10-16
5311,perdido,2025-10-25
5312,lead,2024-06-10
5312,contato,2024-06-16
5312,reuniao,2024-06-26
5312,perdido,2024-07-24
5313,lead,2024-12-23
5313,perdido,2025-01-01
5314,lead,2024-04-14
5314,contato,2024-04-22
5314,reuniao,2024-05-07
5314,perdido,2024-05-26
5315,lead,2024-01-10
5315,contato,2024-01-13
5315,reuniao,2024-01-19
5315,perdido,2024-02-10
5316,lead,2025-03-16
5316,contato,2025-03-21
5316,reuniao,2025-03-23
5316,perdido,2025-04-15
5317,lead,2024-08-25
5317,contato,2024-09-05
5317,reuniao,2024-09-18
5317,proposta,2024-09-26
5317,perdido,2024-10-20
5318,lead,2024-08-30
5318,contato,2024-09-03
5318,reuniao,2024-09-17
5318,perdido,2024-10-09
5319,lead,2024-10-15
5319,contato,2024-11-04
5319,reuniao,2024-11-15
5319,proposta,2024-11-19
5319,fechado,2024-12-05
5320,lead,2025-07-07
5320,contato,2025-07-22
5320,reuniao,2025-08-28
5320,proposta,2025-09-01
5320,perdido,2025-09-20
5321,lead,2024-10-09
5321,contato,2024-10-11
5321,reuniao,2024-10-18
5321,proposta,2024-10-19
5321,perdido,2024-11-17
5322,lead,2024-02-20
5322,contato,2024-03-06
5322,perdido,2024-03-26
5323,lead,2024-07-08
5323,contato,2024-07-10
5323,reuniao,2024-07-13
5323,perdido,2024-07-29
5324,lead,2025-02-13
5324,contato,2025-02-15
5324,reuniao,2025-03-01
5324,perdido,2025-03-15
5325,lead,2025-12-26
5326,lead,2024-03-27
5326,contato,2024-04-08
5326,perdido,2024-04-13
5327,lead,2024-08-13
5327,perdido,2024-08-20
5328,lead,2024-12-18
5328,perdido,2025-01-10
5329,lead,2025-11-13
5329,contato,2025-11-16
5329,reuniao,2025-12-03
5330,lead,2024-03-04
5330,contato,2024-03-18
5330,perdido,2024-03-26
5331,lead,2025-07-21
5331,contato,2025-07-31
5331,perdido,2025-08-08
5332,lead,2025-05-25
5332,contato,2025-06-01
5332,reuniao,2025-06-08
5332,perdido,2025-07-03
5333,lead,2024-07-30
5333,contato,2024-08-05
5333,reuniao,2024-08-11
5333,perdido,2024-08-23
5334,lead,2025-07-04
5334,contato,2025-07-07
5334,reuniao,2025-07-27
5334,perdido,2025-08-15
5335,lead,2025-02-12
5335,contato,2025-02-25
5335,reuniao,2025-03-07
5335,perdido,2025-04-01
5336,lead,2024-04-16
5336,perdido,2024-04-30
5337,lead,2024-07-13
5337,contato,2024-07-17
5337,reuniao,2024-08-15
5337,perdido,2024-08-21
5338,lead,2024-08-17
5338,contato,2024-09-02
5338,reuniao,2024-09-13
5338,proposta,2024-09-20
5338,perdido,2024-10-10
5339,lead,2024-08-13
5339,contato,2024-08-29
5339,reuniao,2024-09-07
5339,perdido,2024-09-22
5340,lead,2025-06-12
5340,perdido,2025-06-15
5341,lead,2025-04-09
5341,contato,2025-04-17
5341,reuniao,2025-04-23
5341,perdido,2025-05-07
5342,lead,2025-08-11
5342,contato,2025-08-17
5342,reuniao,2025-09-15
5342,proposta,2025-09-17
5342,perdido,2025-10-05
5343,lead,2025-01-06
5343,perdido,2025-01-23
5344,lead,2024-09-04
5344,perdido,2024-09-18
5345,lead,2024-02-08
5345,contato,2024-02-09
5345,reuniao,2024-02-12
5345,perdido,2024-03-13
5346,lead,2025-07-21
5346,contato,2025-07-26
5346,reuniao,2025-07-09
5346,perdido,2025-08-01
5347,lead,2024-02-12
5347,perdido,2024-03-01
5348,lead,2024-07-26
5348,contato,2024-08-06
5348,reuniao,2024-08-22
5348,perdido,2024-09-06
5349,lead,2025-04-15
5349,contato,2025-04-21
5349,reuniao,2025-05-09
5349,perdido,2025-05-25
5350,lead,2025-06-26
5350,contato,2025-07-05
5350,reuniao,2025-07-12
5350,proposta,2025-07-14
5350,fechado,2025-07-22
5351,lead,2024-02-09
5351,perdido,2024-02-12
5352,lead,2025-03-04
5352,contato,2025-03-18
5352,reuniao,2025-03-24
5352,proposta,2025-04-08
5352,perdido,2025-04-12
5353,lead,2024-03-23
5353,contato,2024-04-10
5353,perdido,2024-05-07
5354,lead,2025-06-21
5354,perdido,2025-07-06
5355,lead,2025-05-30
5355,contato,2025-06-10
5355,reuniao,2025-06-13
5355,perdido,2025-06-19
5356,lead,2025-06-13
5356,contato,2025-06-17
5356,reuniao,2025-06-24
5356,proposta,2025-07-13
5356,perdido,2025-08-04
5357,lead,2024-02-06
5357,contato,2024-02-14
5357,perdido,2024-03-06
5358,lead,2025-02-03
5358,contato,2025-02-10
5358,reuniao,2025-03-02
5358,proposta,2025-03-07
5358,perdido,2025-03-29
5359,lead,2024-06-07
5359,contato,2024-06-23
5359,reuniao,2024-07-03
5359,perdido,2024-07-09
5360,lead,2024-12-27
5360,contato,2025-01-03
5360,reuniao,2025-01-11
5360,perdido,2025-01-14
5361,lead,2025-12-22
5361,contato,2025-12-24
5362,lead,2024-02-22
5362,perdido,2024-03-10
5363,lead,2025-02-24
5363,contato,2025-03-02
5363,reuniao,2025-03-05
5363,perdido,2025-03-11
5364,lead,2024-04-12
5364,perdido,2024-04-27
5365,lead,2025-01-06
5365,contato,2025-01-27
5365,reuniao,2025-02-04
5365,proposta,2025-02-18
5365,fechado,2025-02-26
5366,lead,2025-01-12
5366,perdido,2025-02-04
5367,lead,2024-11-22
5367,contato,2024-12-14
5367,perdido,2024-12-25
5368,lead,2025-03-25
5368,contato,2025-03-27
5368,reuniao,2025-04-03
5368,proposta,2025-04-07
5368,perdido,2025-05-04
5369,lead,2025-12-08
5369,contato,2025-12-11
5369,reuniao,2025-12-18
5369,proposta,2025-12-23
5369,fechado,2025-12-31
5370,lead,2025-07-30
5370,contato,2025-08-15
5370,reuniao,2025-08-03
5370,proposta,2025-08-25
5370,perdido,2025-09-02
5371,lead,2025-11-24
5371,contato,2025-11-30
5371,perdido,2025-12-17
5372,lead,2024-04-30
5372,contato,2024-05-15
5372,perdido,2024-06-08
5373,lead,2025-12-25
5374,lead,2024-07-29
5374,contato,2024-08-04
5374,reuniao,2024-08-11
5374,perdido,2024-08-25
5375,lead,2024-01-20
5375,perdido,2024-02-01
5376,lead,2024-11-06
5376,contato,2024-11-14
5376,reuniao,2024-11-17
5376,perdido,2024-11-24
5377,lead,2024-06-11
5377,contato,2024-06-13
5377,reuniao,2024-06-18
5377,perdido,2024-06-22
5378,lead,2025-06-25
5378,perdido,2025-07-02
5379,lead,2024-02-20
5379,perdido,2024-03-03
5380,lead,2025-01-27
5380,perdido,2025-02-24
5381,lead,2024-07-16
5381,contato,2024-07-17
5381,reuniao,2024-07-27
5381,perdido,2024-08-25
5382,lead,2024-05-12
5382,perdido,2024-05-20
5383,lead,2025-09-22
5383,contato,2025-10-01
5383,perdido,2025-10-31
5384,lead,2025-01-09
5384,contato,2025-01-11
5384,reuniao,2025-01-01
5384,perdido,2025-02-15
5385,lead,2024-08-15
5385,contato,2024-08-19
5385,reuniao,2024-09-02
5385,perdido,2024-09-18
5386,lead,2025-06-12
5386,contato,2025-06-27
5386,perdido,2025-07-02
5387,lead,2025-09-06
5387,perdido,2025-09-22
5388,lead,2024-11-10
5388,contato,2024-11-21
5388,reuniao,2024-11-26
5388,perdido,2024-12-18
5389,lead,2024-04-24
5389,contato,2024-05-09
5389,perdido,2024-05-26
5390,lead,2025-12-26
5390,contato,2025-12-29
5391,lead,2024-09-10
5391,contato,2024-09-18
5391,reuniao,2024-09-24
5391,proposta,2024-10-08
5391,perdido,2024-11-07
5392,lead,2024-05-11
5392,perdido,2024-06-05
5393,lead,2024-03-01
5393,contato,2024-03-06
5393,reuniao,2024-03-09
5393,perdido,2024-03-28
5394,lead,2024-03-14
5394,contato,2024-03-15
5394,perdido,2024-04-07
5395,lead,2025-11-12
5395,contato,2025-12-04
5395,reuniao,2025-12-07
5395,proposta,2025-12-25
5395,fechado,2025-12-28
5396,lead,2025-11-15
5396,perdido,2025-11-27
5397,lead,2025-01-04
5397,contato,2025-01-21
5397,reuniao,2025-01-30
5397,perdido,2025-02-17
5398,lead,2025-05-02
5398,contato,2025-05-21
5398,reuniao,2025-05-30
5398,perdido,2025-06-06
5399,lead,2025-08-21
5399,contato,2025-08-26
5399,reuniao,2025-09-06
5399,proposta,2025-09-13
5399,fechado,2025-09-29
5400,lead,2025-02-01
5400,contato,2025-02-02
5400,reuniao,2025-02-13
5400,proposta,2025-03-03
5400,fechado,2025-03-17
5401,lead,2025-04-14
5401,perdido,2025-05-10
5402,lead,2025-12-01
5402,perdido,2025-12-25
5403,lead,2024-04-17
5403,perdido,2024-05-10
5404,lead,2024-03-24
5404,perdido,2024-04-20
5405,lead,2025-06-17
5405,contato,2025-06-24
5405,perdido,2025-07-14
5406,lead,2025-05-10
5406,contato,2025-05-13
5406,reuniao,2025-05-18
5406,perdido,2025-06-15
5407,lead,2024-04-27
5407,contato,2024-05-03
5407,reuniao,2024-05-08
5407,proposta,2024-05-20
5407,fechado,2024-05-28
5408,lead,2024-07-27
5408,perdido,2024-08-06
5409,lead,2025-04-27
5409,contato,2025-05-02
5409,reuniao,2025-05-30
5409,proposta,2025-06-21
5409,perdido,2025-07-08
5410,lead,2024-12-26
5410,contato,2025-01-07
5410,reuniao,2025-01-25
5410,proposta,2025-02-14
5410,perdido,2025-02-25
5411,lead,2025-10-05
5411,contato,2025-10-15
5411,perdido,2025-10-23
5412,lead,2025-08-25
5412,contato,2025-08-27
5412,reuniao,2025-09-06
5412,perdido,2025-09-29
5413,lead,2024-12-19
5413,contato,2024-12-21
5413,reuniao,2025-01-01
5413,proposta,2025-01-11
5413,perdido,2025-01-23
5414,lead,2025-04-14
5414,contato,2025-04-27
5414,reuniao,2025-05-13
5414,perdido,2025-06-07
5415,lead,2025-03-28
5415,contato,2025-04-19
5415,reuniao,2025-05-31
5415,proposta,2025-06-03
5415,perdido,2025-06-11
5416,lead,2024-02-23
5416,perdido,2024-03-15
5417,lead,2024-10-28
5417,contato,2024-10-30
5417,perdido,2024-11-11
5418,lead,2024-11-09
5418,contato,2024-11-15
5418,reuniao,2024-11-26
5418,proposta,2024-12-01
5418,perdido,2024-12-21
5419,lead,2025-10-08
5419,contato,2025-10-17
5419,reuniao,2025-11-04
5419,proposta,2025-11-12
5419,perdido,2025-11-29
5420,lead,2025-09-30
5420,contato,2025-10-17
5420,reuniao,2025-09-29
5420,proposta,2025-11-11
5420,perdido,2025-12-06
5421,lead,2024-02-02
5421,contato,2024-02-21
5421,reuniao,2024-02-27
5421,perdido,2024-03-13
5422,lead,2025-08-31
5422,perdido,2025-09-10
5423,lead,2025-03-07
5423,contato,2025-03-14
5423,reuniao,2025-03-16
5423,proposta,2025-03-27
5423,perdido,2025-04-17
5424,lead,2024-01-10
5424,contato,2024-02-09
5424,reuniao,2024-02-07
5424,proposta,2024-03-11
5424,perdido,2024-04-07
5425,lead,2024-09-26
5425,perdido,2024-10-25
5426,lead,2025-10-02
5426,contato,2025-10-14
5426,reuniao,2025-10-21
5426,perdido,2025-11-05
5427,lead,2024-09-09
5427,perdido,2024-09-26
5428,lead,2025-04-21
5428,contato,2025-05-02
5428,perdido,2025-05-12
5429,lead,2025-02-06
5429,contato,2025-02-26
5429,perdido,2025-03-24
5430,lead,2025-02-21
5430,contato,2025-03-02
5430,reuniao,2025-03-16
5430,perdido,2025-04-03
5431,lead,2024-12-13
5431,contato,2024-12-21
5431,perdido,2024-12-29
5432,lead,2024-12-15
5432,contato,2024-12-23
5432,perdido,2025-01-16
5433,lead,2025-10-12
5433,perdido,2025-10-29
5434,lead,2024-10-20
5434,contato,2024-10-25
5434,reuniao,2024-11-02
5434,proposta,2024-11-13
5434,perdido,2024-12-06
5435,lead,2024-05-01
5435,contato,2024-05-08
5435,reuniao,2024-05-22
5435,proposta,2024-06-10
5435,perdido,2024-07-09
5436,lead,2024-10-24
5436,contato,2024-10-28
5436,reuniao,2024-11-01
5436,proposta,2024-11-03
5436,perdido,2024-11-25
5437,lead,2025-06-01
5437,perdido,2025-06-15
5438,lead,2024-12-08
5438,contato,2024-12-14
5438,reuniao,2024-12-21
5438,proposta,2024-12-30
5438,perdido,2025-01-05
5439,lead,2025-05-31
5439,contato,2025-06-15
5439,reuniao,2025-06-21
5439,proposta,2025-07-12
5439,perdido,2025-07-22
5440,lead,2024-06-06
5440,contato,2024-07-02
5440,reuniao,2024-07-17
5440,perdido,2024-08-07
5441,lead,2025-02-17
5441,contato,2025-02-28
5441,reuniao,2025-03-06
5441,proposta,2025-03-12
5441,fechado,2025-04-05
5442,lead,2025-09-14
5442,contato,2025-10-14
5442,reuniao,2025-10-21
5442,perdido,2025-11-19
5443,lead,2025-01-17
5443,contato,2025-01-30
5443,perdido,2025-02-06
5444,lead,2025-03-24
5444,perdido,2025-04-01
5445,lead,2025-04-23
5445,contato,2025-04-25
5445,perdido,2025-05-12
5446,lead,2025-06-07
5446,contato,2025-06-20
5446,reuniao,2025-07-04
5446,proposta,2025-07-13
5446,fechado,2025-07-26
5447,lead,2024-09-03
5447,contato,2024-09-05
5447,perdido,2024-09-09
5448,lead,2025-03-17
5448,contato,2025-03-20
5448,reuniao,2025-03-31
5448,proposta,2025-04-02
5448,perdido,2025-04-18
5449,lead,2024-10-21
5449,contato,2024-10-27
5449,reuniao,2024-10-31
5449,proposta,2024-11-11
5449,perdido,2024-12-11
5450,lead,2024-10-03
5450,contato,2024-10-10
5450,perdido,2024-10-28
5451,lead,2024-12-08
5451,contato,2024-12-13
5451,reuniao,2024-12-16
5451,proposta,2024-12-18
5451,fechado,2024-12-29
5452,lead,2024-10-15
5452,perdido,2024-10-24
5453,lead,2024-01-15
5453,perdido,2024-02-02
5454,lead,2025-06-08
5454,perdido,2025-06-26
5455,lead,2025-02-18
5455,contato,2025-02-24
5455,perdido,2025-03-12
5456,lead,2024-03-24
5456,contato,2024-03-29
5456,reuniao,2024-03-30
5456,perdido,2024-04-22
5457,lead,2024-06-23
5457,contato,2024-07-02
5457,reuniao,2024-06-20
5457,perdido,2024-08-04
5458,lead,2025-03-06
5458,contato,2025-03-10
5458,perdido,2025-03-29
5459,lead,2025-01-10
5459,perdido,2025-01-30
5460,lead,2025-05-25
5460,contato,2025-06-11
5460,perdido,2025-07-09
5461,lead,2024-12-21
5461,contato,2024-12-27
5461,reuniao,2025-01-03
5461,proposta,2025-01-11
5461,perdido,2025-01-22
5462,lead,2025-08-31
5462,contato,2025-09-09
5462,reuniao,2025-09-20
5462,perdido,2025-10-17
5463,lead,2024-02-14
5463,contato,2024-02-18
5463,reuniao,2024-03-02
5463,proposta,2024-03-16
5463,perdido,2024-04-02
5464,lead,2025-03-08
5464,contato,2025-03-22
5464,reuniao,2025-03-25
5464,proposta,2025-04-02
5464,perdido,2025-04-15
5465,lead,2024-09-19
5465,contato,2024-09-24
5465,perdido,2024-10-02
5466,lead,2024-07-30
5466,contato,2024-08-07
5466,reuniao,2024-08-14
5466,proposta,2024-08-21
5466,fechado,2024-08-25
5467,lead,2025-11-12
5467,contato,2025-11-22
5467,reuniao,2025-11-26
5467,proposta,2025-12-03
5467,fechado,2025-12-06
5468,lead,2025-09-14
5468,perdido,2025-09-28
5469,lead,2024-04-25
5469,contato,2024-05-02
5469,reuniao,2024-05-08
5469,perdido,2024-05-12
5470,lead,2024-02-02
5470,contato,2024-02-15
5470,perdido,2024-03-06
5471,lead,2025-09-16
5471,contato,2025-09-26
5471,perdido,2025-10-24
5472,lead,2024-04-15
5472,contato,2024-04-17
5472,reuniao,2024-04-19
5472,proposta,2024-05-02
5472,perdido,2024-05-20
5473,lead,2025-10-31
5473,perdido,2025-11-25
5474,lead,2024-07-06
5474,contato,2024-07-15
5474,perdido,2024-07-29
5475,lead,2024-10-18
5475,contato,2024-10-24
5475,perdido,2024-11-09
5476,lead,2024-01-26
5476,contato,2024-02-02
5476,reuniao,2024-02-16
5476,proposta,2024-02-29
5476,perdido,2024-03-20
5477,lead,2025-01-21
5477,contato,2025-01-23
5477,reuniao,2025-01-30
5477,proposta,2025-02-17
5477,perdido,2025-03-12
5478,lead,2024-04-29
5478,contato,2024-05-02
5478,perdido,2024-05-26
5479,lead,2024-11-01
5479,perdido,2024-11-17
5480,lead,2025-10-24
5480,contato,2025-11-08
5480,reuniao,2025-11-24
5480,proposta,2025-11-30
5480,perdido,2025-12-10
5481,lead,2024-06-16
5481,contato,2024-06-22
5481,perdido,2024-06-28
5482,lead,2025-03-22
5482,contato,2025-04-07
5482,reuniao,2025-04-15
5482,proposta,2025-04-18
5482,perdido,2025-04-27
5483,lead,2024-05-09
5483,perdido,2024-06-04
5484,lead,2025-03-06
5484,perdido,2025-03-17
5485,lead,2024-07-16
5485,perdido,2024-07-27
5486,lead,2025-04-25
5486,contato,2025-05-08
5486,reuniao,2025-05-14
5486,proposta,2025-05-26
5486,perdido,2025-06-14
5487,lead,2025-07-02
5487,contato,2025-07-15
5487,perdido,2025-08-04
5488,lead,2025-09-26
5488,perdido,2025-10-07
5489,lead,2025-10-24
5489,perdido,2025-11-05
5490,lead,2024-06-07
5490,contato,2024-06-15
5490,perdido,2024-07-04
5491,lead,2024-03-18
5491,contato,2024-03-23
5491,perdido,2024-03-27
5492,lead,2024-01-28
5492,contato,2024-02-12
5492,reuniao,2024-02-28
5492,proposta,2024-03-09
5492,perdido,2024-03-25
5493,lead,2025-05-23
5493,contato,2025-05-30
5493,reuniao,2025-06-10
5493,perdido,2025-06-26
5494,lead,2024-04-28
5494,perdido,2024-05-22
5495,lead,2025-07-26
5495,contato,2025-08-08
5495,reuniao,2025-08-15
5495,proposta,2025-08-27
5495,perdido,2025-09-11
5496,lead,2025-11-30
5496,contato,2025-12-09
5496,reuniao,2025-12-11
5496,perdido,2025-12-26
5497,lead,2024-03-30
5497,contato,2024-04-06
5497,perdido,2024-04-30
5498,lead,2024-07-11
5498,contato,2024-07-17
5498,reuniao,2024-07-26
5498,proposta,2024-08-16
5498,perdido,2024-08-22
5499,lead,2025-01-14
5499,contato,2025-01-23
5499,perdido,2025-02-02
5500,lead,2024-11-01
5500,contato,2024-11-02
5500,perdido,2024-11-16
5501,lead,2024-10-29
5501,perdido,2024-11-07
5502,lead,2024-05-20
5502,contato,2024-06-01
5502,reuniao,2024-06-04
5502,proposta,2024-05-22
5502,fechado,2024-06-16
5503,lead,2025-10-02
5503,perdido,2025-10-19
5504,lead,2025-04-25
5504,perdido,2025-04-29
5505,lead,2024-04-04
5505,contato,2024-04-12
5505,reuniao,2024-04-23
5505,proposta,2024-04-25
5505,perdido,2024-05-03
5506,lead,2024-01-03
5506,perdido,2024-01-30
5507,lead,2025-06-25
5507,contato,2025-07-03
5507,reuniao,2025-07-13
5507,perdido,2025-08-07
5508,lead,2024-01-09
5508,perdido,2024-01-15
5509,lead,2025-09-26
5509,perdido,2025-10-06
5510,lead,2025-01-17
5510,contato,2025-01-19
5510,perdido,2025-02-11
5511,lead,2025-11-01
5511,contato,2025-11-12
5511,reuniao,2025-11-16
5511,perdido,2025-12-16
5512,lead,2025-07-03
5512,contato,2025-07-10
5512,reuniao,2025-07-19
5512,proposta,2025-08-07
5512,perdido,2025-09-02
5513,lead,2025-10-06
5513,contato,2025-10-10
5513,reuniao,2025-10-27
5513,proposta,2025-11-02
5513,fechado,2025-11-12
5514,lead,2025-06-10
5514,contato,2025-06-14
5514,reuniao,2025-06-17
5514,perdido,2025-07-14
5515,lead,2025-02-13
5515,contato,2025-02-16
5515,reuniao,2025-02-18
5515,proposta,2025-02-23
5515,perdido,2025-03-13
5516,lead,2024-04-18
5516,contato,2024-04-22
5516,perdido,2024-04-26
5517,lead,2025-05-28
5517,perdido,2025-06-05
5518,lead,2025-02-23
5518,contato,2025-03-02
5518,perdido,2025-03-28
5519,lead,2024-11-21
5519,perdido,2024-12-04
5520,lead,2025-02-02
5520,contato,2025-02-13
5520,perdido,2025-02-27
5521,lead,2024-05-31
5521,contato,2024-06-01
5521,reuniao,2024-06-10
5521,perdido,2024-06-30
5522,lead,2024-10-13
5522,perdido,2024-11-05
5523,lead,2024-03-15
5523,perdido,2024-04-06
5524,lead,2024-10-17
5524,perdido,2024-11-16
5525,lead,2024-12-01
5525,contato,2024-12-09
5525,reuniao,2024-12-16
5525,proposta,2024-12-31
5525,perdido,2025-01-04
5526,lead,2025-09-09
5526,contato,2025-10-03
5526,reuniao,2025-10-07
5526,proposta,2025-09-19
5526,perdido,2025-10-25
5527,lead,2025-01-15
5527,contato,2025-01-17
5527,reuniao,2025-01-21
5527,perdido,2025-01-26
5528,lead,2025-10-17
5528,perdido,2025-11-08
5529,lead,2025-12-02
5529,contato,2025-12-09
5529,perdido,2025-12-18
5530,lead,2024-01-28
5530,contato,2024-02-24
5530,reuniao,2024-03-08
5530,perdido,2024-03-24
5531,lead,2025-02-26
5531,contato,2025-03-03
5531,reuniao,2025-03-20
5531,perdido,2025-03-25
5532,lead,2024-07-24
5532,contato,2024-07-26
5532,reuniao,2024-07-31
5532,proposta,2024-08-05
5532,perdido,2024-08-16
5533,lead,2025-09-05
5533,contato,2025-09-07
5533,reuniao,2025-09-09
5533,proposta,2025-09-23
5533,perdido,2025-09-30
5534,lead,2024-12-25
5534,perdido,2025-01-16
5535,lead,2024-02-14
5535,perdido,2024-03-03
5536,lead,2024-05-18
5536,contato,2024-05-21
5536,reuniao,2024-05-28
5536,proposta,2024-06-01
5536,fechado,2024-06-02
5537,lead,2025-04-19
5537,contato,2025-04-24
5537,reuniao,2025-04-30
5537,proposta,2025-05-05
5537,perdido,2025-06-02
5538,lead,2024-02-15
5538,contato,2024-02-18
5538,perdido,2024-03-06
5539,lead,2024-09-24
5539,contato,2024-09-29
5539,reuniao,2024-10-17
5539,perdido,2024-11-02
5540,lead,2025-09-20
5540,perdido,2025-10-10
5541,lead,2024-01-17
5541,contato,2024-01-30
5541,perdido,2024-02-04
5542,lead,2025-05-05
5542,contato,2025-05-10
5542,reuniao,2025-05-25
5542,perdido,2025-06-24
5543,lead,2025-04-20
5543,contato,2025-04-25
5543,reuniao,2025-05-05
5543,proposta,2025-05-10
5543,perdido,2025-06-03
5544,lead,2024-08-11
5544,contato,2024-08-25
5544,perdido,2024-09-05
5545,lead,2024-03-07
5545,contato,2024-03-25
5545,reuniao,2024-04-01
5545,proposta,2024-04-02
5545,fechado,2024-04-24
5546,lead,2024-02-29
5546,contato,2024-03-08
5546,perdido,2024-03-11
5547,lead,2025-12-03
5547,contato,2025-12-13
5547,reuniao,2025-12-24
5548,lead,2025-04-21
5548,contato,2025-05-01
5548,perdido,2025-05-10
5549,lead,2024-09-22
5549,contato,2024-10-10
5549,reuniao,2024-10-19
5549,perdido,2024-10-29
5550,lead,2025-08-22
5550,contato,2025-08-29
5550,reuniao,2025-09-03
5550,perdido,2025-09-17
5551,lead,2024-03-01
5551,contato,2024-03-04
5551,reuniao,2024-03-07
5551,perdido,2024-04-06
5552,lead,2024-03-17
5552,perdido,2024-04-07
5553,lead,2024-05-06
5553,contato,2024-05-09
5553,reuniao,2024-05-17
5553,perdido,2024-06-10
5554,lead,2025-06-26
5554,perdido,2025-07-12
5555,lead,2024-10-16
5555,contato,2024-10-28
5555,reuniao,2024-10-30
5555,proposta,2024-11-13
5555,fechado,2024-11-18
5556,lead,2025-03-27
5556,contato,2025-04-05
5556,reuniao,2025-04-16
5556,proposta,2025-04-22
5556,perdido,2025-05-04
5557,lead,2024-05-31
5557,contato,2024-06-08
5557,reuniao,2024-06-14
5557,proposta,2024-06-18
5557,perdido,2024-06-26
5558,lead,2025-07-07
5558,contato,2025-07-09
5558,perdido,2025-07-22
5559,lead,2025-07-27
5559,contato,2025-07-28
5559,perdido,2025-08-07
5560,lead,2024-10-19
5560,perdido,2024-11-12
5561,lead,2024-05-14
5561,contato,2024-05-29
5561,perdido,2024-06-06
5562,lead,2025-03-19
5562,contato,2025-04-02
5562,perdido,2025-04-21
5563,lead,2024-06-19
5563,contato,2024-06-30
5563,reuniao,2024-07-13
5563,proposta,2024-07-15
5563,perdido,2024-07-28
5564,lead,2024-03-31
5564,contato,2024-04-08
5564,reuniao,2024-04-14
5564,proposta,2024-04-17
5564,perdido,2024-05-08
5565,lead,2025-03-10
5565,contato,2025-03-16
5565,perdido,2025-04-05
5566,lead,2025-01-07
5566,contato,2025-01-11
5566,reuniao,2025-01-25
5566,proposta,2025-02-09
5566,perdido,2025-02-15
5567,lead,2025-07-12
5567,perdido,2025-07-22
5568,lead,2024-07-19
5568,contato,2024-07-29
5568,reuniao,2024-08-06
5568,proposta,2024-08-11
5568,fechado,2024-08-21
5569,lead,2024-05-26
5569,contato,2024-06-01
5569,reuniao,2024-06-10
5569,proposta,2024-06-18
5569,perdido,2024-07-04
5570,lead,2025-03-26
5570,contato,2025-03-27
5570,perdido,2025-04-04
5571,lead,2025-05-09
5571,contato,2025-05-18
5571,reuniao,2025-05-29
5571,proposta,2025-06-06
5571,perdido,2025-07-02
5572,lead,2024-10-19
5572,perdido,2024-11-07
5573,lead,2024-11-11
5573,contato,2024-11-17
5573,reuniao,2024-11-20
5573,proposta,2024-11-29
5573,perdido,2024-12-25
5574,lead,2024-03-14
5574,contato,2024-03-25
5574,perdido,2024-04-08
5575,lead,2024-12-03
5575,perdido,2024-12-07
5576,lead,2025-11-27
5576,perdido,2025-12-01
5577,lead,2024-03-08
5577,contato,2024-03-13
5577,reuniao,2024-03-22
5577,perdido,2024-04-08
5578,lead,2025-02-08
5578,perdido,2025-02-16
5579,lead,2024-01-11
5579,contato,2024-02-06
5579,perdido,2024-03-04
5580,lead,2024-08-14
5580,contato,2024-08-22
5580,reuniao,2024-09-01
5580,proposta,2024-09-02
5580,perdido,2024-09-23
5581,lead,2025-06-24
5581,contato,2025-07-10
5581,perdido,2025-07-18
5582,lead,2025-02-07
5582,contato,2025-02-14
5582,reuniao,2025-02-21
5582,perdido,2025-03-06
5583,lead,2024-02-16
5583,contato,2024-02-29
5583,reuniao,2024-03-03
5583,perdido,2024-03-24
5584,lead,2024-11-18
5584,contato,2024-12-04
5584,perdido,2024-12-19
5585,lead,2024-02-15
5585,contato,2024-02-27
5585,reuniao,2024-03-24
5585,proposta,2024-04-11
5585,perdido,2024-05-07
5586,lead,2024-09-20
5586,contato,2024-09-29
5586,reuniao,2024-10-02
5586,proposta,2024-10-10
5586,fechado,2024-10-19
5587,lead,2025-06-30
5587,perdido,2025-07-03
5588,lead,2024-06-21
5588,contato,2024-07-03
5588,reuniao,2024-07-11
5588,proposta,2024-07-16
5588,perdido,2024-08-06
5589,lead,2024-11-20
5589,contato,2024-11-23
5589,perdido,2024-12-22
5590,lead,2024-12-31
5590,perdido,2025-01-29
5591,lead,2025-09-06
5591,perdido,2025-09-25
5592,lead,2024-03-13
5592,perdido,2024-04-01
5593,lead,2025-01-28
5593,contato,2025-02-09
5593,perdido,2025-02-20
5594,lead,2024-01-18
5594,contato,2024-01-23
5594,reuniao,2024-02-07
5594,proposta,2024-02-21
5594,perdido,2024-03-03
5595,lead,2024-02-24
5595,perdido,2024-03-25
5596,lead,2024-05-23
5596,contato,2024-05-27
5596,reuniao,2024-05-31
5596,perdido,2024-06-12
5597,lead,2025-05-22
5597,contato,2025-06-02
5597,reuniao,2025-06-06
5597,perdido,2025-06-10
5598,lead,2024-01-24
5598,contato,2024-01-26
5598,reuniao,2024-01-30
5598,perdido,2024-02-08
5599,lead,2025-11-13
5599,contato,2025-11-18
5599,perdido,2025-12-10
5600,lead,2024-10-30
5600,perdido,2024-11-28
5601,lead,2025-02-12
5601,contato,2025-02-25
5601,reuniao,2025-03-11
5601,perdido,2025-03-23
5602,lead,2025-12-28
5603,lead,2024-09-19
5603,contato,2024-09-29
5603,reuniao,2024-10-25
5603,proposta,2024-10-30
5603,perdido,2024-11-03
5604,lead,2024-12-29
5604,contato,2025-01-01
5604,reuniao,2025-01-30
5604,proposta,2025-02-10
5604,perdido,2025-02-17
5605,lead,2024-02-02
5605,contato,2024-02-06
5605,perdido,2024-02-25
5606,lead,2025-02-10
5606,contato,2025-02-11
5606,reuniao,2025-02-16
5606,proposta,2025-02-22
5606,perdido,2025-03-04
5607,lead,2024-05-15
5607,contato,2024-05-20
5607,reuniao,2024-06-12
5607,perdido,2024-06-30
5608,lead,2024-01-09
5608,contato,2024-01-22
5608,perdido,2024-02-14
5609,lead,2025-04-26
5609,perdido,2025-05-07
5610,lead,2024-03-30
5610,perdido,2024-04-06
5611,lead,2024-02-28
5611,perdido,2024-03-22
5612,lead,2024-05-28
5612,contato,2024-06-06
5612,reuniao,2024-06-15
5612,proposta,2024-06-24
5612,perdido,2024-07-10
5613,lead,2024-03-24
5613,contato,2024-03-26
5613,reuniao,2024-03-30
5613,proposta,2024-04-18
5613,perdido,2024-05-02
5614,lead,2025-03-14
5614,contato,2025-03-26
5614,reuniao,2025-03-27
5614,proposta,2025-03-31
5614,perdido,2025-04-05
5615,lead,2024-06-28
5615,contato,2024-07-16
5615,reuniao,2024-07-18
5615,perdido,2024-08-01
5616,lead,2025-04-17
5616,contato,2025-05-05
5616,reuniao,2025-05-23
5616,proposta,2025-05-29
5616,perdido,2025-06-09
5617,lead,2025-01-26
5617,contato,2025-02-01
5617,reuniao,2025-02-13
5617,perdido,2025-03-02
5618,lead,2024-09-06
5618,contato,2024-10-07
5618,reuniao,2024-10-18
5618,perdido,2024-10-22
5619,lead,2024-05-03
5619,contato,2024-05-25
5619,reuniao,2024-06-04
5619,proposta,2024-06-11
5619,perdido,2024-06-17
5620,lead,2025-04-18
5620,contato,2025-04-19
5620,reuniao,2025-05-04
5620,perdido,2025-05-20
5621,lead,2025-01-14
5621,contato,2025-01-19
5621,reuniao,2025-01-27
5621,perdido,2025-02-15
5622,lead,2025-05-23
5622,contato,2025-06-15
5622,reuniao,2025-06-24
5622,proposta,2025-07-03
5622,perdido,2025-07-29
5623,lead,2025-01-03
5623,contato,2025-01-12
5623,reuniao,2025-01-19
5623,proposta,2025-01-29
5623,fechado,2025-02-09
5624,lead,2025-07-27
5624,contato,2025-08-12
5624,perdido,2025-08-25
5625,lead,2025-01-28
5625,perdido,2025-02-16
5626,lead,2025-08-05
5626,contato,2025-08-16
5626,reuniao,2025-08-28
5626,proposta,2025-08-31
5626,perdido,2025-09-13
5627,lead,2025-01-28
5627,contato,2025-02-11
5627,reuniao,2025-02-12
5627,perdido,2025-02-27
5628,lead,2025-11-27
5628,contato,2025-12-28
5629,lead,2025-09-06
5629,contato,2025-09-15
5629,reuniao,2025-10-01
5629,proposta,2025-10-07
5629,perdido,2025-11-06
5630,lead,2024-06-18
5630,contato,2024-07-06
5630,reuniao,2024-07-12
5630,proposta,2024-07-24
5630,fechado,2024-08-15
5631,lead,2025-05-29
5631,perdido,2025-06-28
5632,lead,2024-03-20
5632,perdido,2024-04-16
5633,lead,2025-10-18
5633,contato,2025-11-03
5633,reuniao,2025-11-11
5633,perdido,2025-11-14
5634,lead,2024-08-31
5634,contato,2024-09-21
5634,perdido,2024-10-08
5635,lead,2024-12-10
5635,contato,2024-12-18
5635,perdido,2024-12-30
5636,lead,2024-01-12
5636,contato,2024-01-30
5636,reuniao,2024-02-05
5636,proposta,2024-02-12
5636,perdido,2024-03-07
5637,lead,2025-09-17
5637,contato,2025-09-23
5637,reuniao,2025-10-06
5637,proposta,2025-10-15
5637,perdido,2025-11-04
5638,lead,2025-11-16
5638,contato,2025-12-15
5638,perdido,2025-12-21
5639,lead,2024-12-04
5639,contato,2024-12-05
5639,perdido,2024-12-30
5640,lead,2024-04-29
5640,perdido,2024-05-11
5641,lead,2025-05-03
5641,perdido,2025-06-01
5642,lead,2024-07-22
5642,contato,2024-08-05
5642,reuniao,2024-08-22
5642,proposta,2024-10-03
5642,perdido,2024-10-09
5643,lead,2025-11-26
5643,perdido,2025-12-16
5644,lead,2024-08-03
5644,contato,2024-08-17
5644,perdido,2024-09-16
5645,lead,2025-02-13
5645,contato,2025-02-22
5645,reuniao,2025-03-03
5645,perdido,2025-03-21
5646,lead,2024-01-28
5646,contato,2024-01-31
5646,reuniao,2024-02-08
5646,proposta,2024-02-27
5646,perdido,2024-03-25
5647,lead,2025-12-22
5648,lead,2025-02-13
5648,contato,2025-02-23
5648,reuniao,2025-03-03
5648,proposta,2025-03-22
5648,perdido,2025-03-30
5649,lead,2025-12-09
5649,contato,2025-12-23
5650,lead,2024-07-25
5650,contato,2024-08-02
5650,reuniao,2024-08-03
5650,perdido,2024-08-23
5651,lead,2025-01-15
5651,contato,2025-02-12
5651,reuniao,2025-02-17
5651,proposta,2025-02-23
5651,perdido,2025-03-03
5652,lead,2024-01-11
5652,contato,2024-01-19
5652,perdido,2024-02-10
5653,lead,2025-07-02
5653,contato,2025-07-18
5653,reuniao,2025-08-08
5653,proposta,2025-08-16
5653,fechado,2025-09-04
5654,lead,2024-04-13
5654,contato,2024-05-01
5654,reuniao,2024-05-06
5654,perdido,2024-05-16
5655,lead,2024-10-28
5655,contato,2024-11-02
5655,perdido,2024-11-10
5656,lead,2025-04-16
5656,perdido,2025-05-05
5657,lead,2024-02-17
5657,contato,2024-03-15
5657,perdido,2024-04-10
5658,lead,2025-07-12
5658,perdido,2025-08-04
5659,lead,2025-07-30
5659,perdido,2025-08-02
5660,lead,2025-01-18
5660,perdido,2025-02-03
5661,lead,2025-03-02
5661,contato,2025-03-07
5661,perdido,2025-03-24
5662,lead,2024-02-24
5662,perdido,2024-03-10
5663,lead,2024-11-16
5663,perdido,2024-12-07
5664,lead,2025-08-28
5664,contato,2025-09-03
5664,perdido,2025-09-16
5665,lead,2024-02-21
5665,contato,2024-03-11
5665,reuniao,2024-03-28
5665,perdido,2024-04-09
5666,lead,2025-12-21
5667,lead,2024-12-18
5667,contato,2024-12-20
5667,reuniao,2024-12-23
5667,proposta,2025-01-02
5667,perdido,2025-01-19
5668,lead,2024-01-08
5668,perdido,2024-01-26
5669,lead,2024-08-26
5669,contato,2024-09-04
5669,reuniao,2024-09-23
5669,proposta,2024-09-27
5669,perdido,2024-10-01
5670,lead,2024-12-31
5670,perdido,2025-01-15
5671,lead,2025-11-25
5671,contato,2025-12-09
5671,reuniao,2025-12-22
5672,lead,2025-05-12
5672,contato,2025-05-25
5672,perdido,2025-06-11
5673,lead,2025-02-16
5673,perdido,2025-03-18
5674,lead,2025-12-01
5674,contato,2025-12-18
5674,reuniao,2025-12-30
5675,lead,2024-07-21
5675,contato,2024-07-30
5675,perdido,2024-08-05
5676,lead,2024-09-25
5676,contato,2024-10-12
5676,reuniao,2024-10-25
5676,proposta,2024-11-04
5676,fechado,2024-11-10
5677,lead,2025-06-30
5677,contato,2025-07-12
5677,reuniao,2025-07-18
5677,proposta,2025-07-23
5677,perdido,2025-08-07
5678,lead,2025-02-24
5678,contato,2025-02-27
5678,perdido,2025-03-19
5679,lead,2024-05-21
5679,perdido,2024-06-06
5680,lead,2025-06-16
5680,contato,2025-06-20
5680,reuniao,2025-06-24
5680,proposta,2025-06-30
5680,perdido,2025-07-25
5681,lead,2024-06-28
5681,contato,2024-07-21
5681,reuniao,2024-07-24
5681,proposta,2024-07-26
5681,perdido,2024-08-03
5682,lead,2025-02-02
5682,contato,2025-02-14
5682,reuniao,2025-02-19
5682,proposta,2025-02-28
5682,perdido,2025-03-03
5683,lead,2025-09-08
5683,perdido,2025-09-24
5684,lead,2024-07-05
5684,contato,2024-07-16
5684,reuniao,2024-07-20
5684,perdido,2024-08-12
5685,lead,2025-06-24
5685,contato,2025-07-01
5685,reuniao,2025-07-02
5685,proposta,2025-07-19
5685,perdido,2025-08-13
5686,lead,2025-09-12
5686,contato,2025-09-25
5686,reuniao,2025-09-28
5686,perdido,2025-10-05
5687,lead,2024-08-08
5687,contato,2024-08-30
5687,reuniao,2024-09-10
5687,proposta,2024-09-14
5687,perdido,2024-10-03
5688,lead,2024-05-05
5688,contato,2024-05-26
5688,reuniao,2024-05-28
5688,proposta,2024-06-06
5688,perdido,2024-07-05
5689,lead,2025-09-15
5689,contato,2025-09-25
5689,reuniao,2025-10-07
5689,proposta,2025-10-14
5689,perdido,2025-10-31
5690,lead,2024-11-30
5690,contato,2024-12-04
5690,reuniao,2024-12-25
5690,perdido,2024-12-29
5691,lead,2024-08-03
5691,contato,2024-08-08
5691,reuniao,2024-08-25
5691,proposta,2024-09-06
5691,perdido,2024-09-24
5692,lead,2024-01-06
5692,perdido,2024-01-10
5693,lead,2024-05-03
5693,perdido,2024-05-30
5694,lead,2025-01-07
5694,contato,2025-01-14
5694,perdido,2025-02-03
5695,lead,2025-08-18
5695,contato,2025-09-05
5695,reuniao,2025-09-09
5695,perdido,2025-10-09
5696,lead,2025-01-01
5696,perdido,2025-01-23
5697,lead,2024-07-06
5697,perdido,2024-08-05
5698,lead,2025-11-01
5698,contato,2025-11-16
5698,reuniao,2025-11-18
5698,proposta,2025-11-29
5698,perdido,2025-12-03
5699,lead,2024-09-17
5699,contato,2024-09-20
5699,perdido,2024-09-29
5700,lead,2024-04-10
5700,perdido,2024-05-04
5701,lead,2025-11-14
5701,perdido,2025-12-03
5702,lead,2024-10-07
5702,contato,2024-10-14
5702,perdido,2024-10-30
5703,lead,2024-12-15
5703,contato,2024-12-28
5703,perdido,2025-01-12
5704,lead,2025-08-19
5704,contato,2025-08-20
5704,reuniao,2025-09-04
5704,proposta,2025-09-18
5704,perdido,2025-10-07
5705,lead,2024-07-15
5705,contato,2024-08-15
5705,reuniao,2024-08-29
5705,proposta,2024-09-16
5705,perdido,2024-10-08
5706,lead,2025-01-16
5706,contato,2025-02-07
5706,perdido,2025-02-24
5707,lead,2025-09-16
5707,contato,2025-09-22
5707,reuniao,2025-10-17
5707,proposta,2025-11-06
5707,perdido,2025-12-03
5708,lead,2024-06-19
5708,contato,2024-07-01
5708,reuniao,2024-07-21
5708,proposta,2024-08-04
5708,perdido,2024-08-24
5709,lead,2025-10-06
5709,contato,2025-10-18
5709,reuniao,2025-11-01
5709,proposta,2025-11-11
5709,perdido,2025-11-25
5710,lead,2024-05-01
5710,perdido,2024-05-25
5711,lead,2025-09-07
5711,contato,2025-09-24
5711,reuniao,2025-09-29
5711,proposta,2025-10-06
5711,perdido,2025-10-18
5712,lead,2024-10-05
5712,contato,2024-10-13
5712,reuniao,2024-10-24
5712,perdido,2024-11-16
5713,lead,2025-01-27
5713,contato,2025-02-11
5713,perdido,2025-02-16
5714,lead,2025-01-29
5714,contato,2025-02-08
5714,perdido,2025-02-12
5715,lead,2024-05-11
5715,contato,2024-05-14
5715,reuniao,2024-05-20
5715,proposta,2024-06-02
5715,perdido,2024-06-12
5716,lead,2024-04-18
5716,contato,2024-05-05
5716,reuniao,2024-05-09
5716,perdido,2024-05-29
5717,lead,2025-05-16
5717,contato,2025-06-03
5717,reuniao,2025-06-20
5717,proposta,2025-07-28
5717,fechado,2025-08-03
5718,lead,2025-08-15
5718,contato,2025-08-24
5718,reuniao,2025-08-26
5718,perdido,2025-09-02
5719,lead,2024-03-23
5719,contato,2024-03-27
5719,reuniao,2024-04-07
5719,proposta,2024-04-16
5719,perdido,2024-05-09
5720,lead,2025-06-16
5720,perdido,2025-07-15
5721,lead,2024-08-16
5721,perdido,2024-08-24
5722,lead,2025-02-24
5722,perdido,2025-02-27
5723,lead,2025-01-19
5723,perdido,2025-01-26
5724,lead,2025-06-10
5724,perdido,2025-06-24
5725,lead,2025-01-24
5725,perdido,2025-02-19
5726,lead,2024-02-24
5726,contato,2024-02-29
5726,perdido,2024-03-28
5727,lead,2024-07-08
5727,contato,2024-07-12
5727,reuniao,2024-07-18
5727,perdido,2024-08-03
5728,lead,2024-10-08
5728,contato,2024-10-12
5728,reuniao,2024-10-17
5728,perdido,2024-10-31
5729,lead,2025-02-10
5729,contato,2025-02-27
5729,perdido,2025-03-13
5730,lead,2024-04-15
5730,contato,2024-04-24
5730,reuniao,2024-05-03
5730,perdido,2024-05-27
5731,lead,2024-08-24
5731,perdido,2024-08-28
5732,lead,2024-02-05
5732,contato,2024-02-12
5732,perdido,2024-02-24
5733,lead,2024-08-12
5733,contato,2024-08-23
5733,reuniao,2024-09-06
5733,proposta,2024-09-10
5733,perdido,2024-10-04
5734,lead,2025-01-07
5734,perdido,2025-01-10
5735,lead,2025-11-06
5735,perdido,2025-11-28
5736,lead,2024-04-21
5736,perdido,2024-04-30
5737,lead,2024-01-16
5737,contato,2024-01-25
5737,perdido,2024-02-17
5738,lead,2024-09-23
5738,perdido,2024-10-14
5739,lead,2025-03-04
5739,contato,2025-03-23
5739,reuniao,2025-04-12
5739,proposta,2025-05-05
5739,fechado,2025-05-11
5740,lead,2025-03-04
5740,perdido,2025-03-22
5741,lead,2024-08-31
5741,perdido,2024-09-05
5742,lead,2024-01-22
5742,contato,2024-01-28
5742,reuniao,2024-03-11
5742,proposta,2024-04-10
5742,perdido,2024-04-27
5743,lead,2025-10-24
5743,contato,2025-11-02
5743,reuniao,2025-11-06
5743,proposta,2025-11-10
5743,perdido,2025-12-07
5744,lead,2025-01-01
5744,perdido,2025-01-23
5745,lead,2025-07-06
5745,perdido,2025-07-19
5746,lead,2024-10-07
5746,contato,2024-10-21
5746,reuniao,2024-10-30
5746,perdido,2024-11-28
5747,lead,2025-08-20
5747,contato,2025-08-21
5747,reuniao,2025-08-29
5747,proposta,2025-09-01
5747,perdido,2025-09-11
5748,lead,2025-07-13
5748,contato,2025-07-23
5748,perdido,2025-07-29
5749,lead,2024-02-25
5749,contato,2024-03-02
5749,perdido,2024-03-18
5750,lead,2024-01-29
5750,perdido,2024-02-19
5751,lead,2024-03-31
5751,contato,2024-04-07
5751,reuniao,2024-04-24
5751,proposta,2024-04-30
5751,perdido,2024-05-05
5752,lead,2025-08-13
5752,contato,2025-09-06
5752,perdido,2025-09-11
5753,lead,2024-06-30
5753,contato,2024-07-12
5753,reuniao,2024-07-29
5753,perdido,2024-08-22
5754,lead,2024-10-07
5754,contato,2024-10-09
5754,reuniao,2024-10-22
5754,proposta,2024-10-27
5754,perdido,2024-11-25
5755,lead,2025-02-14
5755,contato,2025-03-17
5755,reuniao,2025-03-23
5755,perdido,2025-04-12
5756,lead,2025-04-03
5756,contato,2025-04-15
5756,reuniao,2025-04-21
5756,perdido,2025-05-04
5757,lead,2024-10-29
5757,contato,2024-11-11
5757,perdido,2024-11-24
5758,lead,2024-11-16
5758,perdido,2024-11-27
5759,lead,2024-08-17
5759,contato,2024-09-08
5759,perdido,2024-09-29
5760,lead,2024-02-24
5760,contato,2024-02-25
5760,perdido,2024-03-06
5761,lead,2024-03-31
5761,contato,2024-04-06
5761,reuniao,2024-04-23
5761,proposta,2024-05-28
5761,perdido,2024-06-10
5762,lead,2025-10-03
5762,contato,2025-10-11
5762,perdido,2025-10-21
5763,lead,2025-12-09
5763,contato,2025-12-15
5763,reuniao,2025-12-24
5764,lead,2025-08-15
5764,perdido,2025-08-29
5765,lead,2024-07-30
5765,contato,2024-08-01
5765,reuniao,2024-08-27
5765,proposta,2024-09-04
5765,perdido,2024-09-09
5766,lead,2024-04-22
5766,perdido,2024-04-29
5767,lead,2025-01-05
5767,contato,2025-01-15
5767,reuniao,2025-01-28
5767,perdido,2025-02-05
5768,lead,2024-02-25
5768,contato,2024-03-30
5768,reuniao,2024-04-04
5768,proposta,2024-04-09
5768,perdido,2024-05-02
5769,lead,2025-10-21
5769,contato,2025-11-17
5769,perdido,2025-12-02
5770,lead,2025-06-30
5770,contato,2025-07-09
5770,perdido,2025-07-12
5771,lead,2025-12-07
5771,contato,2025-12-23
5772,lead,2025-09-08
5772,contato,2025-09-21
5772,perdido,2025-10-19
5773,lead,2024-10-16
5773,contato,2024-10-24
5773,reuniao,2024-10-26
5773,proposta,2024-10-30
5773,perdido,2024-11-14
5774,lead,2024-08-05
5774,contato,2024-08-22
5774,perdido,2024-08-25
5775,lead,2025-08-22
5775,contato,2025-08-28
5775,reuniao,2025-09-06
5775,proposta,2025-09-22
5775,perdido,2025-10-19
5776,lead,2025-02-20
5776,contato,2025-04-05
5776,reuniao,2025-04-09
5776,perdido,2025-04-24
5777,lead,2025-09-25
5777,contato,2025-10-02
5777,reuniao,2025-10-24
5777,proposta,2025-10-27
5777,perdido,2025-11-10
5778,lead,2024-08-14
5778,contato,2024-08-16
5778,perdido,2024-09-15
5779,lead,2025-01-26
5779,contato,2025-03-14
5779,perdido,2025-04-02
5780,lead,2024-11-27
5780,perdido,2024-12-23
5781,lead,2024-04-25
5781,contato,2024-05-05
5781,reuniao,2024-05-11
5781,perdido,2024-06-04
5782,lead,2025-01-23
5782,contato,2025-01-30
5782,reuniao,2025-02-18
5782,proposta,2025-03-05
5782,fechado,2025-03-13
5783,lead,2024-02-18
5783,contato,2024-02-20
5783,reuniao,2024-02-22
5783,perdido,2024-02-27
5784,lead,2024-09-21
5784,contato,2024-10-20
5784,perdido,2024-11-13
5785,lead,2025-01-19
5785,perdido,2025-02-04
5786,lead,2024-03-29
5786,contato,2024-04-01
5786,perdido,2024-04-21
5787,lead,2025-06-18
5787,perdido,2025-07-14
5788,lead,2024-05-01
5788,perdido,2024-05-14
5789,lead,2025-05-29
5789,contato,2025-06-15
5789,perdido,2025-07-01
5790,lead,2024-01-14
5790,contato,2024-01-21
5790,reuniao,2024-01-31
5790,proposta,2024-02-04
5790,perdido,2024-02-08
5791,lead,2025-04-30
5791,contato,2025-05-04
5791,reuniao,2025-05-11
5791,proposta,2025-05-18
5791,perdido,2025-06-07
5792,lead,2024-10-10
5792,perdido,2024-10-28
5793,lead,2025-07-17
5793,contato,2025-07-26
5793,reuniao,2025-08-07
5793,proposta,2025-08-23
5793,perdido,2025-09-20
5794,lead,2025-02-04
5794,contato,2025-02-14
5794,perdido,2025-02-17
5795,lead,2024-09-25
5795,contato,2024-10-11
5795,reuniao,2024-10-21
5795,proposta,2024-10-30
5795,perdido,2024-11-18
5796,lead,2025-04-12
5796,contato,2025-04-19
5796,perdido,2025-05-05
5797,lead,2024-10-01
5797,contato,2024-10-06
5797,reuniao,2024-09-20
5797,proposta,2024-10-23
5797,perdido,2024-11-18
5798,lead,2024-09-08
5798,contato,2024-09-21
5798,reuniao,2024-09-28
5798,perdido,2024-10-25
5799,lead,2024-10-28
5799,contato,2024-11-10
5799,reuniao,2024-11-16
5799,perdido,2024-12-16
5800,lead,2025-05-16
5800,perdido,2025-05-28
5801,lead,2025-03-09
5801,contato,2025-03-16
5801,reuniao,2025-03-29
5801,perdido,2025-04-21
5802,lead,2025-10-22
5802,perdido,2025-10-26
5803,lead,2024-01-01
5803,contato,2024-01-03
5803,reuniao,2024-01-12
5803,perdido,2024-01-18
5804,lead,2024-04-09
5804,perdido,2024-04-30
5805,lead,2024-12-25
5805,contato,2025-01-06
5805,reuniao,2025-01-08
5805,proposta,2025-01-27
5805,perdido,2025-02-23
5806,lead,2025-04-16
5806,perdido,2025-05-09
5807,lead,2024-02-21
5807,contato,2024-03-03
5807,perdido,2024-03-14
5808,lead,2024-07-20
5808,contato,2024-07-26
5808,perdido,2024-08-12
5809,lead,2025-12-21
5810,lead,2024-08-16
5810,perdido,2024-08-25
5811,lead,2024-09-25
5811,contato,2024-09-28
5811,reuniao,2024-10-02
5811,perdido,2024-10-26
5812,lead,2024-06-05
5812,perdido,2024-06-09
5813,lead,2024-01-10
5813,perdido,2024-01-13
5814,lead,2024-07-13
5814,contato,2024-07-26
5814,perdido,2024-08-23
5815,lead,2024-04-09
5815,contato,2024-04-25
5815,reuniao,2024-04-27
5815,proposta,2024-05-18
5815,perdido,2024-06-02
5816,lead,2024-09-26
5816,perdido,2024-10-06
5817,lead,2024-05-31
5817,contato,2024-06-22
5817,reuniao,2024-07-20
5817,proposta,2024-08-01
5817,perdido,2024-08-21
5818,lead,2024-10-12
5818,contato,2024-10-19
5818,perdido,2024-10-23
5819,lead,2024-06-30
5819,contato,2024-07-07
5819,reuniao,2024-07-26
5819,proposta,2024-07-29
5819,perdido,2024-08-03
5820,lead,2025-10-22
5820,contato,2025-11-07
5820,reuniao,2025-11-08
5820,proposta,2025-11-13
5820,perdido,2025-12-08
5821,lead,2024-07-18
5821,perdido,2024-07-25
5822,lead,2024-04-29
5822,contato,2024-05-02
5822,reuniao,2024-05-15
5822,proposta,2024-05-21
5822,perdido,2024-06-15
5823,lead,2025-06-25
5823,contato,2025-07-06
5823,reuniao,2025-07-10
5823,proposta,2025-07-31
5823,perdido,2025-08-26
5824,lead,2025-08-04
5824,contato,2025-08-13
5824,reuniao,2025-08-18
5824,perdido,2025-09-04
5825,lead,2025-02-05
5825,perdido,2025-02-24
5826,lead,2024-08-30
5826,contato,2024-09-08
5826,reuniao,2024-09-14
5826,proposta,2024-10-08
5826,perdido,2024-10-17
5827,lead,2025-08-22
5827,perdido,2025-08-30
5828,lead,2025-04-16
5828,contato,2025-04-22
5828,reuniao,2025-05-03
5828,proposta,2025-05-21
5828,perdido,2025-06-11
5829,lead,2024-09-26
5829,contato,2024-09-30
5829,reuniao,2024-10-22
5829,proposta,2024-10-24
5829,perdido,2024-11-02
5830,lead,2024-10-04
5830,contato,2024-10-25
5830,reuniao,2024-10-27
5830,proposta,2024-11-06
5830,perdido,2024-11-28
5831,lead,2024-01-02
5831,contato,2024-01-13
5831,perdido,2024-02-03
5832,lead,2024-02-02
5832,contato,2024-02-16
5832,reuniao,2024-01-30
5832,perdido,2024-03-04
5833,lead,2024-03-22
5833,contato,2024-03-25
5833,reuniao,2024-04-01
5833,perdido,2024-04-13
5834,lead,2024-06-12
5834,contato,2024-06-27
5834,reuniao,2024-07-09
5834,perdido,2024-08-08
5835,lead,2025-10-29
5835,contato,2025-10-31
5835,perdido,2025-11-15
5836,lead,2025-08-12
5836,contato,2025-08-18
5836,reuniao,2025-08-30
5836,proposta,2025-09-03
5836,perdido,2025-09-14
5837,lead,2024-01-23
5837,contato,2024-02-13
5837,reuniao,2024-02-26
5837,perdido,2024-03-20
5838,lead,2024-01-09
5838,perdido,2024-01-20
5839,lead,2025-02-19
5839,perdido,2025-02-25
5840,lead,2024-09-22
5840,contato,2024-10-03
5840,reuniao,2024-10-06
5840,proposta,2024-10-19
5840,perdido,2024-11-07
5841,lead,2025-07-27
5841,contato,2025-08-01
5841,reuniao,2025-08-07
5841,perdido,2025-08-19
5842,lead,2025-12-07
5842,contato,2025-12-14
5843,lead,2024-12-26
5843,perdido,2025-01-10
5844,lead,2024-04-21
5844,contato,2024-05-08
5844,reuniao,2024-05-18
5844,perdido,2024-05-22
5845,lead,2025-10-05
5845,perdido,2025-10-25
5846,lead,2024-10-26
5846,contato,2024-11-11
5846,perdido,2024-11-24
5847,lead,2024-10-22
5847,perdido,2024-11-04
5848,lead,2025-05-11
5848,contato,2025-06-07
5848,reuniao,2025-06-13
5848,proposta,2025-06-16
5848,perdido,2025-07-15
5849,lead,2024-09-18
5849,contato,2024-10-02
5849,reuniao,2024-10-12
5849,perdido,2024-11-08
5850,lead,2024-06-02
5850,perdido,2024-06-14
5851,lead,2025-06-08
5851,perdido,2025-06-11
5852,lead,2024-04-27
5852,contato,2024-05-10
5852,reuniao,2024-06-02
5852,proposta,2024-06-10
5852,perdido,2024-06-16
5853,lead,2024-01-23
5853,perdido,2024-01-28
5854,lead,2024-12-29
5854,contato,2025-01-05
5854,reuniao,2025-01-12
5854,proposta,2025-01-24
5854,perdido,2025-02-08
5855,lead,2024-01-20
5855,contato,2024-01-26
5855,reuniao,2024-02-06
5855,proposta,2024-02-11
5855,fechado,2024-02-21
5856,lead,2025-07-18
5856,perdido,2025-08-14
5857,lead,2025-12-11
5857,contato,2025-12-15
5857,reuniao,2025-12-21
5858,lead,2025-11-16
5858,contato,2025-12-01
5858,reuniao,2025-12-10
5859,lead,2024-03-31
5859,perdido,2024-04-09
5860,lead,2025-11-03
5860,contato,2025-11-09
5860,reuniao,2025-11-12
5860,proposta,2025-11-18
5860,fechado,2025-11-23
5861,lead,2024-03-06
5861,perdido,2024-03-13
5862,lead,2024-09-06
5862,perdido,2024-10-03
5863,lead,2024-02-18
5863,contato,2024-03-02
5863,reuniao,2024-03-13
5863,perdido,2024-03-29
5864,lead,2025-08-13
5864,contato,2025-08-25
5864,perdido,2025-09-05
5865,lead,2024-05-25
5865,contato,2024-06-06
5865,reuniao,2024-06-13
5865,perdido,2024-07-10
5866,lead,2025-04-12
5866,perdido,2025-05-01
5867,lead,2025-06-25
5867,contato,2025-07-02
5867,perdido,2025-07-07
5868,lead,2024-09-26
5868,contato,2024-10-04
5868,perdido,2024-10-16
5869,lead,2025-07-17
5869,contato,2025-07-21
5869,reuniao,2025-08-01
5869,proposta,2025-08-07
5869,fechado,2025-08-13
5870,lead,2024-08-15
5870,contato,2024-08-18
5870,reuniao,2024-08-27
5870,proposta,2024-09-20
5870,perdido,2024-10-19
5871,lead,2024-03-31
5871,contato,2024-04-02
5871,perdido,2024-04-12
5872,lead,2024-11-25
5872,contato,2024-12-13
5872,reuniao,2024-12-23
5872,proposta,2024-12-27
5872,perdido,2025-01-23
5873,lead,2025-05-16
5873,perdido,2025-06-02
5874,lead,2024-01-23
5874,perdido,2024-02-11
5875,lead,2025-07-31
5875,perdido,2025-08-26
5876,lead,2024-06-19
5876,contato,2024-07-07
5876,reuniao,2024-07-16
5876,proposta,2024-08-11
5876,perdido,2024-08-20
5877,lead,2025-04-24
5877,contato,2025-04-30
5877,reuniao,2025-05-11
5877,perdido,2025-06-06
5878,lead,2024-03-08
5878,contato,2024-03-17
5878,reuniao,2024-03-29
5878,proposta,2024-04-03
5878,perdido,2024-04-20
5879,lead,2024-10-02
5879,contato,2024-10-12
5879,reuniao,2024-10-18
5879,proposta,2024-11-19
5879,perdido,2024-12-15
5880,lead,2024-11-29
5880,perdido,2024-12-14
5881,lead,2024-12-02
5881,contato,2024-12-06
5881,perdido,2024-12-21
5882,lead,2024-07-03
5882,contato,2024-07-06
5882,reuniao,2024-07-17
5882,proposta,2024-07-22
5882,fechado,2024-07-27
5883,lead,2025-01-16
5883,contato,2025-01-23
5883,reuniao,2025-02-07
5883,proposta,2025-02-12
5883,perdido,2025-03-08
5884,lead,2024-07-06
5884,contato,2024-07-13
5884,reuniao,2024-07-16
5884,proposta,2024-07-21
5884,perdido,2024-07-29
5885,lead,2024-04-13
5885,contato,2024-04-29
5885,reuniao,2024-05-13
5885,proposta,2024-05-23
5885,perdido,2024-05-26
5886,lead,2024-03-21
5886,contato,2024-04-10
5886,reuniao,2024-04-21
5886,perdido,2024-05-10
5887,lead,2025-10-06
5887,perdido,2025-10-11
5888,lead,2024-03-19
5888,contato,2024-03-29
5888,perdido,2024-04-24
5889,lead,2024-10-06
5889,contato,2024-10-18
5889,reuniao,2024-10-23
5889,proposta,2024-11-04
5889,perdido,2024-11-10
5890,lead,2024-06-16
5890,perdido,2024-06-30
5891,lead,2025-03-10
5891,perdido,2025-03-13
5892,lead,2024-08-31
5892,contato,2024-09-18
5892,reuniao,2024-10-05
5892,perdido,2024-10-30
5893,lead,2024-07-14
5893,contato,2024-07-25
5893,reuniao,2024-07-28
5893,perdido,2024-08-23
5894,lead,2025-12-03
5894,contato,2025-12-13
5894,reuniao,2025-12-21
5894,perdido,2025-12-29
5895,lead,2025-12-29
5896,lead,2024-03-20
5896,contato,2024-03-31
5896,perdido,2024-04-22
5897,lead,2025-05-03
5897,perdido,2025-05-14
5898,lead,2025-10-03
5898,contato,2025-10-12
5898,perdido,2025-11-11
5899,lead,2025-12-05
5899,contato,2025-12-13
5899,perdido,2025-12-30
5900,lead,2024-07-23
5900,contato,2024-07-28
5900,perdido,2024-08-24
5901,lead,2025-07-13
5901,contato,2025-07-14
5901,reuniao,2025-07-25
5901,proposta,2025-08-10
5901,perdido,2025-08-28
5902,lead,2024-08-16
5902,contato,2024-10-01
5902,perdido,2024-10-04
5903,lead,2025-03-14
5903,contato,2025-03-22
5903,reuniao,2025-04-27
5903,perdido,2025-05-16
5904,lead,2025-01-07
5904,contato,2025-01-25
5904,perdido,2025-02-03
5905,lead,2025-05-13
5905,contato,2025-05-22
5905,reuniao,2025-05-30
5905,perdido,2025-06-06
5906,lead,2025-10-20
5906,perdido,2025-11-13
5907,lead,2024-03-07
5907,contato,2024-03-18
5907,reuniao,2024-03-23
5907,proposta,2024-04-26
5907,perdido,2024-05-12
5908,lead,2024-05-24
5908,perdido,2024-05-29
5909,lead,2025-02-19
5909,contato,2025-04-06
5909,perdido,2025-04-14
5910,lead,2024-09-08
5910,contato,2024-09-17
5910,reuniao,2024-09-27
5910,proposta,2024-10-14
5910,perdido,2024-10-18
5911,lead,2025-02-02
5911,contato,2025-02-11
5911,perdido,2025-03-13
5912,lead,2025-07-12
5912,perdido,2025-07-25
5913,lead,2025-05-08
5913,contato,2025-05-20
5913,reuniao,2025-06-08
5913,proposta,2025-07-01
5913,perdido,2025-07-11
5914,lead,2025-06-28
5914,contato,2025-07-15
5914,reuniao,2025-07-25
5914,proposta,2025-08-11
5914,perdido,2025-09-10
5915,lead,2024-04-09
5915,contato,2024-05-02
5915,reuniao,2024-05-07
5915,proposta,2024-04-20
5915,perdido,2024-05-18
5916,lead,2024-01-18
5916,contato,2024-01-28
5916,perdido,2024-02-12
5917,lead,2025-09-20
5917,contato,2025-10-02
5917,reuniao,2025-10-15
5917,proposta,2025-10-25
5917,perdido,2025-10-30
5918,lead,2024-11-18
5918,contato,2024-11-20
5918,perdido,2024-12-10
5919,lead,2025-03-23
5919,perdido,2025-04-14
5920,lead,2024-02-11
5920,contato,2024-02-18
5920,perdido,2024-02-26
5921,lead,2025-05-14
5921,contato,2025-05-23
5921,reuniao,2025-06-01
5921,perdido,2025-06-21
5922,lead,2024-02-29
5922,contato,2024-03-08
5922,reuniao,2024-03-25
5922,proposta,2024-04-19
5922,perdido,2024-04-23
5923,lead,2025-07-15
5923,perdido,2025-08-01
5924,lead,2024-02-04
5924,contato,2024-03-02
5924,reuniao,2024-03-08
5924,proposta,2024-03-28
5924,perdido,2024-04-04
5925,lead,2024-02-18
5925,contato,2024-02-25
5925,reuniao,2024-02-29
5925,perdido,2024-03-08
5926,lead,2024-08-29
5926,contato,2024-09-26
5926,perdido,2024-10-04
5927,lead,2024-05-16
5927,perdido,2024-06-06
5928,lead,2025-12-17
5928,contato,2025-12-30
5929,lead,2024-11-18
5929,contato,2024-12-10
5929,reuniao,2024-12-19
5929,perdido,2025-01-07
5930,lead,2024-12-02
5930,contato,2024-12-08
5930,perdido,2025-01-07
5931,lead,2024-01-27
5931,contato,2024-02-02
5931,perdido,2024-02-23
5932,lead,2024-12-23
5932,contato,2025-01-02
5932,reuniao,2025-01-09
5932,proposta,2024-12-28
5932,perdido,2025-02-08
5933,lead,2024-02-06
5933,contato,2024-02-16
5933,reuniao,2024-02-29
5933,perdido,2024-03-12
5934,lead,2025-03-18
5934,contato,2025-04-02
5934,reuniao,2025-04-09
5934,proposta,2025-04-12
5934,perdido,2025-04-30
5935,lead,2025-12-15
5936,lead,2024-08-18
5936,perdido,2024-09-12
5937,lead,2025-08-01
5937,contato,2025-08-04
5937,reuniao,2025-08-13
5937,proposta,2025-08-19
5937,fechado,2025-09-02
5938,lead,2025-11-30
5938,contato,2025-12-03
5938,reuniao,2025-12-15
5938,perdido,2025-12-20
5939,lead,2025-12-02
5939,contato,2025-12-19
5940,lead,2025-06-12
5940,perdido,2025-07-02
5941,lead,2025-09-18
5941,contato,2025-10-05
5941,reuniao,2025-10-19
5941,proposta,2025-10-26
5941,perdido,2025-11-14
5942,lead,2024-09-04
5942,contato,2024-09-15
5942,reuniao,2024-10-05
5942,perdido,2024-10-14
5943,lead,2025-02-17
5943,contato,2025-03-02
5943,perdido,2025-03-25
5944,lead,2025-04-11
5944,contato,2025-04-21
5944,perdido,2025-04-25
5945,lead,2024-05-20
5945,contato,2024-05-21
5945,perdido,2024-05-30
5946,lead,2024-08-05
5946,perdido,2024-08-31
5947,lead,2024-09-11
5947,contato,2024-09-24
5947,reuniao,2024-09-27
5947,proposta,2024-10-10
5947,perdido,2024-11-07
5948,lead,2024-02-07
5948,perdido,2024-03-04
5949,lead,2024-11-22
5949,perdido,2024-11-26
5950,lead,2025-07-12
5950,perdido,2025-07-23
5951,lead,2025-04-01
5951,contato,2025-04-05
5951,reuniao,2025-04-14
5951,proposta,2025-05-03
5951,perdido,2025-05-14
5952,lead,2025-03-16
5952,contato,2025-05-13
5952,reuniao,2025-05-31
5952,proposta,2025-06-13
5952,perdido,2025-07-03
5953,lead,2025-03-03
5953,contato,2025-03-08
5953,perdido,2025-03-30
5954,lead,2024-01-13
5954,contato,2024-02-18
5954,reuniao,2024-03-11
5954,perdido,2024-03-29
5955,lead,2024-01-02
5955,contato,2024-02-09
5955,perdido,2024-02-20
5956,lead,2024-04-15
5956,contato,2024-04-20
5956,reuniao,2024-05-01
5956,perdido,2024-05-28
5957,lead,2025-10-20
5957,perdido,2025-11-10
5958,lead,2025-09-09
5958,contato,2025-09-17
5958,reuniao,2025-09-18
5958,perdido,2025-09-22
5959,lead,2025-02-13
5959,contato,2025-02-21
5959,reuniao,2025-03-02
5959,proposta,2025-03-04
5959,perdido,2025-03-25
5960,lead,2024-09-29
5960,perdido,2024-10-22
5961,lead,2025-11-29
5961,contato,2025-12-13
5961,reuniao,2025-12-16
5961,perdido,2025-12-28
5962,lead,2024-02-07
5962,contato,2024-02-08
5962,reuniao,2024-03-13
5962,proposta,2024-03-16
5962,perdido,2024-04-06
5963,lead,2024-02-26
5963,contato,2024-03-02
5963,perdido,2024-03-24
5964,lead,2025-03-13
5964,perdido,2025-03-22
5965,lead,2025-01-27
5965,contato,2025-02-03
5965,perdido,2025-02-23
5966,lead,2025-12-14
5966,contato,2025-12-29
5967,lead,2025-07-28
5967,contato,2025-08-05
5967,reuniao,2025-08-11
5967,proposta,2025-08-17
5967,perdido,2025-08-28
5968,lead,2025-11-08
5968,contato,2025-12-02
5968,reuniao,2025-12-07
5968,proposta,2025-12-19
5969,lead,2025-05-24
5969,contato,2025-05-31
5969,reuniao,2025-06-19
5969,proposta,2025-07-02
5969,perdido,2025-07-26
5970,lead,2025-10-30
5970,contato,2025-11-07
5970,perdido,2025-12-07
5971,lead,2025-04-28
5971,contato,2025-05-08
5971,reuniao,2025-05-29
5971,proposta,2025-06-08
5971,perdido,2025-06-20
5972,lead,2025-01-14
5972,contato,2025-01-29
5972,reuniao,2025-02-04
5972,perdido,2025-02-08
5973,lead,2025-02-15
5973,contato,2025-03-08
5973,reuniao,2025-03-13
5973,perdido,2025-04-04
5974,lead,2025-10-11
5974,contato,2025-10-16
5974,reuniao,2025-10-31
5974,perdido,2025-11-24
5975,lead,2024-03-02
5975,contato,2024-03-11
5975,reuniao,2024-03-29
5975,proposta,2024-04-16
5975,perdido,2024-05-02
5976,lead,2025-02-06
5976,contato,2025-02-13
5976,perdido,2025-02-25
5977,lead,2024-10-04
5977,contato,2024-10-07
5977,perdido,2024-11-02
5978,lead,2025-04-11
5978,perdido,2025-04-27
5979,lead,2025-03-02
5979,contato,2025-03-27
5979,reuniao,2025-04-08
5979,proposta,2025-05-01
5979,perdido,2025-05-26
5980,lead,2024-10-09
5980,contato,2024-10-13
5980,reuniao,2024-10-18
5980,perdido,2024-11-15
5981,lead,2025-04-30
5981,contato,2025-05-03
5981,reuniao,2025-05-09
5981,proposta,2025-05-11
5981,perdido,2025-05-24
5982,lead,2025-01-20
5982,contato,2025-01-25
5982,reuniao,2025-02-02
5982,perdido,2025-02-24
5983,lead,2024-04-28
5983,contato,2024-05-15
5983,reuniao,2024-05-25
5983,proposta,2024-06-07
5983,perdido,2024-06-18
5984,lead,2025-03-24
5984,perdido,2025-04-11
5985,lead,2024-01-15
5985,contato,2024-02-03
5985,reuniao,2024-02-04
5985,perdido,2024-03-02
5986,lead,2025-08-13
5986,contato,2025-08-24
5986,reuniao,2025-09-06
5986,proposta,2025-09-10
5986,perdido,2025-09-13
5987,lead,2025-10-15
5987,contato,2025-10-23
5987,reuniao,2025-11-11
5987,perdido,2025-11-28
5988,lead,2024-02-14
5988,contato,2024-02-27
5988,reuniao,2024-03-21
5988,perdido,2024-04-07
5989,lead,2024-06-20
5989,perdido,2024-07-08
5990,lead,2024-03-16
5990,contato,2024-03-20
5990,reuniao,2024-04-02
5990,proposta,2024-04-09
5990,fechado,2024-04-18
5991,lead,2025-07-03
5991,contato,2025-07-16
5991,perdido,2025-07-24
5992,lead,2024-02-10
5992,perdido,2024-03-08
5993,lead,2025-01-23
5993,contato,2025-02-09
5993,perdido,2025-02-20
5994,lead,2024-10-01
5994,perdido,2024-10-31
5995,lead,2025-06-16
5995,contato,2025-06-25
5995,reuniao,2025-07-01
5995,perdido,2025-07-27
5996,lead,2025-03-25
5996,contato,2025-04-01
5996,reuniao,2025-04-14
5996,proposta,2025-04-26
5996,perdido,2025-05-12
5997,lead,2025-01-25
5997,perdido,2025-02-21
5998,lead,2025-01-02
5998,contato,2025-01-11
5998,reuniao,2025-01-30
5998,perdido,2025-02-07
5999,lead,2025-07-05
5999,contato,2025-07-20
5999,perdido,2025-07-26
6000,lead,2024-12-10
6000,contato,2024-12-16
6000,reuniao,2024-12-22
6000,proposta,2025-01-07
6000,perdido,2025-01-16
6001,lead,2024-10-24
6001,contato,2024-11-20
6001,reuniao,2024-11-23
6001,perdido,2024-11-29
6002,lead,2024-01-15
6002,perdido,2024-02-08
6003,lead,2024-06-29
6003,contato,2024-07-12
6003,reuniao,2024-07-20
6003,proposta,2024-07-29
6003,perdido,2024-08-27
6004,lead,2024-09-18
6004,contato,2024-09-19
6004,reuniao,2024-10-18
6004,proposta,2024-10-20
6004,perdido,2024-10-25
6005,lead,2025-02-14
6005,contato,2025-03-20
6005,perdido,2025-03-26
6006,lead,2025-04-18
6006,contato,2025-04-29
6006,perdido,2025-05-20
6007,lead,2025-11-28
6007,perdido,2025-12-26
6008,lead,2024-07-06
6008,contato,2024-09-09
6008,reuniao,2024-09-12
6008,proposta,2024-09-15
6008,perdido,2024-09-26
6009,lead,2025-01-25
6009,contato,2025-02-07
6009,reuniao,2025-02-18
6009,proposta,2025-02-23
6009,perdido,2025-03-07
6010,lead,2025-06-20
6010,contato,2025-06-22
6010,perdido,2025-07-17
6011,lead,2024-08-02
6011,contato,2024-08-11
6011,perdido,2024-08-31
6012,lead,2025-01-27
6012,contato,2025-02-10
6012,reuniao,2025-02-18
6012,perdido,2025-03-17
6013,lead,2024-10-23
6013,contato,2024-10-31
6013,reuniao,2024-11-07
6013,proposta,2024-11-18
6013,perdido,2024-11-29
6014,lead,2024-10-08
6014,contato,2024-10-23
6014,perdido,2024-10-27
6015,lead,2024-02-05
6015,contato,2024-02-21
6015,reuniao,2024-03-03
6015,proposta,2024-03-09
6015,perdido,2024-03-12
6016,lead,2024-01-14
6016,contato,2024-01-31
6016,perdido,2024-02-23
6017,lead,2024-07-21
6017,contato,2024-08-25
6017,perdido,2024-09-03
6018,lead,2025-10-19
6018,contato,2025-10-27
6018,perdido,2025-11-10
6019,lead,2024-05-02
6019,contato,2024-05-10
6019,perdido,2024-06-07
6020,lead,2024-02-05
6020,perdido,2024-02-28
6021,lead,2025-03-13
6021,perdido,2025-03-16
6022,lead,2025-11-24
6022,contato,2025-11-30
6022,reuniao,2025-12-08
6023,lead,2024-02-02
6023,contato,2024-02-14
6023,reuniao,2024-02-29
6023,proposta,2024-03-10
6023,perdido,2024-04-02
6024,lead,2025-06-11
6024,contato,2025-06-21
6024,reuniao,2025-06-25
6024,perdido,2025-07-10
6025,lead,2024-03-04
6025,contato,2024-03-09
6025,perdido,2024-04-05
6026,lead,2024-03-22
6026,contato,2024-04-06
6026,perdido,2024-04-10
6027,lead,2025-11-06
6027,contato,2025-11-23
6027,perdido,2025-12-18
6028,lead,2025-05-09
6028,contato,2025-05-12
6028,reuniao,2025-05-16
6028,perdido,2025-06-09
6029,lead,2025-02-03
6029,perdido,2025-02-17
6030,lead,2024-04-12
6030,perdido,2024-05-11
6031,lead,2025-02-02
6031,contato,2025-02-03
6031,perdido,2025-02-18
6032,lead,2024-02-05
6032,contato,2024-02-17
6032,reuniao,2024-03-01
6032,proposta,2024-04-04
6032,perdido,2024-04-27
6033,lead,2024-10-06
6033,contato,2024-10-21
6033,reuniao,2024-11-15
6033,perdido,2024-12-08
6034,lead,2025-05-11
6034,contato,2025-05-21
6034,reuniao,2025-05-25
6034,proposta,2025-05-30
6034,fechado,2025-06-15
6035,lead,2025-02-08
6035,contato,2025-03-02
6035,perdido,2025-03-20
6036,lead,2025-04-20
6036,perdido,2025-04-30
6037,lead,2024-03-09
6037,contato,2024-03-16
6037,reuniao,2024-03-20
6037,proposta,2024-03-21
6037,perdido,2024-04-18
6038,lead,2025-06-22
6038,contato,2025-07-03
6038,perdido,2025-07-21
6039,lead,2025-11-23
6039,contato,2025-11-29
6039,reuniao,2025-12-20
6040,lead,2025-10-16
6040,perdido,2025-11-09
6041,lead,2024-02-20
6041,contato,2024-03-02
6041,reuniao,2024-03-13
6041,proposta,2024-03-17
6041,perdido,2024-04-02
6042,lead,2024-02-27
6042,contato,2024-03-05
6042,perdido,2024-03-15
6043,lead,2025-01-08
6043,contato,2025-01-25
6043,perdido,2025-01-31
6044,lead,2025-01-14
6044,contato,2025-01-23
6044,reuniao,2025-02-10
6044,proposta,2025-02-14
6044,perdido,2025-03-14
6045,lead,2025-09-09
6045,perdido,2025-09-19
6046,lead,2024-09-17
6046,contato,2024-09-27
6046,reuniao,2024-10-08
6046,proposta,2024-11-06
6046,perdido,2024-11-21
6047,lead,2025-01-08
6047,perdido,2025-01-27
6048,lead,2024-05-10
6048,contato,2024-05-12
6048,reuniao,2024-05-28
6048,perdido,2024-06-26
6049,lead,2025-11-15
6049,perdido,2025-12-11
6050,lead,2024-03-13
6050,contato,2024-03-21
6050,perdido,2024-04-16
6051,lead,2025-10-13
6051,perdido,2025-10-30
6052,lead,2025-10-03
6052,contato,2025-10-13
6052,reuniao,2025-10-23
6052,proposta,2025-11-06
6052,perdido,2025-12-02
6053,lead,2024-01-29
6053,perdido,2024-02-27
6054,lead,2025-07-06
6054,contato,2025-07-14
6054,reuniao,2025-07-21
6054,perdido,2025-07-27
6055,lead,2024-08-24
6055,contato,2024-08-31
6055,reuniao,2024-09-15
6055,perdido,2024-09-24
6056,lead,2024-05-25
6056,contato,2024-05-27
6056,reuniao,2024-06-05
6056,proposta,2024-06-19
6056,perdido,2024-06-30
6057,lead,2024-10-11
6057,contato,2024-10-25
6057,reuniao,2024-11-11
6057,proposta,2024-11-20
6057,perdido,2024-12-11
6058,lead,2025-10-28
6058,contato,2025-11-14
6058,reuniao,2025-11-18
6058,perdido,2025-12-14
6059,lead,2024-10-09
6059,perdido,2024-11-05
6060,lead,2024-06-08
6060,contato,2024-06-29
6060,reuniao,2024-07-05
6060,perdido,2024-07-27
6061,lead,2025-01-14
6061,contato,2025-01-16
6061,reuniao,2025-01-23
6061,proposta,2025-02-06
6061,perdido,2025-02-24
6062,lead,2024-10-17
6062,contato,2024-10-26
6062,reuniao,2024-11-01
6062,perdido,2024-11-24
6063,lead,2024-01-11
6063,contato,2024-01-25
6063,reuniao,2024-02-02
6063,proposta,2024-02-11
6063,perdido,2024-02-17
6064,lead,2024-04-27
6064,contato,2024-05-02
6064,reuniao,2024-05-05
6064,proposta,2024-05-08
6064,fechado,2024-05-11
6065,lead,2024-01-10
6065,contato,2024-01-19
6065,reuniao,2024-01-24
6065,perdido,2024-02-14
6066,lead,2025-01-13
6066,perdido,2025-01-25
6067,lead,2025-03-27
6067,contato,2025-03-28
6067,reuniao,2025-04-07
6067,perdido,2025-04-10
6068,lead,2025-05-21
6068,contato,2025-06-02
6068,reuniao,2025-06-08
6068,perdido,2025-06-29
6069,lead,2024-05-13
6069,contato,2024-05-24
6069,reuniao,2024-06-08
6069,perdido,2024-06-28
6070,lead,2025-07-30
6070,contato,2025-08-01
6070,reuniao,2025-08-02
6070,proposta,2025-08-07
6070,perdido,2025-08-28
6071,lead,2024-10-18
6071,contato,2024-10-28
6071,reuniao,2024-11-03
6071,proposta,2024-11-11
6071,perdido,2024-11-21
6072,lead,2024-01-28
6072,contato,2024-02-04
6072,reuniao,2024-02-13
6072,perdido,2024-03-07
6073,lead,2025-10-30
6073,contato,2025-11-11
6073,perdido,2025-11-15
6074,lead,2025-05-03
6074,contato,2025-05-28
6074,reuniao,2025-07-27
6074,proposta,2025-07-29
6074,fechado,2025-08-17
6075,lead,2025-02-04
6075,contato,2025-02-05
6075,reuniao,2025-02-12
6075,proposta,2025-02-18
6075,perdido,2025-03-18
6076,lead,2024-01-23
6076,contato,2024-01-26
6076,reuniao,2024-01-31
6076,perdido,2024-02-03
6077,lead,2024-01-08
6077,contato,2024-01-14
6077,reuniao,2024-01-22
6077,perdido,2024-02-04
6078,lead,2025-02-06
6078,perdido,2025-02-22
6079,lead,2025-09-25
6079,contato,2025-10-04
6079,perdido,2025-11-01
6080,lead,2025-03-31
6080,contato,2025-04-09
6080,reuniao,2025-04-14
6080,proposta,2025-04-23
6080,perdido,2025-05-21
6081,lead,2024-01-04
6081,perdido,2024-01-17
6082,lead,2025-03-24
6082,contato,2025-04-10
6082,perdido,2025-04-28
6083,lead,2024-09-02
6083,contato,2024-09-15
6083,reuniao,2024-10-11
6083,perdido,2024-11-06
6084,lead,2024-03-13
6084,contato,2024-03-20
6084,perdido,2024-04-18
6085,lead,2025-08-04
6085,contato,2025-08-20
6085,reuniao,2025-08-25
6085,proposta,2025-08-27
6085,perdido,2025-09-17
6086,lead,2025-02-13
6086,perdido,2025-03-14
6087,lead,2025-05-26
6087,contato,2025-06-21
6087,reuniao,2025-06-24
6087,proposta,2025-07-18
6087,perdido,2025-08-11
6088,lead,2024-04-12
6088,contato,2024-04-26
6088,perdido,2024-05-14
6089,lead,2024-03-09
6089,contato,2024-04-17
6089,reuniao,2024-04-20
6089,proposta,2024-04-26
6089,perdido,2024-05-18
6090,lead,2025-01-08
6090,contato,2025-01-13
6090,reuniao,2025-01-16
6090,perdido,2025-01-26
6091,lead,2025-01-16
6091,perdido,2025-02-01
6092,lead,2025-02-16
6092,contato,2025-02-21
6092,reuniao,2025-03-04
6092,perdido,2025-04-03
6093,lead,2025-06-10
6093,contato,2025-06-21
6093,perdido,2025-07-10
6094,lead,2025-04-11
6094,perdido,2025-04-15
6095,lead,2025-04-21
6095,perdido,2025-05-10
6096,lead,2024-04-19
6096,contato,2024-05-27
6096,perdido,2024-06-11
6097,lead,2024-10-23
6097,perdido,2024-10-26
6098,lead,2025-02-27
6098,perdido,2025-03-23
6099,lead,2025-01-11
6099,contato,2025-01-16
6099,reuniao,2025-01-28
6099,perdido,2025-02-02
6100,lead,2024-07-28
6100,contato,2024-08-07
6100,reuniao,2024-08-11
6100,perdido,2024-08-24
6101,lead,2025-11-13
6101,contato,2025-11-17
6101,reuniao,2025-12-11
6101,proposta,2025-12-23
6102,lead,2024-03-25
6102,contato,2024-03-26
6102,perdido,2024-04-20
6103,lead,2025-12-08
6103,contato,2025-12-12
6103,perdido,2025-12-27
6104,lead,2025-07-11
6104,contato,2025-08-01
6104,reuniao,2025-08-13
6104,proposta,2025-08-27
6104,perdido,2025-09-22
6105,lead,2025-02-25
6105,perdido,2025-03-11
6106,lead,2024-03-17
6106,contato,2024-03-22
6106,reuniao,2024-03-30
6106,perdido,2024-04-22
6107,lead,2025-02-05
6107,contato,2025-02-12
6107,reuniao,2025-02-18
6107,proposta,2025-02-24
6107,perdido,2025-03-13
6108,lead,2024-02-20
6108,perdido,2024-03-04
6109,lead,2025-11-03
6109,contato,2025-11-08
6109,reuniao,2025-11-18
6109,perdido,2025-12-16
6110,lead,2024-07-13
6110,contato,2024-07-30
6110,perdido,2024-08-11
6111,lead,2024-10-09
6111,contato,2024-10-18
6111,perdido,2024-10-28
6112,lead,2025-03-24
6112,contato,2025-03-31
6112,reuniao,2025-04-10
6112,proposta,2025-04-18
6112,perdido,2025-04-30
6113,lead,2024-01-11
6113,contato,2024-01-26
6113,reuniao,2024-02-03
6113,perdido,2024-02-26
6114,lead,2025-01-24
6114,perdido,2025-02-04
6115,lead,2025-05-19
6115,contato,2025-06-02
6115,reuniao,2025-06-19
6115,proposta,2025-06-25
6115,perdido,2025-06-29
6116,lead,2024-05-13
6116,contato,2024-05-14
6116,reuniao,2024-05-31
6116,proposta,2024-06-19
6116,fechado,2024-06-26
6117,lead,2024-04-04
6117,contato,2024-04-12
6117,reuniao,2024-04-20
6117,perdido,2024-04-27
6118,lead,2024-12-19
6118,contato,2024-12-26
6118,perdido,2025-01-08
6119,lead,2025-01-21
6119,contato,2025-02-05
6119,perdido,2025-02-18
6120,lead,2024-11-08
6120,contato,2024-11-16
6120,reuniao,2024-11-25
6120,proposta,2024-12-07
6120,perdido,2024-12-28
6121,lead,2024-07-21
6121,contato,2024-07-27
6121,reuniao,2024-08-05
6121,proposta,2024-08-20
6121,fechado,2024-08-26
6122,lead,2024-10-17
6122,perdido,2024-11-13
6123,lead,2024-08-04
6123,perdido,2024-09-01
6124,lead,2024-06-14
6124,perdido,2024-06-26
6125,lead,2024-12-05
6125,contato,2024-12-14
6125,reuniao,2024-12-28
6125,proposta,2025-01-04
6125,perdido,2025-02-02
6126,lead,2024-10-06
6126,contato,2024-10-11
6126,reuniao,2024-10-21
6126,proposta,2024-10-24
6126,perdido,2024-10-30
6127,lead,2024-11-05
6127,contato,2024-11-18
6127,reuniao,2024-12-11
6127,proposta,2024-12-13
6127,perdido,2024-12-20
6128,lead,2024-01-01
6128,contato,2024-01-08
6128,reuniao,2024-01-10
6128,perdido,2024-01-28
6129,lead,2025-05-03
6129,contato,2025-05-04
6129,reuniao,2025-06-11
6129,perdido,2025-06-22
6130,lead,2024-01-27
6130,contato,2024-02-08
6130,perdido,2024-02-23
6131,lead,2024-05-12
6131,perdido,2024-05-15
6132,lead,2025-07-28
6132,contato,2025-08-31
6132,reuniao,2025-09-14
6132,proposta,2025-09-21
6132,fechado,2025-09-26
6133,lead,2025-12-17
6133,perdido,2025-12-27
6134,lead,2025-12-24
6135,lead,2025-02-23
6135,contato,2025-03-07
6135,reuniao,2025-03-29
6135,proposta,2025-04-02
6135,perdido,2025-05-02
6136,lead,2024-06-22
6136,contato,2024-07-09
6136,reuniao,2024-07-19
6136,perdido,2024-08-06
6137,lead,2025-08-23
6137,contato,2025-09-01
6137,reuniao,2025-09-03
6137,perdido,2025-09-30
6138,lead,2025-04-02
6138,perdido,2025-04-21
6139,lead,2025-12-19
6139,perdido,2025-12-31
6140,lead,2025-01-28
6140,contato,2025-02-24
6140,reuniao,2025-03-16
6140,perdido,2025-03-21
6141,lead,2025-01-15
6141,contato,2025-01-24
6141,perdido,2025-02-03
6142,lead,2024-01-25
6142,contato,2024-02-15
6142,reuniao,2024-02-25
6142,proposta,2024-03-13
6142,perdido,2024-03-27
6143,lead,2024-05-03
6143,perdido,2024-05-18
6144,lead,2025-04-14
6144,contato,2025-05-08
6144,perdido,2025-05-29
6145,lead,2025-12-26
6146,lead,2024-12-08
6146,contato,2024-12-21
6146,perdido,2025-01-18
6147,lead,2024-01-17
6147,contato,2024-01-25
6147,reuniao,2024-01-28
6147,proposta,2024-02-21
6147,perdido,2024-02-24
6148,lead,2024-10-09
6148,contato,2024-10-13
6148,reuniao,2024-10-23
6148,perdido,2024-11-13
6149,lead,2024-03-16
6149,contato,2024-04-06
6149,reuniao,2024-04-27
6149,perdido,2024-05-18
6150,lead,2025-11-25
6150,contato,2025-11-29
6150,reuniao,2025-12-20
6151,lead,2024-03-26
6151,contato,2024-04-10
6151,reuniao,2024-04-15
6151,proposta,2024-04-22
6151,fechado,2024-04-30
6152,lead,2024-03-10
6152,contato,2024-04-04
6152,perdido,2024-04-18
6153,lead,2024-11-23
6153,perdido,2024-12-04
6154,lead,2025-01-24
6154,perdido,2025-02-01
6155,lead,2025-05-21
6155,contato,2025-06-02
6155,reuniao,2025-06-04
6155,perdido,2025-06-29
6156,lead,2024-09-16
6156,contato,2024-10-15
6156,perdido,2024-11-11
6157,lead,2025-10-08
6157,perdido,2025-11-01
6158,lead,2025-02-26
6158,contato,2025-03-04
6158,reuniao,2025-03-12
6158,proposta,2025-03-15
6158,perdido,2025-04-09
6159,lead,2024-01-27
6159,contato,2024-02-09
6159,reuniao,2024-02-19
6159,perdido,2024-03-17
6160,lead,2024-01-20
6160,contato,2024-02-11
6160,reuniao,2024-02-23
6160,proposta,2024-03-01
6160,perdido,2024-03-04
6161,lead,2024-12-02
6161,contato,2024-12-07
6161,reuniao,2024-12-16
6161,perdido,2024-12-26
6162,lead,2024-11-08
6162,contato,2024-11-21
6162,reuniao,2024-12-02
6162,perdido,2024-12-11
6163,lead,2024-11-19
6163,perdido,2024-12-16
6164,lead,2024-02-02
6164,contato,2024-02-09
6164,reuniao,2024-02-12
6164,perdido,2024-02-17
6165,lead,2024-01-30
6165,contato,2024-02-15
6165,perdido,2024-02-26
6166,lead,2024-02-04
6166,contato,2024-02-14
6166,reuniao,2024-02-19
6166,perdido,2024-02-29
6167,lead,2025-06-02
6167,contato,2025-06-15
6167,perdido,2025-06-27
6168,lead,2025-02-28
6168,perdido,2025-03-13
6169,lead,2024-03-23
6169,perdido,2024-04-17
6170,lead,2024-11-01
6170,contato,2024-11-19
6170,perdido,2024-12-14
6171,lead,2025-11-12
6171,contato,2025-11-23
6171,reuniao,2025-12-01
6171,perdido,2025-12-15
6172,lead,2024-02-09
6172,contato,2024-02-20
6172,reuniao,2024-02-26
6172,perdido,2024-03-16
6173,lead,2024-04-29
6173,contato,2024-05-01
6173,perdido,2024-05-05
6174,lead,2024-10-02
6174,contato,2024-10-10
6174,reuniao,2024-10-16
6174,perdido,2024-10-23
6175,lead,2024-06-03
6175,contato,2024-06-05
6175,reuniao,2024-06-14
6175,proposta,2024-06-23
6175,perdido,2024-07-11
6176,lead,2024-04-07
6176,contato,2024-04-19
6176,perdido,2024-05-02
6177,lead,2025-12-07
6177,perdido,2025-12-19
6178,lead,2025-06-28
6178,perdido,2025-07-04
6179,lead,2025-05-29
6179,perdido,2025-06-01
6180,lead,2025-11-03
6180,perdido,2025-11-27
6181,lead,2024-04-28
6181,contato,2024-05-04
6181,reuniao,2024-05-13
6181,perdido,2024-06-06
6182,lead,2025-10-03
6182,perdido,2025-10-06
6183,lead,2025-12-16
6184,lead,2025-02-19
6184,perdido,2025-03-20
6185,lead,2025-10-13
6185,contato,2025-10-17
6185,perdido,2025-11-13
6186,lead,2025-08-08
6186,contato,2025-08-16
6186,reuniao,2025-08-22
6186,perdido,2025-09-09
6187,lead,2024-08-08
6187,contato,2024-08-25
6187,perdido,2024-08-31
6188,lead,2024-08-20
6188,contato,2024-09-03
6188,reuniao,2024-09-14
6188,proposta,2024-09-23
6188,perdido,2024-10-15
6189,lead,2025-04-20
6189,contato,2025-04-25
6189,reuniao,2025-05-05
6189,proposta,2025-05-12
6189,perdido,2025-05-17
6190,lead,2025-01-29
6190,contato,2025-02-05
6190,reuniao,2025-01-24
6190,perdido,2025-02-28
6191,lead,2024-09-29
6191,perdido,2024-10-29
6192,lead,2024-01-27
6192,contato,2024-02-01
6192,reuniao,2024-02-03
6192,perdido,2024-02-25
6193,lead,2024-01-13
6193,contato,2024-01-21
6193,reuniao,2024-01-29
6193,perdido,2024-02-04
6194,lead,2024-02-27
6194,contato,2024-03-16
6194,reuniao,2024-04-21
6194,proposta,2024-05-16
6194,perdido,2024-06-12
6195,lead,2024-10-13
6195,contato,2024-11-11
6195,reuniao,2024-11-30
6195,proposta,2024-12-11
6195,perdido,2025-01-05
6196,lead,2024-01-16
6196,contato,2024-01-17
6196,reuniao,2024-01-26
6196,perdido,2024-02-14
6197,lead,2024-03-31
6197,contato,2024-04-24
6197,reuniao,2024-05-13
6197,proposta,2024-05-14
6197,fechado,2024-06-06
6198,lead,2025-12-02
6198,perdido,2025-12-08
6199,lead,2024-11-17
6199,contato,2024-12-05
6199,reuniao,2024-12-22
6199,perdido,2025-01-16
6200,lead,2025-11-04
6200,contato,2025-11-13
6200,reuniao,2025-12-02
6200,proposta,2025-12-14
6200,perdido,2025-12-27
6201,lead,2024-04-30
6201,contato,2024-05-08
6201,perdido,2024-05-23
6202,lead,2024-09-09
6202,contato,2024-09-12
6202,reuniao,2024-09-03
6202,perdido,2024-10-14
6203,lead,2025-04-17
6203,perdido,2025-05-10
6204,lead,2025-12-22
6205,lead,2025-05-08
6205,contato,2025-05-20
6205,reuniao,2025-06-18
6205,proposta,2025-06-26
6205,perdido,2025-07-11
6206,lead,2025-10-12
6206,contato,2025-10-14
6206,reuniao,2025-10-23
6206,proposta,2025-11-14
6206,perdido,2025-12-04
6207,lead,2024-01-28
6207,contato,2024-02-02
6207,reuniao,2024-02-16
6207,proposta,2024-02-18
6207,perdido,2024-03-08
6208,lead,2024-07-28
6208,perdido,2024-08-13
6209,lead,2025-09-28
6209,perdido,2025-10-09
6210,lead,2025-01-13
6210,contato,2025-01-25
6210,reuniao,2025-02-10
6210,perdido,2025-02-28
6211,lead,2024-04-15
6211,perdido,2024-05-13
6212,lead,2024-04-15
6212,contato,2024-05-01
6212,reuniao,2024-05-16
6212,perdido,2024-05-26
6213,lead,2025-06-22
6213,contato,2025-07-19
6213,reuniao,2025-07-29
6213,perdido,2025-08-12
6214,lead,2024-04-07
6214,perdido,2024-04-27
6215,lead,2024-12-29
6215,contato,2025-01-11
6215,reuniao,2025-01-23
6215,proposta,2025-01-29
6215,perdido,2025-02-23
6216,lead,2024-04-24
6216,contato,2024-04-30
6216,reuniao,2024-05-02
6216,perdido,2024-06-01
6217,lead,2024-05-13
6217,perdido,2024-06-09
6218,lead,2024-10-08
6218,perdido,2024-10-21
6219,lead,2024-03-11
6219,contato,2024-03-21
6219,reuniao,2024-03-22
6219,proposta,2024-05-09
6219,fechado,2024-05-31
6220,lead,2025-04-08
6220,perdido,2025-04-27
6221,lead,2024-04-13
6221,perdido,2024-04-22
6222,lead,2025-06-17
6222,contato,2025-06-30
6222,perdido,2025-07-23
6223,lead,2025-01-12
6223,contato,2025-01-26
6223,reuniao,2025-02-01
6223,proposta,2025-02-10
6223,perdido,2025-03-05
6224,lead,2024-09-01
6224,contato,2024-09-06
6224,reuniao,2024-10-05
6224,proposta,2024-10-26
6224,perdido,2024-11-16
6225,lead,2025-03-09
6225,contato,2025-03-20
6225,reuniao,2025-03-25
6225,proposta,2025-04-01
6225,fechado,2025-04-04
6226,lead,2024-10-15
6226,perdido,2024-11-02
6227,lead,2024-02-17
6227,perdido,2024-02-22
6228,lead,2024-08-01
6228,contato,2024-08-08
6228,perdido,2024-08-22
6229,lead,2025-01-14
6229,contato,2025-01-16
6229,reuniao,2025-01-07
6229,perdido,2025-01-30
6230,lead,2024-03-01
6230,contato,2024-04-02
6230,reuniao,2024-04-08
6230,proposta,2024-04-22
6230,perdido,2024-05-16
6231,lead,2025-06-01
6231,perdido,2025-06-28
6232,lead,2024-09-08
6232,contato,2024-10-01
6232,reuniao,2024-10-06
6232,perdido,2024-10-16
6233,lead,2024-05-11
6233,perdido,2024-06-06
6234,lead,2024-01-05
6234,contato,2024-01-17
6234,reuniao,2024-01-26
6234,proposta,2024-01-27
6234,perdido,2024-02-04
6235,lead,2024-02-19
6235,perdido,2024-03-07
6236,lead,2024-06-04
6236,perdido,2024-06-08
6237,lead,2024-09-16
6237,perdido,2024-10-07
6238,lead,2024-04-03
6238,contato,2024-04-08
6238,perdido,2024-04-15
6239,lead,2025-01-25
6239,contato,2025-02-01
6239,reuniao,2025-02-06
6239,proposta,2025-02-09
6239,fechado,2025-03-12
6240,lead,2024-05-03
6240,perdido,2024-05-21
6241,lead,2025-11-21
6241,perdido,2025-12-07
6242,lead,2025-02-06
6242,contato,2025-02-10
6242,reuniao,2025-02-15
6242,proposta,2025-02-18
6242,perdido,2025-02-24
6243,lead,2025-07-23
6243,contato,2025-09-06
6243,perdido,2025-09-19
6244,lead,2024-10-26
6244,contato,2024-11-11
6244,reuniao,2024-11-24
6244,perdido,2024-11-28
6245,lead,2024-05-11
6245,contato,2024-05-31
6245,reuniao,2024-06-12
6245,perdido,2024-06-19
6246,lead,2024-11-16
6246,perdido,2024-12-04
6247,lead,2024-10-19
6247,perdido,2024-11-16
6248,lead,2025-03-15
6248,contato,2025-03-23
6248,reuniao,2025-04-21
6248,proposta,2025-05-02
6248,fechado,2025-05-20
6249,lead,2025-10-18
6249,contato,2025-10-29
6249,reuniao,2025-11-05
6249,proposta,2025-11-25
6249,fechado,2025-12-10
6250,lead,2024-06-04
6250,perdido,2024-06-27
6251,lead,2024-02-26
6251,contato,2024-03-13
6251,perdido,2024-03-26
6252,lead,2025-05-19
6252,contato,2025-05-28
6252,reuniao,2025-06-11
6252,perdido,2025-06-16
6253,lead,2024-01-01
6253,contato,2024-01-23
6253,reuniao,2024-01-30
6253,perdido,2024-02-25
6254,lead,2025-07-21
6254,contato,2025-07-25
6254,reuniao,2025-08-10
6254,proposta,2025-08-22
6254,perdido,2025-09-10
6255,lead,2025-05-28
6255,contato,2025-06-06
6255,perdido,2025-06-14
6256,lead,2025-08-15
6256,contato,2025-08-28
6256,perdido,2025-09-09
6257,lead,2024-02-22
6257,contato,2024-03-03
6257,reuniao,2024-03-08
6257,proposta,2024-03-16
6257,perdido,2024-04-14
6258,lead,2024-05-10
6258,contato,2024-05-28
6258,reuniao,2024-06-08
6258,proposta,2024-06-09
6258,perdido,2024-07-06
6259,lead,2025-01-29
6259,contato,2025-02-12
6259,reuniao,2025-02-15
6259,proposta,2025-02-22
6259,perdido,2025-03-01
6260,lead,2024-08-16
6260,contato,2024-08-26
6260,reuniao,2024-08-30
6260,proposta,2024-09-05
6260,fechado,2024-09-15
6261,lead,2025-09-01
6261,contato,2025-09-06
6261,reuniao,2025-09-19
6261,proposta,2025-10-08
6261,perdido,2025-11-02
6262,lead,2024-11-24
6262,contato,2024-12-09
6262,perdido,2024-12-22
6263,lead,2024-10-31
6263,perdido,2024-11-09
6264,lead,2024-04-26
6264,contato,2024-05-01
6264,perdido,2024-05-24
6265,lead,2025-02-04
6265,contato,2025-02-14
6265,reuniao,2025-02-18
6265,proposta,2025-02-24
6265,perdido,2025-03-24
6266,lead,2024-08-31
6266,contato,2024-09-02
6266,reuniao,2024-09-05
6266,proposta,2024-09-13
6266,perdido,2024-10-11
6267,lead,2024-11-17
6267,contato,2024-11-21
6267,reuniao,2024-12-26
6267,perdido,2025-01-25
6268,lead,2024-07-02
6268,contato,2024-07-09
6268,reuniao,2024-07-26
6268,proposta,2024-08-08
6268,perdido,2024-08-15
6269,lead,2025-03-05
6269,contato,2025-03-15
6269,reuniao,2025-03-20
6269,proposta,2025-03-25
6269,fechado,2025-04-05
6270,lead,2025-08-25
6270,contato,2025-09-04
6270,reuniao,2025-10-02
6270,proposta,2025-10-10
6270,perdido,2025-10-17
6271,lead,2024-01-12
6271,perdido,2024-01-29
6272,lead,2024-05-30
6272,contato,2024-06-02
6272,perdido,2024-06-10
6273,lead,2025-04-21
6273,contato,2025-04-24
6273,reuniao,2025-04-30
6273,perdido,2025-05-18
6274,lead,2025-05-13
6274,contato,2025-05-31
6274,reuniao,2025-05-21
6274,perdido,2025-06-13
6275,lead,2024-07-20
6275,contato,2024-07-26
6275,reuniao,2024-07-31
6275,proposta,2024-08-30
6275,fechado,2024-09-13
6276,lead,2024-07-14
6276,perdido,2024-08-11
6277,lead,2025-06-12
6277,contato,2025-06-19
6277,reuniao,2025-06-25
6277,proposta,2025-06-26
6277,perdido,2025-08-05
6278,lead,2025-02-02
6278,contato,2025-03-05
6278,reuniao,2025-03-14
6278,proposta,2025-03-27
6278,perdido,2025-04-23
6279,lead,2024-10-02
6279,contato,2024-10-14
6279,perdido,2024-11-09
6280,lead,2024-02-01
6280,contato,2024-02-23
6280,reuniao,2024-03-12
6280,proposta,2024-03-18
6280,perdido,2024-04-02
6281,lead,2025-04-04
6281,contato,2025-04-07
6281,reuniao,2025-05-05
6281,perdido,2025-05-28
6282,lead,2024-07-19
6282,perdido,2024-08-12
6283,lead,2025-02-13
6283,contato,2025-03-14
6283,perdido,2025-03-20
6284,lead,2025-05-24
6284,contato,2025-05-26
6284,reuniao,2025-06-07
6284,perdido,2025-06-19
6285,lead,2024-11-28
6285,contato,2024-12-03
6285,reuniao,2024-12-06
6285,proposta,2024-12-13
6285,perdido,2024-12-20
6286,lead,2024-06-17
6286,contato,2024-07-02
6286,reuniao,2024-07-07
6286,perdido,2024-07-16
6287,lead,2024-05-18
6287,contato,2024-05-21
6287,reuniao,2024-06-07
6287,perdido,2024-06-24
6288,lead,2025-05-12
6288,contato,2025-05-26
6288,reuniao,2025-05-31
6288,perdido,2025-06-16
6289,lead,2025-10-04
6289,contato,2025-10-21
6289,reuniao,2025-10-02
6289,proposta,2025-10-26
6289,perdido,2025-11-22
6290,lead,2025-12-13
6290,contato,2025-12-30
6291,lead,2025-07-28
6291,perdido,2025-08-06
6292,lead,2025-03-01
6292,contato,2025-03-27
6292,reuniao,2025-03-31
6292,proposta,2025-04-05
6292,perdido,2025-04-22
6293,lead,2025-09-14
6293,contato,2025-09-23
6293,perdido,2025-10-16
6294,lead,2024-10-02
6294,contato,2024-10-19
6294,reuniao,2024-10-30
6294,perdido,2024-11-21
6295,lead,2025-09-27
6295,contato,2025-10-11
6295,perdido,2025-10-28
6296,lead,2024-11-01
6296,contato,2024-11-22
6296,perdido,2024-12-17
6297,lead,2025-02-24
6297,contato,2025-03-03
6297,reuniao,2025-03-06
6297,proposta,2025-03-27
6297,perdido,2025-04-18
6298,lead,2024-04-15
6298,contato,2024-04-16
6298,reuniao,2024-04-25
6298,perdido,2024-05-21
6299,lead,2024-12-28
6299,contato,2025-01-08
6299,reuniao,2025-01-16
6299,perdido,2025-01-29
6300,lead,2024-08-28
6300,perdido,2024-09-20
6301,lead,2024-09-15
6301,contato,2024-09-18
6301,reuniao,2024-10-01
6301,perdido,2024-10-06
6302,lead,2025-02-26
6302,contato,2025-03-10
6302,reuniao,2025-04-01
6302,proposta,2025-04-05
6302,perdido,2025-05-05
6303,lead,2025-09-27
6303,contato,2025-10-02
6303,perdido,2025-10-07
6304,lead,2025-08-16
6304,contato,2025-08-20
6304,reuniao,2025-08-25
6304,proposta,2025-08-23
6304,perdido,2025-09-17
6305,lead,2024-09-02
6305,contato,2024-09-11
6305,reuniao,2024-09-16
6305,proposta,2024-09-27
6305,perdido,2024-10-18
6306,lead,2025-06-02
6306,contato,2025-06-09
6306,perdido,2025-06-30
6307,lead,2025-01-27
6307,perdido,2025-02-26
6308,lead,2024-09-02
6308,perdido,2024-09-29
6309,lead,2025-10-16
6309,perdido,2025-10-27
6310,lead,2024-04-09
6310,perdido,2024-05-08
6311,lead,2025-07-30
6311,contato,2025-08-13
6311,perdido,2025-08-24
6312,lead,2024-05-16
6312,perdido,2024-06-09
6313,lead,2025-10-05
6313,contato,2025-10-22
6313,reuniao,2025-11-03
6313,proposta,2025-11-21
6313,fechado,2025-11-22
6314,lead,2025-05-24
6314,contato,2025-05-28
6314,reuniao,2025-06-08
6314,proposta,2025-06-16
6314,perdido,2025-06-20
6315,lead,2024-11-29
6315,contato,2025-01-09
6315,reuniao,2025-02-04
6315,perdido,2025-02-18
6316,lead,2024-02-14
6316,perdido,2024-03-01
6317,lead,2024-04-23
6317,perdido,2024-05-20
6318,lead,2024-04-12
6318,contato,2024-04-18
6318,reuniao,2024-05-03
6318,proposta,2024-05-22
6318,perdido,2024-06-07
6319,lead,2025-06-24
6319,contato,2025-06-28
6319,reuniao,2025-07-05
6319,proposta,2025-07-11
6319,perdido,2025-08-04
6320,lead,2025-03-14
6320,perdido,2025-03-24
6321,lead,2024-05-20
6321,perdido,2024-06-08
6322,lead,2024-09-16
6322,contato,2024-09-20
6322,reuniao,2024-10-02
6322,perdido,2024-10-12
6323,lead,2024-08-01
6323,contato,2024-08-06
6323,reuniao,2024-08-14
6323,perdido,2024-08-30
6324,lead,2025-04-03
6324,contato,2025-04-13
6324,perdido,2025-04-26
6325,lead,2024-08-19
6325,perdido,2024-08-25
6326,lead,2025-06-30
6326,perdido,2025-07-14
6327,lead,2025-05-04
6327,contato,2025-05-12
6327,perdido,2025-05-16
6328,lead,2024-06-08
6328,contato,2024-07-02
6328,perdido,2024-07-11
6329,lead,2024-08-13
6329,contato,2024-08-31
6329,perdido,2024-09-12
6330,lead,2025-01-28
6330,contato,2025-02-09
6330,perdido,2025-02-17
6331,lead,2025-10-16
6331,perdido,2025-10-30
6332,lead,2024-03-06
6332,contato,2024-03-19
6332,perdido,2024-03-26
6333,lead,2024-09-09
6333,contato,2024-09-21
6333,perdido,2024-10-16
6334,lead,2025-02-27
6334,contato,2025-03-04
6334,perdido,2025-03-13
6335,lead,2024-08-14
6335,contato,2024-08-16
6335,perdido,2024-09-07
6336,lead,2024-07-16
6336,contato,2024-07-23
6336,reuniao,2024-08-01
6336,proposta,2024-08-06
6336,perdido,2024-08-15
6337,lead,2024-11-02
6337,contato,2024-11-08
6337,reuniao,2024-11-30
6337,proposta,2024-12-15
6337,perdido,2025-01-09
6338,lead,2024-05-02
6338,contato,2024-05-16
6338,reuniao,2024-06-08
6338,proposta,2024-07-03
6338,perdido,2024-07-09
6339,lead,2025-03-01
6339,contato,2025-03-07
6339,reuniao,2025-03-10
6339,proposta,2025-04-06
6339,perdido,2025-04-23
6340,lead,2025-09-24
6340,contato,2025-10-17
6340,reuniao,2025-11-07
6340,perdido,2025-12-05
6341,lead,2025-10-18
6341,contato,2025-10-24
6341,reuniao,2025-11-09
6341,perdido,2025-12-01
6342,lead,2024-12-05
6342,contato,2024-12-13
6342,reuniao,2024-12-30
6342,perdido,2025-01-07
6343,lead,2024-07-20
6343,perdido,2024-08-16
6344,lead,2024-09-27
6344,contato,2024-10-07
6344,perdido,2024-10-22
6345,lead,2024-05-28
6345,perdido,2024-06-23
6346,lead,2025-02-26
6346,contato,2025-03-19
6346,reuniao,2025-04-01
6346,perdido,2025-04-12
6347,lead,2024-03-22
6347,contato,2024-03-29
6347,reuniao,2024-04-03
6347,perdido,2024-04-09
6348,lead,2024-08-09
6348,contato,2024-08-17
6348,reuniao,2024-08-22
6348,proposta,2024-08-29
6348,perdido,2024-09-06
6349,lead,2024-04-16
6349,perdido,2024-04-25
6350,lead,2024-05-11
6350,perdido,2024-06-06
6351,lead,2025-04-17
6351,contato,2025-04-24
6351,reuniao,2025-05-08
6351,proposta,2025-05-13
6351,perdido,2025-06-11
6352,lead,2025-12-25
6352,contato,2025-12-28
6353,lead,2025-04-20
6353,contato,2025-05-01
6353,reuniao,2025-05-06
6353,perdido,2025-05-29
6354,lead,2024-06-09
6354,contato,2024-06-13
6354,reuniao,2024-06-14
6354,proposta,2024-06-20
6354,perdido,2024-06-26
6355,lead,2024-10-15
6355,perdido,2024-11-12
6356,lead,2025-03-18
6356,contato,2025-04-16
6356,perdido,2025-04-20
6357,lead,2025-09-16
6357,contato,2025-10-02
6357,reuniao,2025-10-19
6357,proposta,2025-10-26
6357,perdido,2025-11-14
6358,lead,2025-05-18
6358,contato,2025-06-03
6358,reuniao,2025-06-08
6358,proposta,2025-06-21
6358,perdido,2025-07-16
6359,lead,2024-03-29
6359,perdido,2024-04-15
6360,lead,2025-03-02
6360,contato,2025-03-10
6360,reuniao,2025-03-25
6360,proposta,2025-04-15
6360,perdido,2025-05-07
6361,lead,2024-05-05
6361,perdido,2024-05-31
6362,lead,2024-09-21
6362,contato,2024-09-27
6362,perdido,2024-10-14
6363,lead,2025-11-30
6363,contato,2025-12-04
6363,reuniao,2025-12-20
6364,lead,2025-10-04
6364,perdido,2025-11-03
6365,lead,2024-06-20
6365,perdido,2024-06-26
6366,lead,2025-05-29
6366,contato,2025-06-03
6366,reuniao,2025-06-12
6366,perdido,2025-06-26
6367,lead,2024-08-18
6367,contato,2024-08-25
6367,perdido,2024-09-04
6368,lead,2024-01-05
6368,contato,2024-01-11
6368,perdido,2024-02-04
6369,lead,2025-09-04
6369,contato,2025-09-22
6369,reuniao,2025-10-01
6369,perdido,2025-10-04
6370,lead,2025-08-13
6370,contato,2025-08-15
6370,reuniao,2025-08-29
6370,perdido,2025-09-12
6371,lead,2024-07-20
6371,contato,2024-07-26
6371,reuniao,2024-08-05
6371,proposta,2024-08-22
6371,fechado,2024-08-30
6372,lead,2025-07-03
6372,contato,2025-07-04
6372,perdido,2025-07-09
6373,lead,2024-01-18
6373,contato,2024-01-30
6373,reuniao,2024-02-13
6373,perdido,2024-03-08
6374,lead,2025-01-22
6374,contato,2025-02-06
6374,perdido,2025-02-26
6375,lead,2025-12-15
6375,perdido,2025-12-18
6376,lead,2025-07-16
6376,contato,2025-07-24
6376,reuniao,2025-08-04
6376,perdido,2025-08-16
6377,lead,2025-02-12
6377,perdido,2025-03-06
6378,lead,2024-09-15
6378,contato,2024-09-20
6378,perdido,2024-09-30
6379,lead,2025-06-03
6379,contato,2025-06-19
6379,perdido,2025-07-10
6380,lead,2025-12-09
6380,perdido,2025-12-17
6381,lead,2024-05-02
6381,contato,2024-05-04
6381,perdido,2024-05-07
6382,lead,2024-01-28
6382,perdido,2024-02-03
6383,lead,2024-09-23
6383,contato,2024-10-14
6383,reuniao,2024-10-24
6383,perdido,2024-11-02
6384,lead,2025-01-10
6384,contato,2025-01-14
6384,reuniao,2025-02-04
6384,proposta,2025-03-04
6384,perdido,2025-03-19
6385,lead,2024-06-10
6385,contato,2024-06-13
6385,perdido,2024-07-11
6386,lead,2025-03-10
6386,contato,2025-04-06
6386,perdido,2025-04-18
6387,lead,2024-07-30
6387,contato,2024-08-14
6387,perdido,2024-08-19
6388,lead,2025-12-15
6388,contato,2025-12-27
6389,lead,2024-06-27
6389,perdido,2024-07-14
6390,lead,2025-07-28
6390,contato,2025-08-03
6390,perdido,2025-08-09
6391,lead,2025-11-29
6391,contato,2025-12-02
6391,reuniao,2025-12-14
6391,perdido,2025-12-18
6392,lead,2024-12-30
6392,contato,2025-01-11
6392,perdido,2025-01-30
6393,lead,2024-05-07
6393,contato,2024-05-09
6393,reuniao,2024-05-19
6393,proposta,2024-06-08
6393,perdido,2024-07-05
6394,lead,2025-10-03
6394,contato,2025-11-18
6394,reuniao,2025-11-30
6394,proposta,2025-11-21
6394,perdido,2025-12-24
6395,lead,2024-10-11
6395,contato,2024-10-31
6395,perdido,2024-11-04
6396,lead,2025-01-25
6396,contato,2025-02-12
6396,reuniao,2025-02-22
6396,perdido,2025-03-21
6397,lead,2024-01-28
6397,contato,2024-02-12
6397,perdido,2024-03-06
6398,lead,2024-09-02
6398,contato,2024-09-17
6398,perdido,2024-09-20
6399,lead,2025-01-31
6399,perdido,2025-02-13
6400,lead,2025-05-03
6400,contato,2025-05-11
6400,perdido,2025-06-09
6401,lead,2025-11-18
6401,perdido,2025-12-18
6402,lead,2025-02-17
6402,contato,2025-02-26
6402,reuniao,2025-03-03
6402,proposta,2025-03-07
6402,perdido,2025-03-21
6403,lead,2024-07-02
6403,contato,2024-07-17
6403,reuniao,2024-08-06
6403,perdido,2024-08-25
6404,lead,2025-02-01
6404,contato,2025-02-16
6404,reuniao,2025-03-05
6404,perdido,2025-03-26
6405,lead,2024-02-10
6405,contato,2024-02-24
6405,reuniao,2024-03-16
6405,perdido,2024-03-19
6406,lead,2024-03-31
6406,contato,2024-04-12
6406,reuniao,2024-04-15
6406,proposta,2024-05-01
6406,perdido,2024-05-21
6407,lead,2024-09-04
6407,contato,2024-09-26
6407,reuniao,2024-10-05
6407,proposta,2024-10-15
6407,perdido,2024-10-30
6408,lead,2024-01-13
6408,contato,2024-01-17
6408,reuniao,2024-01-20
6408,perdido,2024-01-27
6409,lead,2024-02-13
6409,contato,2024-02-26
6409,perdido,2024-03-26
6410,lead,2024-01-05
6410,contato,2024-01-14
6410,perdido,2024-02-12
6411,lead,2024-04-24
6411,contato,2024-05-01
6411,perdido,2024-05-26
6412,lead,2025-08-15
6412,contato,2025-08-30
6412,perdido,2025-09-15
6413,lead,2024-09-04
6413,perdido,2024-09-28
6414,lead,2025-10-12
6414,contato,2025-10-26
6414,reuniao,2025-11-20
6414,perdido,2025-12-15
6415,lead,2025-09-29
6415,perdido,2025-10-26
6416,lead,2025-09-14
6416,contato,2025-10-02
6416,perdido,2025-10-11
6417,lead,2024-05-16
6417,contato,2024-05-22
6417,perdido,2024-06-02
6418,lead,2024-08-28
6418,contato,2024-09-01
6418,reuniao,2024-09-05
6418,perdido,2024-09-13
6419,lead,2024-12-02
6419,contato,2024-12-14
6419,reuniao,2024-12-24
6419,proposta,2025-01-06
6419,perdido,2025-01-30
6420,lead,2024-11-02
6420,contato,2024-11-14
6420,reuniao,2024-11-24
6420,perdido,2024-12-23
6421,lead,2024-02-16
6421,contato,2024-03-08
6421,perdido,2024-04-03
6422,lead,2024-06-05
6422,contato,2024-06-13
6422,perdido,2024-07-09
6423,lead,2025-03-13
6423,contato,2025-03-18
6423,perdido,2025-04-08
6424,lead,2025-04-21
6424,contato,2025-04-30
6424,reuniao,2025-05-09
6424,perdido,2025-05-27
6425,lead,2024-09-14
6425,perdido,2024-10-08
6426,lead,2024-07-22
6426,contato,2024-07-30
6426,perdido,2024-08-07
6427,lead,2025-02-19
6427,contato,2025-03-01
6427,reuniao,2025-03-24
6427,proposta,2025-04-06
6427,perdido,2025-05-02
6428,lead,2025-04-11
6428,contato,2025-04-16
6428,reuniao,2025-04-17
6428,perdido,2025-05-05
6429,lead,2025-05-16
6429,contato,2025-05-28
6429,reuniao,2025-05-30
6429,perdido,2025-06-20
6430,lead,2025-08-03
6430,contato,2025-08-07
6430,reuniao,2025-08-18
6430,perdido,2025-09-07
6431,lead,2025-02-17
6431,contato,2025-02-23
6431,reuniao,2025-03-03
6431,proposta,2025-03-09
6431,perdido,2025-04-05
6432,lead,2024-09-24
6432,perdido,2024-10-04
6433,lead,2024-09-02
6433,contato,2024-09-07
6433,reuniao,2024-09-21
6433,perdido,2024-10-08
6434,lead,2024-01-20
6434,contato,2024-02-05
6434,reuniao,2024-03-19
6434,proposta,2024-03-30
6434,perdido,2024-04-13
6435,lead,2024-10-22
6435,contato,2024-11-05
6435,reuniao,2024-12-26
6435,perdido,2025-01-07
6436,lead,2025-09-17
6436,contato,2025-10-14
6436,perdido,2025-11-13
6437,lead,2025-03-18
6437,perdido,2025-03-25
6438,lead,2025-02-23
6438,contato,2025-03-06
6438,reuniao,2025-03-24
6438,perdido,2025-04-18
6439,lead,2024-05-25
6439,contato,2024-05-31
6439,perdido,2024-06-26
6440,lead,2025-02-25
6440,contato,2025-03-01
6440,reuniao,2025-03-18
6440,proposta,2025-04-02
6440,perdido,2025-04-29
6441,lead,2024-04-23
6441,contato,2024-04-25
6441,reuniao,2024-05-01
6441,perdido,2024-05-16
6442,lead,2024-08-27
6442,perdido,2024-09-12
6443,lead,2025-02-18
6443,contato,2025-02-23
6443,reuniao,2025-03-02
6443,proposta,2025-03-16
6443,perdido,2025-04-01
6444,lead,2024-01-26
6444,contato,2024-02-07
6444,perdido,2024-03-06
6445,lead,2024-08-03
6445,perdido,2024-08-11
6446,lead,2024-02-21
6446,contato,2024-02-24
6446,reuniao,2024-02-28
6446,perdido,2024-03-06
6447,lead,2024-04-11
6447,perdido,2024-04-15
6448,lead,2024-09-05
6448,contato,2024-09-07
6448,reuniao,2024-09-27
6448,perdido,2024-10-23
6449,lead,2025-05-03
6449,perdido,2025-05-29
6450,lead,2024-06-28
6450,contato,2024-07-11
6450,perdido,2024-08-03
6451,lead,2024-01-12
6451,contato,2024-01-21
6451,reuniao,2024-02-04
6451,perdido,2024-02-24
6452,lead,2024-10-09
6452,perdido,2024-10-17
6453,lead,2024-05-23
6453,contato,2024-05-27
6453,reuniao,2024-06-03
6453,perdido,2024-06-13
6454,lead,2025-07-08
6454,contato,2025-07-24
6454,reuniao,2025-07-27
6454,proposta,2025-08-04
6454,fechado,2025-08-10
6455,lead,2025-08-12
6455,contato,2025-08-19
6455,perdido,2025-09-10
6456,lead,2025-04-17
6456,contato,2025-05-07
6456,perdido,2025-05-30
6457,lead,2025-03-08
6457,contato,2025-03-17
6457,reuniao,2025-03-24
6457,proposta,2025-04-11
6457,fechado,2025-04-19
6458,lead,2025-05-30
6458,perdido,2025-06-24
6459,lead,2024-09-22
6459,perdido,2024-10-21
6460,lead,2025-04-02
6460,contato,2025-04-24
6460,reuniao,2025-05-19
6460,proposta,2025-05-28
6460,perdido,2025-05-31
6461,lead,2024-10-24
6461,perdido,2024-10-28
6462,lead,2024-10-31
6462,perdido,2024-11-07
6463,lead,2025-07-16
6463,contato,2025-08-04
6463,perdido,2025-08-25
6464,lead,2025-07-18
6464,contato,2025-07-31
6464,reuniao,2025-08-03
6464,proposta,2025-08-13
6464,perdido,2025-08-30
6465,lead,2024-10-10
6465,contato,2024-10-17
6465,reuniao,2024-10-23
6465,perdido,2024-11-12
6466,lead,2025-11-07
6466,perdido,2025-11-11
6467,lead,2025-01-23
6467,contato,2025-01-31
6467,reuniao,2025-02-16
6467,perdido,2025-02-21
6468,lead,2024-12-19
6468,contato,2025-01-08
6468,reuniao,2025-01-12
6468,proposta,2025-01-18
6468,fechado,2025-01-23
6469,lead,2025-01-01
6469,contato,2025-01-17
6469,reuniao,2025-01-23
6469,proposta,2025-01-28
6469,perdido,2025-02-25
6470,lead,2025-07-09
6470,contato,2025-07-13
6470,reuniao,2025-07-30
6470,perdido,2025-08-03
6471,lead,2025-12-02
6471,perdido,2025-12-25
6472,lead,2025-05-01
6472,contato,2025-05-31
6472,perdido,2025-06-29
6473,lead,2024-08-27
6473,contato,2024-09-12
6473,reuniao,2024-09-20
6473,perdido,2024-10-18
6474,lead,2025-01-09
6474,contato,2025-01-15
6474,reuniao,2025-01-18
6474,perdido,2025-01-22
6475,lead,2024-07-31
6475,contato,2024-08-04
6475,reuniao,2024-08-24
6475,perdido,2024-09-14
6476,lead,2025-04-04
6476,contato,2025-04-09
6476,perdido,2025-04-30
6477,lead,2025-12-31
6478,lead,2025-09-15
6478,contato,2025-09-22
6478,perdido,2025-10-06
6479,lead,2024-12-06
6479,contato,2024-12-15
6479,reuniao,2024-12-21
6479,proposta,2024-12-28
6479,fechado,2025-01-04
6480,lead,2024-08-28
6480,perdido,2024-09-24
6481,lead,2024-11-19
6481,contato,2024-11-21
6481,reuniao,2024-12-06
6481,proposta,2024-12-08
6481,perdido,2024-12-31
6482,lead,2024-08-07
6482,contato,2024-08-09
6482,reuniao,2024-08-13
6482,perdido,2024-08-18
6483,lead,2025-12-24
6484,lead,2024-05-09
6484,perdido,2024-05-31
6485,lead,2025-08-02
6485,contato,2025-08-12
6485,perdido,2025-09-09
6486,lead,2024-10-20
6486,perdido,2024-10-26
6487,lead,2025-04-03
6487,perdido,2025-04-13
6488,lead,2025-10-27
6488,contato,2025-11-01
6488,reuniao,2025-11-05
6488,perdido,2025-11-17
6489,lead,2025-02-22
6489,perdido,2025-02-27
6490,lead,2025-03-10
6490,contato,2025-03-24
6490,perdido,2025-04-08
6491,lead,2024-01-21
6491,contato,2024-02-01
6491,reuniao,2024-02-19
6491,proposta,2024-02-25
6491,perdido,2024-03-17
6492,lead,2024-03-18
6492,contato,2024-04-04
6492,perdido,2024-04-14
6493,lead,2025-01-23
6493,perdido,2025-02-11
6494,lead,2024-09-18
6494,perdido,2024-09-21
6495,lead,2025-03-05
6495,perdido,2025-03-11
6496,lead,2024-09-28
6496,perdido,2024-10-24
6497,lead,2024-04-19
6497,contato,2024-05-07
6497,reuniao,2024-05-28
6497,proposta,2024-05-31
6497,perdido,2024-06-20
6498,lead,2025-07-23
6498,perdido,2025-08-01
6499,lead,2025-08-31
6499,contato,2025-09-05
6499,perdido,2025-09-19
6500,lead,2025-12-02
6500,perdido,2025-12-31
6501,lead,2024-05-08
6501,contato,2024-05-17
6501,reuniao,2024-05-23
6501,proposta,2024-05-27
6501,perdido,2024-06-03
6502,lead,2024-08-03
6502,contato,2024-08-25
6502,reuniao,2024-09-01
6502,perdido,2024-09-16
6503,lead,2024-07-09
6503,contato,2024-07-25
6503,reuniao,2024-07-29
6503,proposta,2024-08-05
6503,fechado,2024-08-14
6504,lead,2025-11-01
6504,contato,2025-11-09
6504,reuniao,2025-11-16
6504,proposta,2025-12-06
6504,perdido,2025-12-27
6505,lead,2025-02-26
6505,contato,2025-03-18
6505,reuniao,2025-04-16
6505,perdido,2025-05-05
6506,lead,2025-10-27
6506,contato,2025-11-08
6506,reuniao,2025-11-16
6506,proposta,2025-11-18
6506,fechado,2025-11-29
6507,lead,2025-10-03
6507,contato,2025-10-26
6507,perdido,2025-10-30
6508,lead,2024-06-10
6508,contato,2024-06-15
6508,perdido,2024-06-28
6509,lead,2024-10-30
6509,contato,2024-11-04
6509,reuniao,2024-11-15
6509,proposta,2024-12-04
6509,perdido,2024-12-31
6510,lead,2024-10-20
6510,contato,2024-10-29
6510,perdido,2024-11-17
6511,lead,2024-12-19
6511,perdido,2024-12-27
6512,lead,2025-12-29
6513,lead,2024-04-18
6513,perdido,2024-05-11
6514,lead,2025-07-03
6514,contato,2025-07-19
6514,reuniao,2025-07-26
6514,proposta,2025-08-10
6514,perdido,2025-09-06
6515,lead,2024-05-28
6515,contato,2024-06-09
6515,reuniao,2024-06-11
6515,proposta,2024-07-07
6515,perdido,2024-08-06
6516,lead,2025-06-06
6516,contato,2025-06-14
6516,reuniao,2025-06-27
6516,perdido,2025-07-13
6517,lead,2024-05-09
6517,contato,2024-05-15
6517,perdido,2024-06-02
6518,lead,2025-01-15
6518,perdido,2025-02-03
6519,lead,2025-04-14
6519,contato,2025-04-15
6519,perdido,2025-05-07
6520,lead,2024-11-02
6520,perdido,2024-11-16
6521,lead,2025-12-01
6521,contato,2025-12-09
6522,lead,2025-05-12
6522,perdido,2025-06-02
6523,lead,2024-04-06
6523,perdido,2024-05-05
6524,lead,2024-09-19
6524,contato,2024-09-27
6524,perdido,2024-10-26
6525,lead,2024-08-05
6525,contato,2024-08-10
6525,reuniao,2024-08-19
6525,proposta,2024-08-26
6525,perdido,2024-09-20
6526,lead,2024-07-21
6526,perdido,2024-08-15
6527,lead,2024-05-16
6527,contato,2024-06-06
6527,reuniao,2024-06-11
6527,proposta,2024-06-14
6527,perdido,2024-06-29
6528,lead,2024-04-27
6528,contato,2024-05-08
6528,reuniao,2024-05-14
6528,proposta,2024-05-26
6528,perdido,2024-06-02
6529,lead,2025-09-18
6529,contato,2025-10-08
6529,reuniao,2025-10-20
6529,perdido,2025-11-11
6530,lead,2025-12-22
6531,lead,2024-04-08
6531,perdido,2024-04-25
6532,lead,2025-07-18
6532,contato,2025-07-25
6532,perdido,2025-08-07
6533,lead,2024-05-28
6533,contato,2024-06-03
6533,perdido,2024-06-12
6534,lead,2025-01-12
6534,contato,2025-01-23
6534,reuniao,2025-02-07
6534,perdido,2025-02-22
6535,lead,2024-05-05
6535,contato,2024-05-21
6535,reuniao,2024-05-24
6535,perdido,2024-06-13
6536,lead,2024-07-01
6536,perdido,2024-07-18
6537,lead,2024-10-17
6537,contato,2024-10-26
6537,reuniao,2024-11-19
6537,proposta,2024-11-21
6537,fechado,2024-11-30
6538,lead,2025-05-12
6538,contato,2025-05-29
6538,reuniao,2025-05-10
6538,proposta,2025-06-05
6538,fechado,2025-06-06
6539,lead,2024-12-07
6539,contato,2024-12-13
6539,perdido,2024-12-17
6540,lead,2025-08-03
6540,perdido,2025-08-21
6541,lead,2024-02-26
6541,perdido,2024-03-05
6542,lead,2025-02-10
6542,perdido,2025-03-02
6543,lead,2024-03-03
6543,contato,2024-03-12
6543,perdido,2024-03-19
6544,lead,2024-03-10
6544,contato,2024-03-23
6544,perdido,2024-04-18
6545,lead,2024-08-01
6545,contato,2024-08-07
6545,reuniao,2024-08-18
6545,proposta,2024-08-30
6545,perdido,2024-09-24
6546,lead,2024-03-02
6546,contato,2024-03-25
6546,reuniao,2024-04-09
6546,perdido,2024-04-24
6547,lead,2025-07-06
6547,contato,2025-07-10
6547,reuniao,2025-07-27
6547,proposta,2025-08-05
6547,perdido,2025-08-25
6548,lead,2025-01-04
6548,contato,2025-01-16
6548,reuniao,2025-02-21
6548,perdido,2025-02-27
6549,lead,2025-03-29
6549,contato,2025-03-30
6549,reuniao,2025-04-03
6549,proposta,2025-04-11
6549,perdido,2025-05-07
6550,lead,2024-02-01
6550,perdido,2024-02-04
6551,lead,2024-05-25
6551,contato,2024-06-26
6551,perdido,2024-07-18
6552,lead,2025-01-13
6552,contato,2025-01-16
6552,reuniao,2025-01-26
6552,proposta,2025-02-16
6552,perdido,2025-03-02
6553,lead,2024-02-17
6553,contato,2024-02-25
6553,perdido,2024-03-03
6554,lead,2024-04-09
6554,perdido,2024-04-29
6555,lead,2024-01-13
6555,perdido,2024-01-24
6556,lead,2025-10-19
6556,contato,2025-11-09
6556,reuniao,2025-11-21
6556,proposta,2025-12-02
6556,perdido,2025-12-19
6557,lead,2024-11-02
6557,perdido,2024-11-06
6558,lead,2024-01-26
6558,contato,2024-01-28
6558,reuniao,2024-01-31
6558,proposta,2024-02-14
6558,perdido,2024-02-17
6559,lead,2024-11-25
6559,contato,2024-12-02
6559,reuniao,2024-12-25
6559,perdido,2025-01-21
6560,lead,2025-10-01
6560,perdido,2025-10-05
6561,lead,2024-04-30
6561,perdido,2024-05-16
6562,lead,2024-06-04
6562,contato,2024-06-21
6562,reuniao,2024-06-30
6562,proposta,2024-07-09
6562,perdido,2024-07-22
6563,lead,2025-12-15
6563,perdido,2025-12-24
6564,lead,2025-09-07
6564,contato,2025-09-11
6564,perdido,2025-09-22
6565,lead,2025-01-27
6565,contato,2025-02-05
6565,reuniao,2025-02-22
6565,proposta,2025-02-26
6565,perdido,2025-03-05
6566,lead,2024-04-27
6566,contato,2024-05-05
6566,reuniao,2024-05-09
6566,perdido,2024-05-19
6567,lead,2024-05-22
6567,contato,2024-05-30
6567,reuniao,2024-06-15
6567,perdido,2024-06-20
6568,lead,2025-09-12
6568,contato,2025-09-16
6568,reuniao,2025-09-19
6568,perdido,2025-10-11
6569,lead,2025-04-20
6569,contato,2025-04-23
6569,perdido,2025-05-20
6570,lead,2024-09-04
6570,contato,2024-09-14
6570,perdido,2024-09-29
6571,lead,2024-01-15
6571,contato,2024-01-29
6571,reuniao,2024-02-14
6571,proposta,2024-02-16
6571,perdido,2024-03-04
6572,lead,2024-03-23
6572,perdido,2024-04-21
6573,lead,2025-05-29
6573,perdido,2025-06-09
6574,lead,2025-04-01
6574,perdido,2025-04-14
6575,lead,2024-09-10
6575,contato,2024-09-16
6575,reuniao,2024-09-29
6575,proposta,2024-10-10
6575,fechado,2024-10-15
6576,lead,2025-02-22
6576,contato,2025-02-28
6576,reuniao,2025-04-20
6576,perdido,2025-04-29
6577,lead,2025-06-19
6577,contato,2025-06-24
6577,perdido,2025-07-15
6578,lead,2025-03-28
6578,perdido,2025-04-24
6579,lead,2024-06-06
6579,contato,2024-06-19
6579,reuniao,2024-06-27
6579,proposta,2024-07-16
6579,perdido,2024-08-14
6580,lead,2025-11-19
6580,contato,2025-12-07
6580,perdido,2025-12-21
6581,lead,2024-01-14
6581,contato,2024-01-31
6581,reuniao,2024-02-07
6581,proposta,2024-02-11
6581,perdido,2024-02-25
6582,lead,2025-02-01
6582,perdido,2025-02-05
6583,lead,2024-05-24
6583,contato,2024-05-26
6583,reuniao,2024-06-07
6583,perdido,2024-06-21
6584,lead,2025-05-13
6584,perdido,2025-05-28
6585,lead,2025-02-04
6585,contato,2025-02-28
6585,reuniao,2025-03-07
6585,perdido,2025-03-28
6586,lead,2024-05-04
6586,contato,2024-05-10
6586,perdido,2024-05-20
6587,lead,2025-01-03
6587,perdido,2025-01-27
6588,lead,2025-01-11
6588,contato,2025-01-18
6588,reuniao,2025-01-24
6588,perdido,2025-02-01
6589,lead,2024-10-24
6589,contato,2024-11-11
6589,reuniao,2024-11-24
6589,perdido,2024-12-02
6590,lead,2024-01-24
6590,perdido,2024-02-01
6591,lead,2024-05-12
6591,contato,2024-05-16
6591,reuniao,2024-06-01
6591,proposta,2024-06-15
6591,perdido,2024-07-15
6592,lead,2025-12-03
6592,contato,2025-12-07
6592,perdido,2025-12-27
6593,lead,2024-04-29
6593,contato,2024-05-03
6593,reuniao,2024-05-13
6593,proposta,2024-04-27
6593,perdido,2024-06-02
6594,lead,2024-11-24
6594,contato,2024-12-05
6594,reuniao,2024-12-11
6594,proposta,2024-12-15
6594,perdido,2024-12-23
6595,lead,2024-07-20
6595,contato,2024-07-28
6595,reuniao,2024-08-02
6595,proposta,2024-08-12
6595,perdido,2024-08-15
6596,lead,2025-06-21
6596,perdido,2025-07-05
6597,lead,2025-02-14
6597,contato,2025-02-27
6597,reuniao,2025-03-18
6597,perdido,2025-04-14
6598,lead,2025-05-19
6598,perdido,2025-06-05
6599,lead,2025-03-24
6599,contato,2025-04-03
6599,reuniao,2025-04-12
6599,proposta,2025-04-16
6599,perdido,2025-05-06
6600,lead,2025-01-02
6600,contato,2025-01-12
6600,perdido,2025-01-23
6601,lead,2025-11-26
6601,contato,2025-12-14
6601,reuniao,2025-12-27
6602,lead,2025-05-10
6602,contato,2025-06-03
6602,perdido,2025-06-15
6603,lead,2025-04-30
6603,contato,2025-05-06
6603,perdido,2025-05-13
6604,lead,2025-05-01
6604,perdido,2025-05-12
6605,lead,2024-11-30
6605,contato,2024-12-13
6605,perdido,2024-12-21
6606,lead,2025-03-28
6606,contato,2025-04-04
6606,reuniao,2025-04-28
6606,proposta,2025-05-24
6606,perdido,2025-05-31
6607,lead,2025-03-02
6607,contato,2025-03-10
6607,reuniao,2025-03-26
6607,perdido,2025-04-05
6608,lead,2025-10-02
6608,contato,2025-10-07
6608,reuniao,2025-10-20
6608,perdido,2025-10-28
6609,lead,2025-12-12
6609,contato,2025-12-18
6609,reuniao,2025-12-23
6609,proposta,2025-12-31
6610,lead,2024-12-15
6610,perdido,2025-01-12
6611,lead,2025-02-28
6611,contato,2025-03-09
6611,reuniao,2025-03-14
6611,proposta,2025-03-17
6611,perdido,2025-03-27
6612,lead,2024-07-17
6612,contato,2024-07-30
6612,reuniao,2024-08-12
6612,proposta,2024-08-26
6612,perdido,2024-09-23
6613,lead,2025-08-31
6613,perdido,2025-09-18
6614,lead,2025-05-16
6614,contato,2025-05-21
6614,perdido,2025-05-29
6615,lead,2025-10-28
6615,contato,2025-11-01
6615,reuniao,2025-11-13
6615,proposta,2025-11-29
6615,perdido,2025-12-19
6616,lead,2025-03-02
6616,contato,2025-03-04
6616,perdido,2025-03-18
6617,lead,2025-05-14
6617,contato,2025-05-21
6617,reuniao,2025-05-22
6617,proposta,2025-06-07
6617,fechado,2025-07-08
6618,lead,2024-02-25
6618,contato,2024-03-13
6618,reuniao,2024-03-25
6618,proposta,2024-04-07
6618,perdido,2024-05-04
6619,lead,2025-03-04
6619,contato,2025-03-12
6619,perdido,2025-03-25
6620,lead,2024-09-23
6620,contato,2024-09-27
6620,perdido,2024-10-27
6621,lead,2025-01-05
6621,contato,2025-01-15
6621,reuniao,2025-01-21
6621,proposta,2025-02-01
6621,fechado,2025-02-13
6622,lead,2024-08-15
6622,contato,2024-08-16
6622,reuniao,2024-08-23
6622,proposta,2024-08-28
6622,perdido,2024-09-25
6623,lead,2024-07-15
6623,contato,2024-08-20
6623,perdido,2024-08-29
6624,lead,2025-08-11
6624,contato,2025-08-23
6624,perdido,2025-08-28
6625,lead,2025-02-01
6625,contato,2025-02-18
6625,reuniao,2025-02-21
6625,proposta,2025-02-25
6625,perdido,2025-03-10
6626,lead,2024-06-17
6626,contato,2024-07-02
6626,perdido,2024-07-28
6627,lead,2025-06-29
6627,perdido,2025-07-20
6628,lead,2024-02-12
6628,contato,2024-02-19
6628,perdido,2024-03-09
6629,lead,2024-07-19
6629,contato,2024-08-11
6629,reuniao,2024-09-04
6629,proposta,2024-09-14
6629,perdido,2024-09-26
6630,lead,2024-08-23
6630,perdido,2024-09-10
6631,lead,2024-04-21
6631,contato,2024-04-23
6631,perdido,2024-05-15
6632,lead,2025-08-29
6632,contato,2025-09-07
6632,reuniao,2025-09-18
6632,perdido,2025-10-17
6633,lead,2025-04-19
6633,contato,2025-04-21
6633,perdido,2025-05-02
6634,lead,2025-04-16
6634,perdido,2025-04-29
6635,lead,2025-02-23
6635,perdido,2025-03-01
6636,lead,2024-09-24
6636,contato,2024-10-24
6636,perdido,2024-11-04
6637,lead,2025-04-08
6637,contato,2025-05-10
6637,reuniao,2025-05-28
6637,perdido,2025-06-07
6638,lead,2025-06-04
6638,perdido,2025-06-07
6639,lead,2025-01-22
6639,contato,2025-02-05
6639,perdido,2025-03-07
6640,lead,2024-12-04
6640,contato,2024-12-19
6640,perdido,2025-01-05
6641,lead,2024-05-25
6641,perdido,2024-06-13
6642,lead,2024-02-18
6642,perdido,2024-03-04
6643,lead,2024-01-24
6643,contato,2024-01-31
6643,reuniao,2024-02-05
6643,perdido,2024-03-02
6644,lead,2025-05-18
6644,contato,2025-05-28
6644,reuniao,2025-06-11
6644,proposta,2025-06-22
6644,perdido,2025-07-03
6645,lead,2024-09-02
6645,contato,2024-09-05
6645,reuniao,2024-09-08
6645,proposta,2024-09-12
6645,fechado,2024-09-21
6646,lead,2025-05-14
6646,perdido,2025-05-19
6647,lead,2025-01-04
6647,contato,2025-01-22
6647,perdido,2025-02-15
6648,lead,2024-11-14
6648,contato,2024-11-26
6648,reuniao,2024-12-18
6648,perdido,2025-01-17
6649,lead,2025-03-18
6649,perdido,2025-04-13
6650,lead,2024-04-25
6650,contato,2024-04-29
6650,perdido,2024-05-21
6651,lead,2025-12-13
6651,contato,2025-12-21
6652,lead,2024-08-18
6652,contato,2024-08-21
6652,reuniao,2024-08-30
6652,perdido,2024-09-23
6653,lead,2025-07-01
6653,contato,2025-07-07
6653,reuniao,2025-07-19
6653,proposta,2025-07-28
6653,perdido,2025-08-25
6654,lead,2024-06-13
6654,contato,2024-06-16
6654,reuniao,2024-07-08
6654,proposta,2024-07-24
6654,perdido,2024-08-03
6655,lead,2024-12-01
6655,perdido,2024-12-30
6656,lead,2024-12-30
6656,contato,2025-01-03
6656,reuniao,2025-01-20
6656,proposta,2025-01-31
6656,perdido,2025-02-22
6657,lead,2024-07-30
6657,perdido,2024-08-22
6658,lead,2024-09-02
6658,contato,2024-09-08
6658,reuniao,2024-09-13
6658,proposta,2024-09-26
6658,perdido,2024-10-07
6659,lead,2024-11-05
6659,contato,2024-12-04
6659,reuniao,2024-12-23
6659,proposta,2025-01-01
6659,perdido,2025-01-07
6660,lead,2025-08-24
6660,contato,2025-09-01
6660,reuniao,2025-09-04
6660,perdido,2025-09-28
6661,lead,2024-12-31
6661,contato,2025-01-10
6661,perdido,2025-01-14
6662,lead,2024-02-21
6662,contato,2024-02-23
6662,reuniao,2024-02-27
6662,proposta,2024-03-15
6662,perdido,2024-03-31
6663,lead,2024-05-20
6663,contato,2024-06-07
6663,perdido,2024-06-27
6664,lead,2025-12-19
6664,contato,2025-12-25
6665,lead,2024-02-22
6665,perdido,2024-03-07
6666,lead,2025-03-31
6666,contato,2025-04-04
6666,reuniao,2025-04-12
6666,perdido,2025-04-24
6667,lead,2024-05-16
6667,contato,2024-05-23
6667,reuniao,2024-05-29
6667,perdido,2024-06-23
6668,lead,2024-11-02
6668,contato,2024-11-11
6668,perdido,2024-11-24
6669,lead,2024-09-08
6669,contato,2024-09-18
6669,perdido,2024-09-30
6670,lead,2025-12-11
6670,contato,2025-12-18
6671,lead,2025-01-29
6671,perdido,2025-02-15
6672,lead,2024-06-14
6672,contato,2024-06-22
6672,reuniao,2024-06-27
6672,proposta,2024-07-10
6672,perdido,2024-07-25
6673,lead,2025-03-02
6673,contato,2025-03-06
6673,perdido,2025-04-04
6674,lead,2024-02-10
6674,contato,2024-02-11
6674,perdido,2024-03-04
6675,lead,2025-10-30
6675,contato,2025-11-24
6675,perdido,2025-12-10
6676,lead,2024-08-30
6676,contato,2024-09-17
6676,reuniao,2024-09-19
6676,proposta,2024-09-26
6676,perdido,2024-10-09
6677,lead,2025-09-28
6677,contato,2025-10-05
6677,reuniao,2025-10-09
6677,perdido,2025-10-17
6678,lead,2025-08-02
6678,contato,2025-08-06
6678,perdido,2025-08-20
6679,lead,2024-04-28
6679,perdido,2024-05-27
6680,lead,2025-11-27
6680,perdido,2025-12-23
6681,lead,2025-12-24
6682,lead,2025-07-30
6682,contato,2025-08-18
6682,reuniao,2025-08-21
6682,proposta,2025-08-24
6682,perdido,2025-09-21
6683,lead,2024-11-18
6683,perdido,2024-12-06
6684,lead,2025-04-18
6684,perdido,2025-05-13
6685,lead,2024-02-16
6685,contato,2024-02-18
6685,perdido,2024-02-25
6686,lead,2025-10-26
6686,contato,2025-11-13
6686,reuniao,2025-11-18
6686,proposta,2025-11-29
6686,perdido,2025-12-14
6687,lead,2024-05-23
6687,contato,2024-06-04
6687,reuniao,2024-06-08
6687,proposta,2024-06-23
6687,perdido,2024-07-01
6688,lead,2025-05-20
6688,perdido,2025-05-31
6689,lead,2025-07-27
6689,contato,2025-07-31
6689,perdido,2025-08-15
6690,lead,2025-12-04
6690,contato,2025-12-24
6691,lead,2025-08-14
6691,perdido,2025-09-04
6692,lead,2025-08-09
6692,contato,2025-08-27
6692,reuniao,2025-09-02
6692,proposta,2025-09-10
6692,perdido,2025-09-16
6693,lead,2025-05-12
6693,contato,2025-05-13
6693,reuniao,2025-05-17
6693,perdido,2025-06-07
6694,lead,2025-02-13
6694,contato,2025-03-16
6694,reuniao,2025-04-08
6694,proposta,2025-04-20
6694,perdido,2025-04-28
6695,lead,2024-01-24
6695,contato,2024-02-05
6695,reuniao,2024-02-10
6695,proposta,2024-02-14
6695,perdido,2024-03-11
6696,lead,2025-12-07
6697,lead,2024-11-16
6697,contato,2024-11-27
6697,reuniao,2024-12-08
6697,proposta,2024-12-13
6697,perdido,2025-01-08
6698,lead,2025-07-23
6698,perdido,2025-08-17
6699,lead,2024-09-23
6699,contato,2024-09-29
6699,reuniao,2024-10-11
6699,perdido,2024-10-28
6700,lead,2024-11-22
6700,contato,2024-12-03
6700,reuniao,2024-12-19
6700,proposta,2025-01-14
6700,perdido,2025-01-30
6701,lead,2024-11-27
6701,perdido,2024-12-17
6702,lead,2025-12-22
6703,lead,2024-05-16
6703,contato,2024-05-24
6703,reuniao,2024-06-02
6703,proposta,2024-06-04
6703,perdido,2024-06-17
6704,lead,2025-01-01
6704,contato,2025-01-07
6704,reuniao,2025-01-20
6704,proposta,2025-02-07
6704,perdido,2025-02-13
6705,lead,2024-04-04
6705,contato,2024-04-19
6705,perdido,2024-05-03
6706,lead,2024-12-25
6706,perdido,2025-01-19
6707,lead,2025-01-26
6707,perdido,2025-02-08
6708,lead,2024-03-23
6708,contato,2024-03-28
6708,reuniao,2024-04-01
6708,proposta,2024-04-10
6708,perdido,2024-04-14
6709,lead,2025-05-07
6709,perdido,2025-05-16
6710,lead,2025-08-17
6710,contato,2025-08-29
6710,reuniao,2025-09-09
6710,perdido,2025-09-19
6711,lead,2025-08-08
6711,contato,2025-08-12
6711,reuniao,2025-08-22
6711,proposta,2025-09-03
6711,perdido,2025-09-17
6712,lead,2025-05-29
6712,contato,2025-06-06
6712,reuniao,2025-06-24
6712,proposta,2025-07-09
6712,perdido,2025-08-01
6713,lead,2024-03-26
6713,perdido,2024-04-18
6714,lead,2025-03-13
6714,contato,2025-03-22
6714,reuniao,2025-04-05
6714,proposta,2025-04-07
6714,perdido,2025-04-19
6715,lead,2025-05-07
6715,contato,2025-05-16
6715,reuniao,2025-05-25
6715,perdido,2025-06-24
6716,lead,2025-06-23
6716,contato,2025-07-03
6716,reuniao,2025-07-23
6716,proposta,2025-07-29
6716,perdido,2025-08-28
6717,lead,2025-05-15
6717,contato,2025-05-18
6717,perdido,2025-05-24
6718,lead,2025-03-18
6718,perdido,2025-04-09
6719,lead,2025-05-28
6719,perdido,2025-06-24
6720,lead,2025-09-05
6720,perdido,2025-09-11
6721,lead,2025-02-09
6721,perdido,2025-03-10
6722,lead,2024-03-29
6722,contato,2024-04-13
6722,perdido,2024-05-04
6723,lead,2025-08-07
6723,contato,2025-08-26
6723,reuniao,2025-09-07
6723,proposta,2025-09-26
6723,perdido,2025-10-02
6724,lead,2025-04-10
6724,contato,2025-04-21
6724,perdido,2025-05-03
6725,lead,2025-04-28
6725,contato,2025-05-07
6725,reuniao,2025-05-15
6725,proposta,2025-05-16
6725,fechado,2025-06-12
6726,lead,2024-07-20
6726,contato,2024-08-20
6726,reuniao,2024-09-07
6726,proposta,2024-09-08
6726,perdido,2024-09-22
6727,lead,2024-04-01
6727,contato,2024-04-15
6727,perdido,2024-05-01
6728,lead,2025-07-10
6728,contato,2025-07-12
6728,perdido,2025-08-06
6729,lead,2024-01-28
6729,contato,2024-02-06
6729,perdido,2024-02-20
6730,lead,2024-10-11
6730,contato,2024-10-13
6730,perdido,2024-10-19
6731,lead,2025-01-05
6731,contato,2025-01-18
6731,perdido,2025-01-25
6732,lead,2024-01-10
6732,contato,2024-01-23
6732,reuniao,2024-01-28
6732,proposta,2024-02-01
6732,perdido,2024-02-25
6733,lead,2025-02-25
6733,contato,2025-02-28
6733,perdido,2025-03-19
6734,lead,2024-03-12
6734,perdido,2024-04-02
6735,lead,2024-06-07
6735,contato,2024-06-16
6735,reuniao,2024-06-21
6735,perdido,2024-07-18
6736,lead,2025-12-26
6737,lead,2025-02-03
6737,perdido,2025-02-10
6738,lead,2025-12-03
6738,perdido,2025-12-28
6739,lead,2024-12-24
6739,perdido,2025-01-06
6740,lead,2025-07-28
6740,perdido,2025-08-09
6741,lead,2024-01-22
6741,contato,2024-02-17
6741,perdido,2024-03-17
6742,lead,2024-07-18
6742,contato,2024-07-27
6742,perdido,2024-08-21
6743,lead,2024-07-11
6743,contato,2024-07-24
6743,perdido,2024-08-14
6744,lead,2024-02-09
6744,contato,2024-02-12
6744,perdido,2024-02-26
6745,lead,2025-11-19
6745,contato,2025-12-13
6746,lead,2025-01-03
6746,perdido,2025-02-01
6747,lead,2025-02-23
6747,contato,2025-03-02
6747,reuniao,2025-03-08
6747,proposta,2025-03-11
6747,perdido,2025-03-28
6748,lead,2025-01-12
6748,perdido,2025-02-06
6749,lead,2024-06-13
6749,contato,2024-06-27
6749,perdido,2024-07-04
6750,lead,2025-10-28
6750,contato,2025-11-13
6750,reuniao,2025-12-23
6750,proposta,2025-12-26
6751,lead,2025-04-15
6751,contato,2025-04-17
6751,reuniao,2025-04-21
6751,perdido,2025-05-21
6752,lead,2024-03-14
6752,perdido,2024-04-10
6753,lead,2024-11-26
6753,contato,2024-11-29
6753,reuniao,2024-12-05
6753,perdido,2024-12-31
6754,lead,2024-01-01
6754,perdido,2024-01-25
6755,lead,2025-04-20
6755,contato,2025-04-29
6755,reuniao,2025-05-27
6755,proposta,2025-06-08
6755,perdido,2025-07-05
6756,lead,2025-01-13
6756,contato,2025-01-27
6756,perdido,2025-02-14
6757,lead,2025-10-13
6757,contato,2025-10-15
6757,perdido,2025-10-30
6758,lead,2025-11-15
6758,contato,2025-11-18
6758,perdido,2025-11-26
6759,lead,2024-02-27
6759,perdido,2024-03-09
6760,lead,2024-02-21
6760,contato,2024-03-06
6760,reuniao,2024-04-11
6760,proposta,2024-04-17
6760,perdido,2024-05-02
6761,lead,2025-10-10
6761,perdido,2025-10-30
6762,lead,2025-01-07
6762,perdido,2025-01-13
6763,lead,2024-12-03
6763,perdido,2024-12-11
6764,lead,2025-02-10
6764,contato,2025-02-15
6764,perdido,2025-03-06
6765,lead,2024-11-30
6765,contato,2024-12-13
6765,reuniao,2024-12-24
6765,proposta,2024-12-28
6765,perdido,2025-01-19
6766,lead,2025-03-09
6766,contato,2025-03-28
6766,reuniao,2025-04-04
6766,perdido,2025-04-19
6767,lead,2025-11-17
6767,contato,2025-11-23
6767,reuniao,2025-12-03
6767,perdido,2025-12-29
6768,lead,2025-03-03
6768,contato,2025-03-23
6768,reuniao,2025-03-27
6768,proposta,2025-04-02
6768,perdido,2025-05-02
6769,lead,2024-08-11
6769,perdido,2024-09-06
6770,lead,2024-05-17
6770,contato,2024-06-15
6770,reuniao,2024-06-26
6770,proposta,2024-07-06
6770,perdido,2024-07-19
6771,lead,2025-12-01
6771,contato,2025-12-31
6772,lead,2025-02-15
6772,contato,2025-02-16
6772,reuniao,2025-02-18
6772,proposta,2025-02-20
6772,perdido,2025-03-02
6773,lead,2025-02-07
6773,contato,2025-02-18
6773,reuniao,2025-02-23
6773,proposta,2025-03-19
6773,perdido,2025-04-07
6774,lead,2024-01-19
6774,contato,2024-01-22
6774,perdido,2024-01-31
6775,lead,2025-10-24
6775,perdido,2025-10-28
6776,lead,2024-12-03
6776,contato,2024-12-22
6776,reuniao,2025-01-16
6776,perdido,2025-01-20
6777,lead,2025-12-31
6778,lead,2024-04-14
6778,perdido,2024-04-30
6779,lead,2024-08-15
6779,contato,2024-08-29
6779,perdido,2024-09-11
6780,lead,2024-05-15
6780,contato,2024-05-18
6780,reuniao,2024-05-26
6780,perdido,2024-06-07
6781,lead,2024-09-24
6781,perdido,2024-10-04
6782,lead,2025-12-10
6783,lead,2024-10-20
6783,contato,2024-10-25
6783,reuniao,2024-11-19
6783,proposta,2024-12-25
6783,perdido,2025-01-10
6784,lead,2025-08-17
6784,contato,2025-09-01
6784,perdido,2025-09-05
6785,lead,2025-06-19
6785,contato,2025-07-08
6785,perdido,2025-07-12
6786,lead,2024-07-23
6786,perdido,2024-08-09
6787,lead,2025-02-15
6787,contato,2025-03-12
6787,reuniao,2025-04-07
6787,proposta,2025-04-14
6787,perdido,2025-04-24
6788,lead,2025-09-05
6788,perdido,2025-09-08
6789,lead,2025-03-07
6789,contato,2025-03-14
6789,perdido,2025-03-28
6790,lead,2024-06-26
6790,contato,2024-07-19
6790,reuniao,2024-07-29
6790,perdido,2024-08-16
6791,lead,2025-09-13
6791,contato,2025-10-13
6791,reuniao,2025-11-04
6791,proposta,2025-11-08
6791,perdido,2025-11-19
6792,lead,2025-02-01
6792,contato,2025-03-01
6792,reuniao,2025-03-03
6792,perdido,2025-03-18
6793,lead,2025-12-13
6793,perdido,2025-12-23
6794,lead,2025-04-06
6794,contato,2025-04-26
6794,reuniao,2025-04-28
6794,proposta,2025-05-13
6794,perdido,2025-06-02
6795,lead,2024-11-16
6795,perdido,2024-12-12
6796,lead,2024-11-05
6796,contato,2024-11-18
6796,perdido,2024-11-26
6797,lead,2025-09-26
6797,contato,2025-10-16
6797,reuniao,2025-10-23
6797,perdido,2025-10-27
6798,lead,2025-12-14
6798,contato,2025-12-26
6799,lead,2024-10-17
6799,perdido,2024-10-27
6800,lead,2024-04-10
6800,perdido,2024-04-22
6801,lead,2024-01-23
6801,contato,2024-01-29
6801,perdido,2024-02-07
6802,lead,2024-08-12
6802,contato,2024-08-25
6802,perdido,2024-09-21
6803,lead,2024-08-28
6803,contato,2024-09-25
6803,reuniao,2024-10-11
6803,proposta,2024-10-12
6803,perdido,2024-10-18
6804,lead,2024-10-29
6804,perdido,2024-11-12
6805,lead,2024-03-29
6805,contato,2024-04-01
6805,reuniao,2024-04-03
6805,perdido,2024-04-22
6806,lead,2024-12-24
6806,perdido,2025-01-11
6807,lead,2025-11-12
6807,perdido,2025-12-04
6808,lead,2024-05-31
6808,contato,2024-06-05
6808,reuniao,2024-07-07
6808,perdido,2024-07-14
6809,lead,2025-04-27
6809,perdido,2025-05-23
6810,lead,2024-01-22
6810,contato,2024-02-11
6810,perdido,2024-03-09
6811,lead,2025-03-28
6811,contato,2025-04-01
6811,reuniao,2025-04-21
6811,perdido,2025-04-24
6812,lead,2025-11-07
6812,perdido,2025-11-19
6813,lead,2024-07-11
6813,contato,2024-07-18
6813,perdido,2024-08-01
6814,lead,2025-08-08
6814,contato,2025-08-25
6814,perdido,2025-09-24
6815,lead,2024-02-17
6815,contato,2024-03-10
6815,perdido,2024-03-22
6816,lead,2024-09-09
6816,contato,2024-09-15
6816,reuniao,2024-09-22
6816,perdido,2024-10-03
6817,lead,2024-01-04
6817,contato,2024-01-12
6817,reuniao,2024-01-22
6817,proposta,2024-01-30
6817,perdido,2024-02-26
6818,lead,2024-09-07
6818,perdido,2024-10-05
6819,lead,2024-08-02
6819,contato,2024-08-13
6819,reuniao,2024-08-16
6819,proposta,2024-08-25
6819,perdido,2024-08-28
6820,lead,2025-05-03
6820,contato,2025-05-13
6820,reuniao,2025-05-17
6820,perdido,2025-06-15
6821,lead,2024-07-20
6821,contato,2024-07-26
6821,reuniao,2024-08-19
6821,proposta,2024-08-27
6821,perdido,2024-09-22
6822,lead,2025-08-13
6822,perdido,2025-09-02
6823,lead,2024-07-18
6823,contato,2024-07-27
6823,reuniao,2024-08-04
6823,proposta,2024-08-30
6823,perdido,2024-09-18
6824,lead,2024-05-24
6824,contato,2024-06-13
6824,reuniao,2024-06-22
6824,proposta,2024-09-14
6824,perdido,2024-10-01
6825,lead,2024-12-26
6825,contato,2025-01-27
6825,perdido,2025-02-16
6826,lead,2025-04-06
6826,contato,2025-04-20
6826,reuniao,2025-04-26
6826,proposta,2025-05-03
6826,perdido,2025-05-15
6827,lead,2025-10-02
6827,contato,2025-10-07
6827,reuniao,2025-10-08
6827,perdido,2025-10-21
6828,lead,2025-08-05
6828,contato,2025-08-25
6828,reuniao,2025-08-30
6828,perdido,2025-09-14
6829,lead,2025-01-14
6829,contato,2025-02-02
6829,perdido,2025-02-22
6830,lead,2025-12-12
6830,contato,2025-12-14
6830,reuniao,2025-12-24
6831,lead,2024-07-22
6831,contato,2024-08-05
6831,perdido,2024-08-15
6832,lead,2025-12-31
6833,lead,2024-09-29
6833,perdido,2024-10-26
6834,lead,2024-06-24
6834,perdido,2024-07-14
6835,lead,2024-09-27
6835,contato,2024-10-03
6835,reuniao,2024-10-25
6835,perdido,2024-11-21
6836,lead,2025-02-19
6836,perdido,2025-03-18
6837,lead,2024-12-07
6837,contato,2024-12-12
6837,reuniao,2024-12-17
6837,proposta,2024-12-24
6837,perdido,2024-12-31
6838,lead,2024-01-29
6838,contato,2024-02-01
6838,reuniao,2024-02-03
6838,proposta,2024-02-14
6838,perdido,2024-02-28
6839,lead,2024-09-08
6839,perdido,2024-09-12
6840,lead,2024-12-23
6840,perdido,2025-01-02
6841,lead,2025-04-11
6841,perdido,2025-05-08
6842,lead,2025-11-20
6842,contato,2025-11-25
6842,perdido,2025-12-25
6843,lead,2025-11-22
6843,perdido,2025-11-25
6844,lead,2025-01-08
6844,perdido,2025-02-02
6845,lead,2025-02-08
6845,perdido,2025-02-11
6846,lead,2025-05-07
6846,perdido,2025-05-18
6847,lead,2025-08-23
6847,contato,2025-09-06
6847,reuniao,2025-09-12
6847,perdido,2025-09-30
6848,lead,2025-06-11
6848,contato,2025-06-21
6848,reuniao,2025-06-30
6848,perdido,2025-07-20
6849,lead,2025-05-23
6849,contato,2025-06-13
6849,perdido,2025-07-10
6850,lead,2024-11-15
6850,contato,2024-11-30
6850,reuniao,2024-12-07
6850,proposta,2024-12-24
6850,fechado,2025-01-02
6851,lead,2025-09-18
6851,contato,2025-09-28
6851,perdido,2025-10-17
6852,lead,2025-04-11
6852,contato,2025-04-13
6852,reuniao,2025-04-19
6852,proposta,2025-05-01
6852,perdido,2025-05-25
6853,lead,2024-04-08
6853,perdido,2024-04-13
6854,lead,2025-02-26
6854,contato,2025-03-18
6854,perdido,2025-04-05
6855,lead,2024-08-02
6855,contato,2024-08-05
6855,perdido,2024-08-12
6856,lead,2024-05-10
6856,contato,2024-06-07
6856,reuniao,2024-06-22
6856,perdido,2024-07-17
6857,lead,2025-04-01
6857,perdido,2025-04-04
6858,lead,2025-03-27
6858,perdido,2025-04-16
6859,lead,2025-11-21
6859,perdido,2025-12-03
6860,lead,2025-12-10
6860,perdido,2025-12-22
6861,lead,2024-10-16
6861,perdido,2024-10-29
6862,lead,2024-04-22
6862,contato,2024-04-30
6862,reuniao,2024-05-03
6862,proposta,2024-05-08
6862,perdido,2024-05-31
6863,lead,2024-03-25
6863,contato,2024-04-07
6863,reuniao,2024-04-15
6863,proposta,2024-04-26
6863,perdido,2024-05-18
6864,lead,2025-12-08
6864,perdido,2025-12-18
6865,lead,2024-10-07
6865,contato,2024-10-25
6865,perdido,2024-11-02
6866,lead,2024-08-29
6866,contato,2024-09-02
6866,perdido,2024-09-23
6867,lead,2025-03-13
6867,contato,2025-03-19
6867,perdido,2025-04-16
6868,lead,2024-02-02
6868,contato,2024-02-11
6868,reuniao,2024-02-20
6868,perdido,2024-03-01
6869,lead,2025-03-30
6869,contato,2025-04-04
6869,reuniao,2025-04-09
6869,proposta,2025-04-12
6869,perdido,2025-05-08
6870,lead,2025-09-23
6870,contato,2025-10-13
6870,reuniao,2025-10-16
6870,proposta,2025-10-26
6870,perdido,2025-11-08
6871,lead,2025-05-26
6871,contato,2025-06-14
6871,perdido,2025-07-06
6872,lead,2024-10-22
6872,contato,2024-10-26
6872,perdido,2024-11-04
6873,lead,2024-03-09
6873,contato,2024-03-15
6873,perdido,2024-04-09
6874,lead,2024-06-07
6874,contato,2024-06-19
6874,perdido,2024-07-15
6875,lead,2024-06-27
6875,perdido,2024-07-17
6876,lead,2024-09-29
6876,perdido,2024-10-29
6877,lead,2024-03-21
6877,contato,2024-04-05
6877,reuniao,2024-04-08
6877,proposta,2024-05-02
6877,fechado,2024-05-25
6878,lead,2025-02-12
6878,contato,2025-03-27
6878,reuniao,2025-03-19
6878,proposta,2025-04-12
6878,perdido,2025-05-11
6879,lead,2024-09-15
6879,perdido,2024-10-06
6880,lead,2024-12-27
6880,perdido,2025-01-20
6881,lead,2024-07-13
6881,contato,2024-08-01
6881,reuniao,2024-08-11
6881,perdido,2024-08-27
6882,lead,2024-11-20
6882,perdido,2024-12-14
6883,lead,2025-05-17
6883,contato,2025-05-21
6883,reuniao,2025-06-04
6883,proposta,2025-06-09
6883,perdido,2025-06-21
6884,lead,2024-02-21
6884,perdido,2024-02-25
6885,lead,2025-01-06
6885,contato,2025-01-25
6885,perdido,2025-02-23
6886,lead,2025-03-11
6886,contato,2025-03-21
6886,reuniao,2025-04-01
6886,proposta,2025-04-13
6886,perdido,2025-05-04
6887,lead,2025-04-14
6887,perdido,2025-05-04
6888,lead,2025-10-27
6888,contato,2025-11-12
6888,reuniao,2025-12-08
6888,proposta,2025-12-16
6888,perdido,2025-12-21
6889,lead,2025-07-10
6889,perdido,2025-07-24
6890,lead,2025-06-06
6890,contato,2025-07-07
6890,perdido,2025-07-29
6891,lead,2025-09-17
6891,contato,2025-09-29
6891,reuniao,2025-10-09
6891,perdido,2025-10-27
6892,lead,2025-10-21
6892,contato,2025-10-23
6892,reuniao,2025-10-29
6892,proposta,2025-11-10
6892,perdido,2025-11-14
6893,lead,2025-08-26
6893,perdido,2025-09-13
6894,lead,2025-03-08
6894,contato,2025-04-09
6894,perdido,2025-04-30
6895,lead,2025-08-29
6895,perdido,2025-09-26
6896,lead,2024-08-15
6896,contato,2024-09-08
6896,perdido,2024-10-03
6897,lead,2025-11-19
6897,contato,2025-12-08
6897,reuniao,2025-12-18
6898,lead,2024-04-18
6898,perdido,2024-05-13
6899,lead,2024-05-29
6899,contato,2024-06-07
6899,reuniao,2024-06-12
6899,perdido,2024-06-24
6900,lead,2024-04-07
6900,perdido,2024-04-24
6901,lead,2025-07-07
6901,contato,2025-07-11
6901,reuniao,2025-07-30
6901,perdido,2025-08-09
6902,lead,2024-11-04
6902,contato,2024-11-10
6902,perdido,2024-11-15
6903,lead,2025-06-05
6903,perdido,2025-07-01
6904,lead,2025-01-06
6904,contato,2025-01-16
6904,reuniao,2025-02-04
6904,proposta,2025-02-16
6904,fechado,2025-02-25
6905,lead,2024-10-12
6905,contato,2024-11-03
6905,reuniao,2024-11-08
6905,proposta,2024-11-16
6905,perdido,2024-12-09
6906,lead,2025-10-08
6906,contato,2025-10-12
6906,perdido,2025-10-23
6907,lead,2024-11-02
6907,contato,2024-11-06
6907,perdido,2024-11-20
6908,lead,2025-03-11
6908,contato,2025-03-21
6908,reuniao,2025-03-28
6908,proposta,2025-04-10
6908,perdido,2025-04-18
6909,lead,2025-09-10
6909,contato,2025-09-14
6909,reuniao,2025-09-29
6909,proposta,2025-10-01
6909,perdido,2025-10-30
6910,lead,2024-05-17
6910,contato,2024-05-26
6910,perdido,2024-05-30
6911,lead,2024-10-12
6911,contato,2024-10-19
6911,reuniao,2024-10-02
6911,proposta,2024-11-06
6911,fechado,2024-12-04
6912,lead,2024-03-28
6912,contato,2024-04-15
6912,perdido,2024-04-27
6913,lead,2025-01-24
6913,contato,2025-02-03
6913,perdido,2025-02-17
6914,lead,2025-07-17
6914,contato,2025-07-25
6914,reuniao,2025-07-27
6914,perdido,2025-08-19
6915,lead,2024-01-31
6915,contato,2024-02-04
6915,perdido,2024-02-18
6916,lead,2024-02-04
6916,contato,2024-02-14
6916,reuniao,2024-02-16
6916,proposta,2024-02-25
6916,perdido,2024-03-20
6917,lead,2025-06-08
6917,perdido,2025-07-01
6918,lead,2025-05-15
6918,perdido,2025-06-07
6919,lead,2024-10-11
6919,contato,2024-10-18
6919,reuniao,2024-10-23
6919,proposta,2024-11-19
6919,perdido,2024-11-25
6920,lead,2024-09-11
6920,contato,2024-10-10
6920,perdido,2024-10-28
6921,lead,2024-07-10
6921,contato,2024-08-06
6921,reuniao,2024-08-14
6921,proposta,2024-08-19
6921,perdido,2024-08-27
6922,lead,2024-02-05
6922,contato,2024-02-20
6922,reuniao,2024-02-29
6922,proposta,2024-03-08
6922,perdido,2024-03-17
6923,lead,2025-01-08
6923,contato,2025-01-11
6923,perdido,2025-01-15
6924,lead,2025-03-10
6924,contato,2025-03-14
6924,reuniao,2025-03-22
6924,proposta,2025-03-29
6924,perdido,2025-04-09
6925,lead,2025-09-15
6925,contato,2025-09-26
6925,reuniao,2025-10-05
6925,perdido,2025-10-22
6926,lead,2025-01-24
6926,contato,2025-02-03
6926,reuniao,2025-02-15
6926,proposta,2025-02-19
6926,perdido,2025-02-22
6927,lead,2024-04-02
6927,contato,2024-04-23
6927,perdido,2024-05-03
6928,lead,2024-07-31
6928,perdido,2024-08-30
6929,lead,2025-07-13
6929,perdido,2025-07-26
6930,lead,2025-03-11
6930,perdido,2025-03-30
6931,lead,2025-07-02
6931,contato,2025-07-03
6931,perdido,2025-07-13
6932,lead,2024-10-20
6932,perdido,2024-11-04
6933,lead,2024-02-08
6933,perdido,2024-03-01
6934,lead,2025-10-05
6934,contato,2025-10-07
6934,reuniao,2025-10-15
6934,proposta,2025-10-19
6934,perdido,2025-10-24
6935,lead,2024-09-03
6935,contato,2024-09-08
6935,reuniao,2024-09-23
6935,perdido,2024-10-10
6936,lead,2024-02-18
6936,contato,2024-03-12
6936,reuniao,2024-04-20
6936,perdido,2024-05-04
6937,lead,2025-02-19
6937,contato,2025-02-26
6937,reuniao,2025-02-28
6937,proposta,2025-03-12
6937,perdido,2025-04-09
6938,lead,2025-06-10
6938,contato,2025-06-26
6938,reuniao,2025-07-05
6938,perdido,2025-07-15
6939,lead,2024-12-11
6939,contato,2024-12-19
6939,reuniao,2024-12-31
6939,perdido,2025-01-20
6940,lead,2025-03-08
6940,contato,2025-04-06
6940,reuniao,2025-05-05
6940,proposta,2025-05-12
6940,perdido,2025-05-18
6941,lead,2024-10-22
6941,perdido,2024-11-18
6942,lead,2025-08-06
6942,perdido,2025-08-15
6943,lead,2025-07-12
6943,contato,2025-07-19
6943,reuniao,2025-07-26
6943,proposta,2025-08-11
6943,perdido,2025-08-29
6944,lead,2025-05-23
6944,contato,2025-05-29
6944,perdido,2025-06-07
6945,lead,2024-01-12
6945,contato,2024-02-02
6945,reuniao,2024-02-10
6945,perdido,2024-03-05
6946,lead,2025-01-09
6946,contato,2025-02-06
6946,reuniao,2025-02-18
6946,proposta,2025-03-03
6946,perdido,2025-03-10
6947,lead,2025-07-14
6947,contato,2025-07-21
6947,reuniao,2025-07-29
6947,proposta,2025-08-05
6947,perdido,2025-08-16
6948,lead,2024-06-10
6948,contato,2024-06-16
6948,reuniao,2024-07-03
6948,perdido,2024-07-16
6949,lead,2024-06-22
6949,contato,2024-06-30
6949,reuniao,2024-07-04
6949,proposta,2024-07-17
6949,perdido,2024-08-12
6950,lead,2025-10-13
6950,contato,2025-10-27
6950,reuniao,2025-11-19
6950,perdido,2025-12-05
6951,lead,2025-08-28
6951,perdido,2025-09-08
6952,lead,2025-12-21
6953,lead,2024-12-28
6953,contato,2024-12-29
6953,reuniao,2025-01-15
6953,perdido,2025-02-04
6954,lead,2024-03-15
6954,contato,2024-03-24
6954,reuniao,2024-03-30
6954,proposta,2024-04-11
6954,perdido,2024-04-28
6955,lead,2024-01-05
6955,contato,2024-01-10
6955,reuniao,2024-01-13
6955,proposta,2024-02-18
6955,perdido,2024-03-15
6956,lead,2025-05-12
6956,contato,2025-06-02
6956,reuniao,2025-06-12
6956,perdido,2025-06-29
6957,lead,2025-08-08
6957,contato,2025-08-12
6957,reuniao,2025-09-09
6957,perdido,2025-09-20
6958,lead,2024-10-30
6958,perdido,2024-11-29
6959,lead,2024-10-29
6959,contato,2024-11-04
6959,reuniao,2024-11-17
6959,perdido,2024-12-17
6960,lead,2025-08-27
6960,perdido,2025-09-10
6961,lead,2024-04-27
6961,contato,2024-05-08
6961,perdido,2024-06-05
6962,lead,2024-02-06
6962,contato,2024-02-12
6962,reuniao,2024-03-18
6962,proposta,2024-03-24
6962,perdido,2024-04-09
6963,lead,2025-11-30
6963,perdido,2025-12-21
6964,lead,2025-01-24
6964,perdido,2025-02-03
6965,lead,2025-07-03
6965,perdido,2025-07-13
6966,lead,2025-11-21
6966,contato,2025-11-28
6966,perdido,2025-12-01
6967,lead,2025-08-03
6967,perdido,2025-08-12
6968,lead,2024-12-01
6968,contato,2024-12-05
6968,perdido,2024-12-27
6969,lead,2025-03-31
6969,contato,2025-04-05
6969,perdido,2025-04-13
6970,lead,2025-03-21
6970,contato,2025-04-06
6970,perdido,2025-04-28
6971,lead,2025-10-29
6971,contato,2025-11-01
6971,reuniao,2025-12-01
6971,proposta,2025-12-06
6971,perdido,2025-12-16
6972,lead,2024-03-26
6972,contato,2024-03-28
6972,reuniao,2024-04-01
6972,proposta,2024-04-05
6972,perdido,2024-04-15
6973,lead,2025-05-05
6973,contato,2025-05-18
6973,reuniao,2025-05-21
6973,proposta,2025-05-22
6973,perdido,2025-06-09
6974,lead,2025-09-13
6974,contato,2025-09-19
6974,reuniao,2025-09-28
6974,proposta,2025-09-30
6974,perdido,2025-10-17
6975,lead,2024-09-10
6975,contato,2024-10-10
6975,reuniao,2024-10-18
6975,proposta,2024-10-29
6975,perdido,2024-11-05
6976,lead,2025-05-14
6976,contato,2025-05-20
6976,reuniao,2025-05-26
6976,proposta,2025-06-05
6976,fechado,2025-06-10
6977,lead,2024-06-14
6977,contato,2024-06-25
6977,reuniao,2024-06-28
6977,proposta,2024-07-05
6977,perdido,2024-07-15
6978,lead,2024-02-20
6978,contato,2024-02-26
6978,reuniao,2024-03-17
6978,proposta,2024-03-24
6978,perdido,2024-04-08
6979,lead,2024-01-15
6979,perdido,2024-01-18
6980,lead,2025-01-17
6980,contato,2025-01-27
6980,reuniao,2025-02-07
6980,proposta,2025-02-23
6980,perdido,2025-03-25
6981,lead,2024-01-30
6981,perdido,2024-02-28
6982,lead,2025-02-23
6982,contato,2025-02-28
6982,reuniao,2025-03-16
6982,proposta,2025-03-29
6982,perdido,2025-04-24
6983,lead,2024-09-22
6983,contato,2024-10-03
6983,reuniao,2024-11-21
6983,perdido,2024-12-05
6984,lead,2024-01-04
6984,contato,2024-01-20
6984,reuniao,2024-02-17
6984,proposta,2024-02-26
6984,fechado,2024-03-01
6985,lead,2024-05-27
6985,contato,2024-06-29
6985,perdido,2024-07-10
6986,lead,2025-06-06
6986,contato,2025-06-19
6986,reuniao,2025-06-23
6986,perdido,2025-07-04
6987,lead,2024-09-24
6987,contato,2024-10-04
6987,perdido,2024-10-25
6988,lead,2025-05-27
6988,perdido,2025-06-14
6989,lead,2025-08-07
6989,contato,2025-08-26
6989,perdido,2025-08-31
6990,lead,2025-07-23
6990,contato,2025-08-02
6990,reuniao,2025-08-20
6990,perdido,2025-08-31
6991,lead,2025-04-17
6991,contato,2025-05-04
6991,perdido,2025-05-22
6992,lead,2025-06-12
6992,contato,2025-06-16
6992,reuniao,2025-06-22
6992,proposta,2025-06-30
6992,perdido,2025-07-09
6993,lead,2025-02-09
6993,perdido,2025-02-24
6994,lead,2024-11-29
6994,contato,2024-12-13
6994,reuniao,2024-12-21
6994,perdido,2025-01-09
6995,lead,2024-02-04
6995,contato,2024-02-15
6995,reuniao,2024-02-21
6995,proposta,2024-03-06
6995,perdido,2024-03-11
6996,lead,2025-12-09
6996,contato,2025-12-19
6996,reuniao,2025-12-31
6997,lead,2025-08-27
6997,contato,2025-08-29
6997,reuniao,2025-09-12
6997,perdido,2025-09-22
6998,lead,2025-04-17
6998,contato,2025-05-02
6998,perdido,2025-05-23
6999,lead,2025-03-28
6999,contato,2025-04-12
6999,perdido,2025-05-04
7000,lead,2025-02-13
7000,contato,2025-02-28
7000,reuniao,2025-03-11
7000,proposta,2025-03-17
7000,perdido,2025-04-12
7001,lead,2024-02-24
7001,contato,2024-03-13
7001,reuniao,2024-03-18
7001,proposta,2024-03-21
7001,perdido,2024-04-08
7002,lead,2024-08-10
7002,perdido,2024-08-16
7003,lead,2024-08-26
7003,contato,2024-09-20
7003,reuniao,2024-10-03
7003,proposta,2024-10-31
7003,perdido,2024-11-30
7004,lead,2025-07-20
7004,contato,2025-08-13
7004,reuniao,2025-08-16
7004,proposta,2025-09-02
7004,perdido,2025-09-22
7005,lead,2025-03-02
7005,contato,2025-03-05
7005,reuniao,2025-03-08
7005,perdido,2025-03-25
7006,lead,2024-10-08
7006,contato,2024-10-15
7006,perdido,2024-10-26
7007,lead,2024-08-17
7007,contato,2024-08-21
7007,reuniao,2024-08-30
7007,proposta,2024-09-22
7007,perdido,2024-10-01
7008,lead,2025-09-07
7008,perdido,2025-09-26
7009,lead,2025-07-14
7009,perdido,2025-07-29
7010,lead,2025-08-05
7010,contato,2025-08-13
7010,reuniao,2025-08-22
7010,perdido,2025-08-26
7011,lead,2024-10-06
7011,contato,2024-10-12
7011,perdido,2024-10-26
7012,lead,2024-12-12
7012,perdido,2024-12-25
7013,lead,2025-02-11
7013,contato,2025-02-13
7013,reuniao,2025-02-15
7013,proposta,2025-02-25
7013,perdido,2025-03-02
7014,lead,2024-05-01
7014,contato,2024-05-10
7014,reuniao,2024-05-24
7014,proposta,2024-06-04
7014,perdido,2024-06-13
7015,lead,2024-09-12
7015,perdido,2024-09-21
7016,lead,2024-12-23
7016,contato,2024-12-27
7016,reuniao,2025-01-10
7016,proposta,2025-01-24
7016,perdido,2025-02-08
7017,lead,2025-04-16
7017,contato,2025-04-25
7017,reuniao,2025-04-30
7017,proposta,2025-05-03
7017,perdido,2025-05-11
7018,lead,2024-11-16
7018,contato,2024-12-11
7018,reuniao,2024-12-30
7018,proposta,2024-12-26
7018,perdido,2025-02-06
7019,lead,2024-04-04
7019,contato,2024-04-10
7019,reuniao,2024-04-22
7019,proposta,2024-05-19
7019,perdido,2024-06-13
7020,lead,2024-10-28
7020,contato,2024-11-19
7020,perdido,2024-12-15
7021,lead,2025-01-18
7021,perdido,2025-01-25
7022,lead,2025-04-02
7022,perdido,2025-04-29
7023,lead,2025-09-07
7023,contato,2025-09-19
7023,reuniao,2025-10-10
7023,proposta,2025-10-18
7023,perdido,2025-11-02
7024,lead,2024-05-31
7024,contato,2024-06-06
7024,reuniao,2024-06-14
7024,proposta,2024-06-19
7024,perdido,2024-07-12
7025,lead,2025-02-03
7025,contato,2025-02-08
7025,perdido,2025-02-27
7026,lead,2024-10-22
7026,perdido,2024-11-20
7027,lead,2025-04-28
7027,contato,2025-04-29
7027,reuniao,2025-05-12
7027,proposta,2025-05-16
7027,fechado,2025-05-31
7028,lead,2025-09-21
7028,contato,2025-10-02
7028,reuniao,2025-10-06
7028,perdido,2025-10-09
7029,lead,2024-12-10
7029,contato,2024-12-19
7029,reuniao,2025-01-11
7029,perdido,2025-02-06
7030,lead,2025-08-30
7030,perdido,2025-09-13
7031,lead,2024-01-02
7031,contato,2024-01-10
7031,reuniao,2024-01-22
7031,perdido,2024-01-27
7032,lead,2025-10-19
7032,contato,2025-10-22
7032,reuniao,2025-11-02
7032,proposta,2025-11-12
7032,perdido,2025-12-07
7033,lead,2025-07-16
7033,contato,2025-08-10
7033,reuniao,2025-08-27
7033,perdido,2025-09-12
7034,lead,2024-03-21
7034,perdido,2024-04-07
7035,lead,2025-04-20
7035,perdido,2025-04-29
7036,lead,2025-01-08
7036,contato,2025-01-10
7036,reuniao,2025-01-20
7036,proposta,2025-01-23
7036,perdido,2025-02-14
7037,lead,2025-12-05
7037,contato,2025-12-15
7037,reuniao,2025-12-23
7037,proposta,2025-12-29
7038,lead,2024-07-28
7038,contato,2024-08-04
7038,perdido,2024-08-18
7039,lead,2025-03-05
7039,perdido,2025-03-11
7040,lead,2025-01-13
7040,contato,2025-01-19
7040,reuniao,2025-01-28
7040,perdido,2025-02-13
7041,lead,2024-05-23
7041,perdido,2024-06-11
7042,lead,2025-08-06
7042,contato,2025-08-13
7042,reuniao,2025-08-15
7042,proposta,2025-08-25
7042,perdido,2025-09-22
7043,lead,2025-06-09
7043,contato,2025-06-16
7043,perdido,2025-07-16
7044,lead,2025-01-25
7044,contato,2025-02-20
7044,reuniao,2025-02-23
7044,perdido,2025-02-28
7045,lead,2025-11-13
7045,contato,2025-12-06
7045,reuniao,2025-12-07
7045,proposta,2025-12-12
7045,perdido,2025-12-30
7046,lead,2025-10-30
7046,contato,2025-11-04
7046,reuniao,2025-11-08
7046,proposta,2025-11-16
7046,perdido,2025-11-30
7047,lead,2025-08-09
7047,contato,2025-08-30
7047,perdido,2025-09-20
7048,lead,2024-04-03
7048,contato,2024-04-15
7048,reuniao,2024-04-23
7048,proposta,2024-05-15
7048,perdido,2024-06-02
7049,lead,2025-10-06
7049,contato,2025-10-16
7049,reuniao,2025-10-27
7049,proposta,2025-11-06
7049,perdido,2025-11-15
7050,lead,2024-07-30
7050,contato,2024-08-04
7050,perdido,2024-08-26
7051,lead,2025-02-09
7051,contato,2025-02-10
7051,perdido,2025-03-04
7052,lead,2025-12-08
7052,contato,2025-12-20
7053,lead,2024-05-30
7053,contato,2024-06-19
7053,reuniao,2024-07-13
7053,proposta,2024-07-23
7053,perdido,2024-08-14
7054,lead,2024-05-07
7054,contato,2024-05-16
7054,reuniao,2024-05-17
7054,proposta,2024-05-30
7054,perdido,2024-06-20
7055,lead,2025-09-05
7055,contato,2025-09-12
7055,reuniao,2025-09-28
7055,perdido,2025-10-16
7056,lead,2024-01-08
7056,contato,2024-01-21
7056,perdido,2024-02-20
7057,lead,2024-04-19
7057,perdido,2024-05-19
7058,lead,2024-08-16
7058,contato,2024-09-11
7058,reuniao,2024-09-18
7058,proposta,2024-10-06
7058,fechado,2024-10-24
7059,lead,2025-06-05
7059,perdido,2025-06-15
7060,lead,2024-12-13
7060,contato,2024-12-18
7060,reuniao,2025-01-07
7060,proposta,2025-01-16
7060,perdido,2025-02-03
7061,lead,2024-10-05
7061,contato,2024-10-24
7061,perdido,2024-11-13
7062,lead,2025-10-24
7062,perdido,2025-10-31
7063,lead,2025-06-20
7063,contato,2025-07-12
7063,reuniao,2025-07-18
7063,proposta,2025-09-20
7063,perdido,2025-10-13
7064,lead,2025-03-21
7064,perdido,2025-04-12
7065,lead,2024-08-26
7065,contato,2024-09-01
7065,reuniao,2024-09-01
7065,perdido,2024-10-04
7066,lead,2025-09-10
7066,perdido,2025-09-16
7067,lead,2024-06-17
7067,contato,2024-06-25
7067,perdido,2024-06-29
7068,lead,2025-11-14
7068,contato,2025-11-19
7068,perdido,2025-11-27
7069,lead,2024-06-23
7069,contato,2024-07-03
7069,perdido,2024-07-17
7070,lead,2025-08-11
7070,contato,2025-08-18
7070,reuniao,2025-08-22
7070,proposta,2025-08-26
7070,perdido,2025-09-11
7071,lead,2025-10-21
7071,contato,2025-10-25
7071,perdido,2025-10-28
7072,lead,2024-05-27
7072,contato,2024-06-02
7072,perdido,2024-06-28
7073,lead,2024-05-29
7073,contato,2024-06-10
7073,perdido,2024-06-22
7074,lead,2024-02-15
7074,contato,2024-02-17
7074,reuniao,2024-02-27
7074,perdido,2024-03-15
7075,lead,2024-08-27
7075,contato,2024-09-25
7075,perdido,2024-10-23
7076,lead,2024-12-31
7076,perdido,2025-01-16
7077,lead,2024-02-19
7077,contato,2024-03-01
7077,reuniao,2024-03-07
7077,perdido,2024-04-05
7078,lead,2024-03-29
7078,perdido,2024-04-17
7079,lead,2024-10-26
7079,contato,2024-10-28
7079,reuniao,2024-11-07
7079,proposta,2024-11-27
7079,perdido,2024-12-02
7080,lead,2024-04-23
7080,contato,2024-05-12
7080,reuniao,2024-05-18
7080,proposta,2024-05-31
7080,perdido,2024-06-09
7081,lead,2025-07-04
7081,contato,2025-07-05
7081,reuniao,2025-07-15
7081,proposta,2025-07-31
7081,perdido,2025-08-11
7082,lead,2024-08-12
7082,contato,2024-08-28
7082,perdido,2024-09-24
7083,lead,2024-01-27
7083,contato,2024-02-13
7083,reuniao,2024-02-27
7083,proposta,2024-03-03
7083,perdido,2024-03-07
7084,lead,2024-04-04
7084,perdido,2024-04-21
7085,lead,2024-07-31
7085,contato,2024-08-14
7085,perdido,2024-09-10
7086,lead,2024-03-29
7086,perdido,2024-04-20
7087,lead,2024-05-19
7087,contato,2024-05-31
7087,reuniao,2024-05-19
7087,proposta,2024-05-22
7087,perdido,2024-06-26
7088,lead,2024-05-12
7088,contato,2024-05-15
7088,reuniao,2024-05-16
7088,perdido,2024-05-31
7089,lead,2024-10-23
7089,contato,2024-11-08
7089,reuniao,2024-11-12
7089,proposta,2024-12-13
7089,perdido,2025-01-12
7090,lead,2025-01-14
7090,contato,2025-01-18
7090,perdido,2025-02-12
7091,lead,2025-03-14
7091,contato,2025-03-18
7091,reuniao,2025-03-24
7091,proposta,2025-04-06
7091,fechado,2025-04-17
7092,lead,2025-10-17
7092,perdido,2025-11-09
7093,lead,2025-04-29
7093,perdido,2025-05-16
7094,lead,2024-05-06
7094,contato,2024-06-03
7094,reuniao,2024-06-13
7094,proposta,2024-06-17
7094,perdido,2024-06-26
7095,lead,2024-11-16
7095,perdido,2024-12-01
7096,lead,2025-05-30
7096,contato,2025-06-09
7096,reuniao,2025-07-01
7096,perdido,2025-07-10
7097,lead,2025-01-31
7097,contato,2025-02-11
7097,perdido,2025-03-09
7098,lead,2024-04-15
7098,contato,2024-04-25
7098,reuniao,2024-05-17
7098,proposta,2024-05-22
7098,perdido,2024-05-29
7099,lead,2025-07-15
7099,contato,2025-07-20
7099,reuniao,2025-07-27
7099,proposta,2025-08-01
7099,perdido,2025-08-13
7100,lead,2024-05-05
7100,contato,2024-05-19
7100,reuniao,2024-06-04
7100,perdido,2024-06-30
7101,lead,2024-08-30
7101,contato,2024-09-06
7101,perdido,2024-09-18
7102,lead,2025-06-02
7102,contato,2025-06-09
7102,reuniao,2025-06-30
7102,perdido,2025-07-20
7103,lead,2025-12-04
7103,contato,2025-12-09
7103,reuniao,2025-12-12
7104,lead,2025-10-03
7104,perdido,2025-10-09
7105,lead,2025-12-04
7106,lead,2024-10-07
7106,perdido,2024-10-19
7107,lead,2024-11-05
7107,perdido,2024-12-05
7108,lead,2024-04-10
7108,contato,2024-04-13
7108,perdido,2024-05-07
7109,lead,2024-12-06
7109,contato,2024-12-12
7109,perdido,2024-12-26
7110,lead,2025-07-10
7110,contato,2025-07-18
7110,reuniao,2025-07-21
7110,perdido,2025-08-07
7111,lead,2024-02-09
7111,contato,2024-02-12
7111,perdido,2024-03-10
7112,lead,2024-08-09
7112,contato,2024-08-20
7112,reuniao,2024-08-31
7112,proposta,2024-09-10
7112,perdido,2024-09-18
7113,lead,2025-10-29
7113,contato,2025-11-13
7113,perdido,2025-11-21
7114,lead,2024-04-25
7114,contato,2024-06-03
7114,reuniao,2024-06-20
7114,proposta,2024-07-02
7114,perdido,2024-07-10
7115,lead,2024-07-23
7115,contato,2024-08-02
7115,perdido,2024-08-15
7116,lead,2025-11-05
7116,perdido,2025-11-19
7117,lead,2024-08-30
7117,contato,2024-09-11
7117,perdido,2024-09-15
7118,lead,2025-08-20
7118,contato,2025-08-22
7118,perdido,2025-09-16
7119,lead,2024-07-14
7119,contato,2024-07-30
7119,reuniao,2024-08-31
7119,proposta,2024-09-13
7119,perdido,2024-10-06
7120,lead,2024-06-20
7120,contato,2024-07-01
7120,reuniao,2024-07-23
7120,perdido,2024-07-31
7121,lead,2024-04-28
7121,contato,2024-05-15
7121,perdido,2024-06-02
7122,lead,2024-02-05
7122,contato,2024-02-19
7122,perdido,2024-03-04
7123,lead,2024-10-21
7123,perdido,2024-11-13
7124,lead,2025-05-18
7124,contato,2025-05-24
7124,perdido,2025-06-10
7125,lead,2025-01-03
7125,perdido,2025-01-26
7126,lead,2024-10-15
7126,contato,2024-10-25
7126,reuniao,2024-10-28
7126,perdido,2024-11-21
7127,lead,2024-05-11
7127,perdido,2024-06-06
7128,lead,2025-04-26
7128,contato,2025-04-27
7128,perdido,2025-05-26
7129,lead,2024-06-17
7129,perdido,2024-07-16
7130,lead,2024-01-19
7130,contato,2024-01-28
7130,reuniao,2024-02-10
7130,proposta,2024-02-13
7130,perdido,2024-02-22
7131,lead,2025-11-29
7131,contato,2025-12-09
7131,perdido,2025-12-12
7132,lead,2025-11-11
7132,contato,2025-11-13
7132,reuniao,2025-11-20
7132,perdido,2025-12-06
7133,lead,2024-05-18
7133,perdido,2024-06-08
7134,lead,2024-06-05
7134,perdido,2024-07-05
7135,lead,2025-02-15
7135,perdido,2025-03-02
7136,lead,2024-10-30
7136,perdido,2024-11-07
7137,lead,2025-10-01
7137,contato,2025-10-12
7137,reuniao,2025-10-25
7137,proposta,2025-11-10
7137,perdido,2025-11-20
7138,lead,2024-10-29
7138,contato,2024-11-13
7138,reuniao,2024-11-24
7138,perdido,2024-12-17
7139,lead,2024-03-22
7139,contato,2024-03-25
7139,perdido,2024-04-02
7140,lead,2025-01-26
7140,contato,2025-02-14
7140,reuniao,2025-02-21
7140,perdido,2025-03-17
7141,lead,2024-03-07
7141,contato,2024-03-11
7141,perdido,2024-03-16
7142,lead,2024-11-15
7142,contato,2024-11-16
7142,perdido,2024-11-25
7143,lead,2025-02-13
7143,contato,2025-02-19
7143,reuniao,2025-03-04
7143,proposta,2025-03-07
7143,perdido,2025-03-26
7144,lead,2025-11-14
7144,contato,2025-11-16
7144,perdido,2025-12-07
7145,lead,2024-07-19
7145,contato,2024-07-27
7145,perdido,2024-08-19
7146,lead,2025-04-01
7146,perdido,2025-04-20
7147,lead,2024-01-01
7147,contato,2024-01-22
7147,perdido,2024-01-27
7148,lead,2025-09-19
7148,perdido,2025-10-06
7149,lead,2024-08-08
7149,contato,2024-08-17
7149,reuniao,2024-08-25
7149,proposta,2024-08-29
7149,perdido,2024-09-25
7150,lead,2024-06-07
7150,contato,2024-06-27
7150,reuniao,2024-07-07
7150,proposta,2024-07-12
7150,perdido,2024-08-08
7151,lead,2024-02-29
7151,perdido,2024-03-16
7152,lead,2025-07-14
7152,contato,2025-07-25
7152,reuniao,2025-08-03
7152,proposta,2025-08-05
7152,perdido,2025-08-18
7153,lead,2024-02-01
7153,contato,2024-02-16
7153,reuniao,2024-02-24
7153,perdido,2024-02-27
7154,lead,2025-03-11
7154,contato,2025-03-16
7154,reuniao,2025-03-19
7154,perdido,2025-04-08
7155,lead,2024-08-06
7155,contato,2024-08-26
7155,perdido,2024-09-21
7156,lead,2025-05-16
7156,contato,2025-06-08
7156,reuniao,2025-06-14
7156,perdido,2025-06-17
7157,lead,2025-11-30
7157,contato,2025-12-08
7157,reuniao,2025-12-23
7158,lead,2024-07-04
7158,perdido,2024-07-15
7159,lead,2025-03-12
7159,contato,2025-03-18
7159,reuniao,2025-03-28
7159,proposta,2025-04-01
7159,fechado,2025-04-07
7160,lead,2024-09-18
7160,contato,2024-09-29
7160,perdido,2024-10-05
7161,lead,2025-01-05
7161,contato,2025-01-06
7161,perdido,2025-01-20
7162,lead,2024-02-18
7162,contato,2024-03-13
7162,perdido,2024-04-01
7163,lead,2024-05-11
7163,contato,2024-06-19
7163,reuniao,2024-06-27
7163,perdido,2024-07-17
7164,lead,2025-07-21
7164,contato,2025-07-24
7164,reuniao,2025-07-30
7164,proposta,2025-08-05
7164,perdido,2025-08-29
7165,lead,2024-08-30
7165,contato,2024-09-12
7165,reuniao,2024-09-24
7165,proposta,2024-10-06
7165,perdido,2024-10-14
7166,lead,2024-01-01
7166,perdido,2024-01-29
7167,lead,2024-08-11
7167,contato,2024-08-30
7167,reuniao,2024-09-14
7167,proposta,2024-09-25
7167,perdido,2024-09-30
7168,lead,2025-04-16
7168,perdido,2025-04-29
7169,lead,2025-12-06
7170,lead,2025-09-07
7170,contato,2025-09-11
7170,perdido,2025-09-19
7171,lead,2025-06-21
7171,contato,2025-07-01
7171,reuniao,2025-07-25
7171,perdido,2025-08-21
7172,lead,2025-11-01
7172,contato,2025-11-12
7172,reuniao,2025-12-01
7172,perdido,2025-12-07
7173,lead,2025-04-08
7173,contato,2025-04-28
7173,perdido,2025-05-07
7174,lead,2025-01-11
7174,contato,2025-01-17
7174,reuniao,2025-02-08
7174,perdido,2025-03-05
7175,lead,2025-01-22
7175,contato,2025-02-13
7175,perdido,2025-03-01
7176,lead,2025-11-13
7176,perdido,2025-12-07
7177,lead,2024-01-02
7177,perdido,2024-01-31
7178,lead,2025-01-09
7178,contato,2025-01-14
7178,reuniao,2025-01-24
7178,perdido,2025-02-17
7179,lead,2025-06-30
7179,perdido,2025-07-03
7180,lead,2024-01-22
7180,contato,2024-01-23
7180,reuniao,2024-02-08
7180,perdido,2024-02-14
7181,lead,2025-08-13
7181,perdido,2025-08-19
7182,lead,2025-08-30
7182,contato,2025-09-01
7182,reuniao,2025-09-04
7182,proposta,2025-09-21
7182,perdido,2025-10-16
7183,lead,2025-01-13
7183,perdido,2025-02-11
7184,lead,2025-08-18
7184,perdido,2025-09-13
7185,lead,2024-03-27
7185,perdido,2024-04-17
7186,lead,2025-11-12
7186,perdido,2025-11-23
7187,lead,2024-01-28
7187,contato,2024-02-04
7187,reuniao,2024-02-09
7187,proposta,2024-03-07
7187,perdido,2024-03-29
7188,lead,2024-01-21
7188,perdido,2024-02-19
7189,lead,2025-01-14
7189,contato,2025-01-27
7189,reuniao,2025-02-03
7189,perdido,2025-02-21
7190,lead,2025-06-03
7190,contato,2025-06-15
7190,perdido,2025-07-11
7191,lead,2025-05-08
7191,perdido,2025-05-31
7192,lead,2025-01-28
7192,contato,2025-01-30
7192,reuniao,2025-03-04
7192,proposta,2025-03-11
7192,fechado,2025-03-16
7193,lead,2025-07-12
7193,contato,2025-07-14
7193,perdido,2025-08-12
7194,lead,2025-03-04
7194,perdido,2025-03-19
7195,lead,2025-09-04
7195,contato,2025-09-12
7195,perdido,2025-09-27
7196,lead,2024-03-09
7196,contato,2024-03-15
7196,perdido,2024-04-06
7197,lead,2025-12-15
7197,contato,2025-12-23
7197,reuniao,2025-12-28
7198,lead,2025-09-26
7198,perdido,2025-10-23
7199,lead,2025-10-07
7199,contato,2025-10-18
7199,perdido,2025-11-09
7200,lead,2024-09-13
7200,contato,2024-09-27
7200,reuniao,2024-10-03
7200,perdido,2024-10-18
7201,lead,2025-11-15
7201,perdido,2025-12-07
7202,lead,2024-03-26
7202,contato,2024-03-29
7202,perdido,2024-04-13
7203,lead,2024-02-14
7203,contato,2024-02-23
7203,reuniao,2024-03-01
7203,perdido,2024-03-16
7204,lead,2024-10-09
7204,contato,2024-10-20
7204,perdido,2024-10-23
7205,lead,2025-11-04
7205,contato,2025-11-13
7205,reuniao,2025-11-25
7205,perdido,2025-12-07
7206,lead,2025-12-02
7206,perdido,2025-12-16
7207,lead,2024-12-25
7207,contato,2025-01-15
7207,perdido,2025-01-29
7208,lead,2025-06-17
7208,contato,2025-06-26
7208,reuniao,2025-06-29
7208,proposta,2025-07-06
7208,perdido,2025-07-11
7209,lead,2025-01-22
7209,contato,2025-01-31
7209,reuniao,2025-02-10
7209,proposta,2025-02-11
7209,perdido,2025-03-12
7210,lead,2024-03-08
7210,contato,2024-03-15
7210,reuniao,2024-03-30
7210,perdido,2024-04-21
7211,lead,2025-04-04
7211,contato,2025-04-11
7211,perdido,2025-04-20
7212,lead,2024-03-30
7212,contato,2024-04-22
7212,reuniao,2024-04-26
7212,proposta,2024-04-30
7212,perdido,2024-05-10
7213,lead,2025-04-06
7213,contato,2025-04-18
7213,perdido,2025-05-17
7214,lead,2024-06-07
7214,contato,2024-06-15
7214,perdido,2024-06-18
7215,lead,2024-06-25
7215,perdido,2024-07-21
7216,lead,2025-04-20
7216,contato,2025-05-12
7216,reuniao,2025-05-24
7216,proposta,2025-05-31
7216,perdido,2025-06-27
7217,lead,2024-11-29
7217,perdido,2024-12-16
7218,lead,2025-08-19
7218,contato,2025-09-04
7218,reuniao,2025-09-16
7218,proposta,2025-09-24
7218,perdido,2025-10-04
7219,lead,2025-04-24
7219,contato,2025-05-02
7219,reuniao,2025-05-07
7219,proposta,2025-05-22
7219,perdido,2025-06-16
7220,lead,2024-07-21
7220,contato,2024-07-24
7220,reuniao,2024-07-30
7220,perdido,2024-08-13
7221,lead,2025-07-07
7221,contato,2025-07-26
7221,reuniao,2025-07-31
7221,proposta,2025-08-14
7221,perdido,2025-09-05
7222,lead,2024-02-06
7222,contato,2024-02-13
7222,perdido,2024-02-28
7223,lead,2025-06-03
7223,contato,2025-06-12
7223,reuniao,2025-06-22
7223,perdido,2025-07-13
7224,lead,2024-09-29
7224,contato,2024-10-01
7224,reuniao,2024-10-18
7224,proposta,2024-10-29
7224,perdido,2024-11-04
7225,lead,2024-07-27
7225,contato,2024-08-08
7225,reuniao,2024-09-02
7225,perdido,2024-09-12
7226,lead,2025-01-13
7226,contato,2025-02-07
7226,perdido,2025-02-26
7227,lead,2025-10-15
7227,contato,2025-10-19
7227,perdido,2025-11-05
7228,lead,2024-06-20
7228,contato,2024-07-04
7228,reuniao,2024-07-13
7228,proposta,2024-07-21
7228,perdido,2024-07-25
7229,lead,2025-12-31
7230,lead,2025-02-21
7230,contato,2025-02-25
7230,perdido,2025-03-25
7231,lead,2024-06-16
7231,contato,2024-06-21
7231,reuniao,2024-06-25
7231,perdido,2024-07-17
7232,lead,2025-05-01
7232,contato,2025-05-18
7232,reuniao,2025-06-05
7232,proposta,2025-07-01
7232,perdido,2025-07-10
7233,lead,2025-06-03
7233,perdido,2025-06-13
7234,lead,2025-01-18
7234,contato,2025-02-05
7234,reuniao,2025-03-05
7234,proposta,2025-03-10
7234,perdido,2025-03-18
7235,lead,2024-03-19
7235,contato,2024-03-27
7235,perdido,2024-04-22
7236,lead,2025-08-07
7236,contato,2025-08-08
7236,reuniao,2025-08-21
7236,perdido,2025-08-24
7237,lead,2025-08-03
7237,contato,2025-08-17
7237,perdido,2025-09-04
7238,lead,2025-06-27
7238,contato,2025-07-10
7238,reuniao,2025-07-27
7238,perdido,2025-08-15
7239,lead,2025-06-20
7239,contato,2025-06-22
7239,reuniao,2025-06-26
7239,proposta,2025-07-08
7239,perdido,2025-07-28
7240,lead,2024-09-26
7240,contato,2024-10-17
7240,reuniao,2024-10-03
7240,perdido,2024-11-01
7241,lead,2024-12-24
7241,perdido,2025-01-04
7242,lead,2025-04-10
7242,perdido,2025-05-01
7243,lead,2024-04-12
7243,perdido,2024-04-15
7244,lead,2025-03-02
7244,contato,2025-03-24
7244,reuniao,2025-03-31
7244,perdido,2025-04-14
7245,lead,2024-03-05
7245,contato,2024-03-06
7245,perdido,2024-04-02
7246,lead,2025-09-02
7246,contato,2025-09-10
7246,perdido,2025-10-02
7247,lead,2024-03-12
7247,contato,2024-04-06
7247,perdido,2024-04-30
7248,lead,2025-07-03
7248,contato,2025-07-10
7248,reuniao,2025-07-23
7248,perdido,2025-08-21
7249,lead,2024-05-23
7249,contato,2024-06-08
7249,reuniao,2024-06-22
7249,perdido,2024-07-10
7250,lead,2025-10-31
7250,perdido,2025-11-29
7251,lead,2025-04-07
7251,contato,2025-04-10
7251,reuniao,2025-04-25
7251,perdido,2025-05-10
7252,lead,2024-11-02
7252,contato,2024-11-07
7252,reuniao,2024-11-18
7252,proposta,2024-11-07
7252,perdido,2024-12-24
7253,lead,2024-01-25
7253,contato,2024-02-09
7253,perdido,2024-03-06
7254,lead,2025-03-04
7254,contato,2025-03-09
7254,reuniao,2025-03-30
7254,proposta,2025-04-06
7254,perdido,2025-04-16
7255,lead,2024-09-24
7255,contato,2024-09-29
7255,reuniao,2024-10-19
7255,perdido,2024-11-03
7256,lead,2025-07-24
7256,contato,2025-07-29
7256,reuniao,2025-08-09
7256,proposta,2025-07-29
7256,perdido,2025-08-23
7257,lead,2025-07-20
7257,contato,2025-07-29
7257,perdido,2025-08-18
7258,lead,2025-04-29
7258,contato,2025-05-04
7258,reuniao,2025-06-03
7258,proposta,2025-06-07
7258,perdido,2025-07-03
7259,lead,2024-06-29
7259,contato,2024-07-15
7259,perdido,2024-07-20
7260,lead,2024-04-18
7260,perdido,2024-04-29
7261,lead,2024-12-28
7261,contato,2024-12-29
7261,reuniao,2024-12-31
7261,proposta,2025-01-01
7261,fechado,2025-01-10
7262,lead,2024-11-19
7262,contato,2024-11-21
7262,perdido,2024-12-10
7263,lead,2025-04-18
7263,perdido,2025-05-18
7264,lead,2025-01-18
7264,contato,2025-02-04
7264,reuniao,2025-02-11
7264,proposta,2025-02-16
7264,perdido,2025-02-20
7265,lead,2024-12-26
7265,contato,2025-01-07
7265,perdido,2025-02-01
7266,lead,2024-12-13
7266,perdido,2025-01-02
7267,lead,2025-01-02
7267,contato,2025-02-05
7267,perdido,2025-02-28
7268,lead,2025-09-20
7268,perdido,2025-09-28
7269,lead,2024-04-16
7269,contato,2024-05-15
7269,reuniao,2024-06-03
7269,proposta,2024-06-11
7269,perdido,2024-07-11
7270,lead,2024-01-11
7270,contato,2024-01-14
7270,reuniao,2024-01-23
7270,proposta,2024-02-09
7270,perdido,2024-02-25
7271,lead,2024-05-23
7271,contato,2024-06-12
7271,reuniao,2024-06-19
7271,proposta,2024-06-27
7271,perdido,2024-07-14
7272,lead,2024-08-02
7272,contato,2024-08-06
7272,perdido,2024-08-21
7273,lead,2025-03-07
7273,contato,2025-03-20
7273,reuniao,2025-03-23
7273,proposta,2025-03-27
7273,perdido,2025-04-12
7274,lead,2025-08-29
7274,contato,2025-09-23
7274,perdido,2025-10-06
7275,lead,2025-05-18
7275,contato,2025-05-27
7275,reuniao,2025-05-30
7275,proposta,2025-06-01
7275,perdido,2025-06-16
7276,lead,2025-12-30
7277,lead,2024-01-01
7277,contato,2024-01-05
7277,reuniao,2024-01-20
7277,perdido,2024-02-18
7278,lead,2024-04-30
7278,contato,2024-05-06
7278,perdido,2024-05-28
7279,lead,2024-02-20
7279,contato,2024-02-29
7279,reuniao,2024-03-04
7279,proposta,2024-03-07
7279,perdido,2024-03-12
7280,lead,2025-04-11
7280,contato,2025-04-19
7280,perdido,2025-04-26
7281,lead,2024-10-29
7281,perdido,2024-11-02
7282,lead,2024-08-03
7282,contato,2024-08-05
7282,reuniao,2024-08-15
7282,proposta,2024-09-14
7282,perdido,2024-10-10
7283,lead,2024-08-04
7283,perdido,2024-08-24
7284,lead,2025-10-05
7284,contato,2025-10-12
7284,reuniao,2025-10-15
7284,perdido,2025-11-12
7285,lead,2024-02-13
7285,contato,2024-02-20
7285,perdido,2024-03-14
7286,lead,2024-08-05
7286,contato,2024-08-22
7286,reuniao,2024-08-26
7286,proposta,2024-09-09
7286,perdido,2024-10-03
7287,lead,2024-12-31
7287,contato,2025-01-06
7287,perdido,2025-02-01
7288,lead,2024-10-18
7288,perdido,2024-11-09
7289,lead,2025-04-29
7289,contato,2025-05-04
7289,reuniao,2025-05-09
7289,perdido,2025-05-23
7290,lead,2025-03-04
7290,contato,2025-03-15
7290,perdido,2025-03-24
7291,lead,2025-07-26
7291,perdido,2025-08-17
7292,lead,2025-08-30
7292,contato,2025-09-16
7292,reuniao,2025-09-20
7292,proposta,2025-09-25
7292,perdido,2025-10-02
7293,lead,2024-10-10
7293,perdido,2024-10-29
7294,lead,2025-09-15
7294,contato,2025-09-21
7294,reuniao,2025-10-10
7294,perdido,2025-10-15
7295,lead,2025-03-21
7295,perdido,2025-04-14
7296,lead,2025-09-11
7296,contato,2025-09-18
7296,perdido,2025-10-03
7297,lead,2024-11-29
7297,contato,2024-12-19
7297,reuniao,2025-01-02
7297,perdido,2025-01-28
7298,lead,2024-01-15
7298,contato,2024-01-17
7298,perdido,2024-02-14
7299,lead,2025-04-07
7299,contato,2025-04-13
7299,perdido,2025-05-06
7300,lead,2025-11-30
7300,contato,2025-12-14
7301,lead,2025-11-01
7301,contato,2025-11-09
7301,reuniao,2025-11-20
7301,proposta,2025-11-25
7301,perdido,2025-12-11
7302,lead,2024-04-02
7302,contato,2024-04-14
7302,perdido,2024-04-18
7303,lead,2024-12-21
7303,contato,2024-12-24
7303,reuniao,2025-01-04
7303,perdido,2025-01-12
7304,lead,2025-09-20
7304,contato,2025-09-22
7304,reuniao,2025-10-07
7304,perdido,2025-10-30
7305,lead,2024-10-22
7305,contato,2024-11-06
7305,reuniao,2024-11-07
7305,proposta,2024-11-11
7305,fechado,2024-11-14
7306,lead,2025-01-10
7306,contato,2025-01-11
7306,reuniao,2025-02-11
7306,perdido,2025-03-07
7307,lead,2025-12-29
7308,lead,2024-12-15
7308,perdido,2025-01-13
7309,lead,2024-04-30
7309,perdido,2024-05-25
7310,lead,2024-01-22
7310,contato,2024-02-02
7310,reuniao,2024-02-06
7310,proposta,2024-02-11
7310,perdido,2024-03-02
7311,lead,2024-11-26
7311,perdido,2024-12-07
7312,lead,2025-01-08
7312,perdido,2025-01-14
7313,lead,2025-10-25
7313,perdido,2025-11-12
7314,lead,2025-07-19
7314,contato,2025-08-13
7314,perdido,2025-09-12
7315,lead,2024-02-05
7315,contato,2024-02-10
7315,reuniao,2024-02-25
7315,perdido,2024-03-25
7316,lead,2025-08-08
7316,contato,2025-08-11
7316,perdido,2025-09-09
7317,lead,2024-02-09
7317,perdido,2024-03-04
7318,lead,2024-01-08
7318,contato,2024-01-12
7318,reuniao,2024-01-20
7318,perdido,2024-02-17
7319,lead,2025-01-26
7319,contato,2025-02-20
7319,perdido,2025-03-09
7320,lead,2025-01-17
7320,contato,2025-01-20
7320,reuniao,2025-02-25
7320,proposta,2025-03-15
7320,perdido,2025-03-28
7321,lead,2024-08-07
7321,contato,2024-08-14
7321,reuniao,2024-08-18
7321,proposta,2024-08-26
7321,perdido,2024-08-30
7322,lead,2024-11-25
7322,contato,2024-12-07
7322,reuniao,2024-12-15
7322,perdido,2025-01-05
7323,lead,2025-10-25
7323,contato,2025-11-13
7323,reuniao,2025-12-12
7323,proposta,2025-12-25
7324,lead,2025-04-21
7324,contato,2025-05-06
7324,perdido,2025-05-28
7325,lead,2024-08-28
7325,contato,2024-09-27
7325,perdido,2024-09-30
7326,lead,2025-11-04
7326,perdido,2025-11-08
7327,lead,2024-04-10
7327,contato,2024-04-16
7327,reuniao,2024-05-02
7327,proposta,2024-05-18
7327,perdido,2024-05-25
7328,lead,2024-04-19
7328,contato,2024-05-02
7328,reuniao,2024-05-11
7328,proposta,2024-05-19
7328,fechado,2024-06-05
7329,lead,2024-05-31
7329,contato,2024-06-16
7329,perdido,2024-06-26
7330,lead,2024-05-31
7330,contato,2024-06-10
7330,perdido,2024-07-01
7331,lead,2024-02-10
7331,contato,2024-02-13
7331,perdido,2024-03-09
7332,lead,2024-08-02
7332,perdido,2024-08-24
7333,lead,2025-01-27
7333,contato,2025-01-31
7333,reuniao,2025-02-02
7333,perdido,2025-02-10
7334,lead,2024-05-24
7334,perdido,2024-05-29
7335,lead,2024-03-03
7335,perdido,2024-03-24
7336,lead,2025-04-02
7336,contato,2025-04-03
7336,reuniao,2025-04-11
7336,proposta,2025-05-08
7336,perdido,2025-05-20
7337,lead,2024-10-24
7337,perdido,2024-11-23
7338,lead,2025-04-04
7338,perdido,2025-04-29
7339,lead,2024-06-13
7339,contato,2024-06-21
7339,perdido,2024-07-14
7340,lead,2025-06-20
7340,contato,2025-07-03
7340,reuniao,2025-07-06
7340,proposta,2025-07-08
7340,fechado,2025-07-13
7341,lead,2025-12-07
7341,contato,2025-12-23
7342,lead,2024-06-23
7342,contato,2024-07-02
7342,reuniao,2024-07-11
7342,perdido,2024-07-19
7343,lead,2025-03-25
7343,contato,2025-03-31
7343,perdido,2025-04-09
7344,lead,2025-06-27
7344,contato,2025-07-12
7344,reuniao,2025-07-19
7344,perdido,2025-08-06
7345,lead,2025-01-24
7345,contato,2025-01-29
7345,reuniao,2025-02-09
7345,proposta,2025-03-08
7345,perdido,2025-04-03
7346,lead,2024-07-18
7346,contato,2024-07-24
7346,perdido,2024-08-22
7347,lead,2024-05-18
7347,contato,2024-06-06
7347,perdido,2024-06-27
7348,lead,2025-03-30
7348,contato,2025-04-04
7348,perdido,2025-04-12
7349,lead,2024-12-12
7349,contato,2025-01-12
7349,reuniao,2025-01-16
7349,proposta,2025-01-17
7349,perdido,2025-01-25
7350,lead,2025-08-25
7350,perdido,2025-09-07
7351,lead,2024-02-21
7351,contato,2024-02-26
7351,perdido,2024-03-13
7352,lead,2024-01-19
7352,perdido,2024-02-07
7353,lead,2024-09-18
7353,contato,2024-09-23
7353,reuniao,2024-10-01
7353,proposta,2024-10-08
7353,perdido,2024-10-27
7354,lead,2024-12-07
7354,contato,2024-12-29
7354,perdido,2025-01-19
7355,lead,2025-03-25
7355,contato,2025-04-05
7355,reuniao,2025-04-15
7355,proposta,2025-04-24
7355,perdido,2025-05-09
7356,lead,2024-03-08
7356,perdido,2024-03-21
7357,lead,2025-02-20
7357,contato,2025-03-25
7357,reuniao,2025-04-01
7357,proposta,2025-04-12
7357,perdido,2025-05-12
7358,lead,2025-08-05
7358,contato,2025-08-24
7358,perdido,2025-09-15
7359,lead,2025-10-17
7359,contato,2025-10-19
7359,perdido,2025-11-16
7360,lead,2025-10-10
7360,contato,2025-10-12
7360,reuniao,2025-10-27
7360,proposta,2025-11-05
7360,perdido,2025-11-18
7361,lead,2025-01-10
7361,contato,2025-01-14
7361,reuniao,2025-01-28
7361,proposta,2025-02-16
7361,perdido,2025-02-24
7362,lead,2025-10-10
7362,perdido,2025-10-15
7363,lead,2025-01-21
7363,contato,2025-01-30
7363,reuniao,2025-02-10
7363,perdido,2025-02-25
7364,lead,2024-02-12
7364,contato,2024-02-23
7364,perdido,2024-03-24
7365,lead,2025-12-07
7365,contato,2025-12-15
7366,lead,2024-01-02
7366,contato,2024-01-09
7366,reuniao,2024-01-17
7366,proposta,2024-01-29
7366,fechado,2024-02-09
7367,lead,2024-07-13
7367,perdido,2024-07-23
7368,lead,2024-01-27
7368,contato,2024-02-11
7368,reuniao,2024-02-18
7368,perdido,2024-03-16
7369,lead,2025-01-25
7369,contato,2025-02-03
7369,reuniao,2025-02-05
7369,proposta,2025-02-18
7369,perdido,2025-03-06
7370,lead,2025-02-07
7370,contato,2025-02-10
7370,perdido,2025-02-16
7371,lead,2025-03-24
7371,contato,2025-03-26
7371,reuniao,2025-04-20
7371,proposta,2025-04-28
7371,fechado,2025-05-06
7372,lead,2024-03-25
7372,contato,2024-04-13
7372,reuniao,2024-04-20
7372,proposta,2024-05-12
7372,fechado,2024-05-16
7373,lead,2024-01-10
7373,contato,2024-01-18
7373,reuniao,2024-01-21
7373,proposta,2024-01-25
7373,perdido,2024-02-23
7374,lead,2024-06-27
7374,contato,2024-07-06
7374,perdido,2024-08-05
7375,lead,2024-01-29
7375,contato,2024-02-12
7375,reuniao,2024-02-22
7375,proposta,2024-02-28
7375,perdido,2024-03-10
7376,lead,2024-01-20
7376,perdido,2024-01-28
7377,lead,2024-06-26
7377,contato,2024-07-02
7377,reuniao,2024-07-10
7377,perdido,2024-08-02
7378,lead,2025-12-30
7379,lead,2025-07-28
7379,contato,2025-08-01
7379,reuniao,2025-08-23
7379,proposta,2025-09-03
7379,perdido,2025-09-28
7380,lead,2024-09-12
7380,contato,2024-09-21
7380,reuniao,2024-10-09
7380,proposta,2024-10-28
7380,perdido,2024-11-03
7381,lead,2024-09-22
7381,contato,2024-09-30
7381,reuniao,2024-10-11
7381,proposta,2024-10-21
7381,perdido,2024-10-29
7382,lead,2025-11-01
7382,perdido,2025-11-29
7383,lead,2025-04-10
7383,contato,2025-04-19
7383,reuniao,2025-05-02
7383,proposta,2025-05-11
7383,perdido,2025-06-06
7384,lead,2025-08-25
7384,contato,2025-09-04
7384,reuniao,2025-09-14
7384,proposta,2025-10-02
7384,perdido,2025-10-19
7385,lead,2025-09-14
7385,contato,2025-09-15
7385,perdido,2025-10-01
7386,lead,2024-04-15
7386,contato,2024-04-24
7386,reuniao,2024-05-04
7386,perdido,2024-05-28
7387,lead,2024-01-10
7387,contato,2024-01-23
7387,perdido,2024-01-31
7388,lead,2024-06-29
7388,contato,2024-07-02
7388,reuniao,2024-07-04
7388,proposta,2024-07-06
7388,fechado,2024-07-22
7389,lead,2025-02-24
7389,contato,2025-03-10
7389,reuniao,2025-04-06
7389,proposta,2025-04-24
7389,perdido,2025-05-07
7390,lead,2025-10-16
7390,perdido,2025-11-12
7391,lead,2024-08-01
7391,perdido,2024-08-22
7392,lead,2025-09-04
7392,perdido,2025-09-28
7393,lead,2025-04-10
7393,contato,2025-04-16
7393,reuniao,2025-05-03
7393,proposta,2025-05-16
7393,perdido,2025-06-05
7394,lead,2025-04-05
7394,contato,2025-04-08
7394,perdido,2025-04-19
7395,lead,2025-05-20
7395,perdido,2025-05-30
7396,lead,2025-01-07
7396,contato,2025-01-14
7396,reuniao,2025-02-01
7396,perdido,2025-02-17
7397,lead,2025-04-19
7397,perdido,2025-04-29
7398,lead,2025-07-20
7398,contato,2025-07-30
7398,reuniao,2025-08-17
7398,perdido,2025-09-10
7399,lead,2025-02-21
7399,contato,2025-03-10
7399,reuniao,2025-03-19
7399,perdido,2025-04-05
7400,lead,2024-01-23
7400,perdido,2024-02-20
7401,lead,2025-01-06
7401,contato,2025-01-09
7401,reuniao,2025-01-11
7401,proposta,2025-01-17
7401,perdido,2025-02-12
7402,lead,2025-02-25
7402,perdido,2025-03-14
7403,lead,2025-09-22
7403,contato,2025-10-03
7403,perdido,2025-10-22
7404,lead,2024-01-03
7404,perdido,2024-01-16
7405,lead,2024-01-28
7405,contato,2024-02-06
7405,reuniao,2024-02-13
7405,perdido,2024-02-20
7406,lead,2024-09-16
7406,contato,2024-10-18
7406,perdido,2024-10-24
7407,lead,2025-07-28
7407,contato,2025-08-14
7407,reuniao,2025-08-20
7407,proposta,2025-08-21
7407,perdido,2025-08-27
7408,lead,2024-12-16
7408,contato,2024-12-19
7408,reuniao,2024-12-28
7408,perdido,2025-01-23
7409,lead,2024-07-29
7409,contato,2024-08-14
7409,reuniao,2024-08-23
7409,perdido,2024-09-12
7410,lead,2025-05-03
7410,perdido,2025-05-12
7411,lead,2025-01-02
7411,contato,2025-01-06
7411,reuniao,2025-01-08
7411,perdido,2025-01-15
7412,lead,2025-02-11
7412,contato,2025-02-12
7412,perdido,2025-03-14
7413,lead,2024-10-30
7413,contato,2024-11-14
7413,perdido,2024-11-17
7414,lead,2025-05-26
7414,perdido,2025-06-14
7415,lead,2024-01-09
7415,contato,2024-01-20
7415,reuniao,2024-01-24
7415,proposta,2024-02-04
7415,perdido,2024-02-25
7416,lead,2024-01-01
7416,contato,2024-01-04
7416,perdido,2024-01-11
7417,lead,2025-04-25
7417,perdido,2025-05-14
7418,lead,2024-01-15
7418,contato,2024-01-18
7418,reuniao,2024-02-06
7418,perdido,2024-02-26
7419,lead,2024-08-24
7419,contato,2024-09-03
7419,reuniao,2024-09-10
7419,perdido,2024-09-29
7420,lead,2024-09-15
7420,contato,2024-09-22
7420,reuniao,2024-09-27
7420,proposta,2024-10-05
7420,perdido,2024-11-01
7421,lead,2025-03-08
7421,perdido,2025-03-11
7422,lead,2025-07-03
7422,contato,2025-07-18
7422,perdido,2025-07-24
7423,lead,2025-08-12
7423,contato,2025-08-25
7423,reuniao,2025-08-29
7423,perdido,2025-09-07
7424,lead,2024-07-09
7424,perdido,2024-07-31
7425,lead,2024-04-10
7425,contato,2024-04-12
7425,reuniao,2024-04-29
7425,proposta,2024-05-03
7425,perdido,2024-05-28
7426,lead,2025-12-14
7426,contato,2025-12-27
7427,lead,2024-01-25
7427,contato,2024-02-22
7427,reuniao,2024-03-01
7427,perdido,2024-03-19
7428,lead,2025-08-06
7428,contato,2025-08-14
7428,perdido,2025-08-17
7429,lead,2024-01-12
7429,contato,2024-01-15
7429,reuniao,2024-01-25
7429,proposta,2024-02-03
7429,perdido,2024-03-01
7430,lead,2024-12-17
7430,contato,2024-12-22
7430,perdido,2025-01-17
7431,lead,2025-03-27
7431,perdido,2025-04-01
7432,lead,2024-12-10
7432,contato,2024-12-16
7432,perdido,2025-01-07
7433,lead,2025-02-06
7433,contato,2025-02-10
7433,reuniao,2025-02-15
7433,perdido,2025-03-06
7434,lead,2024-01-15
7434,contato,2024-02-16
7434,perdido,2024-03-10
7435,lead,2024-04-04
7435,contato,2024-04-18
7435,reuniao,2024-04-21
7435,perdido,2024-05-18
7436,lead,2025-01-30
7436,perdido,2025-02-10
7437,lead,2025-08-17
7437,contato,2025-08-23
7437,perdido,2025-09-19
7438,lead,2025-01-27
7438,contato,2025-02-05
7438,reuniao,2025-02-06
7438,proposta,2025-02-15
7438,perdido,2025-03-03
7439,lead,2024-12-30
7439,contato,2025-01-04
7439,reuniao,2025-01-05
7439,proposta,2025-01-31
7439,perdido,2025-02-16
7440,lead,2025-12-21
7440,contato,2025-12-29
7441,lead,2024-10-02
7441,contato,2024-10-04
7441,reuniao,2024-10-18
7441,perdido,2024-11-03
7442,lead,2024-09-29
7442,contato,2024-10-02
7442,perdido,2024-10-07
7443,lead,2024-02-12
7443,contato,2024-02-24
7443,reuniao,2024-02-28
7443,proposta,2024-03-03
7443,perdido,2024-03-09
7444,lead,2025-07-12
7444,perdido,2025-07-31
7445,lead,2024-02-08
7445,contato,2024-02-13
7445,reuniao,2024-02-19
7445,proposta,2024-02-28
7445,perdido,2024-03-07
7446,lead,2024-03-23
7446,contato,2024-04-05
7446,reuniao,2024-05-08
7446,proposta,2024-05-16
7446,fechado,2024-06-09
7447,lead,2024-02-01
7447,perdido,2024-02-17
7448,lead,2024-05-02
7448,contato,2024-05-13
7448,reuniao,2024-05-16
7448,proposta,2024-05-25
7448,perdido,2024-06-08
7449,lead,2024-11-08
7449,perdido,2024-11-28
7450,lead,2024-01-24
7450,contato,2024-02-22
7450,reuniao,2024-03-11
7450,proposta,2024-03-23
7450,perdido,2024-03-28
7451,lead,2024-10-18
7451,contato,2024-10-21
7451,reuniao,2024-11-04
7451,perdido,2024-12-03
7452,lead,2024-12-13
7452,perdido,2024-12-27
7453,lead,2024-03-06
7453,contato,2024-03-10
7453,reuniao,2024-03-17
7453,proposta,2024-04-08
7453,perdido,2024-04-24
7454,lead,2024-01-31
7454,contato,2024-02-24
7454,perdido,2024-03-11
7455,lead,2024-08-06
7455,perdido,2024-08-16
7456,lead,2025-04-02
7456,contato,2025-04-15
7456,reuniao,2025-04-21
7456,proposta,2025-05-10
7456,perdido,2025-06-02
7457,lead,2025-03-04
7457,perdido,2025-03-13
7458,lead,2024-03-16
7458,contato,2024-03-25
7458,perdido,2024-04-24
7459,lead,2024-02-23
7459,perdido,2024-03-22
7460,lead,2024-04-28
7460,perdido,2024-05-27
7461,lead,2025-09-22
7461,perdido,2025-10-03
7462,lead,2025-11-03
7462,contato,2025-11-15
7462,perdido,2025-11-25
7463,lead,2025-01-12
7463,contato,2025-01-23
7463,perdido,2025-01-30
7464,lead,2025-10-12
7464,contato,2025-10-25
7464,reuniao,2025-11-01
7464,proposta,2025-11-08
7464,perdido,2025-12-08
7465,lead,2024-03-19
7465,perdido,2024-04-05
7466,lead,2025-04-07
7466,contato,2025-04-10
7466,perdido,2025-04-15
7467,lead,2025-04-01
7467,contato,2025-04-06
7467,perdido,2025-04-10
7468,lead,2024-11-16
7468,contato,2024-12-05
7468,perdido,2024-12-12
7469,lead,2025-06-05
7469,contato,2025-06-08
7469,reuniao,2025-06-13
7469,proposta,2025-06-17
7469,perdido,2025-07-07
7470,lead,2024-12-08
7470,contato,2024-12-28
7470,perdido,2025-01-24
7471,lead,2025-09-08
7471,contato,2025-09-17
7471,reuniao,2025-09-21
7471,proposta,2025-09-29
7471,perdido,2025-10-02
7472,lead,2024-03-22
7472,contato,2024-03-31
7472,perdido,2024-04-24
7473,lead,2024-01-10
7473,contato,2024-01-12
7473,reuniao,2024-01-29
7473,proposta,2024-01-31
7473,perdido,2024-03-01
7474,lead,2024-09-24
7474,contato,2024-09-29
7474,perdido,2024-10-23
7475,lead,2024-03-18
7475,contato,2024-03-28
7475,reuniao,2024-04-03
7475,proposta,2024-04-09
7475,perdido,2024-05-06
7476,lead,2024-04-22
7476,contato,2024-05-03
7476,reuniao,2024-05-14
7476,perdido,2024-06-04
7477,lead,2024-01-27
7477,contato,2024-01-31
7477,perdido,2024-02-21
7478,lead,2024-11-01
7478,contato,2024-11-05
7478,reuniao,2024-11-23
7478,proposta,2024-12-24
7478,perdido,2024-12-29
7479,lead,2025-06-05
7479,perdido,2025-06-14
7480,lead,2025-02-01
7480,perdido,2025-02-27
7481,lead,2024-09-08
7481,contato,2024-09-12
7481,reuniao,2024-09-18
7481,proposta,2024-10-02
7481,perdido,2024-10-05
7482,lead,2024-01-07
7482,contato,2024-01-11
7482,reuniao,2024-01-21
7482,proposta,2024-01-23
7482,perdido,2024-01-30
7483,lead,2025-01-05
7483,contato,2025-01-20
7483,perdido,2025-02-05
7484,lead,2024-08-16
7484,perdido,2024-08-30
7485,lead,2024-06-05
7485,perdido,2024-06-23
7486,lead,2024-11-18
7486,perdido,2024-12-04
7487,lead,2024-04-16
7487,perdido,2024-04-30
7488,lead,2024-08-11
7488,contato,2024-08-17
7488,reuniao,2024-09-03
7488,proposta,2024-10-10
7488,perdido,2024-10-22
7489,lead,2025-10-29
7489,perdido,2025-11-13
7490,lead,2025-03-06
7490,perdido,2025-04-05
7491,lead,2025-12-22
7492,lead,2025-03-18
7492,contato,2025-04-06
7492,perdido,2025-04-28
7493,lead,2024-02-26
7493,contato,2024-03-06
7493,perdido,2024-03-15
7494,lead,2025-04-13
7494,contato,2025-04-19
7494,reuniao,2025-05-11
7494,proposta,2025-05-20
7494,perdido,2025-06-09
7495,lead,2025-09-15
7495,contato,2025-09-25
7495,reuniao,2025-10-07
7495,proposta,2025-09-22
7495,perdido,2025-11-09
7496,lead,2025-10-20
7496,contato,2025-10-21
7496,reuniao,2025-10-31
7496,proposta,2025-11-16
7496,perdido,2025-11-27
7497,lead,2025-01-31
7497,contato,2025-02-24
7497,perdido,2025-03-16
7498,lead,2024-03-12
7498,contato,2024-04-04
7498,reuniao,2024-04-12
7498,perdido,2024-04-17
7499,lead,2025-03-28
7499,contato,2025-05-14
7499,perdido,2025-06-05
7500,lead,2024-03-27
7500,perdido,2024-04-10
7501,lead,2024-02-01
7501,contato,2024-02-08
7501,perdido,2024-02-25
7502,lead,2024-05-16
7502,contato,2024-05-28
7502,reuniao,2024-06-19
7502,proposta,2024-07-08
7502,perdido,2024-07-30
7503,lead,2024-02-26
7503,contato,2024-03-31
7503,reuniao,2024-04-30
7503,proposta,2024-05-05
7503,perdido,2024-05-11
7504,lead,2024-11-13
7504,contato,2024-11-20
7504,reuniao,2024-12-02
7504,proposta,2024-12-09
7504,perdido,2024-12-17
7505,lead,2025-11-13
7505,perdido,2025-11-30
7506,lead,2025-04-09
7506,contato,2025-04-14
7506,reuniao,2025-05-06
7506,proposta,2025-06-08
7506,fechado,2025-06-16
7507,lead,2025-05-04
7507,contato,2025-05-20
7507,reuniao,2025-05-23
7507,perdido,2025-06-06
7508,lead,2025-07-28
7508,contato,2025-08-12
7508,perdido,2025-08-28
7509,lead,2024-06-06
7509,contato,2024-06-17
7509,perdido,2024-06-26
7510,lead,2025-02-10
7510,perdido,2025-02-28
7511,lead,2025-05-17
7511,contato,2025-05-21
7511,reuniao,2025-05-22
7511,proposta,2025-06-02
7511,perdido,2025-06-06
7512,lead,2024-07-28
7512,contato,2024-08-08
7512,reuniao,2024-09-14
7512,perdido,2024-10-04
7513,lead,2024-10-01
7513,contato,2024-10-22
7513,perdido,2024-11-21
7514,lead,2025-05-09
7514,perdido,2025-05-15
7515,lead,2025-08-01
7515,contato,2025-08-30
7515,perdido,2025-09-18
7516,lead,2024-09-12
7516,perdido,2024-10-03
7517,lead,2025-03-16
7517,perdido,2025-03-20
7518,lead,2025-04-12
7518,contato,2025-05-02
7518,perdido,2025-05-18
7519,lead,2025-10-31
7519,contato,2025-11-05
7519,reuniao,2025-11-23
7519,proposta,2025-12-03
7519,perdido,2025-12-06
7520,lead,2025-07-15
7520,perdido,2025-07-28
7521,lead,2024-05-03
7521,contato,2024-05-07
7521,reuniao,2024-05-12
7521,proposta,2024-05-16
7521,perdido,2024-06-14
7522,lead,2025-03-16
7522,contato,2025-04-28
7522,perdido,2025-05-09
7523,lead,2025-11-24
7523,perdido,2025-11-27
7524,lead,2024-09-24
7524,contato,2024-10-14
7524,reuniao,2024-10-26
7524,perdido,2024-11-07
7525,lead,2025-06-27
7525,perdido,2025-07-01
7526,lead,2025-01-22
7526,contato,2025-02-03
7526,reuniao,2025-02-23
7526,proposta,2025-03-05
7526,perdido,2025-03-31
7527,lead,2024-11-07
7527,perdido,2024-11-16
7528,lead,2025-02-09
7528,contato,2025-02-16
7528,reuniao,2025-02-23
7528,proposta,2025-03-19
7528,perdido,2025-03-25
7529,lead,2024-10-28
7529,contato,2024-11-02
7529,reuniao,2024-11-10
7529,proposta,2024-11-18
7529,perdido,2024-11-25
7530,lead,2024-08-08
7530,contato,2024-08-16
7530,reuniao,2024-08-26
7530,proposta,2024-08-28
7530,perdido,2024-09-24
7531,lead,2025-06-24
7531,contato,2025-06-30
7531,perdido,2025-07-11
7532,lead,2025-01-18
7532,contato,2025-01-28
7532,reuniao,2025-01-29
7532,proposta,2025-02-12
7532,perdido,2025-02-27
7533,lead,2025-11-05
7533,contato,2025-11-14
7533,perdido,2025-12-14
7534,lead,2024-01-05
7534,perdido,2024-01-08
7535,lead,2025-07-01
7535,perdido,2025-07-16
7536,lead,2024-04-06
7536,contato,2024-04-12
7536,reuniao,2024-04-16
7536,perdido,2024-04-25
7537,lead,2025-06-24
7537,perdido,2025-06-29
7538,lead,2025-09-19
7538,contato,2025-09-25
7538,reuniao,2025-09-27
7538,perdido,2025-10-17
7539,lead,2025-07-13
7539,contato,2025-07-15
7539,reuniao,2025-07-26
7539,proposta,2025-08-28
7539,perdido,2025-09-14
7540,lead,2025-02-24
7540,perdido,2025-03-17
7541,lead,2024-03-14
7541,perdido,2024-03-29
7542,lead,2025-11-26
7542,perdido,2025-12-15
7543,lead,2024-08-15
7543,perdido,2024-08-21
7544,lead,2024-01-16
7544,contato,2024-01-22
7544,reuniao,2024-02-07
7544,proposta,2024-02-20
7544,perdido,2024-03-15
7545,lead,2024-01-02
7545,perdido,2024-01-18
7546,lead,2025-06-06
7546,contato,2025-06-07
7546,reuniao,2025-06-13
7546,perdido,2025-07-01
7547,lead,2025-08-21
7547,contato,2025-09-04
7547,perdido,2025-09-24
7548,lead,2025-07-28
7548,contato,2025-08-19
7548,reuniao,2025-08-21
7548,perdido,2025-08-26
7549,lead,2025-02-02
7549,perdido,2025-02-20
7550,lead,2025-03-20
7550,contato,2025-04-21
7550,perdido,2025-05-12
7551,lead,2025-10-15
7551,contato,2025-10-26
7551,reuniao,2025-10-30
7551,proposta,2025-11-02
7551,perdido,2025-11-28
7552,lead,2025-04-11
7552,contato,2025-04-15
7552,reuniao,2025-04-23
7552,proposta,2025-05-09
7552,fechado,2025-06-06
7553,lead,2024-09-04
7553,contato,2024-09-11
7553,reuniao,2024-10-08
7553,perdido,2024-11-03
7554,lead,2025-11-18
7554,perdido,2025-12-03
7555,lead,2025-11-30
7555,perdido,2025-12-05
7556,lead,2025-03-18
7556,contato,2025-03-29
7556,reuniao,2025-04-01
7556,proposta,2025-04-23
7556,perdido,2025-05-15
7557,lead,2025-02-07
7557,contato,2025-03-02
7557,reuniao,2025-03-05
7557,perdido,2025-03-21
7558,lead,2025-11-07
7558,perdido,2025-12-03
7559,lead,2025-07-08
7559,contato,2025-07-14
7559,perdido,2025-08-05
7560,lead,2024-03-11
7560,contato,2024-03-17
7560,reuniao,2024-03-18
7560,proposta,2024-03-24
7560,perdido,2024-04-08
7561,lead,2025-11-24
7561,contato,2025-12-07
7562,lead,2025-05-26
7562,contato,2025-06-02
7562,perdido,2025-06-27
7563,lead,2025-06-06
7563,contato,2025-06-10
7563,reuniao,2025-06-13
7563,proposta,2025-06-22
7563,perdido,2025-07-20
7564,lead,2024-10-10
7564,contato,2024-10-30
7564,perdido,2024-11-04
7565,lead,2024-01-05
7565,contato,2024-01-17
7565,reuniao,2024-01-25
7565,proposta,2024-02-08
7565,perdido,2024-02-22
7566,lead,2024-07-02
7566,perdido,2024-07-07
7567,lead,2024-08-19
7567,contato,2024-08-25
7567,perdido,2024-09-01
7568,lead,2024-11-22
7568,contato,2024-12-08
7568,perdido,2025-01-04
7569,lead,2025-05-09
7569,contato,2025-05-21
7569,perdido,2025-06-05
7570,lead,2024-11-17
7570,perdido,2024-12-11
7571,lead,2024-09-19
7571,contato,2024-10-07
7571,reuniao,2024-10-23
7571,perdido,2024-11-17
7572,lead,2024-06-13
7572,perdido,2024-06-18
7573,lead,2025-06-30
7573,contato,2025-07-04
7573,perdido,2025-07-22
7574,lead,2025-07-15
7574,contato,2025-07-28
7574,reuniao,2025-07-30
7574,perdido,2025-08-04
7575,lead,2024-09-13
7575,contato,2024-09-18
7575,perdido,2024-09-22
7576,lead,2024-05-20
7576,perdido,2024-06-18
7577,lead,2024-05-22
7577,contato,2024-06-07
7577,reuniao,2024-06-22
7577,proposta,2024-06-29
7577,fechado,2024-07-07
7578,lead,2025-04-11
7578,contato,2025-04-19
7578,reuniao,2025-05-01
7578,perdido,2025-05-23
7579,lead,2025-07-03
7579,perdido,2025-07-15
7580,lead,2025-07-13
7580,perdido,2025-07-30
7581,lead,2025-09-19
7581,contato,2025-10-09
7581,reuniao,2025-10-16
7581,perdido,2025-11-14
7582,lead,2025-06-19
7582,contato,2025-06-26
7582,perdido,2025-06-30
7583,lead,2024-12-18
7583,contato,2024-12-29
7583,reuniao,2025-01-07
7583,proposta,2025-01-11
7583,perdido,2025-01-15
7584,lead,2024-06-28
7584,contato,2024-07-22
7584,reuniao,2024-08-04
7584,perdido,2024-08-11
7585,lead,2024-09-21
7585,contato,2024-09-24
7585,perdido,2024-10-24
7586,lead,2024-07-12
7586,contato,2024-07-18
7586,reuniao,2024-07-31
7586,proposta,2024-08-14
7586,perdido,2024-08-31
7587,lead,2024-02-27
7587,perdido,2024-03-08
7588,lead,2024-03-28
7588,contato,2024-04-08
7588,reuniao,2024-04-16
7588,proposta,2024-05-02
7588,perdido,2024-05-17
7589,lead,2024-01-08
7589,contato,2024-01-18
7589,reuniao,2024-01-24
7589,perdido,2024-02-12
7590,lead,2024-05-05
7590,contato,2024-05-08
7590,reuniao,2024-05-11
7590,perdido,2024-05-28
7591,lead,2025-08-23
7591,contato,2025-08-24
7591,perdido,2025-09-11
7592,lead,2025-01-21
7592,contato,2025-01-31
7592,perdido,2025-02-04
7593,lead,2024-10-02
7593,perdido,2024-10-20
7594,lead,2024-06-04
7594,contato,2024-06-22
7594,reuniao,2024-06-24
7594,proposta,2024-07-02
7594,fechado,2024-07-17
7595,lead,2025-02-21
7595,contato,2025-03-01
7595,reuniao,2025-03-28
7595,proposta,2025-03-31
7595,perdido,2025-04-26
7596,lead,2025-12-07
7596,contato,2025-12-08
7596,reuniao,2025-12-13
7597,lead,2024-09-02
7597,contato,2024-09-16
7597,reuniao,2024-09-20
7597,proposta,2024-10-18
7597,perdido,2024-11-07
7598,lead,2025-09-02
7598,contato,2025-09-11
7598,reuniao,2025-09-14
7598,perdido,2025-09-17
7599,lead,2025-11-09
7599,perdido,2025-11-29
7600,lead,2025-07-15
7600,perdido,2025-07-31
7601,lead,2025-02-22
7601,perdido,2025-03-07
7602,lead,2024-07-27
7602,contato,2024-08-12
7602,perdido,2024-09-03
7603,lead,2024-01-19
7603,contato,2024-02-10
7603,perdido,2024-03-02
7604,lead,2025-06-04
7604,contato,2025-06-17
7604,reuniao,2025-06-28
7604,perdido,2025-07-08
7605,lead,2025-11-22
7605,contato,2025-11-29
7605,reuniao,2025-12-16
7605,proposta,2025-12-27
7606,lead,2025-04-30
7606,perdido,2025-05-28
7607,lead,2024-01-21
7607,contato,2024-02-06
7607,reuniao,2024-02-10
7607,perdido,2024-03-08
7608,lead,2024-03-25
7608,perdido,2024-04-14
7609,lead,2024-10-05
7609,contato,2024-10-12
7609,reuniao,2024-10-16
7609,proposta,2024-10-20
7609,perdido,2024-11-08
7610,lead,2025-12-22
7611,lead,2024-02-19
7611,contato,2024-02-28
7611,reuniao,2024-02-29
7611,proposta,2024-03-31
7611,perdido,2024-04-25
7612,lead,2024-08-08
7612,contato,2024-08-22
7612,reuniao,2024-08-29
7612,proposta,2024-09-08
7612,fechado,2024-09-10
7613,lead,2025-01-29
7613,contato,2025-02-12
7613,reuniao,2025-02-16
7613,proposta,2025-02-23
7613,perdido,2025-03-23
7614,lead,2024-03-07
7614,contato,2024-03-15
7614,reuniao,2024-03-31
7614,proposta,2024-04-01
7614,perdido,2024-04-08
7615,lead,2024-03-10
7615,perdido,2024-03-26
7616,lead,2024-02-09
7616,contato,2024-02-14
7616,reuniao,2024-02-26
7616,proposta,2024-03-12
7616,perdido,2024-03-27
7617,lead,2025-01-02
7617,contato,2025-01-05
7617,reuniao,2025-01-23
7617,perdido,2025-01-31
7618,lead,2024-07-14
7618,contato,2024-07-17
7618,reuniao,2024-08-11
7618,perdido,2024-08-14
7619,lead,2024-01-23
7619,perdido,2024-01-30
7620,lead,2025-01-01
7620,contato,2025-01-22
7620,reuniao,2025-01-29
7620,proposta,2025-02-04
7620,perdido,2025-02-26
7621,lead,2025-05-30
7621,perdido,2025-06-21
7622,lead,2025-04-15
7622,contato,2025-04-20
7622,reuniao,2025-05-08
7622,proposta,2025-05-09
7622,perdido,2025-05-27
7623,lead,2025-04-27
7623,contato,2025-05-09
7623,reuniao,2025-05-22
7623,proposta,2025-05-27
7623,perdido,2025-06-07
7624,lead,2025-01-28
7624,perdido,2025-02-09
7625,lead,2025-07-10
7625,contato,2025-07-19
7625,perdido,2025-08-07
7626,lead,2024-02-05
7626,contato,2024-02-20
7626,perdido,2024-03-08
7627,lead,2024-05-01
7627,perdido,2024-05-21
7628,lead,2025-05-10
7628,contato,2025-05-21
7628,reuniao,2025-06-13
7628,proposta,2025-06-15
7628,perdido,2025-06-24
7629,lead,2024-08-23
7629,perdido,2024-09-19
7630,lead,2024-06-05
7630,contato,2024-07-01
7630,perdido,2024-07-31
7631,lead,2024-01-16
7631,perdido,2024-01-19
7632,lead,2025-09-17
7632,contato,2025-10-16
7632,reuniao,2025-10-28
7632,perdido,2025-11-24
7633,lead,2025-08-25
7633,contato,2025-09-03
7633,reuniao,2025-09-23
7633,proposta,2025-10-19
7633,perdido,2025-10-22
7634,lead,2024-02-04
7634,contato,2024-02-15
7634,reuniao,2024-01-30
7634,proposta,2024-03-05
7634,fechado,2024-04-02
7635,lead,2024-07-28
7635,contato,2024-08-03
7635,perdido,2024-08-15
7636,lead,2024-05-18
7636,contato,2024-06-03
7636,reuniao,2024-06-30
7636,proposta,2024-07-12
7636,perdido,2024-08-07
7637,lead,2024-05-12
7637,perdido,2024-05-25
7638,lead,2024-06-21
7638,perdido,2024-07-11
7639,lead,2024-07-22
7639,contato,2024-08-14
7639,perdido,2024-08-21
7640,lead,2025-05-13
7640,perdido,2025-05-22
7641,lead,2025-12-04
7641,contato,2025-12-21
7642,lead,2024-01-26
7642,perdido,2024-02-09
7643,lead,2024-08-12
7643,contato,2024-08-23
7643,reuniao,2024-08-31
7643,proposta,2024-09-05
7643,perdido,2024-09-22
7644,lead,2025-04-14
7644,contato,2025-04-29
7644,reuniao,2025-05-07
7644,perdido,2025-05-18
7645,lead,2024-07-30
7645,perdido,2024-08-12
7646,lead,2024-05-01
7646,contato,2024-05-16
7646,reuniao,2024-06-12
7646,proposta,2024-06-13
7646,perdido,2024-06-19
7647,lead,2024-04-14
7647,perdido,2024-04-23
7648,lead,2025-02-26
7648,contato,2025-03-13
7648,reuniao,2025-03-23
7648,proposta,2025-03-26
7648,fechado,2025-04-16
7649,lead,2024-04-02
7649,contato,2024-04-30
7649,perdido,2024-05-06
7650,lead,2024-02-26
7650,contato,2024-03-05
7650,reuniao,2024-03-24
7650,perdido,2024-04-06
7651,lead,2025-06-15
7651,contato,2025-06-18
7651,perdido,2025-06-26
7652,lead,2024-08-29
7652,contato,2024-08-31
7652,reuniao,2024-09-22
7652,proposta,2024-10-13
7652,perdido,2024-10-17
7653,lead,2025-10-06
7653,perdido,2025-10-29
7654,lead,2024-12-27
7654,contato,2025-01-03
7654,perdido,2025-01-22
7655,lead,2024-03-20
7655,contato,2024-03-25
7655,perdido,2024-04-16
7656,lead,2024-05-02
7656,contato,2024-05-17
7656,reuniao,2024-06-02
7656,proposta,2024-06-10
7656,perdido,2024-06-25
7657,lead,2025-09-27
7657,contato,2025-10-07
7657,reuniao,2025-10-23
7657,proposta,2025-10-27
7657,perdido,2025-11-04
7658,lead,2024-03-16
7658,perdido,2024-03-25
7659,lead,2024-08-06
7659,contato,2024-08-22
7659,reuniao,2024-09-10
7659,proposta,2024-10-13
7659,fechado,2024-10-28
7660,lead,2024-07-28
7660,perdido,2024-08-05
7661,lead,2025-12-20
7662,lead,2025-12-08
7662,contato,2025-12-31
7663,lead,2025-05-02
7663,contato,2025-06-04
7663,perdido,2025-06-23
7664,lead,2024-06-03
7664,contato,2024-06-16
7664,reuniao,2024-07-13
7664,proposta,2024-07-19
7664,perdido,2024-08-15
7665,lead,2024-04-22
7665,contato,2024-05-05
7665,reuniao,2024-05-14
7665,perdido,2024-06-07
7666,lead,2024-02-03
7666,contato,2024-02-13
7666,reuniao,2024-02-26
7666,perdido,2024-03-20
7667,lead,2024-02-04
7667,contato,2024-02-23
7667,reuniao,2024-02-29
7667,perdido,2024-03-24
7668,lead,2025-11-10
7668,contato,2025-11-13
7668,reuniao,2025-11-25
7668,perdido,2025-12-02
7669,lead,2025-03-02
7669,contato,2025-03-24
7669,perdido,2025-03-31
7670,lead,2024-05-06
7670,contato,2024-05-29
7670,perdido,2024-06-13
7671,lead,2025-07-10
7671,contato,2025-07-13
7671,perdido,2025-08-11
7672,lead,2024-02-13
7672,contato,2024-02-19
7672,reuniao,2024-03-11
7672,proposta,2024-03-15
7672,perdido,2024-04-14
7673,lead,2025-01-13
7673,contato,2025-01-19
7673,reuniao,2025-01-25
7673,proposta,2025-02-01
7673,perdido,2025-02-17
7674,lead,2024-05-04
7674,perdido,2024-05-07
7675,lead,2024-11-16
7675,contato,2024-12-14
7675,perdido,2024-12-23
7676,lead,2024-05-29
7676,contato,2024-06-25
7676,reuniao,2024-07-09
7676,proposta,2024-07-17
7676,perdido,2024-08-01
7677,lead,2024-03-23
7677,contato,2024-04-07
7677,reuniao,2024-04-10
7677,proposta,2024-04-20
7677,perdido,2024-05-14
7678,lead,2025-10-30
7678,contato,2025-11-10
7678,perdido,2025-11-28
7679,lead,2025-10-25
7679,contato,2025-11-09
7679,perdido,2025-12-05
7680,lead,2024-12-25
7680,contato,2025-01-05
7680,reuniao,2025-01-08
7680,perdido,2025-01-17
7681,lead,2025-07-14
7681,perdido,2025-08-08
7682,lead,2024-05-09
7682,contato,2024-05-11
7682,reuniao,2024-05-26
7682,perdido,2024-06-01
7683,lead,2024-10-07
7683,perdido,2024-10-28
7684,lead,2024-05-26
7684,contato,2024-06-26
7684,reuniao,2024-07-03
7684,perdido,2024-08-02
7685,lead,2024-02-18
7685,perdido,2024-02-25
7686,lead,2024-10-27
7686,contato,2024-11-17
7686,perdido,2024-11-22
7687,lead,2025-06-11
7687,contato,2025-06-22
7687,reuniao,2025-07-09
7687,proposta,2025-07-16
7687,perdido,2025-07-20
7688,lead,2025-06-11
7688,contato,2025-06-23
7688,perdido,2025-07-10
7689,lead,2024-11-11
7689,contato,2024-11-19
7689,reuniao,2024-11-29
7689,perdido,2024-12-13
7690,lead,2024-11-14
7690,contato,2024-11-28
7690,reuniao,2024-12-19
7690,perdido,2024-12-27
7691,lead,2025-03-01
7691,contato,2025-03-06
7691,reuniao,2025-03-24
7691,perdido,2025-04-22
7692,lead,2025-11-04
7692,perdido,2025-11-09
7693,lead,2024-04-01
7693,contato,2024-04-15
7693,reuniao,2024-04-21
7693,perdido,2024-05-01
7694,lead,2024-10-13
7694,contato,2024-10-20
7694,reuniao,2024-10-31
7694,perdido,2024-11-05
7695,lead,2025-10-14
7695,contato,2025-10-29
7695,perdido,2025-11-04
7696,lead,2025-01-27
7696,perdido,2025-02-06
7697,lead,2025-07-20
7697,contato,2025-07-27
7697,perdido,2025-07-31
7698,lead,2024-11-27
7698,perdido,2024-12-08
7699,lead,2025-10-26
7699,contato,2025-11-01
7699,reuniao,2025-11-26
7699,proposta,2025-11-30
7699,perdido,2025-12-12
7700,lead,2025-10-03
7700,perdido,2025-10-27
7701,lead,2024-11-14
7701,contato,2024-11-21
7701,reuniao,2024-11-24
7701,proposta,2024-12-13
7701,fechado,2025-01-03
7702,lead,2024-01-03
7702,perdido,2024-01-27
7703,lead,2025-02-07
7703,perdido,2025-03-05
7704,lead,2024-05-10
7704,contato,2024-05-15
7704,reuniao,2024-06-04
7704,proposta,2024-06-13
7704,fechado,2024-06-22
7705,lead,2024-06-07
7705,contato,2024-06-26
7705,reuniao,2024-07-08
7705,proposta,2024-07-12
7705,perdido,2024-08-02
7706,lead,2024-10-31
7706,contato,2024-11-16
7706,reuniao,2024-12-07
7706,proposta,2024-12-14
7706,perdido,2025-01-09
7707,lead,2024-11-17
7707,contato,2024-11-21
7707,perdido,2024-12-11
7708,lead,2025-09-12
7708,contato,2025-09-22
7708,reuniao,2025-10-06
7708,proposta,2025-10-17
7708,perdido,2025-11-15
7709,lead,2024-01-18
7709,contato,2024-02-03
7709,reuniao,2024-02-12
7709,proposta,2024-02-21
7709,perdido,2024-02-26
7710,lead,2024-07-21
7710,contato,2024-07-28
7710,reuniao,2024-08-22
7710,perdido,2024-08-25
7711,lead,2025-03-21
7711,contato,2025-03-31
7711,reuniao,2025-04-14
7711,proposta,2025-05-06
7711,perdido,2025-05-26
7712,lead,2025-03-14
7712,contato,2025-04-08
7712,reuniao,2025-04-26
7712,proposta,2025-05-09
7712,perdido,2025-06-01
7713,lead,2024-08-08
7713,contato,2024-08-22
7713,reuniao,2024-08-29
7713,perdido,2024-09-19
7714,lead,2024-04-21
7714,contato,2024-05-02
7714,perdido,2024-05-18
7715,lead,2024-07-06
7715,contato,2024-08-09
7715,perdido,2024-08-20
7716,lead,2025-10-05
7716,contato,2025-10-16
7716,reuniao,2025-10-24
7716,proposta,2025-11-13
7716,perdido,2025-12-08
7717,lead,2024-06-25
7717,perdido,2024-06-30
7718,lead,2024-12-23
7718,perdido,2025-01-22
7719,lead,2025-11-11
7719,contato,2025-11-30
7719,reuniao,2025-12-11
7720,lead,2024-03-11
7720,contato,2024-03-20
7720,reuniao,2024-04-05
7720,perdido,2024-04-10
7721,lead,2025-09-19
7721,contato,2025-10-18
7721,perdido,2025-10-21
7722,lead,2025-06-10
7722,contato,2025-06-17
7722,reuniao,2025-06-28
7722,perdido,2025-07-16
7723,lead,2024-12-17
7723,perdido,2024-12-22
7724,lead,2025-11-17
7724,perdido,2025-12-06
7725,lead,2024-02-12
7725,perdido,2024-02-15
7726,lead,2025-09-07
7726,contato,2025-09-30
7726,reuniao,2025-10-28
7726,proposta,2025-11-09
7726,perdido,2025-11-29
7727,lead,2024-05-06
7727,contato,2024-05-12
7727,perdido,2024-05-28
7728,lead,2024-09-06
7728,perdido,2024-09-30
7729,lead,2024-03-13
7729,contato,2024-03-25
7729,perdido,2024-04-20
7730,lead,2024-12-26
7730,contato,2024-12-30
7730,perdido,2025-01-02
7731,lead,2024-04-15
7731,contato,2024-05-03
7731,reuniao,2024-05-30
7731,proposta,2024-06-05
7731,perdido,2024-06-15
7732,lead,2024-06-18
7732,contato,2024-08-01
7732,reuniao,2024-08-15
7732,proposta,2024-08-28
7732,perdido,2024-09-04
7733,lead,2024-02-03
7733,perdido,2024-02-27
7734,lead,2024-07-29
7734,contato,2024-08-04
7734,reuniao,2024-08-18
7734,proposta,2024-08-24
7734,perdido,2024-09-13
7735,lead,2024-04-11
7735,perdido,2024-05-09
7736,lead,2025-04-27
7736,perdido,2025-05-18
7737,lead,2025-03-25
7737,contato,2025-04-26
7737,reuniao,2025-04-30
7737,perdido,2025-05-14
7738,lead,2025-04-13
7738,contato,2025-04-22
7738,reuniao,2025-05-07
7738,proposta,2025-05-27
7738,fechado,2025-06-12
7739,lead,2025-04-20
7739,contato,2025-05-03
7739,perdido,2025-05-11
7740,lead,2024-03-01
7740,contato,2024-03-15
7740,reuniao,2024-03-21
7740,proposta,2024-03-31
7740,perdido,2024-04-14
7741,lead,2024-05-17
7741,contato,2024-06-13
7741,perdido,2024-07-04
7742,lead,2025-06-05
7742,contato,2025-06-08
7742,reuniao,2025-05-24
7742,perdido,2025-06-30
7743,lead,2024-12-14
7743,perdido,2024-12-28
7744,lead,2025-03-19
7744,perdido,2025-03-31
7745,lead,2024-02-01
7745,perdido,2024-02-08
7746,lead,2024-09-30
7746,contato,2024-10-04
7746,reuniao,2024-11-09
7746,proposta,2024-11-10
7746,perdido,2024-12-09
7747,lead,2024-11-07
7747,contato,2024-11-22
7747,reuniao,2024-12-09
7747,perdido,2024-12-12
7748,lead,2025-05-02
7748,contato,2025-05-11
7748,reuniao,2025-05-19
7748,proposta,2025-06-07
7748,perdido,2025-06-11
7749,lead,2025-10-19
7749,contato,2025-10-29
7749,reuniao,2025-11-15
7749,perdido,2025-12-14
7750,lead,2025-02-12
7750,contato,2025-02-17
7750,reuniao,2025-03-10
7750,proposta,2025-03-18
7750,perdido,2025-04-04
7751,lead,2025-06-24
7751,contato,2025-07-03
7751,reuniao,2025-07-06
7751,proposta,2025-07-16
7751,perdido,2025-08-01
7752,lead,2025-03-28
7752,contato,2025-04-14
7752,reuniao,2025-04-19
7752,perdido,2025-05-04
7753,lead,2025-10-17
7753,contato,2025-11-01
7753,reuniao,2025-11-15
7753,perdido,2025-11-29
7754,lead,2025-08-03
7754,perdido,2025-08-24
7755,lead,2024-06-12
7755,contato,2024-07-01
7755,perdido,2024-07-16
7756,lead,2024-05-24
7756,contato,2024-06-15
7756,reuniao,2024-06-22
7756,perdido,2024-07-11
7757,lead,2025-10-19
7757,contato,2025-11-03
7757,reuniao,2025-11-15
7757,proposta,2025-11-26
7757,perdido,2025-12-20
7758,lead,2025-02-26
7758,contato,2025-03-02
7758,reuniao,2025-03-03
7758,proposta,2025-03-18
7758,perdido,2025-04-11
7759,lead,2024-11-17
7759,perdido,2024-12-03
7760,lead,2025-05-08
7760,contato,2025-05-20
7760,reuniao,2025-05-25
7760,proposta,2025-05-29
7760,perdido,2025-06-06
7761,lead,2024-07-10
7761,contato,2024-07-14
7761,reuniao,2024-08-11
7761,proposta,2024-08-13
7761,fechado,2024-08-17
7762,lead,2025-08-01
7762,contato,2025-08-17
7762,perdido,2025-08-20
7763,lead,2025-01-16
7763,contato,2025-01-22
7763,reuniao,2025-02-12
7763,proposta,2025-03-05
7763,perdido,2025-03-27
7764,lead,2025-09-19
7764,contato,2025-10-12
7764,perdido,2025-10-18
7765,lead,2025-03-28
7765,contato,2025-04-09
7765,perdido,2025-04-21
7766,lead,2024-06-23
7766,contato,2024-06-30
7766,reuniao,2024-07-02
7766,proposta,2024-07-07
7766,perdido,2024-07-14
7767,lead,2025-11-30
7767,contato,2025-12-05
7767,reuniao,2025-12-17
7767,proposta,2025-12-28
7768,lead,2024-10-11
7768,contato,2024-10-21
7768,perdido,2024-11-09
7769,lead,2025-06-28
7769,contato,2025-07-06
7769,perdido,2025-07-17
7770,lead,2024-06-19
7770,contato,2024-06-29
7770,reuniao,2024-07-01
7770,perdido,2024-07-27
7771,lead,2024-10-22
7771,contato,2024-10-24
7771,perdido,2024-11-04
7772,lead,2025-06-05
7772,contato,2025-06-09
7772,reuniao,2025-07-15
7772,perdido,2025-07-23
7773,lead,2025-05-05
7773,contato,2025-05-06
7773,perdido,2025-05-19
7774,lead,2025-11-09
7774,perdido,2025-11-12
7775,lead,2025-07-24
7775,contato,2025-08-23
7775,reuniao,2025-09-01
7775,proposta,2025-09-10
7775,perdido,2025-10-09
7776,lead,2024-08-13
7776,contato,2024-09-09
7776,reuniao,2024-09-10
7776,proposta,2024-09-17
7776,perdido,2024-09-30
7777,lead,2025-09-13
7777,contato,2025-10-08
7777,reuniao,2025-10-12
7777,proposta,2025-11-01
7777,fechado,2025-11-13
7778,lead,2025-10-26
7778,contato,2025-10-29
7778,reuniao,2025-11-11
7778,proposta,2025-11-22
7778,perdido,2025-12-10
7779,lead,2025-11-21
7779,contato,2025-12-07
7779,reuniao,2025-12-08
7779,proposta,2025-12-13
7779,perdido,2025-12-31
7780,lead,2025-10-11
7780,perdido,2025-10-15
7781,lead,2025-05-05
7781,contato,2025-05-23
7781,perdido,2025-06-22
7782,lead,2025-07-22
7782,perdido,2025-08-04
7783,lead,2025-03-31
7783,contato,2025-04-23
7783,reuniao,2025-05-05
7783,perdido,2025-05-18
7784,lead,2024-08-10
7784,contato,2024-08-20
7784,reuniao,2024-08-26
7784,proposta,2024-09-11
7784,perdido,2024-09-29
7785,lead,2025-08-08
7785,perdido,2025-08-17
7786,lead,2024-05-28
7786,contato,2024-06-17
7786,reuniao,2024-06-20
7786,proposta,2024-06-30
7786,perdido,2024-07-21
7787,lead,2024-11-02
7787,contato,2024-11-08
7787,reuniao,2024-11-16
7787,perdido,2024-12-09
7788,lead,2024-08-29
7788,contato,2024-09-04
7788,perdido,2024-09-30
7789,lead,2024-04-17
7789,contato,2024-04-21
7789,perdido,2024-05-08
7790,lead,2025-07-25
7790,contato,2025-08-01
7790,perdido,2025-08-26
7791,lead,2024-12-05
7791,contato,2024-12-24
7791,perdido,2025-01-18
7792,lead,2025-01-15
7792,contato,2025-02-07
7792,perdido,2025-02-28
7793,lead,2025-01-01
7793,contato,2025-01-09
7793,perdido,2025-01-28
7794,lead,2025-04-30
7794,contato,2025-05-06
7794,perdido,2025-06-04
7795,lead,2024-04-20
7795,perdido,2024-04-30
7796,lead,2024-12-31
7796,contato,2025-01-20
7796,reuniao,2025-01-05
7796,proposta,2025-02-07
7796,fechado,2025-03-04
7797,lead,2024-06-23
7797,contato,2024-07-03
7797,reuniao,2024-07-19
7797,perdido,2024-08-14
7798,lead,2025-12-06
7798,contato,2025-12-21
7799,lead,2024-02-04
7799,contato,2024-02-27
7799,reuniao,2024-03-01
7799,perdido,2024-03-17
7800,lead,2025-10-31
7800,perdido,2025-11-15
7801,lead,2024-02-03
7801,contato,2024-02-09
7801,reuniao,2024-01-23
7801,proposta,2024-03-05
7801,perdido,2024-03-15
7802,lead,2024-03-05
7802,contato,2024-03-11
7802,reuniao,2024-03-31
7802,proposta,2024-04-17
7802,perdido,2024-05-01
7803,lead,2025-10-15
7803,contato,2025-10-28
7803,perdido,2025-11-26
7804,lead,2025-03-31
7804,perdido,2025-04-26
7805,lead,2024-08-14
7805,perdido,2024-09-08
7806,lead,2025-02-20
7806,contato,2025-02-24
7806,reuniao,2025-03-11
7806,proposta,2025-03-31
7806,perdido,2025-04-25
7807,lead,2024-04-13
7807,contato,2024-04-27
7807,reuniao,2024-05-05
7807,proposta,2024-05-20
7807,perdido,2024-06-10
7808,lead,2024-02-06
7808,contato,2024-02-16
7808,reuniao,2024-03-06
7808,proposta,2024-03-12
7808,fechado,2024-03-14
7809,lead,2024-01-28
7809,perdido,2024-02-18
7810,lead,2024-07-01
7810,contato,2024-07-13
7810,reuniao,2024-07-30
7810,perdido,2024-08-03
7811,lead,2024-04-22
7811,perdido,2024-05-19
7812,lead,2024-10-12
7812,perdido,2024-10-19
7813,lead,2025-09-23
7813,contato,2025-10-01
7813,reuniao,2025-10-20
7813,perdido,2025-11-09
7814,lead,2024-09-24
7814,contato,2024-09-28
7814,perdido,2024-10-09
7815,lead,2024-10-09
7815,contato,2024-10-12
7815,reuniao,2024-11-13
7815,perdido,2024-12-09
7816,lead,2024-03-12
7816,contato,2024-03-14
7816,reuniao,2024-03-22
7816,proposta,2024-03-31
7816,perdido,2024-04-10
7817,lead,2025-12-21
7817,contato,2025-12-29
7818,lead,2024-03-29
7818,contato,2024-04-19
7818,reuniao,2024-04-22
7818,perdido,2024-05-17
7819,lead,2024-08-25
7819,contato,2024-09-05
7819,reuniao,2024-09-22
7819,perdido,2024-10-07
7820,lead,2025-11-14
7820,contato,2025-11-26
7820,reuniao,2025-11-27
7820,perdido,2025-12-03
7821,lead,2024-11-21
7821,contato,2024-12-06
7821,perdido,2025-01-02
7822,lead,2024-08-25
7822,perdido,2024-09-04
7823,lead,2025-05-19
7823,contato,2025-06-01
7823,reuniao,2025-06-05
7823,proposta,2025-06-15
7823,perdido,2025-07-10
7824,lead,2024-01-19
7824,contato,2024-01-25
7824,reuniao,2024-02-01
7824,proposta,2024-02-07
7824,perdido,2024-02-19
7825,lead,2024-08-11
7825,contato,2024-09-02
7825,reuniao,2024-09-11
7825,perdido,2024-10-11
7826,lead,2025-02-15
7826,perdido,2025-03-08
7827,lead,2025-12-23
7827,contato,2025-12-25
7828,lead,2025-12-02
7828,perdido,2025-12-22
7829,lead,2025-03-17
7829,contato,2025-03-30
7829,reuniao,2025-04-14
7829,proposta,2025-04-19
7829,perdido,2025-04-30
7830,lead,2024-08-26
7830,contato,2024-09-06
7830,reuniao,2024-09-15
7830,perdido,2024-10-01
7831,lead,2025-01-28
7831,contato,2025-02-10
7831,perdido,2025-03-09
7832,lead,2025-11-04
7832,perdido,2025-11-07
7833,lead,2025-04-14
7833,contato,2025-04-21
7833,reuniao,2025-04-27
7833,proposta,2025-04-30
7833,perdido,2025-05-13
7834,lead,2024-03-31
7834,contato,2024-04-06
7834,perdido,2024-05-05
7835,lead,2025-12-06
7836,lead,2025-10-12
7836,contato,2025-10-20
7836,perdido,2025-11-16
7837,lead,2024-05-20
7837,contato,2024-06-06
7837,reuniao,2024-06-29
7837,proposta,2024-07-05
7837,fechado,2024-07-11
7838,lead,2025-04-06
7838,perdido,2025-04-16
7839,lead,2025-09-24
7839,contato,2025-10-07
7839,reuniao,2025-10-21
7839,perdido,2025-11-17
7840,lead,2024-05-22
7840,contato,2024-06-05
7840,perdido,2024-06-08
7841,lead,2025-10-28
7841,contato,2025-11-08
7841,perdido,2025-11-21
7842,lead,2024-04-23
7842,contato,2024-05-21
7842,reuniao,2024-06-02
7842,perdido,2024-06-30
7843,lead,2024-09-08
7843,perdido,2024-09-25
7844,lead,2025-11-12
7844,perdido,2025-11-22
7845,lead,2025-11-15
7845,contato,2025-11-27
7845,reuniao,2025-12-05
7845,perdido,2025-12-21
7846,lead,2024-01-14
7846,contato,2024-01-30
7846,perdido,2024-02-10
7847,lead,2025-09-16
7847,contato,2025-09-19
7847,reuniao,2025-09-27
7847,proposta,2025-10-13
7847,perdido,2025-11-09
7848,lead,2025-05-03
7848,contato,2025-05-14
7848,perdido,2025-05-27
7849,lead,2025-09-20
7849,contato,2025-09-24
7849,reuniao,2025-10-06
7849,proposta,2025-10-17
7849,perdido,2025-11-04
7850,lead,2024-11-26
7850,contato,2024-11-27
7850,reuniao,2024-12-03
7850,proposta,2024-12-11
7850,perdido,2024-12-21
7851,lead,2025-12-15
7851,perdido,2025-12-27
7852,lead,2025-06-14
7852,contato,2025-06-28
7852,reuniao,2025-07-02
7852,proposta,2025-07-13
7852,perdido,2025-08-08
7853,lead,2025-06-23
7853,contato,2025-07-01
7853,reuniao,2025-07-10
7853,proposta,2025-07-21
7853,perdido,2025-08-10
7854,lead,2024-10-29
7854,perdido,2024-11-19
7855,lead,2024-10-04
7855,contato,2024-10-21
7855,reuniao,2024-10-22
7855,perdido,2024-10-29
7856,lead,2024-05-11
7856,contato,2024-05-29
7856,reuniao,2024-06-04
7856,perdido,2024-06-15
7857,lead,2024-02-02
7857,contato,2024-02-09
7857,reuniao,2024-02-24
7857,perdido,2024-03-11
7858,lead,2025-10-11
7858,contato,2025-10-25
7858,reuniao,2025-10-29
7858,perdido,2025-11-18
7859,lead,2025-02-22
7859,contato,2025-03-02
7859,reuniao,2025-03-20
7859,perdido,2025-04-19
7860,lead,2025-02-02
7860,contato,2025-02-12
7860,reuniao,2025-02-16
7860,perdido,2025-03-01
7861,lead,2024-08-25
7861,contato,2024-08-26
7861,reuniao,2024-09-11
7861,perdido,2024-09-24
7862,lead,2025-06-07
7862,contato,2025-06-08
7862,perdido,2025-06-12
7863,lead,2024-10-15
7863,contato,2024-10-30
7863,reuniao,2024-11-24
7863,proposta,2024-12-06
7863,perdido,2024-12-27
7864,lead,2025-08-02
7864,contato,2025-08-09
7864,reuniao,2025-08-11
7864,proposta,2025-09-02
7864,fechado,2025-09-09
7865,lead,2024-02-16
7865,contato,2024-02-17
7865,reuniao,2024-03-07
7865,proposta,2024-03-30
7865,perdido,2024-04-13
7866,lead,2024-06-12
7866,contato,2024-07-05
7866,reuniao,2024-07-13
7866,perdido,2024-08-12
7867,lead,2024-07-11
7867,contato,2024-07-26
7867,reuniao,2024-07-30
7867,proposta,2024-08-16
7867,perdido,2024-08-24
7868,lead,2024-01-14
7868,contato,2024-01-20
7868,perdido,2024-02-17
7869,lead,2025-04-11
7869,contato,2025-04-19
7869,perdido,2025-05-06
7870,lead,2025-05-09
7870,contato,2025-06-06
7870,reuniao,2025-06-12
7870,perdido,2025-07-12
7871,lead,2024-10-19
7871,contato,2024-10-25
7871,perdido,2024-11-08
7872,lead,2025-07-22
7872,contato,2025-08-09
7872,reuniao,2025-08-16
7872,perdido,2025-09-12
7873,lead,2025-11-21
7873,contato,2025-11-30
7873,reuniao,2025-12-05
7873,perdido,2025-12-31
7874,lead,2025-06-04
7874,contato,2025-06-15
7874,reuniao,2025-06-19
7874,perdido,2025-07-19
7875,lead,2025-04-18
7875,contato,2025-05-11
7875,perdido,2025-05-29
7876,lead,2024-11-17
7876,perdido,2024-12-05
7877,lead,2025-01-30
7877,perdido,2025-02-18
7878,lead,2024-07-15
7878,contato,2024-08-26
7878,perdido,2024-09-20
7879,lead,2024-06-09
7879,perdido,2024-06-30
7880,lead,2024-01-15
7880,contato,2024-02-21
7880,reuniao,2024-02-26
7880,proposta,2024-02-28
7880,fechado,2024-03-08
7881,lead,2024-12-13
7881,contato,2025-01-02
7881,perdido,2025-01-23
7882,lead,2024-05-26
7882,contato,2024-06-05
7882,perdido,2024-07-05
7883,lead,2024-12-01
7883,contato,2024-12-11
7883,reuniao,2025-01-02
7883,proposta,2024-12-19
7883,perdido,2025-02-01
7884,lead,2025-08-05
7884,perdido,2025-08-23
7885,lead,2024-09-16
7885,contato,2024-10-04
7885,reuniao,2024-10-14
7885,perdido,2024-10-28
7886,lead,2024-08-12
7886,contato,2024-08-19
7886,perdido,2024-08-26
7887,lead,2024-11-14
7887,contato,2024-11-25
7887,reuniao,2024-11-28
7887,proposta,2024-12-05
7887,perdido,2024-12-25
7888,lead,2024-12-27
7888,contato,2025-01-20
7888,reuniao,2025-01-27
7888,perdido,2025-02-12
7889,lead,2024-07-03
7889,contato,2024-07-24
7889,reuniao,2024-08-01
7889,proposta,2024-09-11
7889,perdido,2024-09-14
7890,lead,2025-02-27
7890,contato,2025-03-15
7890,perdido,2025-03-27
7891,lead,2024-01-17
7891,contato,2024-01-29
7891,perdido,2024-02-18
7892,lead,2024-12-18
7892,contato,2025-01-03
7892,reuniao,2025-01-08
7892,proposta,2025-02-02
7892,perdido,2025-03-01
7893,lead,2025-04-01
7893,perdido,2025-04-10
7894,lead,2024-11-30
7894,contato,2024-12-17
7894,reuniao,2025-01-03
7894,perdido,2025-01-13
7895,lead,2025-12-12
7895,contato,2025-12-23
7896,lead,2024-04-05
7896,contato,2024-04-18
7896,reuniao,2024-04-29
7896,proposta,2024-05-05
7896,perdido,2024-05-21
7897,lead,2024-11-19
7897,perdido,2024-11-30
7898,lead,2024-07-18
7898,contato,2024-07-24
7898,reuniao,2024-07-25
7898,proposta,2024-08-01
7898,perdido,2024-08-19
7899,lead,2025-10-13
7899,contato,2025-10-18
7899,perdido,2025-10-30
7900,lead,2024-04-22
7900,perdido,2024-05-08
7901,lead,2025-01-12
7901,perdido,2025-02-09
7902,lead,2024-10-27
7902,contato,2024-10-31
7902,reuniao,2024-11-06
7902,perdido,2024-11-10
7903,lead,2025-10-23
7903,contato,2025-11-11
7903,perdido,2025-11-27
7904,lead,2025-02-01
7904,contato,2025-02-13
7904,perdido,2025-03-03
7905,lead,2024-11-30
7905,contato,2024-12-07
7905,reuniao,2024-12-09
7905,perdido,2024-12-22
7906,lead,2025-02-19
7906,contato,2025-03-06
7906,reuniao,2025-03-12
7906,proposta,2025-03-24
7906,perdido,2025-04-17
7907,lead,2025-05-16
7907,perdido,2025-06-12
7908,lead,2024-01-18
7908,contato,2024-01-22
7908,reuniao,2024-02-11
7908,proposta,2024-02-14
7908,fechado,2024-02-26
7909,lead,2024-06-12
7909,contato,2024-06-21
7909,reuniao,2024-07-10
7909,perdido,2024-07-24
7910,lead,2024-06-03
7910,perdido,2024-06-11
7911,lead,2024-10-21
7911,contato,2024-11-06
7911,reuniao,2024-11-22
7911,proposta,2024-12-03
7911,perdido,2024-12-30
7912,lead,2025-02-13
7912,contato,2025-02-27
7912,perdido,2025-03-18
7913,lead,2025-10-22
7913,contato,2025-11-02
7913,perdido,2025-11-29
7914,lead,2025-02-06
7914,contato,2025-02-09
7914,perdido,2025-02-18
7915,lead,2024-04-24
7915,contato,2024-05-16
7915,reuniao,2024-05-28
7915,proposta,2024-05-30
7915,perdido,2024-06-29
7916,lead,2025-01-15
7916,contato,2025-01-25
7916,reuniao,2025-02-06
7916,proposta,2025-02-13
7916,perdido,2025-02-24
7917,lead,2024-10-31
7917,perdido,2024-11-19
7918,lead,2025-03-30
7918,contato,2025-04-14
7918,reuniao,2025-04-19
7918,perdido,2025-04-26
7919,lead,2025-03-24
7919,contato,2025-04-06
7919,perdido,2025-04-26
7920,lead,2025-04-09
7920,contato,2025-04-21
7920,reuniao,2025-04-22
7920,proposta,2025-04-30
7920,perdido,2025-05-10
7921,lead,2025-12-29
7922,lead,2024-01-16
7922,perdido,2024-02-03
7923,lead,2025-06-25
7923,perdido,2025-07-07
7924,lead,2025-09-07
7924,contato,2025-09-19
7924,perdido,2025-10-02
7925,lead,2024-06-10
7925,perdido,2024-06-13
7926,lead,2025-06-21
7926,contato,2025-06-30
7926,reuniao,2025-07-08
7926,proposta,2025-07-14
7926,fechado,2025-07-31
7927,lead,2024-03-02
7927,contato,2024-03-09
7927,reuniao,2024-04-03
7927,proposta,2024-04-08
7927,fechado,2024-05-13
7928,lead,2025-01-24
7928,contato,2025-01-28
7928,reuniao,2025-02-11
7928,proposta,2025-02-23
7928,perdido,2025-02-28
7929,lead,2024-08-12
7929,contato,2024-08-28
7929,reuniao,2024-09-07
7929,perdido,2024-09-23
7930,lead,2024-05-28
7930,contato,2024-06-05
7930,perdido,2024-06-15
7931,lead,2025-03-30
7931,perdido,2025-04-04
7932,lead,2024-10-12
7932,perdido,2024-10-16
7933,lead,2024-04-13
7933,perdido,2024-05-10
7934,lead,2025-03-04
7934,contato,2025-03-19
7934,reuniao,2025-03-22
7934,perdido,2025-04-10
7935,lead,2025-01-04
7935,contato,2025-01-17
7935,perdido,2025-02-01
7936,lead,2024-01-24
7936,contato,2024-02-02
7936,reuniao,2024-02-24
7936,proposta,2024-03-03
7936,fechado,2024-03-28
7937,lead,2025-08-11
7937,contato,2025-08-21
7937,perdido,2025-08-30
7938,lead,2025-12-19
7939,lead,2024-08-28
7939,contato,2024-09-14
7939,reuniao,2024-10-01
7939,proposta,2024-10-04
7939,perdido,2024-10-13
7940,lead,2025-12-20
7940,contato,2025-12-28
7940,reuniao,2025-12-30
7941,lead,2025-12-28
7942,lead,2024-11-28
7942,contato,2024-12-08
7942,reuniao,2024-12-27
7942,proposta,2025-01-06
7942,perdido,2025-01-10
7943,lead,2025-10-25
7943,perdido,2025-11-20
7944,lead,2025-07-11
7944,perdido,2025-07-20
7945,lead,2025-08-23
7945,perdido,2025-09-08
7946,lead,2024-03-14
7946,contato,2024-03-22
7946,perdido,2024-04-10
7947,lead,2025-07-10
7947,contato,2025-07-17
7947,reuniao,2025-07-30
7947,perdido,2025-08-10
7948,lead,2024-06-03
7948,perdido,2024-06-17
7949,lead,2025-06-13
7949,perdido,2025-07-11
7950,lead,2024-06-03
7950,contato,2024-06-20
7950,reuniao,2024-06-30
7950,perdido,2024-07-30
7951,lead,2025-07-12
7951,contato,2025-07-18
7951,reuniao,2025-07-31
7951,proposta,2025-08-08
7951,perdido,2025-08-26
7952,lead,2025-10-06
7952,contato,2025-10-21
7952,reuniao,2025-10-22
7952,perdido,2025-11-12
7953,lead,2025-01-01
7953,contato,2025-01-11
7953,reuniao,2025-02-02
7953,proposta,2025-02-20
7953,perdido,2025-03-11
7954,lead,2024-11-03
7954,perdido,2024-11-30
7955,lead,2024-03-29
7955,perdido,2024-04-08
7956,lead,2024-06-03
7956,contato,2024-06-14
7956,reuniao,2024-06-17
7956,proposta,2024-07-11
7956,fechado,2024-07-17
7957,lead,2025-12-24
7958,lead,2025-05-30
7958,perdido,2025-06-22
7959,lead,2025-06-30
7959,contato,2025-07-04
7959,reuniao,2025-07-29
7959,proposta,2025-08-07
7959,perdido,2025-08-15
7960,lead,2025-08-06
7960,perdido,2025-08-18
7961,lead,2025-02-17
7961,contato,2025-02-28
7961,reuniao,2025-03-03
7961,proposta,2025-03-27
7961,perdido,2025-04-18
7962,lead,2024-11-10
7962,contato,2024-11-19
7962,reuniao,2024-11-28
7962,perdido,2024-12-11
7963,lead,2024-09-02
7963,contato,2024-09-11
7963,reuniao,2024-09-18
7963,proposta,2024-09-29
7963,fechado,2024-10-09
7964,lead,2024-01-16
7964,contato,2024-02-01
7964,reuniao,2024-02-07
7964,perdido,2024-02-25
7965,lead,2025-08-02
7965,perdido,2025-08-31
7966,lead,2025-09-15
7966,contato,2025-09-23
7966,reuniao,2025-10-04
7966,proposta,2025-10-06
7966,perdido,2025-11-05
7967,lead,2024-08-29
7967,contato,2024-09-07
7967,reuniao,2024-09-12
7967,proposta,2024-09-27
7967,perdido,2024-10-15
7968,lead,2025-01-08
7968,contato,2025-01-22
7968,reuniao,2025-02-12
7968,perdido,2025-02-22
7969,lead,2025-02-14
7969,contato,2025-02-23
7969,reuniao,2025-03-01
7969,proposta,2025-03-16
7969,perdido,2025-04-09
7970,lead,2025-04-07
7970,perdido,2025-04-12
7971,lead,2025-04-01
7971,contato,2025-04-05
7971,perdido,2025-04-14
7972,lead,2024-05-05
7972,contato,2024-05-06
7972,perdido,2024-05-25
7973,lead,2025-04-28
7973,contato,2025-05-13
7973,reuniao,2025-05-27
7973,perdido,2025-06-03
7974,lead,2025-06-17
7974,contato,2025-07-02
7974,reuniao,2025-07-09
7974,perdido,2025-07-13
7975,lead,2024-01-10
7975,contato,2024-01-21
7975,reuniao,2024-01-25
7975,perdido,2024-02-12
7976,lead,2025-03-11
7976,contato,2025-03-19
7976,perdido,2025-04-08
7977,lead,2024-10-22
7977,contato,2024-10-28
7977,reuniao,2024-11-11
7977,perdido,2024-11-22
7978,lead,2025-09-29
7978,perdido,2025-10-20
7979,lead,2025-11-12
7979,contato,2025-11-18
7979,perdido,2025-12-14
7980,lead,2025-02-17
7980,contato,2025-03-07
7980,reuniao,2025-03-18
7980,perdido,2025-03-27
7981,lead,2024-10-09
7981,contato,2024-10-17
7981,reuniao,2024-10-23
7981,proposta,2024-11-02
7981,perdido,2024-12-01
7982,lead,2025-11-08
7982,contato,2025-11-23
7982,reuniao,2025-11-27
7982,perdido,2025-12-25
7983,lead,2024-06-30
7983,perdido,2024-07-29
7984,lead,2024-12-24
7984,contato,2024-12-29
7984,reuniao,2025-01-12
7984,proposta,2025-01-28
7984,perdido,2025-02-05
7985,lead,2024-09-05
7985,contato,2024-09-08
7985,perdido,2024-10-06
7986,lead,2024-04-04
7986,perdido,2024-05-03
7987,lead,2025-10-06
7987,contato,2025-10-10
7987,perdido,2025-10-23
7988,lead,2024-06-15
7988,contato,2024-06-18
7988,reuniao,2024-07-04
7988,proposta,2024-07-07
7988,fechado,2024-07-16
7989,lead,2025-07-22
7989,perdido,2025-07-25
7990,lead,2025-06-18
7990,contato,2025-06-24
7990,perdido,2025-07-06
7991,lead,2025-04-14
7991,contato,2025-04-26
7991,reuniao,2025-05-03
7991,proposta,2025-05-10
7991,fechado,2025-05-18
7992,lead,2024-03-05
7992,contato,2024-03-08
7992,perdido,2024-03-23
7993,lead,2024-10-10
7993,contato,2024-10-19
7993,perdido,2024-11-11
7994,lead,2025-10-30
7994,contato,2025-11-01
7994,perdido,2025-12-01
7995,lead,2024-09-15
7995,perdido,2024-10-12
7996,lead,2024-01-12
7996,contato,2024-01-13
7996,perdido,2024-01-18
7997,lead,2025-05-27
7997,contato,2025-06-01
7997,reuniao,2025-06-23
7997,proposta,2025-07-28
7997,perdido,2025-08-02
7998,lead,2025-04-29
7998,contato,2025-05-02
7998,reuniao,2025-05-09
7998,proposta,2025-05-12
7998,perdido,2025-05-19
7999,lead,2025-02-15
7999,perdido,2025-02-21
8000,lead,2024-09-13
8000,contato,2024-09-17
8000,perdido,2024-10-04
