id,nome,email,data_criacao,origem,assessor_id,valor_potencial
1,Marcos Vinicius Barros,eloa93@example.net,2025-03-28,Indicação,8,66930.22
2,Augusto Ribeiro,amandabarros@example.org,2025-08-13,Indicação,4,162538.05
3,Mateus da Mota,xporto@example.org,2024-11-11,Indicação,2,65440.66
4,Dr. Gustavo Henrique Rios,diego92@example.net,2024-05-27,Indicação,2,16186.34
5,Srta. Elisa Martins,oda-mata@example.net,2025-01-31,Indicação,11,75383.08
6,Hellena Rodrigues,daniel30@example.com,2024-02-06,Indicação,5,297508.23
7,Juliana Azevedo,ana-vitoriacunha@example.net,2025-08-17,Indicação,3,84415.47
8,Maria Laura Ramos,qcasa-grande@example.org,2025-03-20,Indicação,11,24964.84
9,Vitor Gabriel da Luz,zpacheco@example.com,2025-06-22,Indicação,8,35164.35
10,Davi Miguel Moraes,wborges@example.org,2024-09-06,Indicação,12,44558.41
11,Eduardo Pires,laviniapeixoto@example.org,2025-12-05,Indicação,8,39125.35
12,Maria Helena Peixoto,qmoura@example.net,2025-10-05,Indicação,10,161704.08
13,Danilo Rodrigues,carolina14@example.com,2025-07-08,Indicação,12,110262.69
14,Rafael Abreu,melissa28@example.org,2024-05-03,Indicação,6,12157.25
15,Letícia Porto,leandrofreitas@example.org,2024-11-30,Indicação,6,78466.63
16,Vitória Abreu,mariana01@example.com,2024-01-25,Indicacao,3,30386.27
17,Isaque Araújo,emanuelbarros@example.net,2024-04-04,Indicação,4,144335.49
18,Ana Lívia Teixeira,jose-miguelribeiro@example.com,2025-04-26,Indicação,1,10115.31
19,Eloah da Luz,icunha@example.net,2025-06-11,Indicação,6,35603.82
20,Srta. Luana Guerra,luna87@example.org,2025-12-02,Indicação,7,249392.34
21,Henry Gabriel Azevedo,asafe98@example.org,2024-08-15,Indicação,4,12030.35
22,Hellena Abreu,santosdante@example.org,2024-09-18,Indicação,5,27914.17
23,Arthur Gabriel Farias,moraesrenan@example.com,2024-12-03,Indicação,2,23566.97
24,Raquel Cunha,maria-juliada-cruz@example.com,2024-04-30,Indicação,10,15629.24
25,Esther Brito,ribeirolorena@example.com,2024-03-18,Indicação,7,129505.14
26,Maria Sophia Martins,rochagael-henrique@example.org,2024-12-09,Indicação,7,45446.24
27,Maitê Caldeira,matheuscorreia@example.net,2024-05-27,Indicação,9,22737.76
28,Cecilia Lima,agathamartins@example.org,2025-04-16,indicacao,5,43508.35
29,Pedro Miguel Novaes,aragaovalentina@example.org,2024-11-06,Indicação,9,137504.25
30,Isaac Cavalcante,emendonca@example.org,2025-08-21,Indicação,3,148193.65
31,Ana Liz Cavalcante,yabreu@example.com,2025-05-08,Indicação,1,12066.51
32,Laura Lima,mcassiano@example.com,2024-08-04,Indicação,8,79356.08
33,Benjamin Pacheco,souzaana-sophia@example.org,2025-08-21,Indicação,5,25723.55
34,Rhavi Montenegro,danilomoraes@example.org,2025-07-29,Indicação,10,108970.62
35,Bernardo Peixoto,rocharavy@example.com,2024-10-01,Indicação,9,15155.12
36,Josué Pacheco,pintoenrico@example.com,2024-07-15,Indicação,7,43340.99
37,Stephany Dias,nicolas53@example.com,2025-04-25,Indicação,9,68224.41
38,Caroline Rios,maria-cecilia51@example.org,2024-03-25,Indicação,12,337506.39
39,Beatriz Barbosa,nataliada-luz@example.org,2024-05-07,Indicação,10,55707.89
40,Sr. Joaquim Freitas,levi78@example.net,2024-01-05,Indicação,1,22014.36
41,Vinícius Albuquerque,gustavo-henrique24@example.org,2025-07-15,Indicação,11,16551.29
42,Yuri Cassiano,alexia93@example.net,2025-04-12,Indicação,3,69421.22
43,Sr. João Montenegro,dda-cunha@example.org,2025-05-12,Indicação,5,58846.33
44,Mariana da Mota,abreubrenda@example.org,2025-07-10,Indicação,5,7781.32
45,Julia Castro,tnovaes@example.com,2024-11-24,Indicação,4,8096.52
46,Alexia Camargo,saleskaique@example.net,2025-02-08,Indicação,10,115569.86
47,Léo Pacheco,lorenacardoso@example.org,2024-03-25,Indicação,3,48781.79
48,Luiz Otávio Vieira,fogacaotto@example.net,2024-03-08,Indicação,10,36639.12
49,Cauã Fogaça,vpinto@example.org,2025-04-15,Indicação,10,29574.91
50,Enrico Cavalcanti,lalves@example.net,2024-12-04,Indicação,12,30203.48
51,Dr. Josué da Mata,henriquegarcia@example.org,2025-02-06,Indicação,12,34845.2
52,Hellena Costa,tferreira@example.org,2025-06-27,Indicação,9,20386.61
53,Apollo Ribeiro,isabellyfarias@example.com,2025-03-22,Indicação,5,86680.76
54,João Lucas Ferreira,irocha@example.com,2025-01-30,Indicação,8,11362.22
55,Danilo da Luz,viniciusandrade@example.org,2025-02-02,Indicação,3,53834.05
56,Maya Ferreira,luiza98@example.org,2024-07-28,Indicação,6,62244.25
57,Esther da Cunha,santosluiza@example.org,2024-01-18,Indicação,5,85072.68
58,Zoe Rodrigues,emanuellalopes@example.org,2024-11-06,Indicação,5,83736.06
59,Luísa Pinto,josue48@example.com,2024-05-18,Indicação,12,69666.25
60,Maria Luísa Duarte,ssampaio@example.net,2024-10-16,Indicação,6,9794.69
61,Gael Leão,vrocha@example.org,2025-09-06,Indicação,3,29927.83
62,Liz Guerra,da-rosaallana@example.org,2024-06-01,Indicação,1,20996.05
63,Luna Martins,rmacedo@example.org,2024-02-02,Indicação,11,42300.43
64,Olívia Vieira,enzo-gabrielda-paz@example.net,2024-07-10,Indicação,11,156379.56
65,Lívia Borges,ana-luizacamara@example.org,2024-07-20,Indicação,2,10031.28
66,Apollo Aparecida,maria-laurapimenta@example.org,2025-04-10,Indicação,7,14340.11
67,Maria Vitória Pires,hadassamonteiro@example.com,2025-02-01,Indicação,11,34884.64
68,Diogo Rezende,saheitor@example.com,2025-07-12,Indicação,6,82048.21
69,Felipe Sampaio,jaragao@example.org,2025-04-12,Indicação,7,56254.21
70,Rafael Carvalho,hrios@example.net,2024-10-14,Indicação,12,38791.21
71,Luiza Sá,upimenta@example.net,2025-08-06,Indicação,6,31359.93
72,Melissa Castro,qmachado@example.org,2024-04-13,Indicacao,3,36203.27
73,Kamilly Vargas,ppires@example.com,2024-01-13,Indicação,6,18721.84
74,Ana Vitória Silva,ravy45@example.com,2024-02-22,Indicação,12,12072.19
75,Anna Liz Carvalho,ravigomes@example.net,2025-05-24,Indicação,9,41393.3
76,Heitor Azevedo,vjesus@example.net,2024-11-26,Indicação,6,194278.43
77,Maria Vitória Araújo,lauragomes@example.net,2024-04-09,Indicação,1,39651.25
78,Srta. Maria Helena Mendes,fogacaana-cecilia@example.com,2025-01-01,Indicação,2,108219.26
79,Zoe Souza,mariahcamara@example.com,2024-04-03,Indicação,3,63757.89
80,Raquel Alves,qfernandes@example.net,2025-05-05,Indicação,10,20558.58
81,Eloah Martins,sophiealves@example.com,2024-11-14,Indicação,11,207217.56
82,Amanda Barros,dcarvalho@example.org,2024-09-26,Indicação,1,48889.2
83,José Pedro Garcia,otavio75@example.com,2024-07-26,Indicação,2,50590.67
84,Lara Sá,fda-cunha@example.com,2025-03-19,Indicação,11,142397.19
85,Vitor Hugo Aragão,pietro10@example.org,2024-09-12,Indicação,1,34535.18
86,Guilherme Almeida,rhavicardoso@example.com,2024-02-20,Indicação,3,104599.08
87,Bruna Nunes,maria-florsampaio@example.com,2024-03-11,Indicação,5,16588.4
88,Sr. Danilo Vasconcelos,ana-liviacaldeira@example.net,2025-11-27,Indicação,3,92343.64
89,Leonardo Oliveira,tgoncalves@example.org,2025-10-17,Indicação,3,79719.12
90,Joaquim Caldeira,isaque90@example.com,2025-05-08,Indicação,12,20857.36
91,Mariane Ribeiro,davi-miguel85@example.org,2024-06-27,Indicação,7,108165.62
92,Rebeca Caldeira,ofonseca@example.com,2025-12-03,Indicação,5,48639.85
93,Srta. Maya Cavalcanti,stephany77@example.com,2025-07-08,Indicação,4,34385.74
94,Dra. Juliana Duarte,erickda-mota@example.com,2025-05-20,Indicação,10,96258.2
95,Ravi Nunes,bfernandes@example.com,2024-11-16,Indicação,8,39976.09
96,Sr. Ryan Cunha,valentim54@example.net,2024-07-02,Indicação,6,52571.89
97,Sra. Alexia Moreira,enzo-gabrielda-costa@example.net,2024-02-26,Indicação,12,51800.33
98,Rebeca Novais,maria-lauraramos@example.net,2025-10-12,Indicação,6,324504.4
99,Melissa Vieira,borgesana-beatriz@example.org,2024-11-21,Indicação,4,68539.7
100,Isabelly das Neves,maria-julia88@example.com,2024-05-09,Indicação,5,23520.66
101,Luísa Fogaça,tda-mata@example.com,2024-07-30,Indicação,9,65238.44
102,Dante Silveira,ana-vitoriacampos@example.net,2025-02-15,Indicação,12,12738.67
103,Ester Correia,maria-sophiada-mota@example.net,2024-04-20,INDICAÇÃO,2,80998.33
104,Valentina Peixoto,guilherme34@example.org,2025-09-09,Indicação,8,11268.77
105,Sr. Kevin Albuquerque,yanaparecida@example.org,2025-06-22,Indicação,4,89380.42
106,Lavínia Sampaio,marianecaldeira@example.org,2025-05-22,Indicação,4,43283.75
107,Larissa Melo,vmacedo@example.org,2024-11-02,Indicação,8,32472.54
108,José Mendes,azevedoisadora@example.com,2025-03-17,Indicação,8,34712.44
109,Benjamim Cassiano,ana-juliabarros@example.org,2025-02-18,Indicação,6,140523.14
110,Oliver Pereira,rebecagarcia@example.com,2025-04-01,Indicação,11,53560.82
111,Letícia Pastor,kdas-neves@example.net,2024-02-18,Indicação,3,73706.31
112,Carlos Eduardo Teixeira,otavioda-luz@example.net,2024-10-21,Indicação,2,24288.86
113,Emanuel da Costa,domcastro@example.org,2024-01-24,Indicação,1,47859.01
114,Milena Sales,cda-rocha@example.org,2024-12-25,Indicação,9,85810.27
115,João Miguel Sampaio,rbarbosa@example.org,2024-08-18,Indicação,11,55845.4
116,Gael Henrique Lima,nogueirarael@example.net,2024-03-28,Indicação,3,81351.92
117,João Felipe Casa Grande,araujolucas@example.com,2024-03-01,Indicação,10,69763.96
118,Laura Macedo,martinsana-julia@example.net,2025-02-20,Indicação,3,134319.45
119,Júlia Montenegro,fmacedo@example.net,2024-04-16,Indicação,2,87357.92
120,Pedro Sousa,theodoro01@example.org,2025-10-29,Indicacao,1,126973.52
121,Alícia Teixeira,bruno27@example.net,2025-02-16,Indicação,1,33318.16
122,Melina da Mota,luizaporto@example.com,2024-09-01,Indicação,10,140449.26
123,Ravy Ferreira,ufarias@example.net,2025-02-22,Indicação,1,74360.1
124,Enrico Farias,fsales@example.com,2024-01-13,Indicação,4,50470.86
125,Maria Liz Teixeira,marquesfelipe@example.com,2025-11-24,Indicação,6,33743.59
126,Lorenzo Camargo,amoraes@example.net,2024-12-15,Indicação,2,95718.5
127,Nicole Jesus,correiarafaela@example.com,2025-07-12,Indicação,6,56378.5
128,Sara Pires,dteixeira@example.org,2024-02-17,Indicação,9,175567.19
129,Yan Cardoso,luna71@example.org,2024-12-19,Indicação,12,93986.33
130,Isabella Santos,ana-livianovaes@example.org,2024-12-22,INDICAÇÃO,7,40167.56
131,Maria Luísa Borges,ianmartins@example.org,2025-11-08,Indicação,8,10416.04
132,Daniela Monteiro,nicole46@example.com,2025-02-10,Indicação,5,34993.68
133,Isabelly Marques,hadassacorreia@example.net,2024-12-07,Indicação,7,63092.98
134,Catarina Azevedo,kamilly58@example.com,2024-06-28,Indicação,7,24317.49
135,João Miguel Silveira,mariana27@example.net,2024-08-19,Indicação,8,81860.07
136,Manuella Farias,umarques@example.org,2025-01-12,Indicação,7,54204.96
137,Srta. Maria Isis da Conceição,uaparecida@example.net,2024-11-08,Indicação,3,49331.05
138,Maria Helena Gomes,mayaandrade@example.org,2024-01-13,Indicação,10,13082.04
139,Luísa Brito,hbrito@example.com,2025-08-16,Indicacao,9,34659.0
140,Diego Jesus,dommelo@example.com,2025-10-07,Indicação,10,36215.7
141,Dr. Bruno Farias,odias@example.net,2024-03-25,Indicação,8,53715.26
142,Ágatha Andrade,da-costaalicia@example.org,2025-01-30,Indicação,11,18255.98
143,Srta. Maya Brito,macedolucas-gabriel@example.net,2024-03-04,Indicação,2,35354.9
144,Arthur Aparecida,daniel45@example.com,2025-04-18,indicacao,9,213843.53
145,Clara da Cruz,rnunes@example.org,2024-07-10,Indicação,10,95993.06
146,Erick Barros,rpinto@example.org,2025-04-08,Indicação,12,45347.54
147,Cecília da Conceição,qporto@example.com,2025-05-28,Indicação,7,61017.08
148,Anthony Martins,zoe21@example.com,2025-06-30,Indicacao,9,195867.25
149,Dr. Otávio Sales,maria-alice43@example.com,2024-03-04,Indicação,4,77232.77
150,Bianca da Costa,woliveira@example.net,2025-10-22,Indicação,5,86309.27
151,Juan Almeida,ada-mota@example.net,2024-05-29,Indicação,5,32409.0
152,Ana Julia Pereira,xda-paz@example.org,2024-01-22,Indicação,11,115415.09
153,Maria Câmara,theodororocha@example.net,2025-01-31,Indicação,7,93879.23
154,Cecilia Pires,piresbruno@example.com,2024-09-18,Indicação,10,45852.8
155,Ana Beatriz Pacheco,joao14@example.com,2025-08-19,Indicação,4,9324.62
156,Sra. Emanuella Costa,valentinafonseca@example.net,2025-08-01,Indicação,10,71067.91
157,Júlia Cavalcante,maria-luisa45@example.org,2024-08-08,Indicação,3,162512.26
158,Ana Vitória Casa Grande,isabellanovais@example.com,2025-11-20,Indicação,9,72254.74
159,Miguel Albuquerque,stella17@example.com,2024-07-17,Indicação,1,72812.16
160,Julia Pacheco,xporto@example.org,2025-01-08,Indicação,7,154636.41
161,Isabel Melo,pintobeatriz@example.net,2024-06-19,Indicação,2,30865.54
162,Benício Porto,tsampaio@example.net,2025-11-06,Indicação,6,28915.51
163,Bruna Carvalho,andradeana-julia@example.com,2024-04-12,Indicação,4,26012.79
164,Calebe da Costa,hellenamarques@example.com,2024-01-26,Indicação,4,47821.48
165,Ágatha Leão,kamillyrezende@example.org,2024-11-05,Indicação,9,23023.24
166,Maria Luísa da Mota,salesester@example.org,2025-12-25,Indicação,11,33152.36
167,Melina da Costa,gael-henrique58@example.net,2025-10-04,Indicação,10,49178.57
168,Sr. Miguel da Mota,joaquimmarques@example.org,2025-06-14,Indicação,7,23373.29
169,Hadassa Ramos,aragaobrenda@example.org,2025-10-04,Indicação,12,49210.24
170,Gustavo Azevedo,pedroda-conceicao@example.com,2025-10-05,Indicação,7,12101.04
171,Alexandre da Mota,jose-pedronogueira@example.com,2025-01-11,Indicação,10,55977.97
172,Daniel Ribeiro,cardosoarthur@example.com,2024-08-07,Indicação,11,56178.11
173,Lorenzo Almeida,viniciusaragao@example.org,2025-07-03,Indicação,1,43425.75
174,Sra. Valentina Camargo,melomanuela@example.com,2025-04-10,Indicação,4,87992.27
175,Bianca Machado,caiosiqueira@example.net,2024-09-20,Indicação,6,57545.93
176,Liz Marques,araujomaria-luiza@example.com,2024-02-24,Indicação,2,19615.79
177,Bianca Mendonça,fbarbosa@example.com,2025-06-12,Indicação,1,83938.32
178,Clara Azevedo,yanpinto@example.net,2024-06-24,Indicação,6,36492.73
179,Lunna Garcia,maria89@example.com,2025-11-07,Indicação,7,118537.66
180,Danilo Rezende,lorenamachado@example.org,2024-06-07,Indicação,1,28696.88
181,Maitê Marques,uleao@example.org,2024-03-14,Indicação,6,411502.71
182,Dr. Levi Rios,evelyn27@example.org,2025-08-20,Indicação,8,47792.57
183,Bryan Borges,vbrito@example.net,2024-04-03,Indicação,5,33081.85
184,Sr. Bento Pastor,joaquim65@example.net,2024-04-22,Indicação,7,100629.47
185,Ana Júlia da Paz,clarice19@example.net,2025-02-27,Indicação,8,198925.21
186,Eduardo Ribeiro,gcamara@example.com,2025-09-22,Indicação,11,16629.67
187,Maria Eduarda Camargo,rael68@example.net,2024-05-05,Indicação,6,98156.43
188,Amanda Pereira,benjamin24@example.net,2024-08-02,Indicação,8,109569.78
189,Lucca Ferreira,cirinojoao-pedro@example.net,2025-07-07,Indicação,5,45878.47
190,Maria Liz Azevedo,bentoborges@example.net,2025-12-06,Indicação,6,120166.03
191,Helena Garcia,vmarques@example.org,2024-12-31,Indicação,11,109159.51
192,Dr. Luan Vasconcelos,aragaoleonardo@example.org,2024-03-28,Indicação,4,55310.08
193,Ana Julia Rocha,da-mataluisa@example.net,2024-01-08,Indicação,2,15442.31
194,Raquel Pereira,rleao@example.org,2024-05-29,Indicação,9,29078.93
195,Bruna Ferreira,scamargo@example.net,2024-03-20,Indicação,1,32533.42
196,Raquel Moura,caleb36@example.net,2025-04-22,Indicação,3,63846.84
197,André Costela,otavio24@example.com,2024-03-13,Indicação,10,46377.33
198,Sr. André Monteiro,icavalcanti@example.com,2025-01-04,Indicação,4,29436.26
199,Heloísa Montenegro,diego60@example.com,2025-05-04,Indicação,2,32535.94
200,Raul Barbosa,liz96@example.net,2025-02-16,Indicação,7,66547.43
201,Maria Vitória da Rocha,guerraasafe@example.com,2024-05-07,Indicação,1,18059.3
202,Raul Sales,felipe61@example.org,2025-07-29,Indicação,10,94878.61
203,Maria Liz Moura,goncalvesana-luiza@example.net,2025-05-19,Indicação,8,100259.68
204,Sr. Lucas Gabriel Vasconcelos,eduardomoraes@example.net,2025-06-06,Indicação,7,50987.58
205,Vinícius Moraes,ceciliaferreira@example.net,2024-03-19,Indicação,2,38456.5
206,Clara da Costa,casa-grandetheo@example.org,2024-03-14,Indicação,9,76477.88
207,Eduardo Teixeira,cavalcantimarina@example.com,2025-10-30,Indicação,5,51146.01
208,Melissa Rodrigues,ana-vitoria27@example.org,2024-10-08,Indicação,3,253951.46
209,Melina Pires,yan90@example.com,2024-07-26,Indicação,12,26698.74
210,Ana Sophia das Neves,cmachado@example.org,2024-12-20,Indicação,3,42756.67
211,Dr. Breno Ramos,pimentanatalia@example.com,2025-04-11,Indicação,10,156000.06
212,Ana Cecília Machado,aurorapereira@example.com,2025-11-22,Indicação,4,183817.62
213,Clarice Araújo,zcaldeira@example.com,2024-07-14,Indicação,6,322738.61
214,Srta. Sofia Ramos,brunoda-cruz@example.net,2025-10-28,Indicação,6,135807.87
215,Maysa Moura,emanuellafreitas@example.com,2024-01-14,Indicação,3,37691.25
216,Maria Luísa Vasconcelos,caua51@example.com,2025-01-31,Indicação,3,18759.67
217,Matheus da Paz,kaique51@example.net,2025-03-22,Indicação,3,46161.93
218,Cecília Ferreira,heloisa29@example.net,2024-03-03,Indicação,4,136973.53
219,Leonardo Novais,yramos@example.com,2024-03-25,Indicação,4,75966.92
220,Vinicius Borges,xmoraes@example.org,2024-10-24,Indicação,2,38837.7
221,Dr. Fernando Cunha,maria-vitoria33@example.org,2025-12-01,Indicação,4,57307.39
222,Breno da Rocha,montenegrovalentina@example.net,2025-02-25,Indicação,4,92627.13
223,Ana Carolina Ribeiro,joao96@example.org,2025-11-04,Indicação,4,34428.68
224,Fernando Sales,lunaaparecida@example.com,2025-07-29,Indicação,5,29370.0
225,Sr. Pedro Miguel Pimenta,manuela38@example.org,2024-12-01,Indicação,12,80244.61
226,Ravy Correia,lunna74@example.com,2025-07-13,Indicação,1,55559.9
227,Vitória Leão,murilopereira@example.org,2024-01-11,Indicação,2,44231.55
228,Benjamim Ramos,jfreitas@example.org,2024-03-05,Indicação,7,57999.46
229,Dra. Camila da Paz,teixeiralorenzo@example.com,2025-08-18,Indicação,10,67207.69
230,Sophie Casa Grande,oborges@example.com,2025-07-23,Indicação,5,242203.86
231,Sr. Oliver Aragão,xmontenegro@example.org,2024-05-31,Indicação,4,207140.83
232,Anna Liz Freitas,benjamindias@example.org,2025-01-17,Indicação,6,40497.54
233,Dra. Lívia Vieira,joao-guilhermeandrade@example.com,2025-03-03,Indicação,12,19323.31
234,Cecilia Teixeira,nmachado@example.org,2025-09-17,Indicação,11,51597.51
235,Antony da Cunha,kaiquenovaes@example.net,2025-03-01,Indicação,4,28286.36
236,Vitória Lima,vasconcelosalicia@example.org,2024-10-19,Indicação,10,53571.97
237,Davi Aragão,larissaporto@example.net,2024-09-21,Indicação,3,70470.58
238,Ana Luiza Camargo,ipeixoto@example.org,2024-10-29,Indicação,1,32244.47
239,Sophie Oliveira,joao-pedroda-rocha@example.com,2025-04-03,Indicação,4,156586.85
240,Luiz Gustavo da Costa,qcirino@example.net,2025-09-17,Indicação,6,31138.34
241,Vinicius Fonseca,mourayasmin@example.net,2024-11-20,Indicação,10,90472.72
242,Alícia Gomes,oaparecida@example.com,2024-06-13,Indicação,10,73708.72
243,Dr. Antony Fogaça,ferreirarodrigo@example.net,2024-06-03,Indicação,4,65734.62
244,Bella Vargas,joao-felipe05@example.net,2025-06-12,Indicação,3,38171.12
245,Sr. Ravi Sampaio,lpires@example.org,2025-08-08,Indicação,7,68589.35
246,Raul Andrade,nathan03@example.org,2024-03-02,Indicação,2,107866.87
247,Dr. Théo Gonçalves,cda-cunha@example.net,2024-02-07,Indicação,4,36129.73
248,João Pedro Fogaça,rezendebianca@example.com,2025-02-24,Indicação,5,31362.97
249,Léo Lopes,csouza@example.com,2024-03-29,Indicação,7,591601.2
250,Sr. Theo Sales,zfreitas@example.net,2025-08-15,Indicação,6,22305.88
251,Bryan Siqueira,bbarros@example.net,2024-08-02,Indicação,12,43496.63
252,Yago da Rocha,gustavo15@example.net,2024-03-28,Indicação,3,29254.31
253,Leandro Machado,scavalcante@example.com,2025-10-26,Indicação,12,29164.19
254,Dr. Asafe Siqueira,luara40@example.org,2024-04-12,Indicação,7,73878.08
255,Maria Luiza Fonseca,bentocasa-grande@example.net,2024-07-12,Indicação,2,76973.92
256,Maysa Andrade,davi-luizda-costa@example.net,2024-04-03,Indicação,5,32867.72
257,Dr. Matheus Nunes,pereiraleandro@example.net,2024-03-09,Indicação,2,55245.17
258,Maria Eduarda Freitas,eteixeira@example.net,2024-01-12,Indicação,8,82450.04
259,Vinícius Fonseca,pdias@example.com,2024-02-01,Indicação,1,49071.81
260,Danilo Alves,melinamoreira@example.com,2024-04-19,Indicação,6,11307.08
261,Bárbara da Luz,maite39@example.com,2024-01-30,Indicação,4,14871.84
262,Sra. Gabriela Campos,diogomachado@example.org,2025-02-22,Indicação,8,8635.45
263,Sra. Aurora Rodrigues,cecilia18@example.net,2025-04-24,Indicação,7,37546.23
264,Kaique Castro,eloamoraes@example.org,2024-10-05,Indicação,8,475126.44
265,Guilherme Vieira,renanvieira@example.com,2024-08-08,Indicação,9,38065.4
266,Luiz Miguel Novaes,maria-helena82@example.net,2025-01-03,Indicação,11,51895.58
267,Benício das Neves,usilva@example.com,2025-09-22,Indicação,1,236208.89
268,Maria Sophia Vargas,eoliveira@example.org,2025-09-05,Indicação,6,17461.52
269,Sr. Rael Martins,jose-miguel89@example.org,2024-01-25,Indicação,2,17544.61
270,Pedro Montenegro,camposrafaela@example.org,2024-04-24,Indicação,11,100634.68
271,Enzo Castro,rael58@example.com,2024-06-04,Indicação,11,158328.67
272,José Costa,jose49@example.net,2024-06-14,Indicação,2,41149.04
273,Theodoro Ramos,leandrocavalcante@example.net,2025-02-10,Indicação,5,75232.95
274,Maitê Nunes,alvesenrico@example.org,2024-10-22,Indicação,6,66515.04
275,Julia Rezende,larapinto@example.net,2024-01-28,Indicação,10,14062.9
276,Theo Pires,ana-julia73@example.net,2024-09-20,Indicação,1,72895.24
277,Letícia Marques,salesdante@example.org,2025-01-13,Indicação,12,99733.04
278,Maria Vitória Mendes,vcostela@example.net,2024-02-29,Indicação,11,44203.16
279,Levi Silva,catarina62@example.com,2025-08-22,Indicação,12,27601.77
280,Bianca Dias,maria-florcampos@example.com,2024-01-30,Indicação,3,42215.43
281,Isadora Casa Grande,aragaoamanda@example.com,2025-10-28,Indicação,3,54746.83
282,Mariah da Cruz,beatrizoliveira@example.net,2024-02-27,Indicação,10,66862.18
283,Sr. Emanuel Monteiro,tmonteiro@example.com,2025-08-30,indicacao,4,254141.86
284,Caleb Gonçalves,nda-costa@example.net,2025-10-12,Indicação,11,71560.03
285,Sr. Benicio da Paz,ppeixoto@example.net,2025-12-13,Indicação,6,108485.82
286,Laura Nascimento,caldeiralorena@example.org,2025-07-27,Indicação,3,31452.26
287,Luiz Otávio Teixeira,cfonseca@example.com,2025-07-09,Indicação,6,11357.07
288,Gael Fonseca,diogo68@example.com,2025-03-27,Indicação,10,47509.35
289,Lara Pinto,cardosogael@example.com,2025-07-08,Indicação,10,43591.54
290,Dr. Luiz Otávio Sá,miguelpereira@example.net,2024-03-22,Indicação,11,189396.72
291,Sarah Aparecida,andradejoao-guilherme@example.net,2025-01-20,Indicação,12,98949.45
292,Dr. Valentim Marques,oliviacarvalho@example.com,2025-01-08,Indicação,4,35461.4
293,Luiza Castro,vpimenta@example.com,2025-09-09,Indicação,6,12484.83
294,Maitê Montenegro,ksantos@example.com,2024-11-27,Indicação,12,10654.17
295,Allana Freitas,henry69@example.com,2024-09-29,Indicação,4,61944.72
296,Dra. Amanda Peixoto,pda-luz@example.net,2025-03-25,Indicação,2,139526.88
297,Heloísa Silveira,pachecomaria-luiza@example.org,2024-06-28,Indicação,12,75937.54
298,Maria Helena Casa Grande,beniciooliveira@example.net,2024-03-25,Indicação,2,25115.28
299,Gabriel Almeida,adias@example.org,2024-12-11,Indicação,1,151656.36
300,Gabrielly Jesus,usousa@example.org,2024-10-22,Indicação,6,172015.16
301,Srta. Stella Costela,maria-liz86@example.com,2024-05-31,Indicação,5,27273.99
302,Raul Nascimento,zoe54@example.net,2024-09-16,Indicação,6,102721.63
303,Evelyn da Cruz,ana-cecilia34@example.com,2024-09-15,Indicação,12,91674.51
304,Srta. Rebeca Dias,jferreira@example.net,2024-08-16,Indicação,11,44530.25
305,João Pedro Campos,wgoncalves@example.org,2024-09-25,Indicação,7,80180.43
306,Asafe da Paz,ferreiraluisa@example.net,2025-04-28,Indicação,6,77392.85
307,Rhavi Cunha,stephanyda-mata@example.net,2024-07-22,Indicação,11,215277.14
308,Sra. Cecilia Caldeira,ryanaragao@example.net,2025-11-17,Indicação,3,43599.11
309,Heloisa Porto,cauabrito@example.com,2025-10-22,Indicação,12,38734.8
310,Dr. Carlos Eduardo Rodrigues,anthonynovaes@example.org,2024-12-13,Indicação,7,39178.52
311,Olívia Mendes,aliciaduarte@example.com,2024-08-17,Indicação,3,47513.77
312,Ana Liz Vargas,rezenderavi@example.net,2025-01-20,Indicação,3,43369.76
313,Dra. Ana Carolina Cavalcanti,ccavalcanti@example.com,2025-09-03,Indicação,7,38748.21
314,Ester Souza,breno04@example.net,2025-04-03,Indicação,7,63361.06
315,Bianca Farias,maria88@example.com,2025-07-29,Indicação,5,99994.58
316,Thiago Martins,matheus15@example.org,2025-01-18,Indicação,3,53798.42
317,Sra. Jade Silva,arthursousa@example.com,2025-03-21,Indicação,3,50415.14
318,Gael Cavalcanti,glima@example.com,2024-07-15,Indicação,1,50706.42
319,Murilo Rios,cirinojoao-lucas@example.com,2025-06-03,Indicação,5,33820.83
320,Sr. André da Luz,cda-costa@example.com,2024-05-09,Indicação,8,7692.34
321,Dr. Anthony da Luz,ravy01@example.com,2025-05-04,Indicação,3,13918.57
322,Emanuel Guerra,isaac45@example.net,2025-09-12,Indicação,1,21748.45
323,Henry Carvalho,dcassiano@example.net,2024-03-20,Indicação,5,34172.58
324,Maria Fernanda Leão,isa@example.net,2025-03-09,Indicação,3,38819.81
325,Josué Rodrigues,mouramaite@example.net,2024-02-25,Indicação,8,68591.01
326,Sra. Ana Vitória Nunes,araujoagatha@example.net,2025-05-27,Indicação,11,21477.6
327,Vitor Gabriel Cassiano,beatrizmoreira@example.com,2024-02-18,Indicação,3,39195.05
328,Gustavo Silva,gborges@example.com,2025-11-06,Indicação,10,48421.65
329,Rafael Cardoso,kmarques@example.org,2024-03-23,Indicação,12,25762.58
330,Nicole Rocha,augusto64@example.org,2025-11-25,Indicação,4,26277.24
331,Srta. Ana Sophia Aparecida,sferreira@example.org,2025-07-26,Indicação,2,59593.42
332,Ana Liz Azevedo,sandrade@example.com,2025-02-23,Indicação,4,63364.48
333,Davi Luiz Vargas,yfreitas@example.com,2025-07-11,Indicação,8,30399.22
334,Maria Flor Barros,ceciliacampos@example.org,2025-07-22,Indicação,5,24181.14
335,Maria Júlia Moura,pietroabreu@example.org,2025-11-14,Indicação,1,112319.93
336,Ravi Rocha,ynascimento@example.org,2024-06-17,Indicação,7,72804.69
337,Raul Ferreira,yuricorreia@example.net,2025-02-21,Indicação,11,38676.77
338,Arthur Gabriel Ribeiro,xpimenta@example.org,2024-02-25,Indicação,6,43679.53
339,Gustavo Azevedo,peixotobernardo@example.com,2025-03-10,Indicação,11,28716.55
340,Ana Julia da Cruz,guerraluna@example.org,2024-04-16,Indicação,11,43807.66
341,Helena Sá,carvalhomilena@example.com,2025-02-06,Indicação,9,99950.65
342,Liam Oliveira,renan42@example.net,2025-02-11,Indicação,1,29676.73
343,Hellena Jesus,yan08@example.net,2024-11-30,Indicação,3,25861.05
344,Srta. Mariane Novais,waragao@example.net,2025-01-13,Indicação,5,41944.52
345,Maria Helena Viana,lara62@example.com,2025-06-26,Indicação,5,18904.2
346,Ester Sá,oda-costa@example.com,2025-07-25,Indicação,4,121287.64
347,Srta. Nicole Araújo,jleao@example.net,2024-12-24,Indicação,2,35127.05
348,Mathias da Cruz,nicolas51@example.com,2025-02-27,Indicação,2,19376.3
349,Sr. Vitor Gabriel Silveira,cauada-mata@example.com,2025-11-02,Indicacao,9,37738.45
350,Ana Cecília Barbosa,pedro-henriquemendes@example.org,2024-03-12,Indicação,3,26183.22
351,Dr. Anthony Gabriel Cunha,isaacsouza@example.com,2024-03-10,Indicação,4,46591.9
352,Gustavo Gonçalves,auroravasconcelos@example.com,2024-02-20,Indicação,9,151157.27
353,Nina Nascimento,ana-liz45@example.net,2025-04-07,Indicação,10,63833.98
354,Nina Brito,uteixeira@example.org,2024-10-23,Indicação,7,12495.67
355,Dr. Noah Aparecida,joao-vitoralmeida@example.com,2025-07-05,Indicação,9,72012.0
356,Maria Vitória da Rocha,matteofarias@example.org,2025-04-17,Indicação,9,81260.96
357,Isabelly Monteiro,theo77@example.com,2024-08-21,Indicação,11,26668.45
358,Luiz Gustavo Cavalcante,zoemendonca@example.org,2025-10-09,Indicação,12,272970.3
359,Ana Liz Moura,barbosacalebe@example.org,2025-06-25,Indicação,11,79285.43
360,Cecilia Pires,davi-luizsantos@example.org,2024-07-01,Indicação,8,272622.38
361,Henrique Montenegro,dfreitas@example.net,2024-09-14,Indicação,5,63593.73
362,Rafaela Ribeiro,aalmeida@example.net,2024-08-06,Indicação,12,36703.29
363,Maria Sophia Albuquerque,mourayan@example.net,2024-04-06,Indicação,1,103126.65
364,Antony Montenegro,gcavalcanti@example.org,2024-03-30,Indicação,1,46947.71
365,Clarice da Costa,sarada-cunha@example.com,2025-11-06,Indicação,6,161507.43
366,Miguel Barros,jade79@example.org,2024-11-07,Indicação,10,37205.58
367,Srta. Letícia Rodrigues,rezendebenicio@example.org,2024-09-27,Indicação,11,21028.06
368,Maria Helena Garcia,oaraujo@example.org,2025-05-30,INDICAÇÃO,3,36690.06
369,Srta. Antonella Monteiro,yramos@example.com,2025-01-30,Indicação,3,23225.61
370,Aylla Moura,da-conceicaootavio@example.net,2025-11-06,Indicação,7,36008.33
371,Olívia da Mata,barbosaalana@example.net,2025-07-10,Indicação,11,53082.35
372,Ana Beatriz Cavalcanti,arthur-gabriel39@example.org,2024-12-12,Indicação,7,61541.52
373,Sra. Ana Vitória da Rosa,rodrigonunes@example.com,2024-09-22,Indicação,12,48865.93
374,Ágatha Farias,vsa@example.org,2025-12-19,Indicação,7,23699.23
375,Dra. Anna Liz Montenegro,caue16@example.org,2025-05-21,Indicação,5,56446.59
376,Luigi Pereira,uvasconcelos@example.org,2025-11-18,Indicação,9,122664.17
377,Júlia Viana,omendonca@example.com,2024-03-11,Indicação,11,53687.03
378,Maria Flor Lopes,gabriellybarros@example.net,2025-09-04,Indicação,10,34943.41
379,Josué Silva,barrosvitor-gabriel@example.org,2025-03-24,Indicação,2,31029.11
380,Daniela Sousa,xdias@example.org,2024-03-13,Indicação,5,8583.73
381,André das Neves,wfonseca@example.com,2025-02-20,Indicação,4,89107.39
382,Davi Lucca Borges,lorenamachado@example.net,2025-04-28,Indicação,10,61084.68
383,Sophie Jesus,alvesfelipe@example.com,2024-01-07,Indicação,5,46813.07
384,Ayla Peixoto,helena04@example.com,2024-11-20,Indicação,11,134400.18
385,Antonella Silveira,raquelcavalcante@example.net,2025-08-15,Indicação,7,126102.62
386,Eloá Carvalho,ana-julia47@example.org,2024-07-21,Indicação,8,47918.32
387,Enzo Lopes,laura47@example.org,2024-11-24,Indicação,6,230069.58
388,Dr. Josué Silveira,npeixoto@example.org,2024-11-11,Indicação,11,21111.84
389,Bianca Carvalho,anthony-gabriel65@example.net,2024-07-26,Indicação,9,153287.58
390,Luísa Macedo,lorena92@example.com,2025-10-24,Indicação,1,67855.16
391,Sr. Rhavi Dias,isabelladias@example.com,2025-07-10,Indicação,12,30521.75
392,Dra. Rebeca Oliveira,ayllagarcia@example.com,2024-03-06,Indicação,10,101644.77
393,Maria Clara Camargo,zoecirino@example.net,2025-12-29,Indicação,6,29940.45
394,Amanda Siqueira,nsantos@example.com,2025-09-25,Indicação,11,38699.64
395,Bernardo Vieira,frocha@example.org,2024-07-12,Indicação,5,119165.17
396,Liz da Costa,leandro66@example.org,2025-08-24,Indicação,2,22322.27
397,Pietra Pacheco,gnascimento@example.net,2024-03-03,Indicação,7,138353.79
398,Ísis Andrade,stella91@example.org,2025-12-31,Indicação,4,64502.91
399,Luiz Gustavo Cavalcante,nunesisabelly@example.com,2025-04-13,Indicação,2,58148.02
400,Bianca Albuquerque,da-luzpedro-miguel@example.net,2025-04-02,Indicação,12,63062.71
401,Dra. Hellena Machado,heloisa79@example.net,2024-02-22,Indicação,6,20630.22
402,Clarice Ferreira,mendesgustavo-henrique@example.com,2025-10-08,Indicação,1,55776.25
403,Antonella Camargo,ceciliadas-neves@example.com,2024-01-17,Indicação,1,94181.35
404,Gabrielly Moreira,eferreira@example.org,2024-06-07,Indicação,4,27792.45
405,Milena Dias,da-rosacaio@example.net,2024-03-27,Indicação,9,46060.43
406,Antônio Fernandes,rochalucas@example.net,2025-07-07,Indicação,12,140116.73
407,Valentim Cavalcanti,biancanovais@example.com,2024-05-06,Indicação,12,34649.95
408,Isabel Guerra,marceloporto@example.net,2025-10-18,Indicação,6,91626.24
409,Maria Laura Alves,manuellapastor@example.com,2025-04-06,Indicação,6,21449.94
410,Alana Santos,noahda-mota@example.net,2024-01-21,Indicação,10,54060.17
411,Cauã Nascimento,emanuellyduarte@example.org,2024-01-04,Indicação,11,20640.08
412,Bruna da Luz,omoura@example.com,2024-01-30,Indicação,6,93849.32
413,Maria Julia Pimenta,hpastor@example.com,2025-03-03,Indicação,10,34279.08
414,Dr. Erick Rocha,enzo-gabriel25@example.org,2025-07-27,Indicação,12,57285.21
415,Leandro Camargo,evelynsales@example.org,2024-06-05,Indicação,3,56171.95
416,Maria Julia Leão,hadassalima@example.org,2025-09-03,Indicação,6,37529.87
417,Zoe Sales,lucas-gabrielmendonca@example.com,2024-02-02,Indicação,10,94741.62
418,Francisco Dias,dpinto@example.com,2025-07-26,Indicação,9,30414.13
419,Ryan Carvalho,hadassanovais@example.net,2025-10-31,Indicação,6,31114.76
420,Sabrina Jesus,tleao@example.com,2025-07-03,Indicação,3,66741.3
421,Eloah Barros,vieirapedro-lucas@example.com,2025-05-07,Indicação,3,33789.2
422,João Guilherme Câmara,lucca79@example.net,2025-08-25,Indicação,6,37831.93
423,Sophia Camargo,da-matayasmin@example.com,2024-01-23,Indicação,11,24673.52
424,Ana Cecília Teixeira,nnogueira@example.com,2024-05-09,Indicação,11,5559.63
425,Josué da Rosa,machadovinicius@example.com,2024-03-15,Indicação,1,39591.09
426,Pedro Lucas Campos,ottosousa@example.net,2025-01-03,Indicação,3,49852.66
427,Sra. Mariane Cavalcante,noahcostela@example.org,2025-06-11,indicacao,7,61189.92
428,Marcela Nascimento,stephany25@example.net,2025-03-19,Indicação,8,21574.06
429,João Vitor Oliveira,olivia12@example.com,2025-09-05,Indicação,4,32296.65
430,João Guilherme Rezende,joaoda-cruz@example.org,2024-04-05,Indicação,7,179957.93
431,Sra. Isadora Teixeira,jmendonca@example.net,2025-06-02,Indicação,1,37838.06
432,Juliana Pires,cgarcia@example.org,2024-05-02,Indicação,5,79474.71
433,Ayla Guerra,emilly77@example.com,2024-07-01,Indicação,11,35557.62
434,Agatha Vasconcelos,siqueiramaria-cecilia@example.net,2025-05-15,Indicação,6,47435.95
435,Maria Alice Azevedo,bcunha@example.org,2025-12-13,Indicação,8,48434.54
436,Juliana Duarte,barbara89@example.org,2025-03-07,Indicação,2,44442.33
437,Raquel Viana,calebe01@example.net,2024-01-31,Indicação,12,29716.03
438,Allana Campos,lunnamarques@example.org,2025-03-10,Indicação,12,13741.74
439,Gabriela Sales,ana-juliacastro@example.com,2024-01-24,Indicação,3,100139.52
440,Luiz Miguel da Cunha,freitaslucas@example.org,2025-09-29,Indicação,3,15476.3
441,Lorena Silveira,lizrezende@example.org,2025-05-15,Indicação,11,80499.57
442,Srta. Agatha Cunha,ibarbosa@example.net,2024-04-18,Indicação,5,19159.81
443,Valentim Rodrigues,aalbuquerque@example.net,2024-02-23,Indicação,12,20757.0
444,Sr. Otávio Sales,maria-lizbarbosa@example.org,2024-04-25,Indicação,8,178788.9
445,Aurora Siqueira,caldeiraana-sophia@example.com,2025-12-13,Indicação,12,25233.06
446,Davi Miguel Garcia,joao-pedroazevedo@example.net,2024-11-24,Indicação,9,134895.48
447,Alexia Pimenta,lunnaferreira@example.net,2025-07-13,Indicação,11,66523.16
448,Dom Jesus,fcunha@example.org,2025-03-23,Indicação,3,16117.24
449,Davi Pastor,bferreira@example.com,2025-02-10,Indicação,8,165436.66
450,Josué da Mota,da-cruzalice@example.net,2024-03-29,Indicação,10,199769.86
451,Kevin Costela,heloisada-rocha@example.net,2025-11-14,Indicação,12,23316.62
452,Isaque Monteiro,pcamargo@example.com,2024-07-26,Indicação,8,123470.14
453,Ana Sophia Moura,fonsecaanna-liz@example.org,2025-02-14,Indicação,6,122793.58
454,Mariah Fonseca,maria-juliavargas@example.org,2025-05-08,Indicação,6,33836.36
455,Bernardo Albuquerque,pedro00@example.com,2025-04-01,Indicação,6,30443.25
456,Laura Pires,slima@example.com,2025-11-10,Indicação,10,12715.12
457,Vitor Gabriel Nascimento,agathabarros@example.com,2024-03-31,Indicação,4,29083.9
458,Thomas Costela,stelladuarte@example.com,2025-01-05,Indicação,4,70443.39
459,Ana Luiza das Neves,psiqueira@example.org,2024-10-13,Indicação,12,93388.51
460,Caio Lopes,marquesdaniel@example.com,2024-12-07,Indicação,1,36289.19
461,Emanuella Campos,santosjoao-guilherme@example.net,2024-03-11,Indicação,8,47935.0
462,Enrico Monteiro,rebeca84@example.org,2024-03-21,Indicação,3,103034.42
463,Sr. João Felipe Siqueira,vargasbento@example.com,2024-07-07,Indicação,3,27867.27
464,Júlia Moura,da-luzeduardo@example.com,2024-07-29,Indicação,2,39480.17
465,Sophia Fonseca,monteirolucas-gabriel@example.com,2024-10-30,Indicação,11,51586.45
466,José Miguel Vargas,oliveiraigor@example.org,2025-03-06,Indicação,3,22754.98
467,Dra. Agatha Aparecida,da-cruzcaleb@example.com,2025-03-22,Indicação,2,17113.31
468,Dr. Dom Cavalcanti,novaeslarissa@example.org,2024-10-18,Indicação,5,317820.86
469,Sr. Oliver Silveira,vitor-hugo19@example.com,2024-10-16,Indicação,4,36895.94
470,Theodoro Rocha,cavalcantipietro@example.net,2024-05-20,Indicação,8,28382.84
471,Murilo Azevedo,xda-paz@example.com,2025-02-20,Indicação,7,53363.84
472,Sr. Yuri Marques,freitasmurilo@example.com,2024-08-08,Indicação,10,16748.89
473,Liz Sousa,maria-fernandafreitas@example.net,2024-01-21,Indicação,11,118535.67
474,Fernanda Siqueira,kevinabreu@example.com,2024-10-23,Indicação,11,27208.59
475,Igor Nogueira,antony50@example.net,2024-12-07,Indicação,11,147741.39
476,Lorena Caldeira,sofiada-costa@example.com,2024-05-26,Indicação,5,182189.69
477,Ana Liz Casa Grande,francisco03@example.net,2025-02-11,Indicação,12,259780.16
478,Maria Fernanda Marques,pachecogabriel@example.net,2025-02-06,Indicação,2,68051.58
479,Matteo Barbosa,lopesjose-pedro@example.org,2025-05-09,Indicação,9,64981.56
480,José Pedro Dias,vsampaio@example.com,2025-03-31,Indicação,1,52934.68
481,Dr. João Gabriel da Conceição,costajoao-gabriel@example.net,2025-04-03,Indicação,11,41943.27
482,Eduardo Caldeira,manuellamartins@example.com,2024-08-07,Indicação,11,17172.15
483,Bárbara Nascimento,oliver74@example.com,2025-07-15,Indicação,9,10280.0
484,Dante Borges,ana-juliasantos@example.net,2025-01-28,Indicação,10,68152.81
485,Ana Cecília Cunha,juan13@example.com,2024-11-02,Indicação,5,38963.48
486,Sophie Aragão,vicente20@example.com,2025-03-16,Indicação,4,65411.6
487,Isadora Brito,zcaldeira@example.org,2024-09-11,Indicação,10,28588.72
488,Anthony Gabriel Araújo,jose-pedrocosta@example.com,2025-01-07,Indicação,1,156504.47
489,Sr. José Pedro Barbosa,azevedomiguel@example.net,2025-06-04,Indicação,2,18310.87
490,Carolina Borges,joaquim07@example.org,2025-09-30,Indicação,11,15211.41
491,Pedro Silveira,bmonteiro@example.com,2025-10-26,Indicação,10,27372.08
492,Mariane Cavalcanti,paulo24@example.com,2025-01-02,Indicação,9,29461.89
493,Clarice Andrade,ana-carolinamonteiro@example.com,2025-01-11,Indicação,7,67727.92
494,Pietra Araújo,da-motahadassa@example.org,2025-07-25,indicacao,10,27653.7
495,Gabriela Ramos,yasminvieira@example.org,2024-08-06,Indicação,8,110238.98
496,Maria Alice Mendes,kferreira@example.net,2025-08-25,Indicação,2,74111.24
497,Dr. João Gabriel Cirino,diaspedro-lucas@example.org,2024-12-25,Indicação,2,117925.1
498,Benjamin Melo,ravi-lucca21@example.org,2024-03-09,Indicação,1,26064.99
499,Isabella da Mata,teixeirapedro-lucas@example.net,2024-02-11,Indicação,6,120783.08
500,Maria Cavalcanti,renanpastor@example.com,2025-08-29,Indicação,3,46885.3
501,Dra. Maria Alice Pastor,santosclarice@example.net,2024-02-01,Indicação,8,49807.24
502,Cecília Nunes,marinanogueira@example.com,2024-07-09,Indicação,12,63142.36
503,Samuel Andrade,araujoravi-lucca@example.net,2024-08-22,indicacao,11,49478.28
504,Antônio Moura,vabreu@example.net,2024-04-18,Indicação,5,40910.92
505,Davi Lucca Fernandes,aylaaraujo@example.org,2024-08-05,Indicação,11,29287.26
506,Diego Vasconcelos,mouraemanuella@example.org,2025-06-09,Indicação,2,18366.74
507,Dr. Carlos Eduardo Fernandes,ayla22@example.net,2024-01-09,Indicação,8,40367.01
508,Raquel Rezende,luiz-fernando89@example.com,2025-08-17,Indicação,3,12201.45
509,Erick Garcia,ana-beatriz22@example.net,2025-09-09,Indicação,8,20985.56
510,Matteo Vargas,cirinoanna-liz@example.net,2024-09-19,Indicação,7,32589.8
511,Cauã Monteiro,biancasouza@example.org,2024-04-03,Indicação,6,18980.35
512,Luiz Felipe Dias,felipesantos@example.net,2025-02-28,Indicação,4,64347.41
513,Lívia Machado,da-luzotto@example.org,2024-03-12,Indicação,12,23598.6
514,Srta. Marcela da Cunha,silveiraalexandre@example.org,2024-09-14,Indicação,12,126647.91
515,Maysa Siqueira,acavalcante@example.com,2025-11-24,Indicação,6,11327.19
516,Marcela Nogueira,ebrito@example.net,2025-12-27,Indicação,12,78141.14
517,Heloisa Castro,zbarbosa@example.org,2025-07-03,INDICAÇÃO,8,162954.32
518,Antônio Dias,gustavo-henrique15@example.org,2024-08-03,Indicação,7,21393.12
519,Elisa Siqueira,novaesfrancisco@example.com,2025-04-29,Indicação,6,22725.74
520,Rafaela Santos,lopeslucas@example.net,2025-05-12,Indicação,4,155334.14
521,Eduarda Aragão,fariasnoah@example.org,2024-10-01,Indicação,6,40789.4
522,Ágatha da Luz,ana-cecilia31@example.org,2025-03-26,Indicação,9,20894.69
523,Rebeca Cassiano,fonsecaandre@example.com,2024-01-07,indicacao,6,23469.86
524,Juan Ribeiro,gcosta@example.org,2024-05-14,Indicação,9,53091.03
525,Enzo Gabriel Porto,enrico71@example.com,2025-01-14,Indicação,6,86034.24
526,Olivia Mendonça,fernando86@example.org,2024-04-11,Indicação,10,16184.6
527,Dr. Léo Cirino,qaparecida@example.com,2024-04-12,Indicação,5,8534.08
528,Julia Câmara,davi21@example.org,2025-08-24,Indicação,7,190232.56
529,Manuella Nogueira,lsa@example.org,2025-12-22,Indicação,10,43539.85
530,Ana Liz Gomes,rnascimento@example.com,2025-01-31,Indicação,1,69512.6
531,Isabela Melo,emanuel60@example.net,2025-08-26,Indicação,1,99851.67
532,Stella Oliveira,isaquesa@example.com,2025-12-23,Indicação,1,69145.65
533,Enzo Cunha,joseaparecida@example.com,2024-03-26,Indicação,7,32149.66
534,Pedro Henrique Costa,valentimdias@example.net,2024-11-15,Indicação,9,93553.38
535,Caio Gomes,unovaes@example.com,2024-10-04,Indicação,10,62997.41
536,Natália Albuquerque,acamargo@example.org,2024-02-16,Indicação,11,42059.5
537,Carlos Eduardo Caldeira,vianaallana@example.net,2025-06-19,Indicação,3,92648.08
538,Dr. João Gomes,moliveira@example.com,2024-11-04,INDICAÇÃO,2,33923.33
539,Erick da Mota,ncasa-grande@example.net,2024-12-03,Indicacao,1,109085.62
540,Maria Liz Andrade,sfarias@example.org,2024-04-01,Indicação,5,49655.25
541,Renan da Mata,asafe54@example.com,2024-04-23,Indicação,9,202720.09
542,Samuel Sampaio,da-conceicaojoao-felipe@example.com,2025-10-15,Indicação,12,43554.17
543,Sra. Luna da Mata,ppereira@example.org,2024-01-26,indicacao,8,62864.33
544,Pedro Miguel Cunha,fsousa@example.net,2024-05-31,Indicação,9,75969.1
545,Sr. Théo Vieira,davi-luccadas-neves@example.net,2024-07-18,Indicação,10,67920.58
546,Maria Luiza Carvalho,cavalcantimatheus@example.org,2024-12-22,Indicação,4,12489.46
547,Josué Andrade,xaragao@example.net,2025-02-19,Indicação,7,290878.46
548,João Guilherme Freitas,zmontenegro@example.net,2024-12-25,Indicação,5,11409.27
549,Arthur da Costa,mariana97@example.org,2024-02-18,Indicação,11,50818.95
550,Marcela Ferreira,valentimsouza@example.net,2024-06-09,Indicação,12,112423.61
551,João Miguel Alves,karagao@example.net,2025-08-30,Indicação,4,94617.37
552,Henry Ramos,noahda-mata@example.net,2025-03-24,Indicação,1,32370.99
553,Sophie Almeida,melojoao@example.net,2025-04-01,Indicação,3,11304.86
554,Anthony Câmara,ana-laura46@example.com,2025-04-16,INDICAÇÃO,2,12020.78
555,Dr. José Cunha,rda-rosa@example.net,2025-06-25,Indicação,5,45067.75
556,Maria Laura Pacheco,abreunina@example.net,2024-02-02,Indicação,6,344129.57
557,Dr. Kaique Rodrigues,mendesdavi-lucas@example.com,2024-09-15,Indicação,7,233672.09
558,Luan da Mota,ana-cecilia32@example.net,2025-01-22,Indicação,10,64453.97
559,Benjamin Peixoto,uribeiro@example.net,2024-08-25,Indicação,7,142646.08
560,Apollo Rezende,qda-rocha@example.com,2025-08-31,Indicação,4,150178.1
561,Maria Julia Sousa,pachecomateus@example.com,2024-12-15,Indicação,10,122973.55
562,Dra. Hellena Rodrigues,wrios@example.net,2025-06-30,indicacao,3,308015.53
563,Enzo Gabriel Ribeiro,ana-beatrizbrito@example.com,2025-09-05,Indicação,5,44348.31
564,José Pedro Silveira,brunarezende@example.org,2025-01-03,Indicação,10,71008.1
565,Luiz Gustavo Câmara,laura55@example.com,2025-10-17,Indicação,2,108234.12
566,Laís Martins,melocaue@example.net,2025-02-19,Indicação,4,58784.46
567,Ana Sophia Melo,melissacampos@example.net,2025-09-04,Indicação,8,158108.75
568,Vitória da Rosa,jaragao@example.org,2024-08-27,Indicação,5,48553.06
569,Luigi Jesus,ucasa-grande@example.net,2024-12-30,Indicação,10,131164.92
570,Bruno Mendonça,luiz-gustavo50@example.org,2025-01-18,Indicação,8,251205.29
571,Kamilly Costela,liammendonca@example.org,2024-03-02,Indicação,12,126292.56
572,Pedro Henrique Porto,bguerra@example.com,2024-10-09,Indicação,2,242726.64
573,Alana Andrade,evelynalbuquerque@example.com,2025-10-23,Indicação,7,97027.28
574,Esther Almeida,pirestheo@example.org,2025-03-20,Indicação,12,52098.77
575,Sra. Luana Cardoso,gomesmilena@example.net,2024-04-21,Indicação,7,197651.03
576,Enzo Azevedo,da-rosaamanda@example.com,2024-08-25,Indicação,6,183391.15
577,Dra. Valentina Fernandes,irodrigues@example.com,2024-05-01,Indicação,8,41183.0
578,Maria Alice Sá,lucasguerra@example.org,2024-01-14,Indicação,4,18255.13
579,Henry Gabriel Siqueira,otaviosiqueira@example.org,2025-10-30,Indicação,12,57377.25
580,Sofia Cavalcante,fonsecabreno@example.com,2024-11-15,Indicação,3,15259.0
581,Jade Vargas,peixotocalebe@example.net,2024-07-31,Indicação,9,11627.46
582,Antônio Aragão,leaolivia@example.com,2025-02-26,Indicação,1,115716.82
583,Yan da Cunha,jsampaio@example.org,2024-01-05,Indicação,9,15694.91
584,Dra. Alexia da Rosa,gribeiro@example.net,2024-07-07,Indicação,11,179105.04
585,Júlia Pinto,larissacaldeira@example.net,2025-05-10,Indicação,12,42611.29
586,Dra. Bárbara da Paz,vianaheitor@example.com,2025-03-22,Indicação,5,165796.18
587,Guilherme Vasconcelos,rebeca35@example.net,2025-12-15,Indicação,11,38895.13
588,Laís Castro,novaesmaysa@example.org,2025-03-13,Indicação,2,59807.86
589,Sra. Luísa da Costa,albuquerquefelipe@example.org,2024-12-10,Indicação,6,16032.85
590,Sabrina Cassiano,vasconcelosnina@example.org,2025-06-24,Indicação,1,24976.22
591,Dra. Beatriz da Cunha,maria-aliceda-rocha@example.com,2025-10-13,Indicação,12,74509.88
592,Ana Julia Brito,brunoda-rocha@example.com,2025-05-23,Indicação,12,30065.58
593,Luara Lima,britocaleb@example.org,2025-11-28,Indicação,5,91648.63
594,Enzo Gabriel Farias,luna94@example.net,2025-07-11,Indicação,1,17056.09
595,Marcelo Fernandes,ianguerra@example.com,2025-09-16,Indicação,9,19189.81
596,Júlia Gomes,pleao@example.org,2024-03-08,Indicação,2,74532.93
597,Davi Lucca Sampaio,castrogustavo-henrique@example.com,2025-06-01,Indicação,11,53283.13
598,Rafaela Nunes,ncirino@example.com,2024-11-09,Indicação,2,258132.55
599,Sr. Davi Lucca Mendes,acamargo@example.com,2025-01-30,Indicação,6,21191.98
600,Benício da Luz,apollo89@example.net,2025-04-04,Indicação,1,213076.26
601,Heloisa Rios,rafaela89@example.org,2025-12-04,Indicação,10,112802.72
602,Isadora Mendes,helena28@example.net,2025-12-17,Indicação,4,353826.22
603,Anthony Ramos,mirellamelo@example.com,2024-07-15,Indicação,8,159763.33
604,Breno Sá,pduarte@example.com,2025-06-02,Indicação,6,247347.86
605,Benicio Montenegro,isisramos@example.com,2025-06-15,Indicação,1,42239.64
606,Isabela Barros,zmacedo@example.net,2024-09-01,Indicação,5,66441.64
607,Aurora Monteiro,hdias@example.com,2024-03-14,Indicação,6,29925.68
608,Dra. Allana Caldeira,cjesus@example.net,2024-01-24,Indicação,12,30047.14
609,Agatha Borges,nicole83@example.net,2025-07-07,Indicação,7,77446.75
610,Mirella Fernandes,caue37@example.com,2024-12-21,Indicação,2,19121.39
611,Olívia Silva,marcela11@example.net,2025-12-18,Indicação,7,65643.97
612,Alexandre Fernandes,ana88@example.com,2024-11-29,Indicação,12,20990.16
613,Srta. Ana Clara Cavalcante,tcarvalho@example.net,2025-12-11,Indicação,5,112142.64
614,Sra. Bianca da Cunha,marcos-viniciuscampos@example.com,2024-10-18,Indicação,7,34724.41
615,Raul Viana,camilacaldeira@example.com,2025-07-20,Indicação,2,56157.29
616,Davi Vargas,qmarques@example.net,2024-02-19,Indicação,12,113622.39
617,Catarina Monteiro,mouracalebe@example.net,2025-01-31,Indicação,6,131963.0
618,Rafaela Moraes,luiz-felipesiqueira@example.org,2025-07-27,Indicação,11,50827.11
619,Mathias Ribeiro,mirella66@example.net,2025-10-28,Indicação,12,45197.12
620,Srta. Kamilly Gonçalves,ana-beatriz72@example.org,2025-08-13,Indicação,7,124050.27
621,Sophie da Rosa,pedro-henrique33@example.net,2024-01-21,Indicação,10,40363.32
622,Sra. Manuella Rocha,luiz-henriquemontenegro@example.net,2024-09-20,Indicação,2,38644.52
623,Dra. Luna Santos,teixeiraclarice@example.net,2024-01-28,Indicação,2,42516.99
624,Maria Vitória Rocha,lavinia08@example.org,2024-03-05,Indicação,6,78472.02
625,Mateus Casa Grande,riosdaniel@example.org,2025-04-20,Indicação,3,17947.9
626,Enrico da Paz,joao-vitor04@example.org,2025-05-18,Indicação,12,54685.05
627,Ana Beatriz Fogaça,ncaldeira@example.net,2025-07-04,Indicação,9,267744.05
628,Dra. Heloisa Souza,gda-costa@example.net,2025-09-15,Indicação,6,32659.01
629,Benicio Garcia,yleao@example.net,2025-06-06,Indicação,6,35293.49
630,Sr. Anthony Gabriel Souza,nathan97@example.org,2025-07-26,Indicação,4,158141.72
631,Maria Eduarda Sá,mathiasda-rocha@example.com,2024-01-28,Indicação,11,82255.48
632,Breno Cirino,oliviacampos@example.com,2024-06-02,indicacao,1,173614.28
633,Paulo da Mota,jose-pedro29@example.com,2025-03-14,Indicação,11,66027.4
634,Lucas Martins,brunocassiano@example.com,2025-09-10,Indicação,10,272685.52
635,Ana Júlia Vasconcelos,mariane98@example.com,2024-01-03,Indicação,12,56073.53
636,Liam Moura,leomoreira@example.org,2025-01-08,Indicação,1,262850.16
637,Eduarda Leão,wborges@example.org,2025-04-21,Indicação,5,70048.2
638,Lucas Farias,ana-beatriz39@example.net,2024-01-17,Indicação,2,49600.93
639,Alexia Camargo,maite39@example.net,2024-10-11,Indicação,8,18144.22
640,Asafe Rodrigues,giovanna16@example.com,2025-10-07,Indicação,12,16556.18
641,Larissa Alves,olivia87@example.com,2025-04-17,Indicação,1,29765.09
642,Juan Rezende,auroramoraes@example.org,2024-06-04,Indicação,5,44613.53
643,Enzo Vargas,piresdavi-lucca@example.org,2025-09-06,Indicação,11,164162.06
644,Hadassa Rodrigues,ncaldeira@example.net,2024-09-02,Indicação,5,13425.26
645,Dra. Maya Ramos,souzaleandro@example.org,2025-09-06,Indicação,12,102774.85
646,Luísa Andrade,barbosacaue@example.org,2024-07-24,Indicação,4,183013.94
647,Brayan Oliveira,valentimjesus@example.com,2025-02-21,Indicação,1,61828.37
648,Maria Luiza Lopes,arthur-gabriel61@example.net,2024-10-07,Indicação,6,398162.98
649,Benício Sá,sampaiodiogo@example.com,2024-07-04,Indicação,9,56997.12
650,Bianca da Rocha,erick47@example.com,2025-09-30,Indicação,5,32348.43
651,Ana Melo,sophiecamara@example.org,2024-04-28,Indicação,1,38046.61
652,Sra. Ísis da Rocha,ana-ceciliarocha@example.net,2024-02-19,Indicação,7,27049.23
653,Maria Fernanda Albuquerque,josueaparecida@example.org,2024-08-28,Indicação,6,48303.82
654,Maria Júlia Nascimento,das-nevesotto@example.net,2025-05-21,Indicação,1,108963.75
655,Dra. Manuella Cunha,gramos@example.org,2025-08-01,Indicação,5,28860.68
656,Francisco Câmara,mathias12@example.net,2025-12-30,Indicação,8,15604.78
657,Ana Júlia Sá,jramos@example.org,2024-07-22,INDICAÇÃO,8,117865.64
658,Bernardo da Cunha,costamariah@example.com,2024-10-15,Indicação,10,138224.68
659,Sr. Isaac Brito,davi-miguel35@example.com,2024-03-23,Indicação,2,125734.09
660,Luísa Pimenta,leandro99@example.com,2025-02-12,Indicação,7,86103.06
661,Dr. Enzo Gabriel Abreu,thales36@example.com,2025-12-29,Indicação,11,48797.61
662,Sr. Lucas Mendes,wmachado@example.com,2025-05-09,Indicação,5,40664.96
663,Bianca Cavalcanti,da-motajoao-lucas@example.net,2025-02-24,Indicação,1,34794.77
664,João Siqueira,siqueiradom@example.org,2024-10-04,Indicação,1,137174.12
665,Ana Pacheco,lvargas@example.org,2025-10-21,Indicação,8,18505.28
666,Yuri da Luz,xrezende@example.org,2024-12-28,Indicação,12,10514.89
667,Dr. Henry Gabriel Vargas,joao-felipe78@example.net,2024-03-21,Indicação,4,98266.16
668,Miguel Fonseca,ribeirorhavi@example.net,2024-09-14,Indicação,8,41418.14
669,Eloah Sá,maitecastro@example.org,2024-02-08,Indicação,5,88933.19
670,Clara Sousa,cfogaca@example.org,2024-05-09,Indicação,7,47616.75
671,Isabel Azevedo,ester30@example.net,2024-01-10,Indicação,7,44692.07
672,Valentim Vieira,hellena77@example.org,2024-11-19,Indicação,7,40913.0
673,Lorenzo Caldeira,vinicius98@example.net,2025-03-22,Indicação,8,43252.03
674,Marcos Vinicius Rezende,lfonseca@example.net,2024-08-29,Indicação,12,41243.22
675,Valentim da Cunha,hcamara@example.com,2024-10-25,Indicação,3,96307.66
676,Dr. Ryan Vieira,apereira@example.net,2025-11-25,Indicação,9,5737.09
677,Pedro Lucas Cavalcante,eduardomoraes@example.net,2025-06-17,Indicação,4,95720.29
678,Heitor Cassiano,levifonseca@example.net,2025-01-23,Indicação,5,350666.62
679,Srta. Heloísa Leão,ian77@example.com,2024-07-12,Indicação,3,214547.05
680,Enrico Ramos,palmeida@example.org,2025-10-08,Indicação,4,26676.34
681,Enrico Carvalho,oliveirajuan@example.org,2024-06-02,Indicação,7,37979.25
682,José Pedro Cirino,kpeixoto@example.net,2024-08-14,Indicação,11,48179.81
683,João Miguel Barros,manuelapereira@example.com,2025-10-17,Indicação,3,121528.2
684,Eloá Câmara,jpeixoto@example.net,2025-01-17,Indicação,2,111996.01
685,Thomas da Luz,carolinemarques@example.net,2025-06-09,Indicação,8,45219.68
686,Ana Lívia da Conceição,igomes@example.org,2025-02-22,Indicação,10,44560.39
687,Guilherme Moreira,mcassiano@example.org,2025-04-04,Indicação,4,19005.45
688,Renan Pimenta,vianasophia@example.net,2024-07-24,Indicação,7,151091.4
689,Caleb Mendes,valentinaabreu@example.net,2024-06-07,Indicação,9,262142.72
690,Marina Moreira,cfreitas@example.net,2024-08-12,Indicação,9,46347.91
691,Mariane da Conceição,xvieira@example.com,2024-04-05,Indicação,9,20652.97
692,Sr. Otávio Carvalho,maria-liz31@example.com,2025-09-21,Indicacao,5,30379.45
693,Ísis Jesus,marcos-vinicius00@example.net,2024-07-11,Indicação,2,33478.76
694,Bárbara Moreira,garcianoah@example.net,2025-02-04,Indicação,10,34132.76
695,Dr. Luiz Miguel Caldeira,leticiarezende@example.net,2025-07-19,Indicação,7,81555.72
696,José Pedro Nascimento,xnunes@example.net,2025-07-12,Indicação,12,51799.13
697,Miguel Sá,julianovaes@example.net,2024-11-07,Indicação,7,55658.04
698,Emanuelly Freitas,tda-cunha@example.net,2024-12-09,Indicação,1,16596.17
699,Dr. Davi Miguel Ribeiro,souzaraul@example.com,2025-12-27,Indicação,7,151189.06
700,Srta. Beatriz Cunha,vviana@example.net,2025-04-19,Indicação,7,82919.92
701,Ana Júlia Castro,aporto@example.org,2025-08-06,Indicação,5,22340.3
702,Ravy Peixoto,eborges@example.com,2025-10-12,Indicação,3,73306.37
703,Léo Barros,silveirahadassa@example.com,2025-07-15,Indicação,6,45993.23
704,Stephany da Paz,vasconcelosluiz-fernando@example.net,2024-04-27,Indicação,12,55091.88
705,Maysa Albuquerque,rafaelada-paz@example.org,2025-02-04,Indicação,6,21565.23
706,Thomas Moreira,luccarocha@example.org,2024-02-29,Indicação,7,15547.75
707,Sr. Alexandre Castro,da-motaisabelly@example.com,2025-04-04,Indicação,12,91803.46
708,Maria Laura Guerra,rafaelaalbuquerque@example.net,2025-11-22,Indicação,4,25483.66
709,Srta. Ayla Novaes,cecilia54@example.org,2025-01-07,Indicação,5,115432.68
710,Evelyn Marques,aoliveira@example.com,2024-11-03,Indicação,4,41596.82
711,Nicolas Montenegro,novaisdiogo@example.net,2024-01-21,Indicação,1,95818.1
712,Luigi Camargo,stephany94@example.net,2025-11-25,Indicação,7,46490.64
713,Maria Flor Nunes,pvargas@example.com,2024-03-01,Indicação,11,92336.77
714,Natália Pastor,mendesigor@example.com,2024-01-24,Indicação,6,28099.3
715,Mateus Porto,rauldias@example.com,2024-06-11,Indicação,10,59109.11
716,Sr. João da Cruz,francisco65@example.org,2024-02-07,Indicação,3,78287.6
717,Emanuelly Melo,daniela39@example.com,2024-11-21,Indicação,3,29419.28
718,Gabriel Monteiro,ravysousa@example.org,2025-01-09,Indicação,2,53138.33
719,Gustavo da Conceição,theopinto@example.com,2024-08-04,Indicacao,12,42341.4
720,Cauê Campos,rochamarina@example.net,2024-01-29,Indicação,12,56459.76
721,Vitor Hugo Aparecida,nfreitas@example.com,2024-03-06,Indicação,10,55215.03
722,Kamilly Mendonça,ninada-mota@example.com,2024-09-28,Indicação,9,15046.13
723,Davi Lucas Aragão,imendes@example.org,2024-02-04,Indicação,8,74986.47
724,Manuella Gonçalves,maria-ceciliacampos@example.net,2025-05-07,Indicação,7,18946.03
725,Natália Dias,albuquerqueotto@example.com,2024-05-13,Indicação,4,8937.23
726,Beatriz Duarte,valentim28@example.com,2024-07-27,Indicação,10,102810.36
727,João Felipe Melo,emanuelly27@example.com,2024-10-05,Indicação,8,165415.12
728,Otto Sampaio,emanuella64@example.com,2024-10-22,Indicação,9,46691.63
729,Davi Lucca Oliveira,guilhermesilveira@example.com,2024-01-01,Indicação,5,24098.96
730,Pedro Garcia,joao-vitorsousa@example.org,2024-03-07,Indicação,5,44877.32
731,Alexia Cavalcanti,imonteiro@example.net,2025-09-13,Indicação,6,28718.99
732,Yasmin Silveira,mariah44@example.net,2024-01-01,indicacao,2,21651.55
733,Ana Julia Gonçalves,salesluan@example.org,2025-01-05,Indicação,11,43617.9
734,José Miguel Melo,machadobruna@example.com,2024-12-21,Indicação,10,79670.96
735,Dr. José Miguel Ferreira,jesusjoaquim@example.com,2024-08-21,Indicação,10,37483.94
736,Fernanda Oliveira,alicefogaca@example.com,2024-11-02,Indicacao,12,26986.79
737,Sophia Mendonça,ybarros@example.net,2025-07-10,Indicação,3,37746.79
738,Ravi Pires,lucas-gabrielporto@example.com,2025-08-28,Indicação,9,697223.69
739,Maria Luiza Barbosa,castrocaroline@example.org,2024-06-23,Indicação,1,24142.94
740,Dr. João Vitor Santos,isabela47@example.com,2024-08-12,Indicacao,12,108898.31
741,Dra. Stephany Machado,lcavalcante@example.org,2024-06-08,Indicação,8,55690.72
742,Isaac Ribeiro,emanuel32@example.com,2024-12-12,Indicação,6,50859.61
743,Calebe Azevedo,dnovaes@example.org,2025-04-26,Indicação,1,57153.79
744,Valentina Teixeira,caldeiravinicius@example.net,2024-05-28,Indicação,2,53040.76
745,Bryan Rezende,odas-neves@example.org,2024-08-19,Indicação,9,88246.33
746,Sra. Melina Pires,joaomoura@example.org,2025-11-02,Indicação,12,21208.07
747,Arthur Gabriel Ribeiro,aylla77@example.net,2024-01-28,Indicação,1,90303.82
748,Yan Macedo,valentinacavalcanti@example.net,2024-11-26,Indicação,8,140323.07
749,Mirella Pires,omoura@example.net,2025-05-16,Indicação,12,37146.97
750,Luana Ferreira,onogueira@example.org,2024-04-01,Indicação,7,18208.41
751,Lorena Fonseca,jda-luz@example.com,2024-01-27,Indicação,5,51682.33
752,Alexandre Moreira,catarinada-paz@example.com,2024-03-24,Indicação,11,103253.74
753,Alexia Sales,esa@example.com,2025-10-24,Indicação,12,23089.39
754,Pedro da Rocha,anthony-gabrielnovaes@example.com,2024-01-06,Indicação,5,52997.52
755,Noah Novais,pgoncalves@example.org,2024-04-29,Indicacao,5,221853.39
756,Dra. Maria Julia Garcia,viniciusbarros@example.com,2024-01-18,Indicação,8,22167.24
757,Isabella Moreira,alice84@example.com,2024-03-06,indicacao,8,23426.82
758,Bernardo Cirino,amandacamargo@example.net,2025-03-13,INDICAÇÃO,3,30786.41
759,Milena da Mata,ucorreia@example.org,2024-06-07,Indicação,7,41766.17
760,Benicio Nascimento,cirinogustavo@example.com,2025-02-09,Indicação,11,30553.06
761,Davi Lucas Silva,asiqueira@example.org,2025-02-21,Indicação,1,56117.74
762,Dom Albuquerque,vcunha@example.com,2025-09-03,Indicação,1,43648.52
763,Theo Freitas,ysampaio@example.org,2024-01-03,Indicação,8,34803.85
764,Sr. Diogo Araújo,heloisa18@example.com,2025-09-06,Indicação,7,242339.51
765,Gael da Cunha,halbuquerque@example.net,2025-03-12,Indicação,3,18691.47
766,Matheus Vargas,vda-cruz@example.org,2024-04-10,Indicação,4,9144.14
767,Raul Sousa,moreiraoliver@example.com,2025-07-04,Indicação,6,17078.49
768,Luana Duarte,bryansouza@example.net,2025-09-08,Indicação,4,53266.25
769,Camila da Cunha,tporto@example.org,2024-06-18,Indicacao,2,21335.95
770,Sr. Henrique Camargo,luaraduarte@example.org,2025-10-24,Indicação,11,87277.06
771,João Guilherme Pacheco,goncalvesryan@example.org,2024-11-20,Indicação,11,67869.95
772,Renan Sales,esthervargas@example.org,2025-03-01,INDICAÇÃO,8,471346.27
773,Emanuel Monteiro,rodriguescamila@example.net,2025-12-17,Indicação,1,95569.22
774,Bento Fogaça,stellavieira@example.org,2024-09-12,Indicação,1,77585.1
775,Ryan da Conceição,cecilia73@example.org,2025-08-05,Indicação,10,74150.46
776,Sra. Maria Alice Silveira,theodoroaparecida@example.com,2024-08-09,Indicação,7,22817.47
777,Sra. Laís Nogueira,kcorreia@example.org,2025-07-25,Indicação,7,20514.68
778,Marcela Duarte,mda-mota@example.net,2025-02-28,Indicação,11,65549.63
779,Bernardo Moura,manuellada-rocha@example.com,2024-05-19,Indicação,9,71392.53
780,Maria Clara Marques,vasconcelosnatalia@example.com,2024-10-20,Indicação,10,22057.46
781,Srta. Allana Pinto,rhavi51@example.net,2024-08-08,Indicação,8,36533.15
782,Maria Julia Correia,jvargas@example.org,2024-02-14,Indicação,11,20986.5
783,Larissa Duarte,uramos@example.org,2024-01-17,Indicação,5,30695.36
784,Vicente Ribeiro,aparecidajose-pedro@example.org,2024-09-01,Indicação,5,26341.57
785,Guilherme Caldeira,gcorreia@example.org,2024-01-11,Indicação,4,18937.44
786,Maria Julia Ribeiro,nmoura@example.net,2024-04-12,Indicação,2,44948.51
787,Jade Aragão,pedro-miguel91@example.org,2025-05-26,Indicação,5,73143.62
788,Samuel Barros,dporto@example.com,2025-05-14,Indicação,4,80457.73
789,Maria Vitória Freitas,pimentavitor@example.net,2025-06-06,Indicação,12,42747.05
790,Brayan da Rosa,cunharafaela@example.org,2024-08-08,Indicação,5,62338.27
791,Igor Nascimento,mcorreia@example.net,2025-10-03,Indicação,6,41917.67
792,Isadora Nunes,kamillysouza@example.org,2025-02-24,Indicação,4,29690.49
793,Maria Alice Rocha,qsampaio@example.com,2024-03-16,Indicação,12,42857.17
794,Enzo Vieira,isisguerra@example.net,2024-03-28,Indicação,10,22965.58
795,Sr. Vitor Peixoto,ufogaca@example.net,2025-05-03,Indicação,1,48238.62
796,Dr. Noah Teixeira,usilveira@example.net,2024-04-18,Indicação,10,90864.02
797,Yago Cunha,jvargas@example.net,2025-01-04,Indicação,8,49313.26
798,Luiz Miguel Machado,agoncalves@example.net,2025-12-24,Indicação,5,32855.53
799,João Miguel Peixoto,moreirajoao-gabriel@example.com,2024-01-03,Indicação,5,97293.16
800,Kaique Câmara,ana-vitoriaalmeida@example.net,2024-01-10,Indicação,10,40396.84
801,Yuri Moraes,gabrielandrade@example.com,2025-12-25,Indicação,7,11432.1
802,Sr. Davi Miguel da Luz,theo34@example.com,2025-02-18,Indicação,7,36011.73
803,Murilo Nunes,eduardosilveira@example.com,2024-03-16,Indicação,12,44697.38
804,Emanuella Mendonça,peixotoana-clara@example.org,2025-10-08,Indicação,1,26594.15
805,Dra. Maria Helena Barros,vargasbruna@example.com,2025-09-26,Indicação,1,32398.42
806,Maria Vitória Campos,antonioporto@example.net,2025-01-20,Indicação,1,51076.8
807,Ana Júlia das Neves,diasvalentina@example.net,2025-03-14,Indicação,11,42439.06
808,Luan Montenegro,leandroaragao@example.net,2024-07-03,Indicação,9,76539.67
809,Sra. Melissa Sá,camaraluana@example.com,2024-01-29,Indicação,9,20114.53
810,Clara Cardoso,enzo79@example.net,2025-02-24,Indicação,9,106819.38
811,Yan Guerra,enzo-gabriel68@example.com,2024-07-21,Indicação,11,19728.22
812,Srta. Catarina Mendes,mariahgoncalves@example.net,2025-04-11,Indicação,10,19812.64
813,Fernanda Novais,ryanbarbosa@example.com,2025-08-24,Indicação,9,182483.49
814,Luna Rodrigues,camargojulia@example.com,2024-01-11,Indicacao,11,22877.06
815,Dr. Gabriel Duarte,benicio42@example.com,2025-02-25,Indicação,10,6939.29
816,Melina Pinto,lunnaaparecida@example.org,2024-05-30,Indicação,1,64146.31
817,Marcelo Cassiano,camargocaue@example.org,2025-09-21,Indicação,6,15743.69
818,Clara da Paz,fernandeshenry@example.com,2024-06-17,Indicação,4,21097.38
819,Olivia Almeida,otto83@example.org,2025-03-06,Indicação,5,37645.45
820,Stephany Sá,agatha79@example.net,2025-01-30,Indicação,8,127643.68
821,Antony Garcia,da-cunhaluigi@example.org,2024-10-07,Indicação,10,99467.83
822,Guilherme Vieira,caue70@example.org,2025-04-22,Indicação,7,67608.18
823,Júlia Ribeiro,henrique04@example.net,2025-05-27,Indicação,10,88585.19
824,Isabel Garcia,diasmaria-vitoria@example.net,2025-02-07,Indicação,12,152365.23
825,Aurora Cirino,melissamarques@example.net,2025-06-22,Indicação,4,42935.27
826,Srta. Ana Cecília da Cruz,brenda76@example.net,2025-12-16,Indicação,12,273084.43
827,Antony Ferreira,daniela43@example.net,2024-10-24,Indicação,5,19341.73
828,Bento Pires,hellena08@example.com,2025-01-08,Indicação,6,110835.56
829,Dom Fernandes,iribeiro@example.org,2024-01-08,Indicação,3,80201.12
830,Sra. Stephany Rocha,larada-costa@example.net,2025-07-22,Indicação,11,21739.39
831,Paulo das Neves,manuela82@example.org,2025-01-11,Indicação,7,42776.25
832,Cecilia Pacheco,joao-guilhermedas-neves@example.net,2024-10-15,Indicação,3,98826.61
833,Dra. Catarina Lopes,levidias@example.org,2024-02-24,Indicação,2,31007.62
834,Yasmin Silveira,cirinoanna-liz@example.org,2025-10-03,Indicação,1,32948.78
835,Srta. Luiza Jesus,cda-rosa@example.net,2024-10-06,Indicação,6,16176.1
836,Kamilly Cassiano,heitorcardoso@example.org,2025-04-25,Indicação,9,40551.03
837,João Felipe Pereira,ravida-conceicao@example.net,2024-03-31,Indicação,4,79742.09
838,Luiz Henrique Barros,gcarvalho@example.net,2025-11-27,Indicação,12,32523.85
839,Maria Fernanda Cirino,emendonca@example.org,2024-04-22,Indicação,1,119600.36
840,Gael Câmara,jesusarthur@example.com,2024-05-07,Indicação,3,76318.58
841,Hellena Souza,nicolasazevedo@example.org,2025-09-10,Indicação,10,49116.96
842,Rebeca Sales,maria-cecilia36@example.com,2025-10-19,Indicação,7,8653.74
843,Mateus Silveira,isabel99@example.net,2024-05-16,Indicação,7,178715.49
844,Valentina Ramos,moreirahenrique@example.com,2024-12-03,Indicacao,3,59327.37
845,Ana Cecília da Cruz,csousa@example.net,2025-06-02,Indicacao,9,56207.75
846,Stella Teixeira,correiaana@example.com,2025-09-24,Indicação,11,55918.22
847,Liz Vasconcelos,maria-eduarda26@example.com,2024-09-24,Indicação,7,65294.31
848,Ana Júlia Sales,maria-fernandaramos@example.com,2025-01-10,Indicação,8,12984.1
849,Theodoro Camargo,zoecarvalho@example.com,2025-06-08,Indicação,3,165869.33
850,Luna Machado,cavalcantimaria@example.net,2025-05-31,Indicação,3,76211.8
851,Srta. Mirella Borges,ayla21@example.org,2025-07-12,Indicação,1,91579.95
852,Rael Porto,enzo-gabriel86@example.net,2025-02-09,indicacao,1,120627.75
853,Eduarda Garcia,xaparecida@example.org,2024-03-02,Indicação,10,38841.92
854,Sr. Enrico Casa Grande,caualeao@example.com,2025-10-13,Indicação,2,168893.87
855,Pietro da Paz,isaaccardoso@example.org,2025-09-15,Indicação,6,83035.89
856,José Albuquerque,fmonteiro@example.net,2025-07-24,Indicação,9,81918.93
857,Thales da Costa,maria-lauramarques@example.com,2024-02-28,Indicação,1,114527.46
858,Anna Liz Peixoto,da-cruzagatha@example.com,2024-05-11,Indicação,5,114301.1
859,Giovanna Aragão,juanaraujo@example.net,2025-06-10,Indicação,12,17702.97
860,Sr. Diogo Andrade,bianca10@example.org,2024-01-14,Indicação,10,49361.0
861,Emanuelly Castro,luiz-gustavo79@example.com,2025-12-13,Indicação,2,19018.25
862,Caleb Vargas,ayla56@example.org,2024-09-23,Indicação,10,7179.98
863,Ana Luiza da Rocha,hcarvalho@example.net,2025-05-22,Indicação,3,34376.22
864,Lucas Moura,nmoura@example.net,2025-10-01,Indicação,4,136073.01
865,Benjamin Caldeira,mendesalicia@example.com,2024-10-06,Indicação,7,26018.4
866,Luiza da Luz,jose-pedro99@example.com,2024-08-09,Indicação,8,84057.6
867,Sara Monteiro,ravi-luccasantos@example.com,2025-03-05,Indicação,7,41141.73
868,Alexandre Campos,martinsisaac@example.net,2025-02-16,Indicação,9,66142.35
869,Oliver Jesus,fariasclara@example.net,2024-10-16,Indicação,10,287547.92
870,Hadassa Albuquerque,alexiada-cunha@example.org,2025-02-28,Indicação,6,38512.09
871,Kaique Montenegro,anthony-gabriel15@example.com,2025-11-06,Indicação,8,28969.05
872,Ana Cavalcanti,biancafernandes@example.net,2024-12-01,Indicação,2,45237.24
873,Olívia Andrade,maria-luisacassiano@example.net,2024-05-05,Indicação,12,84829.28
874,Zoe Farias,aviana@example.net,2024-09-23,Indicação,6,121124.24
875,Vicente da Rosa,stella03@example.net,2024-10-05,Indicação,7,21876.17
876,Luísa Vieira,davi-lucca24@example.org,2024-03-19,Indicação,3,24023.56
877,Dr. Vitor Cavalcante,mcirino@example.org,2024-04-10,Indicação,12,97653.73
878,Levi Santos,da-matajulia@example.org,2025-04-27,Indicação,8,103216.77
879,Isabela Freitas,nda-rosa@example.net,2024-08-26,Indicação,12,71794.48
880,Erick Camargo,breno31@example.com,2025-11-21,Indicação,11,43866.95
881,Amanda Mendes,mateusfernandes@example.com,2024-06-09,Indicação,4,56483.88
882,Dra. Luana Vasconcelos,joao-pedro18@example.net,2024-02-27,Indicação,3,142787.71
883,Gustavo Silveira,marqueshellena@example.net,2025-06-18,Indicação,7,61519.79
884,Bruna Abreu,caio91@example.com,2025-09-26,Indicação,3,72207.75
885,Ana Clara Caldeira,augusto94@example.net,2024-07-07,Indicação,5,39109.5
886,Lorenzo Costa,allanada-mota@example.net,2024-05-09,INDICAÇÃO,10,42121.04
887,Dr. Dante da Mata,levida-mota@example.org,2024-04-27,indicacao,2,29708.88
888,Théo Caldeira,vitoriaferreira@example.net,2025-01-12,Indicação,9,33147.66
889,Dr. Diego Santos,samuel21@example.com,2024-12-02,Indicação,4,17753.79
890,Maitê Nogueira,iaragao@example.org,2024-06-22,Indicação,8,71931.9
891,Ana Julia Caldeira,faragao@example.com,2024-01-26,Indicação,12,41971.14
892,Emanuelly Santos,wpimenta@example.com,2024-12-14,Indicação,2,46297.21
893,Sr. Vitor Barros,inunes@example.org,2025-11-25,Indicação,4,60503.85
894,Sra. Aylla Marques,maria-flor73@example.org,2025-04-03,Indicação,11,210729.84
895,José Pedro Fonseca,scirino@example.net,2024-12-27,Indicação,3,39380.23
896,Dr. Rafael Mendonça,azevedomaria-laura@example.org,2024-03-06,Indicação,10,32821.01
897,Dr. Ravi Cavalcante,cecilia99@example.org,2024-06-16,Indicação,2,34320.15
898,Bella Guerra,duartediego@example.com,2024-07-21,Indicação,5,160352.43
899,Nicole Guerra,nda-costa@example.org,2025-06-27,Indicação,12,73613.79
900,Eduarda Mendes,vazevedo@example.org,2025-09-23,Indicação,3,34101.9
901,Dra. Marina Viana,ynunes@example.com,2025-10-11,Indicação,4,13214.37
902,Isabela Cavalcanti,sousamariah@example.org,2025-12-17,Indicação,11,39229.29
903,Nicole Duarte,macedoluiz-gustavo@example.com,2025-12-15,Indicação,3,37070.22
904,Ana Lívia Peixoto,rodriguesgabrielly@example.com,2025-11-20,Indicação,8,43538.51
905,Ana Liz Borges,joao-lucaspacheco@example.net,2024-02-11,Indicacao,3,109246.76
906,Diogo Ribeiro,marcelanascimento@example.com,2024-03-24,Indicação,1,17285.58
907,Melissa Costa,anna-lizda-rosa@example.net,2024-07-28,Indicação,5,68079.61
908,Liz Lopes,felipe90@example.net,2025-01-30,Indicação,12,78323.62
909,Maria Luiza Cardoso,davi58@example.org,2024-02-26,Indicação,6,41718.92
910,Luiz Henrique Camargo,bento36@example.net,2025-09-01,Indicação,3,258584.68
911,Maria Júlia Pires,giovanna66@example.com,2025-03-10,Indicação,2,35930.91
912,Hadassa Ribeiro,maria-lauracarvalho@example.org,2025-01-24,INDICAÇÃO,3,39584.17
913,Maria Isis Fonseca,scassiano@example.net,2024-04-12,Indicação,2,38755.74
914,Davi Luiz Albuquerque,ramosarthur-gabriel@example.org,2024-06-17,Indicação,9,32487.14
915,Sra. Maya Carvalho,carvalhokamilly@example.com,2024-04-08,Indicação,6,83853.44
916,Dra. Mariana Pinto,mariamoraes@example.com,2025-09-05,Indicação,5,54178.84
917,Milena Gomes,rael26@example.net,2025-02-18,Indicação,5,40593.72
918,Theo Siqueira,melissada-mata@example.com,2025-06-03,Indicação,3,60883.81
919,Maria Clara Andrade,nunesmaria-sophia@example.net,2024-07-22,Indicação,2,59258.91
920,Sr. Rodrigo Sales,casa-grandesara@example.com,2024-09-19,indicacao,1,21327.29
921,Stella Barros,da-cruzmaria-julia@example.net,2024-10-13,Indicação,9,63481.64
922,Dra. Ana Vitória Rodrigues,caue58@example.org,2025-06-23,Indicação,4,8306.65
923,Mirella Moraes,uoliveira@example.com,2025-07-03,Indicação,3,50904.37
924,Maria da Rocha,lucas-gabriel09@example.net,2024-05-12,Indicação,5,37929.58
925,José Pedro Araújo,kpacheco@example.net,2025-11-11,Indicação,2,52339.48
926,João Vitor Sousa,da-pazmaria-vitoria@example.org,2024-03-12,indicacao,9,92378.74
927,Thiago Barbosa,thiago29@example.com,2025-10-07,Indicação,12,59876.61
928,José Miguel Albuquerque,pereiraluiz-fernando@example.net,2024-02-28,Indicação,4,45021.53
929,Srta. Melissa Freitas,vicenteviana@example.net,2024-06-26,Indicação,5,14327.49
930,Ryan Cirino,fernandesenzo-gabriel@example.org,2025-09-01,Indicação,7,41248.87
931,Daniela Monteiro,yvargas@example.org,2024-04-22,Indicação,1,51469.28
932,Maysa Silveira,ottooliveira@example.net,2024-10-20,Indicacao,10,16935.43
933,Sr. João Sá,aragaolucas-gabriel@example.com,2024-11-17,Indicação,2,37107.74
934,Olívia da Rosa,wsouza@example.net,2024-06-10,Indicação,11,16466.3
935,Mateus Rodrigues,qmelo@example.org,2025-05-15,Indicação,4,42064.69
936,Maya Albuquerque,manuela65@example.net,2025-09-05,Indicação,3,128251.4
937,Ana Cecília Brito,luana94@example.com,2025-09-22,Indicação,9,153685.54
938,João Felipe Brito,heloisa73@example.net,2024-08-26,Indicação,1,142704.16
939,Evelyn Moreira,luiz-miguel58@example.org,2025-01-17,Indicação,4,94100.86
940,Alexia Azevedo,jesusgael-henrique@example.net,2024-06-13,Indicação,1,26768.81
941,Pietro Ferreira,aliceda-cunha@example.org,2024-06-10,Indicação,12,99789.35
942,Apollo Pinto,araujopedro-henrique@example.net,2024-04-09,Indicação,10,119699.82
943,Camila Santos,borgesjose-pedro@example.com,2025-11-09,Indicação,10,55552.39
944,Ester Camargo,thiagoda-rocha@example.com,2025-10-01,Indicação,1,19901.99
945,Ana Vitória Porto,xda-mota@example.com,2025-07-07,Indicação,2,37797.49
946,Dra. Luna da Cunha,diogoda-mota@example.org,2025-01-10,Indicação,10,37812.52
947,Maria Julia Farias,da-luzvinicius@example.org,2024-12-22,Indicação,3,40500.8
948,Ana Lívia Mendonça,isabelcavalcanti@example.net,2025-01-17,Indicação,8,34910.01
949,Bianca Casa Grande,ncunha@example.net,2025-01-21,Indicação,5,46140.17
950,Pedro Miguel Silva,gustavo01@example.org,2024-11-04,Indicação,7,86485.21
951,Isis Vasconcelos,falmeida@example.org,2024-03-20,Indicação,9,13354.74
952,Agatha Andrade,jda-mata@example.net,2024-03-16,Indicação,6,21824.44
953,Dr. Alexandre Moraes,bmendes@example.com,2025-11-19,Indicação,1,120813.59
954,Srta. Ágatha Câmara,gomesmaria-luisa@example.org,2024-12-14,Indicação,6,16097.1
955,Zoe Fogaça,ana-julia60@example.net,2025-11-20,Indicação,4,19426.13
956,Ayla Fonseca,enrico74@example.net,2024-04-11,Indicação,3,152915.5
957,Felipe Novaes,gomesmateus@example.com,2025-01-31,Indicação,9,61646.71
958,Sra. Bianca Pires,mariah17@example.net,2024-05-13,Indicação,10,204129.68
959,Davi Miguel Andrade,beniciosilveira@example.net,2024-06-17,Indicação,7,101906.79
960,Samuel Gomes,vieiravalentina@example.net,2024-01-17,Indicação,4,270429.47
961,Theo Nascimento,calmeida@example.com,2024-03-11,Indicação,12,93349.62
962,Lucca Viana,guerraisaac@example.org,2025-10-23,Indicação,9,42084.58
963,Stephany Marques,ravi-luccabarbosa@example.org,2024-08-11,Indicação,1,102231.77
964,Srta. Rebeca Rezende,melocaleb@example.org,2025-03-05,Indicação,2,39500.54
965,Dra. Caroline Albuquerque,carlos-eduardodas-neves@example.org,2024-11-29,Indicação,9,181821.18
966,Eloá Pastor,caldeiraian@example.com,2024-10-10,Indicação,6,147165.7
967,Hellena Azevedo,leticiafernandes@example.net,2025-01-18,Indicação,9,24912.29
968,Maria Liz Duarte,rodrigueszoe@example.org,2024-04-28,Indicação,4,141268.87
969,Sr. Augusto Pastor,brunaazevedo@example.org,2025-12-21,Indicação,5,9567.88
970,Diego Sá,scavalcante@example.com,2025-08-09,Indicação,4,225984.98
971,Eloah Macedo,brunocarvalho@example.org,2025-06-08,Indicação,9,20441.27
972,Maria Flor Vasconcelos,arthur-gabrielmendonca@example.org,2024-12-02,Indicação,8,67038.7
973,André Cavalcanti,santosalice@example.com,2024-04-03,Indicação,4,8317.55
974,Sra. Carolina Costela,vitor-hugomoreira@example.com,2025-10-25,Indicação,3,13879.76
975,Isabella Cavalcanti,peixotoluiz-miguel@example.net,2024-08-27,indicacao,2,21947.86
976,Aurora Pires,cecilia60@example.net,2024-01-29,Indicação,11,52948.5
977,Gael Campos,pintoeloa@example.net,2024-08-28,Indicação,5,28040.16
978,Hellena Martins,yuriaragao@example.org,2025-07-21,Indicação,12,149642.56
979,Dom Rodrigues,lmonteiro@example.org,2025-03-14,Indicação,3,781148.36
980,Ana Clara Aragão,alice36@example.com,2025-06-16,Indicação,3,23566.43
981,Dr. Augusto Caldeira,nascimentoluiz-gustavo@example.org,2025-07-20,Indicação,11,115902.95
982,Ryan Moraes,barbosaravy@example.net,2024-05-16,indicacao,1,103111.03
983,Lunna Leão,ayllada-conceicao@example.org,2025-10-28,Indicação,12,27712.41
984,Sr. Carlos Eduardo da Costa,ycosta@example.org,2024-11-07,Indicação,2,31197.76
985,Ravy Pacheco,baragao@example.org,2025-03-25,Indicação,8,34970.93
986,Rafael Cavalcanti,ifreitas@example.com,2024-01-02,Indicação,4,27219.93
987,Srta. Maria Alice da Mata,brunacardoso@example.org,2025-12-25,Indicação,11,75512.27
988,Dra. Ana Liz da Mota,henrymartins@example.com,2024-07-09,Indicação,6,24867.77
989,Eloá Teixeira,pedro-lucas49@example.org,2024-02-05,Indicação,7,69368.19
990,Eloá Oliveira,erickjesus@example.net,2024-11-24,Indicação,8,83228.29
991,Helena Pastor,rmartins@example.org,2024-03-18,Indicação,10,11364.19
992,Sra. Isadora da Cruz,luara93@example.net,2024-04-03,Indicação,12,80539.83
993,André Leão,aparecidamaria-isis@example.net,2025-03-21,Indicação,10,21028.98
994,Ana Beatriz Lima,zmendes@example.net,2024-10-04,Indicação,11,188819.86
995,Rael Monteiro,enzonovais@example.org,2025-10-26,Indicação,2,123746.22
996,Dra. Maria Luísa Cunha,elisada-rocha@example.org,2024-08-09,Indicação,9,329726.26
997,Ayla Almeida,trios@example.org,2025-05-27,Indicação,3,26933.92
998,Sra. Amanda Marques,ivargas@example.net,2024-11-26,Indicação,4,11260.31
999,Ester Vieira,maria-fernanda01@example.com,2025-04-09,Indicação,11,282629.56
1000,Sra. Vitória Andrade,leticia49@example.net,2025-02-27,Indicação,6,34421.18
1001,Giovanna Viana,pintobruna@example.net,2024-12-06,Indicação,3,16157.61
1002,Théo Rocha,caua16@example.com,2025-11-18,indicacao,7,41465.88
1003,Ana Cecília Fonseca,luiz-fernando81@example.net,2024-08-29,Indicação,3,19926.36
1004,Srta. Cecilia Farias,valentinacamargo@example.net,2024-04-21,Indicação,5,242620.58
1005,Giovanna Sá,aurorafogaca@example.com,2025-04-22,Indicação,6,27571.09
1006,Mariana da Mota,azevedoesther@example.com,2025-09-01,Indicação,1,49081.6
1007,Raquel Montenegro,melosophia@example.net,2024-01-23,Indicação,10,23852.63
1008,Lavínia Machado,davi-lucca37@example.org,2024-11-17,Indicação,12,95410.54
1009,Matteo Cavalcanti,eduardo12@example.com,2025-10-05,Indicação,2,47136.21
1010,Diogo Monteiro,nicolasmoreira@example.net,2025-06-15,Indicação,7,38789.64
1011,Juan Leão,maria-juliaferreira@example.com,2025-12-24,Indicação,2,154744.86
1012,Alícia da Rocha,davi-lucasalmeida@example.org,2025-01-18,Indicação,8,92159.51
1013,Lívia Jesus,beatriz79@example.net,2025-04-09,Indicação,8,13010.99
1014,Dra. Melina Marques,joao42@example.com,2024-07-27,Indicação,1,49869.84
1015,Rodrigo Freitas,calebe25@example.com,2025-11-15,Indicação,12,68051.8
1016,Eloah Pinto,stellada-paz@example.org,2024-09-15,Indicação,8,44215.37
1017,Eduardo Castro,igoraparecida@example.com,2025-06-06,Indicação,6,7349.52
1018,Carolina Macedo,ester23@example.net,2024-10-12,Indicação,1,32221.88
1019,Srta. Luiza Ferreira,esthermachado@example.net,2025-02-04,Indicação,8,20453.96
1020,Vitor da Rosa,alvesjade@example.com,2025-05-22,Indicação,12,69701.02
1021,Raul Dias,anthonysousa@example.net,2025-01-05,Indicação,7,31723.16
1022,Luísa Ramos,maria-julia49@example.net,2025-10-15,Indicação,1,57784.42
1023,Pedro Miguel Fernandes,siqueiramaria-luiza@example.org,2024-10-24,Indicação,3,62222.04
1024,Yuri Camargo,benicio69@example.org,2025-03-30,Indicação,10,39072.48
1025,Maria Alice Borges,daniel93@example.net,2024-08-28,Indicação,8,390291.16
1026,Hellena Viana,matteo01@example.net,2024-10-16,Indicação,12,84371.59
1027,Aurora Moraes,fcorreia@example.com,2024-11-09,Indicação,9,255697.3
1028,Sophia Araújo,isabella26@example.com,2024-03-16,Indicação,4,41699.33
1029,Maria Fernanda Albuquerque,catarina54@example.com,2024-02-23,Indicação,2,27239.72
1030,Aurora Cunha,asousa@example.com,2025-04-14,INDICAÇÃO,6,35895.7
1031,Enrico Siqueira,asiqueira@example.org,2025-04-05,Indicação,10,15888.37
1032,Aurora Casa Grande,ana-juliamelo@example.net,2025-04-11,Indicação,1,135953.22
1033,Sr. Marcos Vinicius Borges,jesusyago@example.com,2024-01-12,Indicação,5,201187.27
1034,Ravi Santos,murilocirino@example.com,2024-08-15,Indicação,5,40347.93
1035,Yuri Mendonça,da-rosaana-julia@example.com,2024-05-06,Indicação,8,30651.22
1036,Nicole Câmara,vieiraandre@example.org,2025-07-08,Indicação,4,76406.7
1037,Kaique Porto,pcampos@example.net,2025-09-12,Indicação,8,12986.44
1038,Oliver Cavalcanti,psales@example.org,2024-06-12,Indicação,6,43305.91
1039,Dante Teixeira,marina19@example.net,2025-04-14,Indicação,3,54208.25
1040,Dr. Pedro Henrique da Luz,hsales@example.com,2024-03-18,Indicação,10,106822.97
1041,Allana da Luz,danilocasa-grande@example.com,2024-07-05,Indicação,6,43463.85
1042,Catarina Fogaça,caueda-mata@example.com,2024-03-24,INDICAÇÃO,1,27108.66
1043,Maria Alice Aragão,ana81@example.net,2024-07-11,Indicação,7,30135.6
1044,Fernando Teixeira,peixotolucas-gabriel@example.net,2025-04-20,Indicação,5,80068.22
1045,Dr. Kevin da Mata,gael89@example.com,2025-10-18,Indicação,2,50220.1
1046,Anthony Gabriel Carvalho,esther76@example.com,2024-05-09,Indicação,5,18978.16
1047,Cauã Cunha,milenacamara@example.org,2025-01-24,Indicação,4,104588.08
1048,Valentina Nascimento,leaomaria-clara@example.org,2025-05-09,Indicação,1,21058.85
1049,Davi Lucca Almeida,tferreira@example.net,2025-11-20,Indicação,9,79062.25
1050,Sr. Pedro Miguel Peixoto,luiz-felipe40@example.net,2025-03-06,Indicação,10,179050.99
1051,Henry Cardoso,rafaeldas-neves@example.org,2024-06-18,Indicação,6,107413.93
1052,Davi Lucca Barros,wsales@example.org,2025-03-16,Indicação,12,17294.29
1053,Antony Vasconcelos,bsa@example.org,2024-08-10,Indicação,5,139359.27
1054,Cauê Andrade,meloisaac@example.com,2025-12-10,Indicação,6,46254.49
1055,Benício da Rosa,sagael@example.org,2024-10-09,Indicação,5,130845.18
1056,Gabrielly Pastor,leorios@example.com,2025-04-27,Indicação,7,57235.36
1057,Caleb Casa Grande,cecilia52@example.net,2024-01-14,Indicação,6,76303.95
1058,Dra. Isabella Montenegro,britoarthur@example.net,2024-10-10,Indicação,12,77479.43
1059,Gael da Paz,stephanyabreu@example.net,2025-09-22,Indicação,10,38175.48
1060,Heitor Montenegro,sfonseca@example.net,2025-03-06,Indicação,5,20264.76
1061,Pedro Lucas Rocha,cirinodaniela@example.com,2024-11-12,Indicação,8,137687.97
1062,Hadassa Moraes,joanacamargo@example.com,2025-11-06,Indicação,5,50960.5
1063,Ravi Lucca Camargo,mayateixeira@example.com,2025-09-07,Indicação,7,343879.26
1064,Sra. Ana Cecília Barros,marina16@example.com,2024-08-12,Indicação,8,48718.27
1065,Luana Rodrigues,jcamara@example.com,2025-01-25,Indicação,4,97860.24
1066,Paulo Correia,meloemilly@example.org,2024-12-21,Indicação,8,52124.54
1067,Samuel Rocha,goncalvesluna@example.net,2025-03-21,Indicação,10,12245.89
1068,Antonella Campos,isabelaguerra@example.net,2024-08-22,Indicação,2,53604.43
1069,Bella Sousa,davi-luccafonseca@example.org,2024-06-10,Indicação,7,33641.26
1070,Sr. Nathan Campos,laissilveira@example.com,2025-10-20,Indicacao,12,26297.19
1071,João Gabriel Sá,efogaca@example.net,2025-10-28,Indicação,10,200749.32
1072,Maria Luiza Mendonça,juan71@example.org,2025-08-30,Indicação,12,39529.43
1073,Samuel Monteiro,joao-felipealves@example.org,2025-12-12,Indicacao,6,82270.87
1074,Srta. Ana Lívia Monteiro,cavalcantigiovanna@example.net,2025-06-11,Indicação,2,58545.84
1075,Lunna Cassiano,gael18@example.com,2025-06-27,Indicação,2,50807.12
1076,Gabriela da Rocha,gmendonca@example.com,2025-06-25,Indicação,8,17101.7
1077,Manuela Nogueira,teixeirabenicio@example.com,2024-12-13,Indicação,7,13403.22
1078,Matheus Machado,fernanda77@example.org,2024-11-22,Indicação,8,17373.47
1079,Felipe Novais,lucas76@example.org,2024-06-06,Indicação,11,45238.3
1080,Mathias Mendonça,nunesmariane@example.net,2025-03-29,Indicação,4,29676.07
1081,Ágatha Oliveira,jmelo@example.org,2024-07-16,Indicação,12,43021.11
1082,Ana Laura Gonçalves,maya96@example.net,2024-06-21,Indicação,10,37901.52
1083,Maria Vargas,aurora00@example.net,2025-02-19,Indicação,8,83241.41
1084,Davi Lucas Fonseca,benjamim56@example.org,2024-10-17,Indicação,10,21716.14
1085,Manuella Fogaça,dferreira@example.net,2024-05-21,Indicação,8,31627.39
1086,Josué da Costa,enzo-gabriel14@example.org,2025-08-08,Indicação,4,62711.0
1087,Sr. Antônio Nascimento,breno76@example.net,2025-09-11,Indicação,2,118269.16
1088,Mariah da Mata,sampaiomaria-isis@example.net,2024-04-14,Indicação,1,41108.93
1089,Liam Garcia,kduarte@example.org,2024-01-05,Indicação,1,70688.62
1090,Beatriz Sales,barbaramonteiro@example.net,2024-08-23,Indicação,1,91716.88
1091,Maitê Cavalcante,emanuella63@example.com,2025-07-24,Indicação,10,48204.49
1092,Ana Vitória Nascimento,aliciada-luz@example.org,2025-08-26,Indicação,4,78821.63
1093,Murilo Câmara,silvagabriel@example.net,2024-03-24,Indicação,9,22070.2
1094,Dr. Bernardo Nunes,nlima@example.com,2025-07-05,Indicação,9,200104.84
1095,Kevin Montenegro,luana85@example.org,2024-03-09,Indicação,2,26740.04
1096,Maria Liz da Cunha,wrios@example.net,2024-10-02,Indicação,12,114632.45
1097,Antony Pires,melinacunha@example.net,2025-12-30,Indicação,7,44409.71
1098,Sra. Juliana Porto,ununes@example.net,2024-05-02,Indicação,6,21771.52
1099,Vicente Costa,maria-eduarda23@example.org,2024-04-04,Indicação,6,70248.65
1100,Dra. Letícia Lopes,edias@example.net,2024-10-26,Indicação,5,122954.99
1101,Noah da Mata,lorenzo49@example.org,2025-03-12,Indicacao,1,14172.23
1102,Isabella Camargo,matheusalves@example.org,2025-11-04,Indicação,9,42677.2
1103,Ravi Mendonça,plima@example.org,2025-12-14,Indicação,7,13996.75
1104,Emanuel da Mata,benjaminda-luz@example.com,2024-02-09,Indicação,11,80772.5
1105,Emanuelly Ramos,silveiramaria-vitoria@example.org,2024-03-24,Indicação,9,28477.14
1106,Bryan Dias,davi-lucas65@example.net,2025-07-18,Indicação,6,13544.87
1107,Ayla Gonçalves,ravycamargo@example.net,2024-07-01,Indicação,4,49569.77
1108,Dra. Bárbara Moreira,maysa13@example.net,2025-09-29,Indicação,7,68435.38
1109,Levi Farias,vsouza@example.org,2025-04-11,Indicação,6,8528.52
1110,Helena Casa Grande,cavalcantipaulo@example.com,2024-03-06,Indicação,6,91035.27
1111,Maria Luísa da Cunha,mendoncasophie@example.com,2025-08-21,Indicação,3,12318.85
1112,Srta. Luiza Nogueira,rmelo@example.org,2024-04-20,Indicação,2,12250.5
1113,Diogo Fonseca,xsilva@example.com,2024-10-27,Indicação,9,116964.79
1114,Arthur Gabriel Sousa,salesrhavi@example.com,2025-01-29,Indicação,7,16962.78
1115,Maria Isis das Neves,joaquim83@example.com,2024-12-31,Indicação,5,28022.73
1116,Alexia Gonçalves,ana-julia13@example.com,2025-04-28,Indicação,7,33837.79
1117,Enrico Macedo,joana04@example.org,2025-04-03,Indicação,9,37287.53
1118,Olivia Sousa,tfarias@example.com,2025-12-24,Indicação,6,46791.96
1119,Enrico Sampaio,natalia15@example.com,2025-12-31,Indicação,2,11430.64
1120,Lunna Marques,teixeiracaua@example.net,2025-01-09,Indicação,5,105874.69
1121,Ester Pires,pvieira@example.org,2024-02-25,Indicação,6,35107.36
1122,Murilo Costa,ana-sophia91@example.org,2025-05-28,Indicação,8,59378.73
1123,Josué Moreira,julianavieira@example.com,2025-12-10,INDICAÇÃO,10,47912.8
1124,Pietra Sousa,vicentecavalcanti@example.net,2024-08-09,Indicação,8,23142.99
1125,Lunna da Paz,enzo-gabrielleao@example.com,2024-11-26,Indicação,12,42412.83
1126,Matteo Garcia,asafealmeida@example.net,2024-10-28,Indicação,6,19132.78
1127,Heloísa Borges,qcosta@example.net,2024-01-29,Indicação,4,71653.01
1128,Benicio Guerra,qpeixoto@example.org,2025-04-18,Indicação,11,31238.51
1129,Léo Cavalcante,albuquerquesara@example.com,2024-09-06,Indicação,8,7250.95
1130,Sabrina Campos,nicolascorreia@example.com,2025-07-15,Indicação,2,41055.49
1131,Thales Garcia,lorenacostela@example.net,2025-08-21,Indicação,11,72251.76
1132,João Miguel Siqueira,larissacirino@example.com,2025-08-12,Indicação,4,18248.19
1133,Arthur da Rocha,ravy97@example.org,2024-10-22,Indicação,6,76396.39
1134,Dr. Bryan Albuquerque,ucarvalho@example.net,2024-08-11,Indicação,12,16690.21
1135,Hadassa Silva,bsantos@example.net,2025-06-14,Indicação,12,219433.35
1136,Jade Barbosa,novaisdante@example.org,2025-07-27,Indicação,3,47814.44
1137,Sr. Ravy Fogaça,abreuthiago@example.net,2024-12-23,Indicação,2,32661.79
1138,Maria Helena da Rosa,xrios@example.org,2025-10-05,Indicação,1,25004.95
1139,Ana Cecília Pacheco,vicentecavalcante@example.net,2024-03-28,Indicação,5,96386.25
1140,Maitê Martins,felipedias@example.net,2025-09-25,Indicação,9,79778.6
1141,Marina Casa Grande,igor50@example.org,2024-02-25,Indicação,2,136893.74
1142,Lara Souza,lorena44@example.net,2024-04-03,Indicação,8,94424.13
1143,Valentim Dias,ucavalcante@example.net,2025-01-19,Indicação,10,123176.64
1144,Clarice Novais,maragao@example.org,2024-02-08,Indicação,5,68952.96
1145,Ian Cirino,melovicente@example.org,2024-01-30,Indicação,7,43665.61
1146,Sra. Maya Camargo,caparecida@example.com,2024-01-01,Indicação,10,31615.45
1147,Dra. Raquel Marques,ucamargo@example.org,2024-11-06,Indicação,10,16636.83
1148,Luiz Fernando Borges,alicecirino@example.org,2025-07-05,Indicação,8,28560.96
1149,Dra. Júlia Nunes,anthonymoura@example.net,2024-01-20,indicacao,1,56076.63
1150,Oliver Barbosa,melinarocha@example.org,2025-04-03,indicacao,1,46464.0
1151,Sr. João Miguel Rodrigues,goncalvesevelyn@example.net,2025-08-13,Indicação,3,51771.56
1152,Lorenzo Cassiano,barrosmaria-clara@example.net,2024-04-14,Indicação,9,103650.39
1153,Pietra Marques,anthony50@example.net,2024-03-30,Indicação,8,29156.09
1154,Milena Duarte,otavioaragao@example.net,2025-09-12,Indicação,8,72210.81
1155,Lorenzo Araújo,novaesgiovanna@example.org,2025-08-13,Indicação,3,142561.01
1156,Jade Cavalcanti,isabellyborges@example.org,2025-01-22,Indicação,4,89618.71
1157,Enrico Gomes,pda-paz@example.net,2025-08-10,Indicação,1,113808.62
1158,Dante da Rosa,vlopes@example.com,2024-02-23,Indicação,8,29227.74
1159,Caroline Fogaça,freitasolivia@example.org,2024-10-06,Indicação,12,197202.02
1160,Melissa Gomes,kda-mata@example.net,2025-06-05,Indicação,5,41488.17
1161,Ayla Sá,nfreitas@example.org,2024-06-20,Indicação,8,72570.23
1162,Mariane Borges,moraescarolina@example.com,2025-06-17,Indicação,1,64014.11
1163,Heloisa Ramos,mayamoura@example.net,2025-01-02,Indicação,9,17351.4
1164,Valentina Barros,maria-helena61@example.com,2025-06-15,Indicação,1,123006.5
1165,Dom Cardoso,theo86@example.com,2024-11-29,Indicação,5,51833.24
1166,Ana Julia Novaes,aparecidaolivia@example.org,2024-09-16,Indicação,10,11528.06
1167,Mariana Jesus,martinsthiago@example.com,2024-05-21,Indicação,4,85278.64
1168,Bruno Vargas,camargomaria-eduarda@example.org,2024-05-14,Indicação,12,9912.56
1169,Matteo Aparecida,leaoana-cecilia@example.com,2025-06-16,Indicação,9,32263.1
1170,Mirella Sá,zpinto@example.com,2024-03-11,indicacao,6,55693.28
1171,Sr. Heitor Cirino,souzavalentim@example.net,2024-02-19,Indicação,3,45752.57
1172,Pedro Henrique Nascimento,abreuisabela@example.org,2024-04-20,Indicação,11,77342.34
1173,Enzo Gabriel Rezende,smarques@example.com,2024-04-19,Indicação,9,95930.7
1174,Raquel da Rosa,isabela41@example.org,2025-08-13,Indicação,8,201553.58
1175,Anthony Gabriel Correia,almeidamarcos-vinicius@example.org,2024-10-09,Indicação,12,116462.39
1176,Rodrigo Rezende,rodrigolopes@example.net,2025-12-23,Indicação,12,79578.77
1177,Esther Borges,maria-fernanda27@example.com,2024-03-23,Indicação,2,22105.89
1178,Danilo Cavalcante,liviamendonca@example.com,2025-04-04,Indicação,9,71268.61
1179,Rael Pacheco,nathanda-rocha@example.net,2024-11-16,Indicação,9,46206.25
1180,Ana Júlia Farias,caldeiraluana@example.com,2024-10-04,Indicação,9,70280.56
1181,Lavínia Andrade,fguerra@example.net,2025-09-22,Indicação,3,74943.96
1182,Raquel da Conceição,mouraarthur-miguel@example.com,2025-12-09,Indicação,1,172369.24
1183,Luara Novaes,da-matalara@example.com,2025-09-20,Indicação,6,44258.29
1184,Thales Pinto,manuela60@example.org,2024-05-02,Indicação,2,22314.25
1185,Gael Melo,luna38@example.org,2024-05-23,Indicacao,5,64527.88
1186,Maitê Pereira,scardoso@example.net,2025-04-06,Indicação,12,74751.88
1187,Sra. Maria Vitória Rocha,maria-julia29@example.org,2024-07-16,Indicação,8,26581.44
1188,Caio Rios,lcardoso@example.org,2025-06-03,Indicação,11,28886.11
1189,Samuel Brito,tmonteiro@example.org,2025-02-07,Indicação,8,54198.32
1190,Benicio Almeida,vicente52@example.org,2025-01-29,Indicação,2,36872.68
1191,Ana Beatriz Azevedo,lorena19@example.org,2025-08-18,Indicação,8,32472.43
1192,Henry Gabriel Mendonça,carolina50@example.net,2025-05-16,Indicação,8,48908.99
1193,Dom Sales,santoscarlos-eduardo@example.com,2024-01-15,Indicacao,12,91128.94
1194,Brenda Caldeira,novaisbryan@example.net,2024-01-28,Indicação,12,77502.2
1195,Enzo Pires,costelaeloa@example.org,2025-02-28,Indicação,5,76059.62
1196,Sra. Melina Teixeira,gsiqueira@example.org,2024-12-18,Indicação,11,58183.05
1197,Maria Clara Farias,joaquimcosta@example.com,2024-06-23,Indicação,9,9329.73
1198,Alana da Cruz,sfernandes@example.net,2024-10-23,Indicação,6,44997.08
1199,Bryan da Mata,kamilly53@example.org,2025-06-21,Indicação,12,84995.31
1200,Mariah Viana,joao-guilhermelima@example.com,2025-08-16,Indicação,8,18411.32
1201,Natália Moreira,bento72@example.org,2025-02-04,Indicação,5,66746.62
1202,Dra. Ana Lívia Barros,ana-vitoria62@example.com,2024-09-29,Indicação,5,57007.83
1203,Matteo Teixeira,ribeirokevin@example.net,2024-07-01,Indicação,2,19029.7
1204,Vicente da Rocha,rguerra@example.net,2025-01-12,Indicação,6,6569.05
1205,Liz Silveira,catarina04@example.net,2024-08-06,Indicação,12,36847.64
1206,Clara Sampaio,pmachado@example.org,2025-02-05,Indicação,5,40651.65
1207,Melina Sampaio,jade34@example.org,2025-04-21,Indicação,3,60578.17
1208,Vitor Gabriel Farias,usilveira@example.net,2024-02-07,Indicação,12,36350.19
1209,Vicente Nogueira,paulo18@example.net,2024-01-01,Indicação,11,20931.03
1210,Vicente Fernandes,augustoalves@example.net,2024-05-16,Indicação,4,41443.4
1211,Joana da Costa,lavinia81@example.net,2025-10-06,Indicação,9,28112.5
1212,Marcelo da Luz,josue01@example.com,2025-03-30,Indicação,11,87294.33
1213,André Marques,ravy99@example.net,2024-04-17,Indicação,8,20100.08
1214,Yasmin Peixoto,clarada-rosa@example.com,2025-10-03,Indicacao,6,28945.37
1215,Cecilia Silva,vmoreira@example.org,2024-12-03,Indicação,2,42078.37
1216,Luan Moreira,eloahmarques@example.org,2024-12-09,Indicação,3,33159.46
1217,Otávio Jesus,borgesdavi@example.com,2025-11-06,Indicação,9,41427.12
1218,Renan Cunha,xbarbosa@example.net,2024-02-03,Indicação,9,30984.25
1219,Maria Luiza Pastor,lda-luz@example.com,2024-05-18,Indicação,10,53002.01
1220,Mariana Macedo,asiqueira@example.org,2025-02-19,Indicação,9,19005.71
1221,Thiago Cardoso,dsilva@example.org,2024-05-04,Indicação,1,82889.88
1222,Dra. Vitória Campos,maria-alicemelo@example.org,2025-04-23,Indicação,2,53487.48
1223,Srta. Maria Eduarda Campos,hcamargo@example.com,2024-05-18,Indicação,2,41494.58
1224,Lavínia Aparecida,isaacfreitas@example.com,2024-02-27,Indicação,3,110998.9
1225,Dr. Juan Mendonça,vieirajoao-pedro@example.org,2024-05-12,Indicação,4,51845.02
1226,Mariah Aragão,alice32@example.net,2024-10-26,Indicação,2,41315.97
1227,Agatha Campos,davi-luiz06@example.com,2024-04-20,Indicação,3,9497.1
1228,Luana Nunes,yfernandes@example.com,2024-03-22,Indicação,12,62629.84
1229,Caroline Teixeira,mirellaporto@example.com,2025-09-11,Indicação,7,14711.63
1230,Melissa Cassiano,felipe99@example.com,2024-08-10,Indicação,9,76256.92
1231,Isabel Gonçalves,valentina07@example.net,2024-09-11,Indicação,6,24706.79
1232,Caio Cavalcante,oliveiraana-luiza@example.net,2024-02-01,Indicação,11,51219.88
1233,Camila Ramos,correiavitoria@example.net,2024-09-09,Indicação,5,32574.7
1234,Vicente Correia,bmontenegro@example.org,2024-06-26,Indicação,11,18521.49
1235,Yasmin Cirino,da-motanoah@example.org,2025-03-06,Indicação,7,49818.6
1236,Dra. Melina Barros,isadora90@example.com,2024-05-11,Indicacao,2,92081.16
1237,Luigi Lopes,kamillyalves@example.net,2025-10-02,Indicação,5,23183.2
1238,Dr. José Miguel Borges,britovitoria@example.org,2025-11-01,Indicação,7,119268.69
1239,Diego Cirino,felipe24@example.com,2024-02-28,Indicação,4,18693.7
1240,Eloá Araújo,luiz-miguel00@example.com,2024-03-04,Indicação,10,27927.27
1241,Beatriz Dias,juliaduarte@example.com,2024-03-09,Indicação,4,36002.02
1242,Bárbara Aragão,rhavisa@example.net,2025-03-12,Indicação,12,44390.94
1243,Isabela Monteiro,rcamargo@example.org,2024-03-13,Indicação,12,82309.92
1244,Dr. Yuri Jesus,mendesbenjamin@example.com,2025-09-05,INDICAÇÃO,2,33409.05
1245,Isabel Almeida,guilherme38@example.net,2025-06-18,Indicação,4,68432.46
1246,Kevin Nunes,fmachado@example.net,2025-08-11,Indicação,5,16595.71
1247,Gabrielly Viana,evelynnogueira@example.org,2025-01-15,Indicação,8,16592.92
1248,Vitor Gabriel Lima,aaparecida@example.com,2025-12-28,Indicação,10,13856.43
1249,Lavínia Rezende,alexandrearaujo@example.com,2024-01-25,Indicação,5,45118.53
1250,José Rodrigues,oferreira@example.org,2024-10-11,indicacao,12,127001.15
1251,Sophia da Paz,castrosophie@example.net,2024-08-13,Indicação,2,15263.22
1252,Kaique Borges,hsampaio@example.org,2025-11-16,Indicação,11,38816.53
1253,Dra. Lara Lopes,mirelladias@example.net,2025-02-13,Indicação,1,39422.19
1254,Dr. Rael da Mata,aurorafernandes@example.org,2025-07-31,Indicação,8,130925.65
1255,Luísa Almeida,andrepereira@example.com,2024-04-16,Indicação,9,22284.62
1256,Anthony Rocha,julianovais@example.net,2025-12-12,Indicação,5,92135.57
1257,Sra. Maria Júlia Nascimento,vianaeduardo@example.net,2024-12-30,Indicação,1,83236.73
1258,Pedro Miguel Rocha,fogacafernanda@example.net,2024-12-25,Indicação,10,10368.03
1259,Dr. Felipe Vargas,camposmaria-eduarda@example.com,2025-12-05,Indicação,11,8127.96
1260,Pedro Miguel Albuquerque,asafeteixeira@example.com,2024-09-26,Indicação,5,39490.61
1261,Maria Alice Correia,pimentaana-julia@example.net,2024-10-08,Indicação,4,18645.08
1262,Igor Monteiro,brayan47@example.net,2025-02-18,Indicação,3,68644.28
1263,Dra. Giovanna Abreu,isabelacamargo@example.com,2024-03-17,Indicação,11,61800.45
1264,Sarah Monteiro,mathiasribeiro@example.net,2024-08-11,Indicação,10,71352.91
1265,Emanuella Azevedo,davi-luccacardoso@example.com,2024-05-02,Indicação,6,85708.89
1266,Heloísa Moreira,matheus08@example.net,2024-03-01,Indicação,8,36571.52
1267,Rafael Abreu,rramos@example.net,2025-09-16,Indicação,5,19170.57
1268,Lorenzo Lopes,hda-mota@example.net,2025-02-21,Indicação,6,94720.88
1269,Nina Monteiro,pietra03@example.org,2024-09-09,Indicação,11,20685.68
1270,Otto Nascimento,adias@example.com,2024-10-16,Indicação,3,30118.55
1271,Lucas Gabriel Barros,sousarael@example.net,2024-11-02,Indicação,12,11839.35
1272,Ana Vitória da Cruz,lucasfarias@example.com,2025-03-21,Indicação,3,58777.61
1273,Calebe Alves,zlopes@example.org,2025-10-30,Indicação,9,53397.85
1274,Lívia da Cunha,henriquemelo@example.org,2025-11-04,Indicação,6,101902.11
1275,Sr. Lucas Gabriel Moreira,diogovasconcelos@example.net,2024-10-03,Indicação,2,13431.94
1276,Maysa Teixeira,piresmaite@example.net,2024-08-18,Indicação,3,38030.26
1277,Bryan Araújo,garciaana-sophia@example.net,2024-11-18,Indicação,8,33239.23
1278,Davi Lucas Araújo,taraujo@example.net,2025-02-08,Indicação,3,19973.13
1279,Marina Azevedo,rochadaniel@example.net,2024-11-26,Indicação,3,103937.77
1280,Juan Garcia,nbrito@example.com,2025-04-08,Indicação,6,23524.63
1281,Anthony Marques,ymartins@example.com,2025-01-31,Indicacao,2,24823.18
1282,Beatriz Fernandes,marquespietra@example.com,2024-08-11,Indicação,6,57497.96
1283,Evelyn Caldeira,albuquerquedavi-luiz@example.net,2024-08-31,Indicação,1,21389.05
1284,Davi Lucas Porto,daniela67@example.net,2024-09-24,Indicação,5,55043.54
1285,Melina Cirino,joao-guilhermeaparecida@example.org,2024-02-25,Indicação,11,87194.12
1286,Leonardo Pacheco,pmoraes@example.com,2024-04-13,Indicação,10,48271.36
1287,Vitor Hugo Vasconcelos,juanmelo@example.com,2025-05-25,Indicação,12,87986.65
1288,Manuela da Rocha,antony89@example.net,2024-10-02,Indicação,7,41169.2
1289,Clara Araújo,natalianovais@example.org,2024-05-18,Indicação,8,20474.74
1290,Manuella Costa,nathanviana@example.org,2025-02-05,Indicação,3,68864.81
1291,Sr. Renan Sales,speixoto@example.com,2025-06-19,Indicação,11,65834.83
1292,Lívia Pimenta,larissa52@example.org,2024-06-20,indicacao,6,57398.6
1293,Ana Cecília Monteiro,andreporto@example.org,2025-08-16,Indicação,6,67653.25
1294,Srta. Nina Pinto,rhavimendes@example.net,2025-10-30,Indicação,11,31051.19
1295,Dr. Gustavo Guerra,anthony-gabrielfonseca@example.org,2025-02-26,Indicação,12,46189.3
1296,Luiz Henrique Alves,casa-grandeamanda@example.com,2025-04-15,Indicação,6,94015.39
1297,Luiz Miguel Aparecida,costamiguel@example.com,2024-01-30,Indicação,9,67767.19
1298,Henry da Luz,camilanovaes@example.org,2025-11-14,Indicação,9,215295.38
1299,Gael Henrique Almeida,viniciusbrito@example.org,2024-10-04,Indicação,1,38916.75
1300,Cecilia Garcia,fernandesotto@example.com,2025-10-28,Indicação,12,41240.94
1301,Isabella Freitas,luigi89@example.com,2025-02-14,Indicação,11,59227.27
1302,Srta. Bárbara Casa Grande,mateuscorreia@example.net,2024-01-03,Indicação,4,22702.79
1303,Maria Fernanda Dias,pporto@example.org,2024-01-22,Indicação,5,35995.38
1304,Esther Nascimento,kaique53@example.org,2025-04-24,Indicação,7,151942.04
1305,Lara Cardoso,ucostela@example.org,2025-02-05,Indicação,7,110848.26
1306,Ana Luiza Cavalcante,psa@example.net,2024-01-15,indicacao,5,30437.7
1307,Dr. Valentim Martins,aurorasilva@example.com,2025-06-10,Indicação,8,79373.42
1308,Rafaela Silva,rmelo@example.net,2025-09-05,Indicação,1,35409.73
1309,Ana Carolina Costela,nathanmachado@example.org,2024-12-27,Indicação,2,46463.49
1310,Helena das Neves,kgarcia@example.org,2024-11-30,Indicação,12,117351.05
1311,Dr. Yan Barros,enzo-gabrielda-rocha@example.com,2024-01-04,Indicação,4,45180.9
1312,Maria da Conceição,martinsolivia@example.net,2025-07-15,Indicação,8,51088.72
1313,Dr. Rael Martins,xjesus@example.com,2024-08-19,Indicação,7,27259.49
1314,Dr. Mateus Alves,luisada-conceicao@example.com,2025-09-25,Indicação,6,36462.45
1315,Ana Vitória Fogaça,da-rochamelissa@example.net,2024-09-20,Indicação,4,118060.67
1316,Anna Liz Viana,rafael11@example.org,2025-02-06,Indicação,8,212850.99
1317,Sr. Yago Costa,matteo54@example.com,2024-07-01,Indicação,1,48237.56
1318,Dra. Kamilly Correia,yasminda-luz@example.org,2024-04-09,Indicação,6,83779.87
1319,João Miguel Ferreira,lguerra@example.net,2025-07-05,Indicação,3,86585.89
1320,Ravy Rezende,isabellada-conceicao@example.org,2024-12-28,Indicação,7,25723.34
1321,Dra. Giovanna Melo,pietrapastor@example.net,2025-01-21,Indicação,4,29663.61
1322,Nicole Fernandes,diasmarcos-vinicius@example.com,2025-11-30,Indicação,7,16854.23
1323,Sra. Giovanna Macedo,bnovais@example.com,2025-11-28,Indicação,4,197386.75
1324,Davi Lucas das Neves,monteirodaniela@example.com,2025-09-08,Indicação,8,14541.77
1325,Otto Lima,xteixeira@example.net,2024-04-28,Indicação,5,71156.63
1326,Letícia Duarte,nunesbenicio@example.org,2025-02-24,Indicação,5,32316.45
1327,Lucas Nunes,ngarcia@example.com,2025-09-24,Indicação,5,116293.6
1328,Vitor Gomes,maria-lauracaldeira@example.com,2024-09-21,Indicação,7,83955.82
1329,Milena Porto,francisco21@example.net,2024-02-28,Indicação,2,31302.4
1330,Emanuelly Andrade,lalves@example.org,2025-08-03,Indicação,6,39154.11
1331,Matheus da Paz,ravi-luccada-rocha@example.net,2024-12-14,Indicação,11,29662.41
1332,Ana Lívia Marques,freitasrafaela@example.org,2025-02-06,Indicação,8,14763.54
1333,Luan Jesus,hcastro@example.org,2025-12-15,Indicação,8,70366.67
1334,Mariah Mendes,gomesnoah@example.org,2025-03-04,Indicação,12,33405.27
1335,Leonardo Lopes,mcastro@example.net,2024-10-28,Indicação,1,8625.43
1336,Guilherme Montenegro,mda-mota@example.org,2024-09-18,Indicação,12,58309.19
1337,Pietro Azevedo,zpereira@example.org,2024-10-23,Indicação,6,35463.19
1338,Luísa Nunes,dmarques@example.net,2024-03-11,Indicação,11,27721.15
1339,Caleb da Paz,sferreira@example.net,2025-07-21,Indicação,3,50343.17
1340,Matteo Pimenta,kamillyda-cruz@example.org,2025-08-25,Indicação,6,68408.23
1341,Marina Marques,lribeiro@example.net,2024-07-12,Indicação,7,36996.79
1342,Aylla Gonçalves,da-costalevi@example.com,2024-07-28,Indicação,12,280165.81
1343,Zoe da Rocha,sampaiopedro-henrique@example.com,2025-09-22,Indicação,2,25473.15
1344,Camila Freitas,sagustavo-henrique@example.net,2024-01-14,Indicação,3,34745.75
1345,Dr. Rael Cavalcante,oliver80@example.com,2025-01-12,Indicação,3,40562.15
1346,Brayan Porto,vgarcia@example.net,2024-11-28,Indicação,3,54235.95
1347,Evelyn Gonçalves,albuquerquetheodoro@example.org,2025-05-01,Indicação,6,13987.57
1348,Srta. Lunna Rios,dmendonca@example.org,2024-04-11,Indicação,8,24332.75
1349,Yan Ribeiro,lunacarvalho@example.com,2025-04-15,Indicação,4,39990.25
1350,Enrico Cavalcante,pereiraguilherme@example.org,2024-09-23,Indicação,10,174248.64
1351,Davi Nascimento,ecavalcante@example.net,2025-03-12,Indicação,7,52587.77
1352,João Gabriel Cassiano,lfogaca@example.org,2024-01-23,Indicação,3,15207.54
1353,Srta. Yasmin Cunha,dsampaio@example.net,2024-11-26,Indicação,10,56638.17
1354,Bella Gomes,livia09@example.org,2025-01-13,Indicação,10,37788.2
1355,Marcos Vinicius Vargas,theofreitas@example.org,2024-05-18,Indicação,2,65440.41
1356,Caleb Almeida,aalves@example.com,2024-03-25,Indicação,11,26012.58
1357,Benício Câmara,rioslucas-gabriel@example.net,2024-04-29,Indicação,10,12030.21
1358,Augusto Leão,duarteayla@example.net,2024-08-30,Indicação,2,40583.39
1359,Esther Pinto,vitoriagoncalves@example.com,2024-02-26,Indicação,2,39292.04
1360,Igor Cunha,fogacaayla@example.org,2025-11-15,Indicação,2,35800.94
1361,Murilo Rezende,apollo63@example.com,2024-10-13,Indicação,8,23695.5
1362,Benício Ribeiro,emilly01@example.org,2025-08-02,Indicação,5,51151.9
1363,Liz Vargas,tcaldeira@example.net,2025-12-08,Indicação,2,66810.2
1364,Eloá da Cunha,peixotoaylla@example.net,2024-02-16,Indicação,9,117387.61
1365,Sra. Catarina Farias,anna-lizrios@example.com,2025-04-03,Indicação,5,18858.58
1366,Lucas Gabriel Almeida,ggarcia@example.net,2025-09-19,Indicação,7,73842.48
1367,Srta. Sarah Pastor,da-conceicaoasafe@example.net,2025-03-22,Indicação,11,79021.43
1368,Leonardo da Costa,psa@example.net,2024-10-31,Indicação,5,54493.75
1369,Bento Carvalho,melina43@example.org,2024-11-01,Indicação,9,62369.49
1370,Gabrielly Ramos,da-costalivia@example.net,2024-01-21,Indicação,2,77771.47
1371,Sr. João Lucas Dias,moreirakamilly@example.net,2025-01-19,Indicação,1,31392.56
1372,Apollo da Conceição,caroline33@example.net,2025-12-26,Indicação,7,34467.16
1373,Josué Rodrigues,giovannamoreira@example.com,2025-11-25,Indicação,6,36655.09
1374,Pedro Miguel Pires,azevedomariane@example.org,2024-01-23,Indicação,1,107623.53
1375,Benjamim Porto,nicolascardoso@example.org,2025-05-12,Indicação,10,51277.84
1376,Yan Vieira,ravymontenegro@example.org,2024-07-26,Indicação,5,66987.03
1377,Nina das Neves,miguelda-cruz@example.com,2025-10-12,Indicação,10,26957.18
1378,Josué da Rosa,manuela34@example.com,2024-01-26,Indicação,3,59448.08
1379,Luiz Miguel Gonçalves,ecavalcante@example.com,2025-11-06,Indicação,12,54289.49
1380,Sofia Pimenta,jteixeira@example.com,2025-08-25,Indicação,3,59084.33
1381,Mateus Lima,teixeiraana-clara@example.net,2024-03-10,Indicação,1,16334.56
1382,Daniela Novaes,theogarcia@example.com,2024-02-03,Indicação,12,57667.09
1383,Rafael da Paz,mnovais@example.com,2025-08-23,Indicação,10,45161.74
1384,Lucas Gabriel Carvalho,jcosta@example.org,2024-04-05,Indicação,7,31346.54
1385,Anthony Gabriel Montenegro,mariane66@example.com,2025-01-20,Indicação,7,50353.74
1386,Sra. Maria Isis Mendonça,diego60@example.org,2025-10-22,Indicação,8,49749.87
1387,Elisa Correia,xda-cunha@example.net,2025-02-07,Indicação,8,18889.01
1388,Dr. Léo Sampaio,rezendehelena@example.com,2024-10-08,Indicação,10,74082.2
1389,Srta. Isabelly Mendes,fonsecabenjamin@example.net,2024-11-13,Indicação,10,77661.03
1390,Clara da Luz,jrodrigues@example.com,2024-02-05,Indicação,4,39937.52
1391,Enrico Albuquerque,vargasfrancisco@example.net,2025-12-03,Indicação,1,54951.67
1392,Sra. Maria Laura Santos,moreiramarcos-vinicius@example.com,2024-08-03,INDICAÇÃO,6,9694.09
1393,Paulo da Cunha,melissa86@example.net,2024-04-30,INDICAÇÃO,6,36011.39
1394,Noah Sá,caldeiracatarina@example.org,2024-07-14,Indicação,2,31028.07
1395,Gustavo Henrique Souza,tsampaio@example.org,2025-11-29,Indicação,4,96549.44
1396,Samuel Abreu,azevedolara@example.net,2024-02-24,Indicação,3,37168.41
1397,Laura Siqueira,lcavalcante@example.com,2025-09-16,Indicação,3,41660.1
1398,Davi Luiz Costa,gcirino@example.org,2025-05-14,Indicação,5,24726.43
1399,Hadassa Cirino,dantesouza@example.org,2025-08-19,Indicação,11,9221.18
1400,José Pedro Jesus,npires@example.org,2025-12-09,Indicação,5,37472.19
1401,Eloah Barros,enzo-gabriel61@example.com,2024-08-18,Evento,7,20255.06
1402,Luigi Alves,maria-lizmendonca@example.net,2024-02-03,Evento,6,74437.41
1403,Anthony Araújo,anthony-gabriel90@example.org,2024-12-04,Evento,6,52679.2
1404,Vicente Vieira,garciaraquel@example.com,2025-01-02,Evento,2,13527.25
1405,Olívia Sá,liz55@example.net,2025-07-02,Evento,12,82819.52
1406,Dr. Isaque Fonseca,ngarcia@example.org,2025-03-26,Evento,4,39247.84
1407,Dr. Carlos Eduardo Abreu,zsampaio@example.net,2025-09-19,Evento,3,138250.04
1408,Apollo Pereira,mouraalana@example.net,2025-07-12,Evento,1,63755.67
1409,Léo Machado,amoraes@example.net,2024-09-15,Evento,2,54418.88
1410,Alexandre Porto,arthur-gabriel50@example.net,2025-03-21,Evento,9,174539.25
1411,Dr. Igor Pereira,vguerra@example.net,2025-06-13,Evento,5,154525.23
1412,Luiz Fernando Lima,sribeiro@example.org,2025-11-23,Evento,3,85221.94
1413,Sra. Laís Pereira,joao-pedromoreira@example.net,2024-10-26,Evento,9,68191.95
1414,Dra. Ana Beatriz Cardoso,fvieira@example.com,2025-03-31,Evento,6,38296.92
1415,Nina Cavalcante,ecamargo@example.net,2024-10-04,Evento,10,83881.28
1416,Isabella da Cruz,luigisa@example.net,2025-06-05,EVENTO,10,70207.77
1417,Srta. Bianca Lopes,castrobeatriz@example.com,2025-10-19,Evento,3,28564.14
1418,Henry Silveira,maria-laura12@example.net,2025-10-24,Evento,12,35904.79
1419,Rebeca Borges,pietro99@example.org,2024-04-06,Evento,6,41168.91
1420,Manuela Garcia,prezende@example.net,2024-05-10,Evento,11,83174.69
1421,Isabel Câmara,igor41@example.org,2025-06-19,Evento,2,60601.77
1422,Luigi Sousa,igoroliveira@example.com,2025-03-20,Evento,8,297314.53
1423,Levi Garcia,das-nevesdavi@example.net,2025-10-14,Evento,7,23011.12
1424,Esther Gomes,xdias@example.com,2024-08-05,Evento,8,97247.63
1425,Carolina Moreira,heitorgoncalves@example.org,2025-09-02,Evento,11,363415.12
1426,Natália Dias,ana-carolinacamara@example.com,2025-04-26,Evento,12,15682.53
1427,Mirella Casa Grande,joao-vitor09@example.com,2024-05-04,Evento,12,26226.97
1428,Theodoro Sales,da-motamaria-liz@example.net,2024-03-16,Evento,5,73434.98
1429,Thales da Rocha,zaraujo@example.com,2025-05-10,Evento,11,45887.67
1430,Gustavo Henrique Siqueira,cauavasconcelos@example.org,2024-04-07,Evento,2,12769.96
1431,Maria Júlia da Rosa,augustonovaes@example.com,2025-07-21,Evento,11,31335.9
1432,Dr. Renan Ferreira,egoncalves@example.net,2025-02-01,evento,5,9281.61
1433,Sra. Larissa Sampaio,agathagoncalves@example.org,2024-12-10,Evento,2,40587.68
1434,Lorenzo Sá,santosana-julia@example.com,2024-07-05,Evento,10,8942.12
1435,Elisa Oliveira,luisasampaio@example.com,2025-12-17,Evento,11,15212.2
1436,Diogo Costela,matteosousa@example.net,2025-05-24,Evento,7,68756.75
1437,Luiz Miguel Silveira,rochajuan@example.com,2025-07-08,Evento,2,80258.05
1438,Eloá Araújo,fogacamaria-julia@example.org,2025-06-30,Evento,5,46321.09
1439,Dante Moraes,luara26@example.org,2025-02-18,Evento,12,71638.79
1440,Dante da Costa,tmendonca@example.net,2025-11-09,Evento,1,50587.43
1441,Emanuella Rezende,svasconcelos@example.net,2025-02-17,Evento,9,29660.77
1442,Aurora Vasconcelos,yrezende@example.com,2025-01-11,Evento,3,3788.83
1443,Melina Freitas,camposigor@example.org,2024-07-04,Evento,1,104934.86
1444,Samuel Ramos,augustopastor@example.net,2024-07-10,Evento,1,21634.86
1445,Pietra da Mota,vieiraluiz-miguel@example.com,2025-06-04,Evento,4,21275.28
1446,Maya da Rosa,gael-henriqueduarte@example.org,2024-08-22,Evento,9,178586.91
1447,Dra. Ester Guerra,goncalvesstella@example.net,2025-05-29,Evento,12,96583.04
1448,Ana Luiza Moreira,saoliver@example.net,2025-11-20,Evento,9,80428.86
1449,Fernando Peixoto,anthonynovais@example.com,2024-11-08,Evento,7,43146.2
1450,Sr. Asafe Cardoso,lorenzoborges@example.net,2024-02-26,Evento,7,75777.59
1451,Arthur Gabriel Barros,montenegroana-cecilia@example.com,2025-04-14,Evento,12,152473.67
1452,Eloá Lima,da-cruzana-clara@example.org,2024-01-06,Evento,6,140376.69
1453,Laís Ribeiro,kcarvalho@example.com,2025-07-15,Evento,6,76849.1
1454,Sra. Stephany Fogaça,gael-henriqueribeiro@example.org,2025-01-14,Evento,10,71922.35
1455,Arthur Miguel Correia,ana-claracunha@example.org,2024-12-21,Evento,3,11954.39
1456,Helena Pastor,agatha29@example.com,2025-02-09,EVENTO,7,15979.91
1457,Yan da Cunha,giovanna26@example.com,2025-01-09,Evento,10,18222.04
1458,José Miguel Rocha,jsales@example.net,2024-08-13,Evento,11,201680.97
1459,Brayan Pires,matheus59@example.net,2024-07-10,Evento,9,257582.44
1460,Sophia Pereira,larissacassiano@example.com,2024-10-21,Evento,2,55866.23
1461,Maria Helena Alves,eduardoda-mata@example.org,2025-10-07,Evento,12,94240.18
1462,Brenda Rodrigues,vazevedo@example.net,2024-03-22,Evento,11,22755.43
1463,Luiz Miguel Farias,joao-vitor34@example.org,2024-08-14,Evento,8,182447.72
1464,Marcos Vinicius Câmara,ycaldeira@example.org,2024-05-02,Evento,8,28261.7
1465,Vinicius Siqueira,mariana18@example.com,2024-10-29,Evento,12,30562.51
1466,Dra. Larissa Novaes,gael-henrique02@example.com,2024-03-21,Evento,10,160551.41
1467,Emilly Ferreira,lmendes@example.org,2025-06-24,Evento,6,38910.55
1468,Anthony Rodrigues,josecasa-grande@example.com,2024-03-01,Evento,7,285983.6
1469,Juliana Aragão,theo96@example.net,2025-04-13,Evento,12,32009.48
1470,Emilly Macedo,maria-helena84@example.com,2024-06-29,Evento,11,270832.28
1471,Stephany Silva,ana-lauraporto@example.org,2024-12-05,Evento,12,11388.75
1472,Nicolas Vargas,fernando11@example.net,2024-05-07,Evento,9,25468.2
1473,Caleb Cavalcante,barrosallana@example.net,2025-05-30,Evento,10,75744.87
1474,Alexia Lima,maria-luizamonteiro@example.net,2025-11-16,Evento,5,68422.78
1475,Yasmin Sampaio,guerraarthur@example.net,2024-05-23,Evento,7,97403.28
1476,André Silva,isampaio@example.net,2025-11-20,Evento,1,123215.16
1477,Sr. Vinícius Rodrigues,pereiramanuela@example.org,2024-08-14,Evento,4,23082.55
1478,Valentina Câmara,domfonseca@example.org,2025-02-02,Evento,10,48317.54
1479,Maria Aragão,ymonteiro@example.org,2025-05-09,Evento,11,26727.82
1480,Sr. Lucca Rocha,valentinavargas@example.org,2024-05-07,evento,11,55638.65
1481,Kaique Mendes,vinicius30@example.net,2024-11-13,Evento,10,74571.22
1482,Maria Júlia Cunha,olivia07@example.net,2024-02-08,Evento,4,227872.72
1483,Ana Laura Fogaça,pimentamaria-clara@example.com,2025-05-06,Evento,8,16758.83
1484,Luiz Gustavo Caldeira,ferreiramarcelo@example.com,2024-10-22,Evento,1,237080.69
1485,Sr. Carlos Eduardo Lopes,fcosta@example.net,2025-10-04,Evento,3,124232.22
1486,Daniela Jesus,mendoncaanthony-gabriel@example.org,2024-07-04,Evento,1,97104.09
1487,Isis Câmara,xgoncalves@example.com,2025-10-27,Evento,11,35497.19
1488,Dr. Fernando Nascimento,henrique77@example.org,2024-03-26,Evento,10,22800.54
1489,Luiz Gustavo Souza,wabreu@example.net,2025-03-04,Evento,3,36705.52
1490,Daniel Correia,bruno26@example.com,2024-07-31,Evento,4,19230.7
1491,Sra. Ana Beatriz Castro,maria-luizarios@example.com,2024-04-24,Evento,2,45837.81
1492,Otto Mendonça,trodrigues@example.org,2024-02-24,Evento,2,71922.55
1493,Dr. Theodoro Silveira,hcardoso@example.org,2025-04-06,Evento,5,23064.54
1494,Davi Lucas Cassiano,melissa03@example.org,2024-06-01,Evento,11,36819.82
1495,Manuela Lima,lopesmaria-luiza@example.com,2025-02-11,Evento,8,295735.69
1496,Ryan Barros,nda-cruz@example.org,2025-12-13,Evento,3,27642.32
1497,Dra. Ester da Cruz,ian43@example.net,2024-08-07,Evento,6,47268.79
1498,Fernanda Melo,sampaiomilena@example.net,2024-01-20,Evento,5,116230.08
1499,Gabriel Pastor,raulcampos@example.org,2024-03-27,Evento,2,43922.52
1500,Ana Carolina da Mota,joao-vitorlima@example.org,2024-03-11,Evento,1,62526.74
1501,Gabriela Borges,garciajoana@example.net,2024-11-28,Evento,11,33497.45
1502,Igor Câmara,leticia70@example.net,2025-06-11,Evento,6,210144.2
1503,Ana Júlia da Rosa,da-mataemanuella@example.com,2024-07-22,Evento,11,85189.45
1504,Dr. Josué Dias,cirinobruno@example.org,2024-03-29,Evento,12,112679.54
1505,Lorenzo Cunha,maria-julia49@example.org,2025-03-26,Evento,11,30459.76
1506,Ester da Cunha,vfonseca@example.com,2024-07-26,Evento,9,203261.0
1507,Calebe Rios,rodriguesjose-pedro@example.com,2025-02-12,EVENTO,7,23087.69
1508,Dr. Vinícius Pereira,renan43@example.net,2025-11-04,Evento,7,40716.6
1509,Aurora Caldeira,isaqueaparecida@example.net,2024-07-18,Evento,10,43500.09
1510,Esther Correia,ebrito@example.net,2025-01-07,Evento,12,35242.43
1511,Manuela da Rosa,mteixeira@example.net,2025-07-31,Evento,5,24002.74
1512,Srta. Ana Clara Cardoso,larissanovaes@example.net,2025-05-02,Evento,11,13053.33
1513,Luiz Felipe Fonseca,tpires@example.org,2025-06-16,Evento,11,34374.23
1514,Ana Lívia Mendes,gmoura@example.org,2025-07-03,Evento,8,18809.26
1515,João Guilherme Sampaio,amandaaparecida@example.net,2025-01-22,Evento,11,93939.03
1516,Gabriel Sousa,rmonteiro@example.net,2025-01-20,Evento,12,56578.3
1517,Ana Vitória Cavalcante,gsa@example.com,2025-05-22,Evento,6,78139.54
1518,Maria Julia Guerra,noah20@example.org,2025-05-06,Evento,10,35812.96
1519,Helena Pastor,vieiraolivia@example.com,2025-04-16,Evento,12,26415.0
1520,Valentina da Luz,pedro-lucas44@example.net,2024-09-27,Evento,1,19742.45
1521,Enzo Gabriel Câmara,nascimentorenan@example.com,2025-08-18,Evento,5,30166.27
1522,Diogo da Mota,vitor-hugovieira@example.org,2024-06-03,Evento,7,127135.72
1523,Isadora Costela,abreucecilia@example.net,2024-04-05,Evento,6,32025.36
1524,Maria Eduarda Duarte,santosisis@example.com,2024-08-31,Evento,8,75556.28
1525,Srta. Maria Luísa Pimenta,aylla00@example.com,2024-06-17,Evento,6,23820.33
1526,João Lucas Cavalcanti,arthur-gabriel89@example.org,2025-04-11,Evento,5,134910.23
1527,Dra. Maria Helena Rezende,noah73@example.com,2024-05-30,Evento,2,7568.48
1528,Gustavo Pacheco,ccassiano@example.org,2025-04-06,Evento,2,36301.84
1529,Dra. Maya Freitas,maria-luizaborges@example.com,2025-01-07,Evento,1,74704.12
1530,Raul Cirino,marcos-viniciusnunes@example.com,2024-04-03,Evento,7,86747.16
1531,Srta. Larissa Almeida,luan26@example.net,2024-06-21,Evento,12,15195.73
1532,Esther Azevedo,diegolima@example.org,2025-01-12,Evento,3,27917.86
1533,Maria Luiza Brito,apollopereira@example.org,2025-06-01,Evento,4,49552.94
1534,Maria Isis Almeida,albuquerquecaio@example.org,2024-10-08,Evento,2,31208.71
1535,Bryan da Mata,apollovieira@example.org,2024-05-31,Evento,4,13875.7
1536,Vitor Hugo Sousa,enzo-gabriel32@example.com,2024-07-21,Evento,1,59967.27
1537,Melina Castro,bianca72@example.org,2024-02-25,Evento,9,41222.26
1538,Yago Sales,yasmin10@example.org,2024-01-15,Evento,2,45815.92
1539,Yago da Rocha,moraeskamilly@example.org,2025-12-07,Evento,9,85214.7
1540,Henry Gabriel Alves,leticiagomes@example.org,2024-02-26,Evento,11,33925.61
1541,Dr. Henry Gabriel Rodrigues,trodrigues@example.org,2024-03-15,Evento,9,60404.09
1542,Eloá Camargo,gustavoda-paz@example.com,2025-09-19,Evento,4,55354.36
1543,Lucas Gabriel Campos,enzo-gabriel09@example.org,2025-04-11,Evento,5,21604.57
1544,Paulo Moura,luiz-miguel62@example.net,2024-11-06,EVENTO,4,19910.18
1545,Liz Pinto,cecilia14@example.com,2025-04-01,Evento,8,34393.61
1546,Maria Eduarda da Luz,vianaandre@example.org,2025-11-05,Evento,11,107135.02
1547,Clara Dias,heloisamachado@example.net,2024-02-27,Evento,10,144640.44
1548,Ana Lívia Camargo,rsiqueira@example.org,2024-06-09,Evento,2,38845.03
1549,Lorenzo Cardoso,helenafogaca@example.com,2025-09-11,Evento,2,208145.3
1550,Mariana Mendes,ypereira@example.net,2025-07-10,Evento,8,13851.43
1551,Sr. Joaquim Gomes,fnovaes@example.net,2025-12-26,Evento,9,21077.12
1552,Sabrina Nascimento,hadassabarros@example.net,2024-08-05,Evento,11,95500.45
1553,Sra. Valentina Oliveira,erickda-costa@example.com,2025-11-13,Evento,12,48063.82
1554,Gustavo Almeida,maria-julia21@example.org,2024-08-29,Evento,7,15559.02
1555,Dr. Davi Miguel da Rocha,jcasa-grande@example.com,2025-05-19,Evento,7,16868.15
1556,Gustavo Henrique Câmara,souzajoao-guilherme@example.org,2025-09-28,Evento,9,101776.85
1557,Dra. Cecília Garcia,sampaiolais@example.com,2024-04-16,Evento,10,28710.79
1558,Cauê Ribeiro,mendeslevi@example.org,2024-05-11,Evento,3,31886.39
1559,Luiz Otávio Casa Grande,da-cruzeduardo@example.org,2025-02-16,Evento,8,91099.59
1560,Maria Vitória Cassiano,maria-isissouza@example.org,2025-08-30,Evento,7,69276.15
1561,Dra. Letícia Melo,vsilveira@example.com,2024-02-15,Evento,1,26571.13
1562,Alice da Paz,cassianodante@example.net,2025-09-04,Evento,10,16797.99
1563,Erick Montenegro,antoniogoncalves@example.com,2024-08-29,EVENTO,9,10428.16
1564,Mirella Novaes,melissa43@example.com,2024-10-14,EVENTO,9,99362.08
1565,João Gabriel Borges,vcardoso@example.org,2024-08-26,Evento,10,68779.89
1566,Ana Laura Câmara,vcirino@example.net,2025-10-19,Evento,3,56787.27
1567,Ana Vitória Sales,umendes@example.net,2024-03-19,Evento,5,62538.91
1568,Maria Luiza Garcia,cauefreitas@example.net,2025-02-12,Evento,10,24116.05
1569,Evelyn da Mata,caldeiraeduardo@example.com,2024-03-31,Evento,8,115978.02
1570,Lívia Alves,alexiacastro@example.net,2025-10-31,Evento,4,49206.31
1571,Benício Cunha,saana-luiza@example.org,2025-07-24,Evento,5,103163.74
1572,Gabriela Porto,da-costavitor-gabriel@example.org,2024-06-01,Evento,11,48024.79
1573,Ana Clara Nunes,daparecida@example.com,2024-07-23,Evento,12,91688.52
1574,Leonardo Albuquerque,alexia68@example.org,2024-09-26,Evento,10,14538.67
1575,Dr. Luiz Henrique Cardoso,fariasjoana@example.net,2024-10-14,Evento,4,152994.08
1576,Beatriz Montenegro,beniciopastor@example.com,2025-08-09,Evento,12,34775.0
1577,Ana Carolina da Rocha,kevinrodrigues@example.com,2025-02-06,Evento,8,30502.43
1578,Caleb Silva,pedrorodrigues@example.net,2024-10-30,Evento,7,98524.43
1579,Enrico Montenegro,manuela25@example.com,2025-05-22,Evento,10,81808.73
1580,Dr. Asafe Silva,nda-costa@example.net,2024-11-23,Evento,12,102420.39
1581,Ana Vitória Cassiano,zbrito@example.org,2024-03-17,Evento,8,12419.79
1582,Leonardo Novaes,monteirogabriel@example.com,2024-03-04,Evento,6,41735.38
1583,Sr. Juan Castro,da-motaemanuella@example.com,2024-08-15,Evento,8,30084.73
1584,Brayan Cavalcanti,eda-luz@example.com,2025-03-01,Evento,9,50595.8
1585,Cecilia Campos,xaparecida@example.com,2024-03-22,Evento,5,185345.37
1586,Maria Luísa Pinto,lunnafonseca@example.net,2025-01-28,evento,9,50013.68
1587,Luara Freitas,rodriguesjulia@example.net,2024-06-30,Evento,7,37077.76
1588,Julia Rodrigues,pintodanilo@example.net,2025-05-05,Evento,4,64430.44
1589,Anthony Cassiano,da-rochafernanda@example.org,2024-01-16,Evento,3,37721.68
1590,Maria Liz Barbosa,hellenamartins@example.net,2024-12-02,Evento,7,199625.95
1591,Luiz Fernando Martins,iramos@example.com,2024-01-30,Evento,8,102086.88
1592,Bryan Cirino,goncalvesluana@example.org,2024-08-19,Evento,9,90429.26
1593,Luísa Azevedo,caroline97@example.org,2024-01-09,Evento,1,49642.96
1594,Dra. Olívia Camargo,maria08@example.org,2024-12-03,Evento,10,19584.4
1595,Clara Porto,antonellanunes@example.org,2025-06-29,Evento,10,84110.51
1596,Maria Helena Araújo,lorena73@example.org,2024-02-28,Evento,10,29810.84
1597,Antônio Teixeira,qda-mata@example.net,2025-06-03,Evento,12,42880.14
1598,Bryan Casa Grande,da-motajade@example.org,2025-02-18,Evento,7,23155.05
1599,Rael Leão,valentimcirino@example.org,2025-01-03,Evento,1,43430.1
1600,Paulo Fernandes,lucas35@example.com,2025-02-27,Evento,4,46115.0
1601,Olívia Nascimento,luizafogaca@example.net,2024-08-23,Evento,2,55613.63
1602,Maria Julia Albuquerque,eduardosilveira@example.net,2025-05-16,Evento,10,125655.72
1603,Clara Duarte,arthur27@example.org,2025-07-09,Evento,12,132985.73
1604,Luiza Camargo,hda-luz@example.net,2025-07-08,Evento,5,232073.69
1605,Rael Cardoso,lporto@example.org,2024-06-30,Evento,9,15955.34
1606,Henrique Souza,laurasampaio@example.net,2025-04-04,Evento,10,24542.03
1607,Marcos Vinicius Cunha,otto39@example.org,2024-03-31,Evento,8,74807.79
1608,Dr. Antony da Rosa,milena17@example.net,2024-12-27,Evento,12,19673.03
1609,Maria Sophia Jesus,clarice86@example.net,2024-01-02,Evento,4,96363.73
1610,Sr. Felipe Marques,lfreitas@example.net,2024-05-03,Evento,2,43802.05
1611,Elisa Nogueira,sgarcia@example.net,2025-03-20,Evento,4,113515.68
1612,Dra. Maya Porto,gael-henrique11@example.org,2025-09-22,Evento,8,65513.78
1613,Allana Pimenta,fcaldeira@example.net,2024-01-28,Evento,12,50341.03
1614,Ísis Brito,lmontenegro@example.org,2025-02-02,Evento,2,37246.92
1615,Lavínia Leão,pietrovasconcelos@example.com,2025-03-24,evento,1,57275.61
1616,Maria Helena Camargo,maria-isiscampos@example.com,2025-11-03,Evento,5,28543.67
1617,Maria Sophia Ramos,xabreu@example.org,2025-04-05,Evento,3,38770.1
1618,Larissa da Mata,ana-liz63@example.org,2024-03-01,Evento,1,27238.67
1619,Ana Beatriz Albuquerque,cassianoevelyn@example.net,2024-03-30,Evento,1,88815.71
1620,Dra. Luiza Farias,lorenada-costa@example.net,2025-03-23,EVENTO,5,163328.58
1621,Evelyn Pimenta,zaragao@example.net,2024-05-19,Evento,10,31379.36
1622,Carolina Porto,lsiqueira@example.com,2025-10-31,Evento,8,70952.51
1623,Sr. Pedro Henrique da Conceição,santosjose@example.net,2025-10-25,Evento,3,68902.45
1624,Matteo Teixeira,liam53@example.org,2025-11-16,Evento,11,239410.79
1625,Apollo Lopes,piresleandro@example.org,2024-07-19,Evento,8,20553.26
1626,Ísis Barros,valves@example.net,2025-05-20,Evento,9,105967.99
1627,Rafael Porto,marcelo33@example.com,2025-04-11,Evento,10,129770.14
1628,Vitor Gabriel da Cruz,qvargas@example.net,2024-01-21,Evento,1,25482.09
1629,João Guilherme Barros,augustoporto@example.net,2024-06-27,Evento,11,50407.02
1630,Daniel Marques,caldeirajoao-miguel@example.com,2024-05-12,Evento,4,68319.72
1631,Fernando Borges,monteiroeloa@example.org,2024-09-18,Evento,2,12281.6
1632,Beatriz Mendonça,jesusdiogo@example.com,2025-11-20,Evento,8,14308.32
1633,Ana Vitória Costela,ugarcia@example.net,2025-09-01,Evento,4,33615.57
1634,Elisa Cirino,antonio29@example.net,2024-07-20,Evento,3,60210.42
1635,Ana Beatriz Campos,cecilia79@example.net,2025-01-17,Evento,3,36142.67
1636,Alana Castro,joaquim39@example.org,2024-05-02,Evento,10,38652.6
1637,Alícia Moreira,pedrofonseca@example.org,2024-07-07,Evento,8,23446.58
1638,Arthur Duarte,pedro-lucasbarros@example.net,2024-02-06,Evento,11,19445.86
1639,Srta. Juliana da Mota,fcosta@example.com,2025-03-27,Evento,12,28687.65
1640,Dra. Laís Martins,glopes@example.com,2025-04-07,Evento,5,141625.01
1641,José Cavalcanti,alanagoncalves@example.org,2025-08-26,Evento,4,271307.13
1642,Luana Cavalcante,mariahlopes@example.com,2025-09-19,Evento,12,84426.87
1643,Júlia Dias,pereirahadassa@example.com,2024-04-08,Evento,1,88771.86
1644,Luiz Gustavo Freitas,machadolucas-gabriel@example.org,2025-06-09,Evento,9,166273.83
1645,Isis Pastor,mda-rocha@example.net,2024-03-22,Evento,4,16530.78
1646,Maria Gonçalves,camargoluiz-miguel@example.com,2024-09-20,Evento,11,268241.21
1647,Ester Fogaça,diogocunha@example.net,2025-01-09,Evento,9,20888.5
1648,Dr. Diogo Vasconcelos,joaquim05@example.net,2024-01-28,Evento,10,55743.15
1649,Lucas Cunha,ynunes@example.com,2024-04-06,Evento,8,93714.8
1650,Benício Gomes,otavio83@example.org,2024-07-01,Evento,7,26910.38
1651,Lara Silva,oliveiralaura@example.net,2024-03-17,Evento,9,104193.66
1652,Luiza Dias,matteoaragao@example.com,2025-11-05,Evento,4,67675.25
1653,Ana Clara da Mota,hcampos@example.com,2024-07-15,Evento,4,24115.24
1654,Luan Pastor,kda-costa@example.org,2025-01-01,Evento,1,38084.56
1655,Antony Ramos,martinsalice@example.org,2025-12-28,Evento,4,134016.91
1656,Ana Carolina Nascimento,fernandesarthur-gabriel@example.org,2025-02-07,Evento,12,96155.36
1657,Aylla Leão,yan55@example.com,2024-10-18,Evento,11,72229.03
1658,Levi Monteiro,goncalvesana-cecilia@example.net,2025-11-01,Evento,4,40710.83
1659,Sabrina Ramos,freitasgustavo@example.org,2024-05-24,Evento,8,35339.14
1660,Benicio Albuquerque,gustavo-henriqueduarte@example.net,2024-04-22,Evento,5,239166.61
1661,Sra. Heloisa Cavalcante,correiaemilly@example.net,2025-01-20,Evento,9,24723.59
1662,Benjamim da Luz,camargocalebe@example.com,2024-10-30,Evento,3,76352.84
1663,João Farias,sda-mata@example.org,2025-07-23,Evento,10,6630.61
1664,Raul Campos,antonellacasa-grande@example.net,2024-01-24,Evento,11,25098.13
1665,Melissa Rios,moreirasarah@example.org,2025-03-11,Evento,2,35277.83
1666,Pietra Ribeiro,uda-mota@example.net,2025-05-16,Evento,1,59570.06
1667,Heloisa Borges,ana-carolina15@example.net,2025-12-06,Evento,8,47679.62
1668,Gustavo Sales,barbosamaya@example.org,2024-03-29,Evento,8,33926.66
1669,Anthony Gabriel Rios,maria-helenagomes@example.org,2024-06-11,Evento,9,50475.35
1670,Bella Fernandes,sarahmoraes@example.com,2025-11-03,Evento,7,32753.52
1671,Rafael Rezende,mirellacaldeira@example.org,2025-03-20,Evento,8,88064.62
1672,Luiz Otávio Gomes,gpinto@example.org,2024-01-22,Evento,7,18844.49
1673,Esther Azevedo,lavinia24@example.net,2024-02-14,Evento,8,283015.3
1674,Bella Casa Grande,vcaldeira@example.org,2025-07-14,Evento,6,85035.09
1675,Antony Marques,vitoralves@example.com,2025-02-07,Evento,11,133283.74
1676,Vitória Machado,vinicius18@example.org,2025-02-06,Evento,9,134963.26
1677,Dr. Heitor Cassiano,bmontenegro@example.net,2025-09-26,Evento,8,202863.03
1678,Sr. Pedro Lucas da Mata,gael-henrique06@example.net,2024-06-07,Evento,9,14442.07
1679,Evelyn da Rocha,isiscavalcanti@example.net,2024-04-08,Evento,5,60325.17
1680,Vinícius Pereira,bmoreira@example.org,2025-03-08,Evento,12,45726.08
1681,Ana Julia Ramos,henrycamara@example.org,2025-09-27,Evento,12,140072.66
1682,Arthur Miguel Oliveira,rhavi18@example.org,2024-06-27,Evento,7,96780.2
1683,Henry Gabriel Pinto,zgoncalves@example.org,2025-04-24,Evento,2,15887.78
1684,João Felipe Monteiro,luigiviana@example.org,2024-04-03,Evento,6,141705.99
1685,Dr. João Pedro Siqueira,britoleo@example.net,2024-04-17,Evento,8,42743.41
1686,Dra. Pietra Sousa,rhavi25@example.net,2025-10-11,Evento,9,194675.6
1687,Enzo Cirino,maria-alice20@example.net,2024-03-11,Evento,1,20369.75
1688,Mariane Farias,cavalcantivinicius@example.org,2024-01-14,Evento,5,45984.16
1689,Anthony Peixoto,maria-julia90@example.com,2025-07-05,Evento,4,31999.63
1690,Ravy Camargo,almeidaamanda@example.org,2024-09-12,Evento,7,101427.09
1691,Sarah Cavalcante,gabrielbrito@example.com,2024-10-07,Evento,8,59956.73
1692,Sra. Milena Mendonça,zoe47@example.com,2025-07-25,Evento,5,204834.92
1693,Dr. Anthony Gabriel Fogaça,brenda89@example.com,2024-04-23,Evento,5,41427.62
1694,João Gabriel Rodrigues,casa-grandejuliana@example.org,2025-04-02,Evento,11,151917.97
1695,Cecília Fogaça,palves@example.net,2024-08-05,Evento,4,14204.09
1696,Dra. Marina Fonseca,felipecorreia@example.com,2024-03-01,Evento,6,52302.49
1697,Bianca da Mota,lmoura@example.com,2025-04-29,Evento,5,32509.2
1698,Marcela Farias,apastor@example.com,2024-08-09,Evento,3,50776.14
1699,Gabriel Aparecida,joaquim67@example.net,2025-09-16,Evento,2,36699.95
1700,Dr. Daniel Albuquerque,jrodrigues@example.com,2025-10-24,Evento,3,40381.03
1701,Clarice Moreira,luan47@example.com,2025-09-03,Evento,6,49629.44
1702,Juan Albuquerque,naparecida@example.com,2024-08-12,Evento,9,53278.74
1703,Camila Aragão,adas-neves@example.com,2024-06-03,Evento,2,124713.81
1704,Sr. Benicio da Cunha,clarada-paz@example.net,2025-10-05,Evento,3,154748.53
1705,Daniela Borges,joao-pedro36@example.net,2024-11-19,Evento,11,11176.04
1706,João Vitor Câmara,melodaniela@example.org,2025-05-14,Evento,10,51401.49
1707,Maria Isis Lima,qbrito@example.com,2025-08-17,Evento,8,64450.47
1708,Luana Cavalcanti,urocha@example.net,2024-07-07,EVENTO,10,11802.78
1709,Guilherme da Cunha,laranovaes@example.org,2024-03-11,Evento,9,16455.05
1710,Leandro Barros,maria-eduarda82@example.com,2025-03-16,Evento,9,29942.61
1711,Aylla Carvalho,usales@example.net,2025-02-21,Evento,1,7749.61
1712,Maria Alice Martins,leticia76@example.com,2024-07-01,Evento,4,15855.59
1713,Ana Novais,vargaslaura@example.org,2025-02-18,Evento,7,79158.44
1714,Kevin Viana,oliviafreitas@example.org,2025-07-18,Evento,7,114516.9
1715,Ísis Nunes,caue62@example.com,2024-09-03,Evento,5,37736.08
1716,Alana Martins,faragao@example.org,2024-06-08,Evento,5,113146.15
1717,Cauê Farias,da-rochamaria-luisa@example.net,2025-05-26,Evento,8,178716.55
1718,Sr. Davi Sousa,sampaionicolas@example.net,2025-07-14,Evento,11,98635.05
1719,Thales Carvalho,leonardoda-rosa@example.net,2025-11-21,Evento,8,47520.7
1720,André Mendonça,ianazevedo@example.org,2024-03-30,Evento,9,163313.35
1721,Dante Moreira,da-cruznicolas@example.org,2025-10-02,Evento,4,35356.23
1722,Amanda Montenegro,dgoncalves@example.org,2025-06-27,Evento,1,53208.96
1723,Nathan Mendes,ravynogueira@example.com,2025-05-09,Evento,7,115266.4
1724,Maysa Ribeiro,lopesjoao-vitor@example.net,2024-08-04,Evento,8,108989.36
1725,Francisco Casa Grande,luigimoraes@example.net,2024-01-13,Evento,2,82637.97
1726,Dra. Gabriela Melo,sda-rocha@example.net,2025-01-04,Evento,2,42350.03
1727,Thales Freitas,heloisa61@example.com,2024-07-13,Evento,9,34985.76
1728,Mariana Casa Grande,da-pazmaria-cecilia@example.org,2024-07-17,Evento,2,37117.6
1729,Maria Julia Albuquerque,bernardo97@example.org,2025-10-30,Evento,11,22086.2
1730,Sr. Ravi Lucca Silveira,ada-mota@example.org,2024-04-03,Evento,5,28773.97
1731,Sr. Luiz Fernando Santos,emoraes@example.org,2025-11-05,Evento,7,90174.71
1732,Clarice Fogaça,maria-clara24@example.net,2025-01-02,Evento,7,29140.96
1733,Matteo Azevedo,egarcia@example.net,2025-08-26,Evento,2,35543.63
1734,Emilly Oliveira,jose-pedro59@example.net,2024-07-12,Evento,8,22114.83
1735,Dr. Bernardo Aparecida,siqueiraliam@example.org,2025-03-22,Evento,6,69541.86
1736,Cauê Monteiro,wduarte@example.org,2025-02-01,Evento,7,252986.73
1737,Srta. Bella Cavalcanti,asa@example.org,2025-10-28,Evento,10,114182.63
1738,José Camargo,souzadiogo@example.com,2024-04-22,Evento,5,173013.7
1739,Sr. Erick Duarte,sampaiomanuella@example.com,2024-05-11,Evento,11,15442.77
1740,Guilherme Costa,mariane74@example.org,2025-11-17,Evento,2,28730.8
1741,Enrico Lopes,erickpacheco@example.org,2024-02-27,Evento,8,37266.42
1742,Aylla Costela,carvalhoanthony@example.com,2025-03-22,Evento,6,47898.32
1743,Ísis Barbosa,leo87@example.org,2024-02-04,Evento,6,169413.27
1744,Renan Montenegro,eduarda98@example.org,2024-02-14,Evento,10,47118.21
1745,Pedro Lucas Lima,kbarbosa@example.org,2025-02-26,evento,3,79577.04
1746,Valentim da Rosa,camposmelina@example.org,2025-01-29,Evento,4,27991.75
1747,Vitor Hugo Farias,camaraamanda@example.com,2025-02-11,Evento,11,191566.11
1748,Maria Alice Azevedo,aliciabarbosa@example.net,2024-12-07,Evento,5,87482.14
1749,Isabella Moreira,isabelly90@example.net,2025-06-09,Evento,12,62783.26
1750,Srta. Olivia da Luz,andradecamila@example.com,2025-12-24,Evento,7,284522.43
1751,Guilherme Farias,carvalhonicolas@example.net,2024-07-05,Evento,2,31551.18
1752,Sra. Ana Liz da Costa,zbarbosa@example.net,2024-08-13,Evento,2,27022.89
1753,Ana Carolina Ferreira,leaoenrico@example.net,2024-08-13,Evento,5,94600.08
1754,Caroline da Mata,caldeirabrayan@example.com,2025-06-26,Evento,5,37031.23
1755,Heloisa Rezende,lorena74@example.org,2024-09-02,Evento,6,27404.67
1756,Benjamin Alves,sophiepereira@example.com,2025-04-21,Evento,12,41164.09
1757,Allana Novaes,yaragao@example.com,2024-11-13,Evento,1,117595.96
1758,Srta. Marina Sampaio,inovaes@example.org,2025-03-04,Evento,4,12560.3
1759,Bárbara Pimenta,clarice35@example.com,2025-08-18,Evento,10,30446.68
1760,Isaac da Conceição,pastorantonio@example.org,2025-01-08,Evento,3,174680.39
1761,Zoe Nunes,albuquerquetheo@example.org,2024-12-08,Evento,6,50801.75
1762,Benjamin Cardoso,scirino@example.org,2024-06-28,Evento,2,22719.9
1763,Dr. Joaquim da Rocha,isabellamendes@example.net,2025-01-09,Evento,2,9810.38
1764,Breno Barbosa,yasmin37@example.net,2024-06-24,Evento,7,41260.43
1765,Sra. Hellena Macedo,emanuelly84@example.net,2025-08-30,Evento,8,22963.23
1766,Vinicius da Mata,vitoria81@example.org,2024-10-02,Evento,10,50679.11
1767,Dr. Ryan da Mota,costelajoao-guilherme@example.net,2024-03-18,Evento,9,502024.97
1768,Leandro Sousa,joaquimfreitas@example.net,2024-06-06,Evento,12,252128.09
1769,Arthur Miguel da Costa,wrezende@example.com,2025-01-19,Evento,2,29276.76
1770,Antônio Monteiro,da-mataagatha@example.net,2025-10-22,Evento,8,23137.92
1771,Letícia Barros,da-motahadassa@example.com,2024-07-25,Evento,10,20819.67
1772,Mateus Gomes,oaparecida@example.org,2024-06-26,Evento,4,20204.39
1773,Ester Ribeiro,dnascimento@example.net,2024-10-14,Evento,10,40684.6
1774,Arthur Gabriel Nogueira,benjamim95@example.com,2025-12-02,Evento,9,151573.55
1775,Helena Sá,fernandesluara@example.com,2025-08-31,Evento,7,26891.68
1776,Dra. Ana Laura Caldeira,rsilveira@example.com,2024-04-01,Evento,3,21584.81
1777,Nicole Lima,luan67@example.net,2025-03-08,Evento,8,15681.84
1778,Davi Lucca Albuquerque,yan13@example.net,2025-07-19,Evento,2,68059.32
1779,Lucca Oliveira,nandrade@example.com,2025-06-30,Evento,5,199410.24
1780,Dr. José Viana,camposana-liz@example.net,2024-12-21,Evento,11,65764.42
1781,Luna da Luz,liviamartins@example.org,2025-05-31,Evento,4,23614.72
1782,Alexia Martins,fogacamaria-luiza@example.net,2025-02-17,Evento,4,29895.52
1783,Helena Jesus,pachecoemanuel@example.com,2024-05-08,Evento,5,42254.51
1784,Luara Azevedo,qcirino@example.com,2024-02-01,Evento,12,7175.81
1785,Thales Cardoso,luiz-fernandocasa-grande@example.net,2024-09-17,Evento,9,16145.12
1786,Ana Julia da Conceição,rezendebreno@example.org,2024-02-05,Evento,8,15772.21
1787,Sofia Macedo,bryan83@example.org,2024-10-06,Evento,9,39903.09
1788,Sra. Jade Almeida,valentina09@example.org,2025-08-18,Evento,3,85922.59
1789,Sr. Breno Montenegro,gcamargo@example.org,2025-08-30,Evento,10,70533.06
1790,Gustavo Duarte,kamilly16@example.com,2024-01-20,EVENTO,11,71675.49
1791,Apollo Duarte,bruna65@example.com,2024-02-09,Evento,12,82260.0
1792,Arthur Castro,caio42@example.net,2025-04-16,Evento,5,133618.6
1793,Cauê Pereira,ana-sophiamoraes@example.net,2024-12-31,Evento,2,72393.03
1794,Dra. Manuella Cunha,cpacheco@example.net,2024-03-31,Evento,10,18076.47
1795,Srta. Maria Helena Teixeira,barbosapietro@example.net,2025-07-30,Evento,6,13683.19
1796,Mariah Nascimento,mouracaua@example.net,2024-05-19,EVENTO,9,12208.4
1797,Valentina Moreira,rdias@example.org,2024-02-14,Evento,11,110404.01
1798,Laís da Cruz,ryan53@example.com,2025-06-15,Evento,4,61706.96
1799,Sr. Isaque Macedo,ffonseca@example.com,2025-03-05,Evento,4,59026.71
1800,Sofia Barbosa,maria-sophia93@example.com,2024-10-06,Evento,1,63781.54
1801,Heloísa Nunes,stephanyda-cruz@example.com,2025-05-03,EVENTO,7,40858.41
1802,Cecilia Pereira,allana55@example.org,2025-10-19,Evento,12,146018.86
1803,Nicolas Leão,mayapires@example.org,2024-01-20,Evento,4,114262.51
1804,Rafael Albuquerque,isaqueleao@example.com,2025-03-18,Evento,10,24717.7
1805,Olivia Souza,cardosobernardo@example.com,2024-05-21,Evento,5,42128.91
1806,Enzo Barbosa,oliviamoura@example.com,2024-12-07,Evento,1,169124.5
1807,Maria Cardoso,jsampaio@example.org,2024-10-27,Evento,3,53433.17
1808,Sra. Bárbara Fernandes,henrique01@example.net,2024-10-02,Evento,3,165382.13
1809,Dr. Nicolas Pires,bsousa@example.com,2024-04-30,Evento,10,71211.99
1810,Catarina Siqueira,nicolebarros@example.org,2025-07-28,Evento,7,90349.28
1811,Léo Rocha,ugarcia@example.com,2024-09-25,Evento,12,32312.78
1812,Thomas Silveira,gael34@example.com,2025-10-01,Evento,3,10238.41
1813,Sr. Valentim Moura,uda-paz@example.com,2024-09-07,Evento,3,116254.24
1814,Sr. Diego Aparecida,lorenamoreira@example.com,2025-08-27,Evento,2,106336.35
1815,Luara Brito,alice21@example.com,2025-01-25,EVENTO,1,71924.72
1816,Ryan Macedo,luccada-paz@example.com,2024-09-29,Evento,1,123722.14
1817,Bianca da Conceição,joao-miguel13@example.net,2025-05-11,Evento,12,35908.48
1818,Eloá Alves,nogueirastephany@example.org,2025-07-15,Evento,12,43237.26
1819,Samuel Alves,nicolas49@example.com,2024-12-15,Evento,12,40395.21
1820,Sra. Stephany Cardoso,hda-rocha@example.net,2024-10-28,Evento,1,31227.79
1821,Srta. Melina Lopes,fda-luz@example.org,2025-02-14,Evento,7,175419.07
1822,Danilo Fogaça,souzapedro-miguel@example.net,2025-02-18,Evento,2,26592.27
1823,Luan Castro,yuri78@example.net,2024-10-28,Evento,9,17831.08
1824,Levi Andrade,tbrito@example.net,2025-06-21,Evento,8,220208.39
1825,Sr. Arthur Miguel Porto,da-cruzjoao-guilherme@example.net,2024-10-09,Evento,1,16204.9
1826,Hellena Rocha,viniciusmelo@example.org,2024-11-19,Evento,10,48804.5
1827,Ester Siqueira,ida-paz@example.org,2025-03-03,Evento,12,219045.27
1828,Aurora Moreira,andrelopes@example.org,2025-12-19,Evento,1,112974.71
1829,Giovanna Santos,brenoleao@example.net,2024-06-23,Evento,12,72844.02
1830,Mateus Pires,ceciliamendes@example.net,2024-05-31,Evento,9,112067.76
1831,Emilly da Rosa,anarios@example.com,2024-04-20,Evento,8,6807.42
1832,Maria Júlia Peixoto,yasmin74@example.org,2025-04-30,Evento,11,7410.51
1833,Daniel Sá,larissa75@example.org,2024-11-16,Evento,4,31836.11
1834,Mariana Camargo,maria-fernandadias@example.net,2024-10-01,Evento,9,203728.1
1835,Luiz Felipe Sampaio,isantos@example.com,2024-05-10,Evento,6,44814.36
1836,Maria Sophia Rodrigues,benjaminda-rocha@example.com,2025-10-04,Evento,5,49090.07
1837,Helena Viana,jaraujo@example.com,2024-11-11,Evento,8,25772.4
1838,Liam Jesus,bmacedo@example.com,2025-03-04,Evento,3,60467.99
1839,Benjamim da Mata,osiqueira@example.com,2024-03-07,Evento,5,9576.32
1840,Ana Clara das Neves,ojesus@example.net,2024-03-04,Evento,6,223837.52
1841,Vitor Gabriel Costela,pimentabella@example.org,2024-02-08,EVENTO,10,100077.35
1842,Ágatha Almeida,garciafernando@example.net,2024-09-16,Evento,9,134945.71
1843,Dr. Yuri Azevedo,moreiraotto@example.com,2024-12-06,Evento,8,36699.89
1844,Fernanda Castro,osilva@example.com,2024-06-10,Evento,7,36697.83
1845,Marcelo Farias,jcunha@example.net,2024-09-03,Evento,4,46469.89
1846,Anthony Gabriel Andrade,sasara@example.org,2024-01-04,Evento,4,41571.54
1847,Maria Laura Vieira,kaparecida@example.com,2024-09-04,Evento,10,44334.33
1848,Apollo da Conceição,bernardoda-mata@example.net,2024-03-11,evento,5,44149.17
1849,Marcos Vinicius Rezende,vcardoso@example.com,2024-03-17,Evento,9,58795.76
1850,Breno Barbosa,aalmeida@example.net,2024-01-03,Evento,9,10324.3
1851,Clarice Brito,mcorreia@example.com,2025-05-05,Evento,7,43009.26
1852,Dr. Théo Souza,da-rosayan@example.com,2025-11-02,Evento,2,60053.09
1853,Carlos Eduardo da Luz,sgarcia@example.com,2025-03-13,evento,11,127447.32
1854,Henry Jesus,maria-sophia48@example.net,2024-02-25,Evento,11,24093.4
1855,Mateus Almeida,zsiqueira@example.com,2025-12-22,Evento,7,15497.76
1856,Bianca Machado,beniciogoncalves@example.org,2025-12-09,Evento,1,48744.3
1857,Maria Eduarda Mendes,ramosana-livia@example.com,2024-12-02,Evento,5,101676.95
1858,Bryan Brito,olivermendonca@example.net,2024-03-04,Evento,12,40871.79
1859,Bryan Casa Grande,epimenta@example.net,2025-05-23,Evento,7,68943.29
1860,Dra. Isabel Araújo,ada-cunha@example.com,2025-11-27,Evento,12,38632.23
1861,Sra. Clarice Andrade,joana04@example.net,2025-07-08,Evento,12,65979.47
1862,Samuel Nogueira,pdias@example.org,2025-03-15,Evento,7,63863.38
1863,Dr. Rodrigo Moraes,caldeiralais@example.net,2025-03-06,Evento,2,10197.29
1864,Marcos Vinicius Cardoso,castroraquel@example.net,2025-12-11,Evento,8,124288.0
1865,Enzo Costa,ccamargo@example.com,2024-02-11,Evento,5,16635.03
1866,Eloá Pires,vcarvalho@example.net,2024-04-01,Evento,3,26057.54
1867,Maria Liz Albuquerque,isaac64@example.net,2025-08-20,Evento,8,41624.14
1868,Júlia Moreira,esther92@example.org,2024-03-29,Evento,11,56313.47
1869,Vicente Rodrigues,esthermoreira@example.net,2024-09-27,Evento,8,70821.17
1870,Ravy Martins,biancasouza@example.net,2024-07-10,Evento,1,128060.56
1871,Enzo Moura,ualbuquerque@example.com,2024-06-09,Evento,11,21650.24
1872,Dom Melo,abreuana-livia@example.net,2024-01-15,Evento,12,91840.7
1873,Guilherme Sales,nascimentomaria-cecilia@example.com,2025-02-07,Evento,6,31975.27
1874,Bento Pinto,kpeixoto@example.org,2024-10-11,Evento,5,16196.33
1875,Sr. Luiz Felipe Pires,correiayan@example.com,2025-01-29,Evento,8,6865.09
1876,Lorena Freitas,jda-cunha@example.net,2024-07-29,Evento,5,80850.25
1877,Gabriela Barbosa,gustavosiqueira@example.org,2025-11-11,Evento,6,16821.8
1878,Felipe da Luz,cardosorebeca@example.net,2025-02-22,Evento,12,65803.73
1879,Maria Isis Farias,maria-julia32@example.org,2025-11-27,Evento,4,140080.38
1880,Henrique Borges,joao-pedrocavalcante@example.com,2024-09-03,Evento,6,19251.54
1881,Lorenzo Barbosa,carvalhonina@example.com,2024-01-02,evento,11,29119.69
1882,Olivia Duarte,melissa13@example.net,2025-07-10,Evento,10,156319.11
1883,Maria Flor Vasconcelos,esantos@example.com,2025-08-17,Evento,6,101200.5
1884,Vicente Dias,pereirapaulo@example.org,2024-02-03,Evento,11,62915.57
1885,Lara Silva,luizanovais@example.com,2025-03-16,Evento,3,50662.1
1886,Isis Rodrigues,novaisluara@example.net,2025-04-10,Evento,6,179262.26
1887,Sr. Apollo Fonseca,qvargas@example.com,2024-03-29,Evento,3,37387.54
1888,Sra. Hadassa Pimenta,giovannafreitas@example.org,2025-01-30,Evento,7,52497.89
1889,Srta. Fernanda Macedo,sara30@example.net,2024-06-09,EVENTO,6,80717.85
1890,Lucas Brito,thiago80@example.net,2024-01-10,Evento,12,159996.67
1891,Arthur Gabriel Ramos,maria-luiza60@example.net,2025-09-16,Evento,3,13007.42
1892,Sra. Kamilly Pires,oliveirabento@example.net,2024-12-23,Evento,8,42796.88
1893,Mirella Mendonça,maria-juliasouza@example.net,2025-07-11,Evento,12,284263.18
1894,Bella Andrade,benjamin92@example.net,2025-05-25,Evento,8,37458.25
1895,Srta. Caroline Barros,dcampos@example.com,2025-12-26,Evento,10,28504.61
1896,Ana Liz Dias,nogueiraagatha@example.org,2024-11-07,Evento,12,37909.74
1897,Allana Farias,lucca95@example.net,2024-10-30,Evento,12,201849.85
1898,Nathan Leão,azevedomatheus@example.net,2024-07-10,Evento,8,31300.09
1899,João Felipe Barros,liviaaparecida@example.com,2025-03-16,Evento,12,86050.62
1900,Fernanda Sales,ocavalcanti@example.net,2024-12-18,Evento,12,20671.58
1901,Leonardo da Mota,isaac57@example.net,2025-05-29,Evento,10,45618.72
1902,Srta. Nicole Borges,borgesluiz-otavio@example.net,2024-09-08,Evento,3,159096.9
1903,Francisco Dias,vargaslucca@example.org,2024-03-19,Evento,6,36828.8
1904,Marcelo Marques,silveirathales@example.com,2025-09-13,Evento,12,52854.07
1905,Esther Souza,ana-luizaaragao@example.com,2025-08-17,Evento,10,66025.2
1906,Sra. Emanuelly da Mota,ana-vitoriajesus@example.org,2024-09-04,EVENTO,11,103399.17
1907,João Gabriel Costa,ana-carolinada-luz@example.net,2025-05-01,Evento,10,39192.62
1908,Julia Borges,lfogaca@example.com,2024-12-24,Evento,11,115896.89
1909,Dr. Enzo Gabriel Andrade,icassiano@example.net,2025-06-24,Evento,7,219418.57
1910,Pedro Henrique Ferreira,oliver58@example.net,2024-10-02,Evento,3,37746.45
1911,Sra. Ayla Moraes,valentimcunha@example.com,2025-01-20,Evento,6,66456.38
1912,Arthur Gabriel Camargo,maria-lauracarvalho@example.com,2024-02-02,Evento,4,82823.53
1913,Luna Freitas,lribeiro@example.org,2024-04-19,Evento,6,49790.64
1914,Sr. Luiz Henrique Albuquerque,lauramelo@example.com,2025-07-11,Evento,5,27108.78
1915,Sr. Francisco Fogaça,luan78@example.org,2024-09-26,Evento,8,103200.67
1916,Pedro Lucas Pimenta,kpastor@example.net,2024-01-20,Evento,7,106206.45
1917,Maria Liz Melo,thiagosilveira@example.com,2024-04-14,Evento,7,45877.26
1918,Maitê Mendes,cda-rosa@example.org,2024-10-18,Evento,4,58069.77
1919,Bianca Leão,rvasconcelos@example.net,2025-05-21,Evento,6,78219.99
1920,Ana Castro,ana-clarapeixoto@example.net,2024-09-13,Evento,10,29846.2
1921,Fernanda Nunes,jose-pedroribeiro@example.com,2025-06-11,Evento,11,41880.56
1922,Caleb das Neves,ceciliamarques@example.com,2025-09-10,Evento,9,58371.85
1923,Raul Abreu,murilocavalcanti@example.com,2024-08-27,Evento,4,149444.51
1924,Bruno Cirino,nicolaslopes@example.org,2025-07-26,Evento,2,84599.42
1925,Srta. Daniela Rodrigues,anthony72@example.com,2024-03-16,Evento,3,45558.2
1926,Ravy Novaes,nsampaio@example.com,2024-10-21,Evento,7,90519.87
1927,Maria Flor Martins,gaelgomes@example.org,2024-02-26,Evento,12,28331.89
1928,Sr. Murilo Vargas,alexia69@example.com,2024-01-30,Evento,4,258907.76
1929,Ana Sophia Ferreira,vrios@example.net,2024-02-06,Evento,10,105987.59
1930,Henry Pereira,ravyfreitas@example.com,2024-03-02,Evento,8,186944.64
1931,Sr. Miguel Barbosa,joao-guilhermemonteiro@example.org,2025-08-24,Evento,12,35994.5
1932,Heitor da Rosa,vborges@example.com,2025-01-25,Evento,10,35065.39
1933,Emilly Lima,alicedas-neves@example.com,2025-11-15,Evento,2,28438.94
1934,Rafaela Andrade,laura22@example.com,2025-01-21,Evento,6,109823.46
1935,Stella Caldeira,wbarros@example.net,2025-03-18,EVENTO,7,44066.67
1936,Srta. Maria Luiza Albuquerque,antonellacardoso@example.net,2024-04-26,Evento,11,81034.85
1937,Maria Isis Rodrigues,falbuquerque@example.net,2025-01-23,Evento,2,52778.82
1938,Maria Liz Lima,da-rosalais@example.com,2024-09-29,Evento,7,55614.18
1939,Dra. Bruna Pereira,xmontenegro@example.com,2025-11-02,Evento,3,17142.18
1940,Sra. Yasmin Fonseca,vianaluiz-henrique@example.com,2025-11-04,Evento,9,13423.9
1941,Maria Isis Rocha,cassianoanthony-gabriel@example.com,2024-05-06,Evento,6,33089.58
1942,Dra. Joana Costa,dlopes@example.com,2025-03-13,Evento,3,9689.0
1943,Asafe Campos,xmarques@example.org,2025-03-25,Evento,9,159356.18
1944,Maria Eduarda da Cunha,rfernandes@example.com,2025-02-04,evento,9,25021.65
1945,Vitor Hugo da Mata,ana-beatrizfogaca@example.com,2024-03-15,Evento,11,51479.54
1946,Pietro Duarte,brayan91@example.com,2025-04-04,Evento,5,147947.56
1947,Srta. Yasmin Sousa,lda-cruz@example.org,2025-07-25,Evento,12,25564.32
1948,Aylla Cardoso,marinalopes@example.com,2024-08-31,Evento,9,17220.86
1949,Dr. Joaquim Siqueira,eaparecida@example.com,2025-01-08,Evento,5,53740.4
1950,Sr. Diogo Pereira,garciaolivia@example.net,2024-03-09,Evento,1,35625.31
1951,Lucca Porto,lavinia60@example.org,2025-11-02,Evento,4,20079.36
1952,Sra. Anna Liz Lopes,vieiramatheus@example.net,2024-03-05,Evento,9,70739.4
1953,Kevin Pimenta,carlos-eduardofreitas@example.net,2024-05-13,Evento,6,68886.35
1954,Helena Teixeira,vda-mota@example.net,2024-07-24,Evento,3,15042.56
1955,João Guilherme Montenegro,pereiraisabelly@example.org,2025-08-15,Evento,4,117530.44
1956,Larissa da Mata,jesusoliver@example.org,2025-05-08,Evento,6,67054.2
1957,Caroline da Mota,maria-eduarda95@example.org,2024-01-04,Evento,8,14663.17
1958,Henry Gabriel Almeida,pedro-miguel19@example.com,2024-04-25,EVENTO,4,25273.22
1959,Dra. Natália Pastor,mporto@example.com,2025-06-15,Evento,12,329813.88
1960,Maria Julia Melo,fernandescarolina@example.com,2024-10-12,Evento,9,60020.47
1961,Dr. Dom Martins,icostela@example.net,2024-01-15,Evento,2,31205.81
1962,Mathias da Cunha,qandrade@example.net,2025-11-29,EVENTO,12,98629.9
1963,Ryan Novais,enzo38@example.com,2024-04-02,Evento,3,59668.44
1964,João Vitor Sá,marcela70@example.org,2025-01-06,Evento,12,27406.55
1965,Eloah Pinto,lorena60@example.com,2024-06-13,Evento,10,21587.22
1966,Rebeca da Costa,inascimento@example.com,2025-06-05,Evento,10,32319.17
1967,Camila Brito,ncunha@example.org,2025-07-07,Evento,7,68683.29
1968,Lavínia Cavalcanti,isadoranovaes@example.com,2024-10-08,Evento,4,18034.86
1969,Sr. Otto Peixoto,antonella51@example.net,2025-04-08,Evento,4,65132.58
1970,Luiza Montenegro,zcamara@example.com,2025-10-17,Evento,1,47025.4
1971,Laura Machado,luiz-gustavoguerra@example.com,2025-08-07,Evento,4,37046.67
1972,Vitor Farias,lrezende@example.net,2024-10-21,EVENTO,1,44610.18
1973,Matheus Pacheco,aleao@example.org,2024-11-10,evento,4,10944.05
1974,Ana Pinto,joao-guilhermepimenta@example.net,2025-10-01,Evento,9,124997.6
1975,Anna Liz Peixoto,ualmeida@example.net,2024-01-20,Evento,10,40597.13
1976,Enzo Nunes,frodrigues@example.com,2024-01-13,Evento,1,94430.57
1977,Mathias Novaes,lorenzomarques@example.com,2024-05-12,Evento,5,81681.83
1978,Srta. Emanuella Melo,aylacardoso@example.com,2025-08-17,evento,8,87390.34
1979,Arthur Costela,pmarques@example.net,2024-04-03,Evento,8,48823.56
1980,Melina da Costa,maria-eduardamontenegro@example.net,2024-07-13,Evento,12,127596.41
1981,Lucas Castro,maria-eduardasilveira@example.org,2025-03-18,Evento,4,43860.33
1982,Arthur Gabriel Rodrigues,emoreira@example.com,2024-04-26,Evento,3,205758.04
1983,Oliver da Luz,silvasophie@example.net,2024-07-27,Evento,6,68227.25
1984,Pedro Lucas Mendes,da-rochaisabella@example.net,2024-12-01,Evento,2,29775.46
1985,Luiz Otávio Guerra,ylima@example.org,2024-05-28,Evento,8,38548.78
1986,Diogo da Luz,silveiralucca@example.com,2025-12-25,Evento,10,59935.56
1987,Maitê Casa Grande,maria-sophiacostela@example.com,2024-04-11,Evento,7,30912.0
1988,Lucas Ramos,marquesmariane@example.org,2025-09-04,Evento,4,94486.03
1989,Luigi da Rocha,yfarias@example.com,2024-12-03,Evento,11,17732.6
1990,Sra. Kamilly Peixoto,teixeirajoao-lucas@example.org,2024-03-18,Evento,6,36705.61
1991,Laura Alves,esternunes@example.com,2024-03-11,Evento,10,74640.14
1992,Sra. Lorena Silva,ana-lauramelo@example.net,2024-12-31,Evento,8,48581.72
1993,Laís Cassiano,juanpereira@example.com,2024-09-06,Evento,8,14983.99
1994,Jade Porto,benjamincunha@example.net,2024-06-02,Evento,3,32516.06
1995,Diogo Pacheco,da-luzemanuella@example.net,2025-11-25,Evento,1,62063.41
1996,Stella Guerra,kpinto@example.com,2024-11-28,Evento,1,60738.06
1997,Daniela Pastor,rebeca56@example.com,2025-10-31,Evento,11,96321.64
1998,Eloá Moura,ecavalcanti@example.com,2024-04-11,Evento,9,16765.91
1999,Benício Fernandes,ana-luizacostela@example.org,2024-04-25,Evento,3,9795.02
2000,João Lucas Pereira,rezendematteo@example.com,2025-02-25,Evento,4,31733.46
2001,Natália Nunes,souzasabrina@example.org,2024-06-30,Evento,7,85888.0
2002,Srta. Maria Clara Rios,guerragael-henrique@example.com,2024-04-26,Evento,3,27846.65
2003,Ana Lívia da Mata,araujomaite@example.net,2024-02-25,Evento,3,48837.16
2004,Isadora da Cruz,luiz-otavio33@example.net,2024-02-13,Evento,10,29901.53
2005,Sra. Emanuelly Aparecida,agatha13@example.net,2025-06-18,Evento,4,153450.52
2006,Davi Lucca Moreira,davi33@example.org,2024-07-10,Evento,12,61214.78
2007,Pietra Martins,nascimentocaua@example.com,2025-12-12,Evento,2,22613.86
2008,Ana Sophia Costa,ccamargo@example.org,2024-04-25,Evento,7,92537.18
2009,Fernanda Brito,mariahda-rosa@example.net,2024-09-06,Evento,8,37597.24
2010,Pedro Camargo,pvasconcelos@example.org,2024-09-21,Evento,1,22940.6
2011,Mirella Abreu,joana94@example.com,2024-12-31,Evento,9,22323.82
2012,Emanuelly Farias,smoraes@example.net,2025-09-19,Evento,10,129586.53
2013,João Nascimento,carolinada-mota@example.net,2025-08-23,Evento,12,67820.29
2014,Sarah das Neves,wcamargo@example.org,2024-01-06,Evento,12,70490.56
2015,Alana Dias,kmonteiro@example.org,2024-10-16,Evento,9,221088.95
2016,Pedro Rocha,gabriel75@example.net,2025-08-17,Evento,11,49527.47
2017,Zoe Cirino,henriqueteixeira@example.org,2024-01-01,Evento,5,20375.93
2018,Leandro Montenegro,antonella87@example.org,2025-01-19,Evento,11,31548.44
2019,Letícia Pimenta,leonardoduarte@example.org,2024-06-22,Evento,5,130734.93
2020,Miguel Viana,levipimenta@example.net,2024-10-19,Evento,2,12017.76
2021,Luan Moreira,mrezende@example.com,2024-10-24,Evento,3,76866.5
2022,Sra. Heloísa da Luz,xda-rosa@example.org,2024-10-04,Evento,2,20079.06
2023,Lucas Gabriel Siqueira,ana-vitoria74@example.com,2025-10-04,Evento,7,64649.07
2024,Maria Júlia Teixeira,wabreu@example.com,2025-01-21,Evento,2,68592.92
2025,Nicolas Fogaça,maria-alicevargas@example.com,2025-10-13,Evento,11,18768.23
2026,Guilherme Costela,ana-beatriz50@example.com,2025-05-28,Evento,5,24051.86
2027,Maria Helena Duarte,pedropinto@example.net,2024-09-04,Evento,8,40952.54
2028,Kamilly Caldeira,da-cruzlorenzo@example.com,2024-12-25,Evento,6,89035.37
2029,Sra. Olivia Aparecida,tsales@example.com,2024-10-02,Evento,9,23260.66
2030,João Lucas Pereira,garaujo@example.org,2025-08-18,Evento,12,6598.81
2031,Manuela da Mota,luna41@example.com,2024-04-28,Evento,4,134408.94
2032,Brayan Duarte,jcassiano@example.net,2025-11-06,Evento,5,37474.28
2033,Guilherme Novais,macedosamuel@example.com,2025-02-15,Evento,2,27011.51
2034,Ísis Teixeira,sofia40@example.org,2025-03-07,Evento,2,34829.32
2035,Levi Fonseca,nsouza@example.org,2025-01-09,Evento,2,87729.62
2036,Dr. Ian Marques,brenda34@example.com,2025-01-31,Evento,11,8124.8
2037,Alícia Carvalho,ramosjuliana@example.com,2025-04-14,Evento,10,62190.26
2038,Raquel Aragão,moraesevelyn@example.org,2025-04-05,Evento,8,32785.63
2039,Maya Andrade,stephany74@example.net,2024-05-18,Evento,8,57053.16
2040,Sr. Breno Nunes,novaishenry-gabriel@example.net,2025-02-17,Evento,6,289078.34
2041,Théo Borges,ppimenta@example.org,2024-09-07,Evento,12,27364.41
2042,Pedro da Mota,vmachado@example.org,2025-03-24,Evento,7,16666.73
2043,Luísa Barbosa,camilamarques@example.net,2025-01-27,EVENTO,7,31369.12
2044,Dra. Marina Almeida,soliveira@example.org,2024-04-23,Evento,4,35622.25
2045,Maria Julia Almeida,camaraayla@example.com,2025-06-03,Evento,4,102423.09
2046,José Pedro Câmara,sophia73@example.net,2024-11-23,Evento,7,125789.85
2047,Sr. Gabriel Vargas,noahdas-neves@example.org,2025-01-29,Evento,10,50524.7
2048,Apollo Nascimento,vasconcelosjose-miguel@example.net,2025-04-18,Evento,12,56053.74
2049,Sr. Luan Dias,olivercosta@example.com,2025-04-04,Evento,3,173610.97
2050,Otávio da Mata,pedro-henriquevargas@example.com,2025-06-14,Evento,5,77974.02
2051,Davi Miguel Macedo,garciabenjamim@example.com,2024-05-12,Evento,7,21949.17
2052,Dra. Giovanna Garcia,machadoluna@example.com,2024-03-06,Evento,6,121682.15
2053,Gustavo Vargas,hpastor@example.org,2025-04-15,Evento,6,73421.85
2054,Thiago Pacheco,castrootto@example.org,2024-06-03,EVENTO,5,26020.73
2055,Maria Alice Souza,kamilly33@example.org,2024-03-08,EVENTO,10,60099.05
2056,Maria Cecília Mendes,nicole17@example.org,2024-03-19,Evento,8,21514.16
2057,Mateus Leão,wbrito@example.com,2024-08-04,Evento,12,128026.64
2058,Benício Lopes,raul16@example.com,2025-12-24,Evento,12,22911.68
2059,João Guilherme Siqueira,caleb23@example.org,2024-04-06,Evento,9,46714.77
2060,Alexia Cardoso,joao-lucassales@example.com,2024-07-24,Evento,6,69365.78
2061,Bento Peixoto,ana-beatrizfreitas@example.net,2025-10-25,Evento,9,43368.37
2062,Eduarda Leão,luiz-fernandomoreira@example.org,2025-11-28,Evento,2,197851.17
2063,Dra. Emilly Fonseca,vianaluan@example.org,2024-05-28,Evento,7,51664.0
2064,Gabrielly das Neves,xpires@example.com,2025-09-26,Evento,10,26927.83
2065,Luna Alves,fariasbenjamin@example.com,2024-03-24,Evento,6,165353.47
2066,Diego Jesus,nogueiragabriela@example.net,2025-06-24,Evento,3,245011.58
2067,Dra. Eloá Castro,albuquerquececilia@example.org,2024-01-08,Evento,2,31960.8
2068,Otto Azevedo,melomaria-fernanda@example.com,2024-10-14,Evento,9,82219.58
2069,Maysa Carvalho,das-nevesmaria-laura@example.com,2024-06-12,Evento,11,105282.37
2070,Davi Lucas Duarte,gael77@example.net,2025-05-11,Evento,7,171633.21
2071,Fernanda Cardoso,oliviacardoso@example.org,2024-01-10,Evento,9,21761.24
2072,Bryan Souza,silvaisis@example.com,2024-11-29,Evento,1,17154.98
2073,Bella da Cruz,theodorocirino@example.net,2025-05-06,Evento,3,28447.67
2074,Liz Farias,lrios@example.net,2024-01-27,Evento,7,36092.18
2075,Juliana Teixeira,beatrizlima@example.com,2025-10-08,Evento,8,100023.56
2076,Clara Pacheco,souzahelena@example.net,2024-09-11,Evento,8,40519.92
2077,Gael Henrique Cirino,casa-grandebernardo@example.org,2024-04-12,Evento,1,68793.31
2078,Miguel Duarte,oliveiramaria-luisa@example.com,2024-05-26,Evento,11,40441.65
2079,Sr. Nathan Machado,mariapinto@example.com,2024-08-25,Evento,4,58121.03
2080,Maysa Campos,olivia55@example.org,2024-05-06,Evento,11,222814.56
2081,Luigi Mendonça,gribeiro@example.net,2025-01-06,Evento,10,79119.47
2082,Dr. Benício Viana,leticia08@example.org,2025-03-21,Evento,4,23504.28
2083,Ian Marques,camposisis@example.net,2024-11-03,Evento,1,19267.92
2084,Davi Lucas Ferreira,marcela68@example.org,2024-10-29,Evento,12,25211.77
2085,Emilly Gonçalves,joao-miguelrodrigues@example.org,2025-07-11,Evento,12,60463.77
2086,Gael Henrique Siqueira,sara92@example.net,2024-07-26,Evento,6,92207.97
2087,Valentina Aragão,valentina38@example.org,2025-03-14,Evento,10,120469.39
2088,Sr. Carlos Eduardo Rodrigues,raelsa@example.net,2025-10-05,Evento,3,24974.46
2089,Vitor Hugo Pimenta,rcosta@example.org,2024-05-23,Evento,1,109600.89
2090,Laís Gomes,dmelo@example.com,2025-03-12,EVENTO,11,51298.06
2091,Kaique Abreu,da-cunhaana-livia@example.org,2025-11-16,Evento,6,60706.58
2092,Dra. Ana Lívia Araújo,jcarvalho@example.com,2025-01-17,evento,11,83079.93
2093,Joaquim Gonçalves,larissagoncalves@example.net,2025-12-10,Evento,2,73899.52
2094,Josué Ferreira,camarayuri@example.org,2024-08-02,Evento,2,64670.45
2095,Camila Silveira,noahmacedo@example.org,2025-02-06,Evento,7,13794.28
2096,Kamilly Teixeira,antonio18@example.com,2024-08-03,Evento,9,11419.33
2097,Bella Vargas,qda-conceicao@example.com,2024-01-03,Evento,11,68863.59
2098,Davi Nogueira,ecassiano@example.net,2025-12-29,Evento,12,97416.8
2099,Dr. Asafe Garcia,henry-gabriel76@example.net,2024-06-06,Evento,5,170693.66
2100,Ryan Teixeira,rael81@example.org,2025-12-07,Evento,12,28185.12
2101,Dra. Maria Cecília da Costa,bsampaio@example.com,2025-04-04,Evento,7,46260.1
2102,Cauã Vargas,yuri48@example.com,2025-10-13,Evento,1,9103.69
2103,Isis Fogaça,albuquerqueguilherme@example.net,2025-12-02,Evento,8,49635.33
2104,Isabelly Pacheco,lcamara@example.com,2025-02-08,Evento,3,14702.2
2105,Juliana Caldeira,mnovais@example.net,2025-12-31,Evento,11,73824.76
2106,Stella Rios,maparecida@example.org,2025-06-29,Evento,6,66139.89
2107,Beatriz Oliveira,camposrhavi@example.com,2025-01-13,Evento,7,95770.62
2108,Mariah Gonçalves,ferreiralunna@example.com,2025-04-05,Evento,9,26676.29
2109,Stephany Andrade,vpires@example.com,2024-05-03,Evento,12,90834.81
2110,Amanda Cunha,beniciopires@example.com,2024-01-07,Evento,10,67765.16
2111,João Vitor Jesus,siqueiramaria-alice@example.com,2024-06-20,Evento,4,9942.53
2112,Dr. Luiz Gustavo da Cruz,maite05@example.com,2024-11-05,Evento,9,35098.01
2113,Dra. Julia Vargas,ottonovais@example.net,2024-05-28,Evento,7,22318.92
2114,Luna Sousa,wsa@example.org,2025-01-08,Evento,3,44415.45
2115,Aurora Farias,stephany35@example.com,2025-04-07,EVENTO,11,28561.7
2116,Caleb Porto,ndias@example.com,2025-04-06,Evento,10,15192.06
2117,Ester Sá,qcosta@example.net,2025-10-06,Evento,12,86708.08
2118,Marcela Fernandes,wfonseca@example.org,2025-12-01,Evento,11,20542.12
2119,Lorenzo Almeida,correiaana-luiza@example.net,2025-10-03,EVENTO,4,282367.63
2120,Dra. Laís Sá,isabellapinto@example.net,2025-03-13,Evento,4,11986.89
2121,Gael Henrique Borges,silvajade@example.com,2024-05-12,Evento,6,116055.89
2122,Luigi Nascimento,isabella26@example.org,2025-11-12,Evento,2,81350.75
2123,Sra. Antonella Duarte,luisaaparecida@example.org,2024-04-19,Evento,11,112776.78
2124,Daniela Rios,benjamim73@example.net,2024-04-02,Evento,8,15816.59
2125,Joaquim Câmara,zramos@example.org,2024-08-08,Evento,9,29848.91
2126,Anthony Gabriel da Rocha,asafepimenta@example.com,2025-02-11,Evento,9,25205.43
2127,Maria Vitória Novais,juliacirino@example.net,2025-04-24,Evento,3,27981.07
2128,Maria Liz Pires,qsouza@example.net,2024-01-08,Evento,11,51686.4
2129,Dr. Pedro Freitas,ravy58@example.com,2025-07-08,EVENTO,7,24898.61
2130,Davi Luiz Duarte,stephanypacheco@example.org,2024-04-19,Evento,5,53929.01
2131,Thiago Santos,unascimento@example.org,2024-07-22,Evento,3,36394.37
2132,Heloísa Silveira,pietro74@example.net,2024-08-12,Evento,9,131429.71
2133,Raul Pinto,lmonteiro@example.com,2024-08-20,Evento,7,153409.42
2134,Enzo Gabriel Almeida,pnovais@example.org,2025-06-23,Evento,2,32563.39
2135,Dr. Diogo Azevedo,davi-lucca49@example.com,2024-01-24,Evento,9,116965.2
2136,Srta. Rebeca Lopes,isabelacunha@example.net,2024-05-05,Evento,7,8852.04
2137,Luana Nascimento,bianca39@example.net,2024-01-13,Evento,4,55954.44
2138,Cecília Vargas,anthony-gabriel90@example.net,2025-07-08,Evento,3,55909.99
2139,Sr. Brayan Pimenta,mourajulia@example.net,2025-12-17,Evento,3,53047.3
2140,Gael da Cruz,luiz-miguelalves@example.net,2025-04-08,Evento,10,17643.58
2141,Bárbara Farias,britoisis@example.net,2025-02-21,Evento,10,28996.1
2142,Dra. Maria Julia Jesus,esampaio@example.org,2025-10-16,Evento,7,71520.76
2143,Sr. Calebe das Neves,luiz-gustavo64@example.com,2024-06-18,Evento,1,47809.87
2144,Francisco da Luz,ocosta@example.com,2024-02-07,Evento,3,101369.97
2145,Anna Liz Fernandes,gsa@example.net,2025-01-06,Evento,11,58723.77
2146,Antônio Pereira,novaisdante@example.net,2024-06-23,Evento,1,150682.24
2147,Sr. Enzo Gabriel Abreu,abreubeatriz@example.com,2024-11-18,Evento,3,39034.55
2148,Arthur Nunes,davi-miguel23@example.net,2024-11-22,Evento,8,207806.16
2149,Sara Cirino,catarinabrito@example.net,2024-08-09,Evento,6,54931.55
2150,Marcelo Oliveira,lunnasantos@example.org,2024-12-18,Evento,12,81370.31
2151,Clarice Macedo,pintobreno@example.net,2024-09-25,Evento,10,171905.08
2152,Leonardo da Rocha,ferreiraluiz-miguel@example.net,2024-03-07,Evento,12,22435.88
2153,Eloah Brito,mcorreia@example.org,2025-09-16,Evento,6,42123.57
2154,Maitê Marques,cviana@example.org,2025-05-09,Evento,7,71055.42
2155,Ana Luiza Fernandes,emanuellycasa-grande@example.org,2024-01-24,evento,9,44557.95
2156,Esther Vieira,waparecida@example.org,2024-03-09,Evento,4,47429.89
2157,Beatriz Moreira,ribeiroaurora@example.net,2024-02-26,Evento,4,19181.46
2158,Yasmin Moreira,isa@example.net,2024-02-04,Evento,10,155544.41
2159,João Miguel Duarte,manuelateixeira@example.org,2024-02-03,Evento,3,110260.85
2160,Paulo Guerra,fgarcia@example.com,2024-04-06,EVENTO,4,67049.68
2161,Samuel Caldeira,maria-sophia96@example.com,2025-09-02,Evento,12,13940.6
2162,Laura Vargas,mourabryan@example.org,2025-08-17,Evento,12,24942.16
2163,Leandro Pastor,ana-sophiasousa@example.org,2025-07-12,Evento,3,25783.7
2164,Ana Aragão,helena35@example.net,2025-03-09,Evento,1,139894.81
2165,Pedro Henrique Sousa,nicolefreitas@example.net,2025-05-25,Evento,1,89880.1
2166,Srta. Hadassa Brito,ocirino@example.net,2025-06-06,Evento,12,47529.89
2167,Sr. Gustavo Monteiro,arthuraparecida@example.com,2025-10-02,Evento,9,96661.69
2168,Danilo da Rocha,da-costabianca@example.org,2025-06-01,Evento,12,33372.71
2169,Heloísa Freitas,japarecida@example.org,2025-06-04,Evento,1,24595.28
2170,Isadora Pinto,lavinia94@example.org,2025-07-29,Evento,6,103002.62
2171,Júlia Jesus,leaojulia@example.com,2025-02-01,Evento,9,146841.48
2172,Gabriel Vasconcelos,mda-cunha@example.org,2024-05-17,Evento,11,53435.01
2173,Maria Laura Aparecida,qcardoso@example.net,2024-02-18,Evento,3,42697.97
2174,Brayan Porto,camargoliam@example.com,2024-10-24,Evento,7,86762.16
2175,Fernando Nascimento,lucas-gabriel46@example.com,2024-02-23,Evento,11,18212.27
2176,Laura da Paz,henrique16@example.org,2024-04-15,Evento,9,12345.63
2177,Theo Costa,rafaelaandrade@example.com,2024-01-14,Evento,8,60200.56
2178,Bianca Camargo,brenogomes@example.org,2024-07-25,Evento,5,4177.92
2179,Bernardo da Costa,xpimenta@example.com,2025-12-04,Evento,6,89576.46
2180,Srta. Melina Peixoto,ribeiromilena@example.org,2024-09-24,Evento,11,35699.57
2181,Liam Aparecida,cassianocarolina@example.com,2024-06-07,Evento,3,52408.82
2182,Luiz Fernando Martins,danielgoncalves@example.com,2024-10-12,Evento,11,26510.56
2183,João Vitor Montenegro,camaraleo@example.net,2024-07-26,Evento,11,149129.23
2184,Lucas Gabriel Ribeiro,calves@example.org,2025-04-19,Evento,5,68291.39
2185,Vinícius da Paz,joao-pedronovaes@example.com,2025-03-22,Evento,8,71888.5
2186,Daniel Rodrigues,jesusrafaela@example.net,2024-01-16,Evento,12,74088.36
2187,Enzo Gabriel Silveira,ester02@example.org,2025-01-06,Evento,1,91304.56
2188,Isabel Abreu,kabreu@example.org,2024-01-21,Evento,6,34033.88
2189,Bárbara Câmara,nuneszoe@example.org,2025-04-21,Evento,5,11294.12
2190,Renan Oliveira,rda-paz@example.net,2025-11-06,Evento,1,103605.39
2191,Milena Souza,marianepimenta@example.com,2025-10-16,Evento,5,18615.9
2192,Dr. Rhavi Cassiano,xnascimento@example.org,2024-05-12,Evento,5,23955.86
2193,João Pedro Porto,hellenada-cunha@example.org,2025-06-09,Evento,2,84442.98
2194,Sr. Pedro da Rosa,bryanmarques@example.com,2025-07-20,Evento,12,64668.7
2195,Dra. Heloísa Guerra,claricecostela@example.com,2025-09-14,Evento,4,55528.36
2196,Maria Vitória Marques,ymacedo@example.com,2024-06-22,Evento,1,42524.16
2197,Dr. Luan Rios,ucarvalho@example.net,2024-11-17,Evento,10,208005.33
2198,Joaquim Cunha,mathiassiqueira@example.net,2024-05-23,Evento,10,45211.04
2199,Maria Clara Martins,pfreitas@example.com,2024-01-14,Evento,5,79308.37
2200,Matteo Casa Grande,icaldeira@example.net,2025-04-08,Evento,6,122353.6
2201,Letícia Vasconcelos,maragao@example.org,2024-11-02,Evento,8,34263.1
2202,Sr. Matheus Moreira,ccirino@example.org,2024-06-13,Evento,12,124072.84
2203,Srta. Maria Isis Nunes,yagosouza@example.net,2025-09-02,Evento,8,84875.24
2204,Daniela Ramos,yoliveira@example.org,2024-12-27,Evento,12,194812.48
2205,Noah Dias,vda-cruz@example.org,2025-12-27,Evento,6,120958.0
2206,Luara Pimenta,rochagael@example.org,2025-07-20,Evento,6,36160.79
2207,Antônio Albuquerque,fariasfernando@example.com,2025-09-18,Evento,4,34083.5
2208,Sr. Dom Cunha,davi-lucca59@example.com,2025-07-04,Evento,10,19094.8
2209,Melissa Melo,luiz-fernando44@example.org,2024-03-03,Evento,11,33423.4
2210,Eduarda Cassiano,kamillycampos@example.net,2024-02-06,evento,3,299193.41
2211,Maria Luísa Castro,rsampaio@example.net,2025-10-21,EVENTO,10,47495.13
2212,Danilo Ribeiro,liviabrito@example.org,2024-03-24,Evento,9,23158.77
2213,Mateus Melo,kmendes@example.org,2024-10-03,Evento,5,239522.7
2214,Maria Cecília Macedo,manuelaalmeida@example.com,2025-03-06,Evento,2,71368.15
2215,Manuella Fernandes,freitasdavi-miguel@example.org,2024-05-16,Evento,7,22543.18
2216,Kaique Rocha,hcassiano@example.net,2024-05-26,Evento,9,58713.11
2217,Lorenzo da Rocha,fogacamaya@example.org,2024-11-30,Evento,5,71642.8
2218,Maria Vitória Cavalcante,thiago38@example.com,2024-09-11,Evento,4,30303.45
2219,Amanda Mendonça,lucas-gabriel03@example.net,2025-04-21,Evento,3,38482.08
2220,João Machado,cfernandes@example.com,2024-02-13,Evento,4,21143.7
2221,Dra. Natália Ribeiro,fariasbenicio@example.org,2024-12-20,Evento,8,42163.96
2222,Alexia Sousa,da-rosagabrielly@example.org,2024-04-19,Evento,11,80932.45
2223,Maria Helena Gomes,salesvitor-hugo@example.net,2025-03-04,Evento,8,40154.45
2224,Lívia Fonseca,tjesus@example.com,2024-03-09,Evento,2,46233.6
2225,Luiz Felipe Silveira,matheus74@example.com,2024-05-06,Evento,10,115137.84
2226,Rael Rios,riosantonella@example.net,2025-07-29,EVENTO,11,366637.97
2227,Antônio Cardoso,da-cruzdom@example.org,2024-06-02,Evento,2,74710.5
2228,Sr. Eduardo Oliveira,erickbarbosa@example.org,2025-06-04,Evento,10,35438.79
2229,Srta. Manuela Pinto,cassianomaria-clara@example.net,2024-07-03,Evento,8,116066.67
2230,Sr. Davi Araújo,murilosouza@example.org,2024-06-02,Evento,5,65251.62
2231,Caleb Silva,abreuluana@example.net,2024-07-24,Evento,2,79239.12
2232,Gustavo Henrique Aragão,gomesaurora@example.net,2025-09-26,Evento,7,23004.31
2233,Evelyn Melo,mayapereira@example.net,2024-10-08,Evento,6,98549.8
2234,Ravy da Paz,macedoleo@example.net,2024-06-09,Evento,12,178998.98
2235,Bruno Cavalcanti,viniciuscasa-grande@example.net,2025-01-21,Evento,8,119342.77
2236,Esther Sampaio,sampaiodom@example.org,2024-09-29,Evento,2,32080.39
2237,Lorenzo Sá,luangoncalves@example.net,2025-07-18,Evento,7,146954.56
2238,Laís Peixoto,omontenegro@example.com,2025-12-23,EVENTO,9,37831.55
2239,Paulo da Cunha,rodrigo80@example.net,2025-01-15,Evento,1,46993.48
2240,Isis da Paz,davi-luccaaraujo@example.org,2024-11-18,Evento,5,287030.28
2241,Manuella Siqueira,pintolorena@example.org,2024-08-29,Evento,10,17920.57
2242,Melissa Albuquerque,diaseloa@example.net,2025-12-07,Evento,12,371168.17
2243,Ana Luiza Nunes,antonella75@example.net,2024-12-15,EVENTO,3,171173.68
2244,Maria Eduarda Monteiro,mariana58@example.net,2024-04-21,Evento,1,26110.25
2245,Ian Pastor,bryansales@example.com,2025-12-03,Evento,12,13269.42
2246,Nina Martins,isis77@example.com,2025-11-26,Evento,7,20100.35
2247,Diego Sousa,bleao@example.org,2024-11-05,Evento,1,17990.23
2248,Dr. Dom Guerra,arthur62@example.org,2024-09-02,Evento,1,860155.54
2249,Ester Cunha,almeidaheloisa@example.com,2025-04-24,Evento,4,123678.69
2250,João Gabriel Fernandes,augustomonteiro@example.com,2025-08-18,EVENTO,10,62725.06
2251,Kevin Novaes,rafael37@example.net,2024-12-29,evento,12,41807.0
2252,Sra. Marina Lopes,mariahrios@example.org,2024-08-19,Evento,4,48457.88
2253,Sr. Bernardo Duarte,spereira@example.org,2024-07-26,Evento,1,210498.61
2254,Valentim Monteiro,laramendonca@example.org,2024-08-15,Evento,10,61880.13
2255,Emanuel Fernandes,liz91@example.net,2024-03-11,Evento,5,123323.9
2256,Vinícius da Paz,evelyn25@example.net,2025-07-08,Evento,7,18614.6
2257,Ana Luiza Almeida,afreitas@example.org,2024-03-02,Evento,10,24159.61
2258,Luan Sales,ana-sophiaporto@example.com,2024-10-08,Evento,11,89664.66
2259,Luigi Oliveira,mathias25@example.net,2025-08-23,Evento,5,26460.63
2260,Heloísa Santos,theomendonca@example.net,2024-10-13,Evento,6,65939.81
2261,Allana Dias,gomesjuan@example.net,2024-07-21,Evento,12,16941.14
2262,Sr. Vinícius Mendonça,upereira@example.com,2025-11-16,Evento,3,50792.04
2263,Rael Gomes,yurisilva@example.org,2024-03-16,Evento,1,13563.63
2264,Sr. Renan da Cruz,andreduarte@example.com,2025-09-29,Evento,2,30557.39
2265,Rafaela Novais,yagodias@example.com,2024-02-05,Evento,3,35300.96
2266,Sr. Gabriel Peixoto,da-rochadavi@example.net,2024-10-20,Evento,12,371026.16
2267,Vinicius Montenegro,theo66@example.net,2025-03-20,Evento,2,17893.42
2268,Kaique da Luz,joao-pedroda-rocha@example.org,2024-09-18,Evento,12,97702.04
2269,Otto Barros,maria-flor27@example.net,2025-01-19,Evento,7,59262.75
2270,Eduarda Peixoto,uteixeira@example.org,2024-05-10,Evento,1,78277.35
2271,Rafael da Mota,mariada-paz@example.org,2025-02-08,Evento,8,41478.48
2272,Carolina Duarte,camposcaua@example.com,2024-03-22,Evento,12,10025.65
2273,Pietra Freitas,ana-vitoriasilveira@example.com,2025-07-22,Evento,8,28114.61
2274,Amanda Pires,uramos@example.com,2025-02-17,Evento,12,58055.96
2275,Luan Pimenta,ramosalexia@example.com,2024-12-14,Evento,11,38401.82
2276,Ana Cecília Moraes,silveirajoao@example.com,2024-01-31,Evento,11,112648.01
2277,Bernardo Carvalho,gustavomoreira@example.org,2024-12-31,Evento,11,56270.51
2278,Srta. Ayla Sá,eduarda51@example.com,2025-02-05,Evento,8,34204.44
2279,Sr. Thales Guerra,mouralara@example.net,2024-06-27,Evento,5,116535.69
2280,Daniela Novaes,costelamanuela@example.org,2025-04-22,Evento,12,43226.06
2281,José Pedro da Conceição,danielramos@example.net,2024-02-14,Evento,5,49853.85
2282,Amanda Aragão,maria-luizaaparecida@example.org,2024-05-14,Evento,11,51325.95
2283,Igor Cassiano,melissadias@example.com,2025-06-05,Evento,10,16442.98
2284,Maria Laura Almeida,marina06@example.net,2024-03-30,Evento,4,27428.03
2285,Asafe Costa,costelaraul@example.net,2024-06-11,Evento,10,198689.08
2286,Alana Ferreira,pachecoemilly@example.net,2025-04-02,Evento,1,16252.03
2287,Miguel Cunha,stellaabreu@example.net,2025-05-29,Evento,2,28514.48
2288,Dra. Larissa da Mata,nina62@example.org,2024-01-29,Evento,3,56567.97
2289,Jade Farias,beatrizda-luz@example.com,2024-03-16,Evento,7,214237.49
2290,João Pedro Machado,machadoolivia@example.com,2024-11-14,Evento,8,33412.7
2291,Francisco Camargo,gomesheitor@example.net,2025-02-23,Evento,6,159174.47
2292,Guilherme Teixeira,paulo94@example.com,2024-11-20,Evento,6,50345.21
2293,Ana Júlia Ramos,thiagocunha@example.net,2025-03-30,Evento,12,20465.61
2294,Leonardo Albuquerque,luiz-miguelfarias@example.org,2025-06-20,Evento,6,43217.15
2295,Maria Julia Silveira,maria-cecilia69@example.org,2025-11-17,Evento,2,27413.5
2296,Pietra Novais,theo19@example.org,2024-09-03,Evento,1,66554.58
2297,Arthur Pinto,albuquerqueyan@example.org,2024-04-10,Evento,1,19237.78
2298,Pedro Miguel Garcia,gaelaragao@example.com,2024-06-26,Evento,1,152726.35
2299,Gabriel Lima,dom46@example.net,2024-03-31,Evento,3,17926.06
2300,Kaique Vargas,camposana-julia@example.org,2024-10-05,Evento,2,27291.02
2301,Rafael Costela,portobento@example.com,2025-09-20,Evento,8,25178.67
2302,Anthony Gabriel Camargo,silveiraravy@example.com,2024-09-01,Evento,3,41312.41
2303,Júlia da Mata,sampaiomaria-luiza@example.org,2024-03-31,Evento,8,23895.86
2304,Dra. Daniela Cunha,goncalvesgabriela@example.org,2025-01-13,Evento,10,65604.65
2305,Theo Lopes,ljesus@example.org,2025-12-24,Evento,10,41835.3
2306,Ana Clara Ribeiro,vargasalana@example.net,2024-04-29,Evento,5,15758.04
2307,Rhavi Costa,benicio43@example.org,2025-07-08,Evento,2,34812.88
2308,Sra. Agatha Rezende,nunesluara@example.net,2025-08-13,Evento,9,26597.26
2309,Sra. Isabel Silva,da-pazemanuella@example.org,2024-10-11,Evento,6,80976.84
2310,Maria Eduarda Marques,knogueira@example.com,2025-03-12,Evento,11,68620.41
2311,Maria Fernanda Silveira,aurorasousa@example.net,2024-11-03,EVENTO,7,169033.9
2312,Dr. Erick Pacheco,dfreitas@example.com,2024-06-24,Evento,6,37254.02
2313,Diogo Rocha,irocha@example.com,2024-10-29,Evento,12,140871.81
2314,Dr. Caio Pereira,joao-guilherme55@example.net,2024-02-25,Evento,4,30692.88
2315,Milena Sá,bryanfernandes@example.net,2025-05-13,Evento,2,66174.39
2316,Clara Peixoto,valentina29@example.org,2025-08-18,EVENTO,9,27468.19
2317,Miguel Barros,gcamargo@example.net,2024-07-31,Evento,9,50450.37
2318,Vicente Caldeira,da-cunhaisis@example.net,2025-02-07,Evento,4,54163.17
2319,Ian Rodrigues,mariana15@example.net,2024-05-31,Evento,9,27131.74
2320,Dr. Vicente Ribeiro,kcamara@example.com,2024-03-17,Evento,1,157982.07
2321,Sra. Bianca Câmara,scassiano@example.org,2025-04-11,Evento,12,41832.23
2322,Srta. Sofia Caldeira,ecasa-grande@example.net,2024-03-21,Evento,9,43534.91
2323,Isaque Sá,nda-rosa@example.net,2025-07-11,Evento,7,29312.95
2324,Aylla Correia,almeidabento@example.com,2024-07-02,Evento,4,60159.41
2325,Gustavo Henrique Cirino,azevedothiago@example.com,2025-08-10,Evento,9,17089.74
2326,Otávio Fogaça,salbuquerque@example.net,2024-09-17,Evento,6,33006.83
2327,Luigi Gomes,oliver46@example.net,2024-09-17,Evento,1,40521.89
2328,Pietra Porto,rochamariane@example.org,2025-06-15,Evento,5,100694.37
2329,Luiza Ferreira,da-cunhamaria-julia@example.com,2025-01-06,Evento,1,35041.68
2330,Beatriz Lima,mariane06@example.org,2024-05-08,Evento,10,36077.45
2331,Aurora Melo,yasmin11@example.org,2025-09-04,Evento,4,39985.24
2332,Dra. Aylla Marques,vsouza@example.org,2024-08-26,Evento,10,13716.53
2333,Olivia Andrade,ana-luiza87@example.org,2024-02-29,Evento,8,11940.77
2334,Maria Sophia Brito,rodriguesjose-miguel@example.net,2024-10-21,Evento,1,49038.13
2335,Ana Montenegro,gazevedo@example.org,2025-02-11,Evento,9,40399.79
2336,Kamilly Sampaio,pnascimento@example.net,2025-03-06,Evento,4,117916.03
2337,José Pacheco,sampaiopietra@example.com,2025-08-23,Evento,11,26034.04
2338,Rael da Rocha,brunoda-rocha@example.net,2025-01-23,Evento,8,12461.23
2339,Dr. Daniel Rodrigues,eduardocosta@example.com,2024-05-25,Evento,1,10119.52
2340,Isadora Abreu,vvasconcelos@example.net,2024-06-24,Evento,4,89160.58
2341,Marcos Vinicius Aparecida,luiz-otavio35@example.net,2024-02-28,Evento,11,9055.42
2342,Sabrina da Conceição,hsampaio@example.org,2025-06-04,Evento,2,77463.98
2343,Davi Miguel Cardoso,macedomaysa@example.com,2024-03-03,Evento,11,135888.94
2344,Sra. Alícia Santos,yasmin16@example.com,2025-03-03,Evento,6,51827.34
2345,João Lucas Lopes,eazevedo@example.org,2025-02-25,Evento,12,98316.0
2346,Luiz Henrique Melo,pmontenegro@example.org,2025-07-14,Evento,11,31484.3
2347,Apollo Castro,oliveiramarcelo@example.net,2024-02-12,Evento,4,29344.98
2348,Pietro Ribeiro,vinicius71@example.net,2024-05-10,Evento,2,35803.24
2349,Noah Camargo,da-conceicaonathan@example.org,2025-10-17,Evento,6,84075.28
2350,Davi Luiz Souza,xalbuquerque@example.org,2025-02-10,Evento,5,34625.5
2351,Alice Camargo,sofia04@example.org,2024-11-23,Evento,9,22356.33
2352,Sr. Rhavi Cunha,maria-lauramendes@example.com,2025-06-13,Evento,6,25367.68
2353,Carlos Eduardo Cavalcanti,onovaes@example.net,2025-10-12,Evento,3,29850.21
2354,Ana Sophia Casa Grande,ninacasa-grande@example.org,2024-06-25,Evento,1,55968.27
2355,Sophie Barbosa,thalespires@example.com,2025-10-11,Evento,9,46627.21
2356,Maria Cecília Câmara,joana06@example.org,2024-03-04,Evento,4,34155.73
2357,Dr. Arthur Correia,heloisa79@example.org,2025-12-11,Evento,5,306367.52
2358,Srta. Pietra Pimenta,wramos@example.net,2024-04-12,Evento,3,22953.01
2359,Isaque Peixoto,maysa16@example.net,2024-06-27,Evento,8,7100.81
2360,Oliver Azevedo,santosjoao-vitor@example.net,2024-02-26,Evento,3,103305.01
2361,Léo da Mota,dda-mota@example.net,2025-07-29,Evento,8,23750.42
2362,Dr. Vitor Gabriel Pereira,ana-liz78@example.com,2025-12-17,EVENTO,10,79913.97
2363,Cecilia Melo,fernando75@example.net,2024-07-22,Evento,5,32093.95
2364,Ana Luiza da Cunha,vitor-hugo49@example.net,2024-08-15,Evento,6,79750.37
2365,Levi Duarte,mateusferreira@example.com,2024-07-08,Evento,11,60546.61
2366,Lucas Gabriel Moreira,qda-mota@example.net,2024-04-04,Evento,5,119060.06
2367,Esther Vargas,ana-carolinacorreia@example.net,2025-07-15,Evento,12,14957.27
2368,Maria Cecília Silva,nicolas79@example.net,2024-02-04,Evento,5,47101.84
2369,Dante Silveira,thales39@example.net,2025-12-02,Evento,6,81497.79
2370,Sr. Theo Freitas,heloisamendes@example.net,2025-10-30,Evento,3,231064.02
2371,Raul Nascimento,joao-vitor49@example.org,2024-03-11,Evento,9,10122.79
2372,Davi Garcia,eabreu@example.org,2025-01-17,Evento,4,52218.18
2373,Thales Marques,nina96@example.org,2025-12-25,Evento,2,34486.67
2374,Benjamim Lima,gpeixoto@example.com,2025-09-06,Evento,7,58634.18
2375,Maria Julia Dias,carvalholuiz-miguel@example.org,2025-05-19,Evento,7,323069.77
2376,Sr. Asafe Azevedo,henrique88@example.com,2024-01-13,Evento,5,68466.82
2377,Calebe Souza,ccostela@example.net,2024-02-09,EVENTO,10,101515.7
2378,Ana Liz Albuquerque,fernandesyuri@example.com,2025-07-21,Evento,12,11029.81
2379,Isabella da Conceição,vitornovaes@example.com,2024-09-22,Evento,1,13851.42
2380,Dom Almeida,pedro-lucas26@example.org,2025-04-15,Evento,7,31820.1
2381,Allana Castro,oliveiravitor-hugo@example.com,2025-06-06,Evento,7,196933.64
2382,Calebe da Cruz,pcamara@example.com,2024-10-26,Evento,11,69142.29
2383,Eloah Cavalcanti,alanacaldeira@example.org,2024-03-27,Evento,4,51329.66
2384,Leandro Lopes,nmachado@example.org,2024-09-30,Evento,5,63913.69
2385,Bruno Jesus,jmacedo@example.net,2025-09-19,Evento,5,43643.03
2386,Maria Helena Almeida,noah76@example.net,2024-08-19,Evento,6,40969.43
2387,Dr. Antônio Monteiro,mmacedo@example.org,2024-02-05,Evento,11,36369.61
2388,Sr. Breno Peixoto,ycavalcante@example.com,2025-11-25,Evento,6,80426.32
2389,Henrique Dias,jade43@example.net,2025-04-24,Evento,7,38168.0
2390,Igor Garcia,ralves@example.net,2025-01-23,Evento,8,40804.27
2391,Benício Machado,gomescatarina@example.com,2025-08-18,Evento,7,22708.9
2392,Alícia Mendonça,csilveira@example.com,2024-10-18,Evento,5,17048.97
2393,Pedro Henrique da Cunha,raul45@example.com,2025-12-18,Evento,11,166639.86
2394,Eduarda Cavalcante,pietrapeixoto@example.net,2025-09-09,Evento,6,67675.26
2395,Arthur Miguel Garcia,calebe31@example.net,2024-07-09,Evento,12,70979.55
2396,Caleb Pimenta,da-cunhaemanuel@example.net,2024-09-19,Evento,6,9299.05
2397,Rael Cassiano,joao-miguel64@example.org,2024-07-05,Evento,11,5552.66
2398,Nicolas das Neves,raquelazevedo@example.org,2025-04-08,Evento,6,19537.1
2399,Benjamim Oliveira,alicianovaes@example.com,2025-03-25,Evento,6,21511.24
2400,Eloah da Costa,costaeduardo@example.org,2025-01-13,Evento,5,46658.92
2401,João Felipe Viana,sophiecampos@example.com,2025-11-30,EVENTO,2,33947.06
2402,Maria Eduarda Silveira,leandronascimento@example.org,2024-12-05,Evento,12,16559.49
2403,Anthony Duarte,yagomoraes@example.org,2025-07-12,Evento,2,73782.34
2404,Sofia Araújo,kcarvalho@example.org,2025-04-07,Evento,12,80607.67
2405,Daniela Cardoso,emillyoliveira@example.com,2025-01-10,Evento,8,215397.02
2406,Isabelly Marques,henrysilva@example.org,2024-01-24,Evento,9,28480.56
2407,Asafe Azevedo,acarvalho@example.com,2025-04-07,Evento,1,83673.64
2408,Vitória Mendonça,inovaes@example.net,2025-03-27,Evento,10,75223.52
2409,Valentina Martins,jade48@example.com,2024-03-15,Evento,3,62351.06
2410,Theodoro Monteiro,brayancostela@example.org,2025-07-22,Evento,6,33219.57
2411,Maria Eduarda da Rosa,pereirajulia@example.com,2024-12-01,Evento,5,106060.54
2412,Letícia Freitas,diasmariah@example.org,2024-08-13,Evento,10,27611.98
2413,Henrique Lopes,manuellapastor@example.net,2025-08-14,Evento,3,33018.8
2414,Kevin Gonçalves,joao-miguelalmeida@example.org,2024-08-29,Evento,12,10053.9
2415,Isis Mendonça,tmartins@example.com,2025-03-14,Evento,3,26913.75
2416,Sr. Ravi Cardoso,paragao@example.org,2025-03-11,Evento,6,210301.87
2417,Beatriz da Rocha,caue57@example.com,2024-01-30,Evento,12,45174.28
2418,Marina Barbosa,daniela88@example.com,2024-10-26,Evento,8,20850.19
2419,Rhavi Azevedo,bianca34@example.net,2024-05-24,EVENTO,4,95736.14
2420,Anthony Brito,vitor-hugoaraujo@example.org,2024-05-07,Evento,9,192705.58
2421,Helena Pires,benicio76@example.com,2025-04-05,Evento,1,261747.82
2422,Natália Ferreira,alice50@example.net,2024-01-07,Evento,1,11039.13
2423,Camila Macedo,wlopes@example.net,2025-12-03,Evento,9,76856.92
2424,Yan Siqueira,cassianogabriela@example.com,2024-10-06,Evento,2,191404.18
2425,Maysa Siqueira,joao-pedro23@example.org,2024-07-24,Evento,5,42072.8
2426,Maria Isis da Mota,ccamara@example.org,2025-10-25,Evento,9,110627.74
2427,Anthony Gabriel Carvalho,larissanunes@example.org,2024-12-19,Evento,5,20048.83
2428,Clarice Lima,otto01@example.org,2025-03-09,Evento,12,36214.18
2429,João Siqueira,eviana@example.org,2025-05-05,Evento,12,19736.49
2430,Eloah Rocha,fcamargo@example.net,2025-09-19,Evento,10,207363.29
2431,Manuela Pimenta,maria-isis49@example.net,2024-03-18,Evento,2,63527.77
2432,Luísa Pires,sara29@example.net,2024-02-17,Evento,2,12362.34
2433,Lara Peixoto,raelalmeida@example.com,2025-12-26,Evento,10,45061.8
2434,Júlia Farias,melina60@example.net,2024-01-05,Evento,1,63995.66
2435,José Miguel Caldeira,pietroviana@example.org,2025-05-14,Evento,2,44062.63
2436,Ravi Cassiano,sampaiovitoria@example.net,2025-03-07,Evento,10,14574.47
2437,Dr. Murilo Leão,ana-clara13@example.org,2025-01-30,Evento,4,26194.19
2438,Rafaela Ribeiro,vasconcelosana-sophia@example.org,2025-07-14,Evento,7,62637.22
2439,Maria Luiza Lopes,kamillymelo@example.org,2025-12-25,Evento,1,52713.88
2440,Dr. Dante das Neves,mariahmendonca@example.com,2024-01-27,Evento,3,68613.19
2441,Hadassa Guerra,sda-costa@example.org,2025-03-09,Evento,2,35907.14
2442,Eloah Fernandes,beatrizpastor@example.com,2025-05-20,Evento,9,41586.11
2443,Carlos Eduardo Barros,vieiraantony@example.org,2024-07-30,Evento,3,16535.62
2444,Mariane Monteiro,vieirakevin@example.org,2025-10-05,Evento,2,47172.18
2445,Ravy Cavalcanti,carvalhoana@example.com,2024-11-22,Evento,11,31374.62
2446,Maria Alice Rios,aparecidalucas@example.com,2024-04-11,Evento,1,100716.29
2447,Sr. Arthur Miguel Pacheco,aparecidaalexandre@example.org,2025-09-07,Evento,4,57825.68
2448,Matteo Mendonça,da-mataana@example.net,2025-11-12,Evento,1,460779.09
2449,Ana Sophia Pimenta,joao-guilherme17@example.net,2024-02-27,Evento,5,26903.62
2450,Emanuel Ramos,monteiropietro@example.net,2025-06-16,Evento,8,31226.19
2451,Arthur Gabriel Gonçalves,luan77@example.com,2024-05-18,Evento,4,13246.44
2452,Lorena da Rocha,zleao@example.org,2024-01-04,Evento,2,28516.48
2453,Luan Costela,maria-eduardacassiano@example.net,2024-06-23,Evento,12,105579.58
2454,Arthur Miguel Barros,pastorisaac@example.org,2025-09-07,Evento,10,61407.57
2455,Pietro Cardoso,diogoda-paz@example.com,2024-03-26,Evento,5,19157.45
2456,Sra. Isabella Silva,alopes@example.org,2024-03-19,Evento,4,76396.24
2457,Liz Santos,maria-juliarezende@example.org,2025-06-06,Evento,3,59568.1
2458,Sr. Matteo Correia,davi-lucca00@example.com,2024-10-14,Evento,6,90006.03
2459,Ester Monteiro,zribeiro@example.net,2024-03-31,Evento,9,32689.46
2460,Dr. Davi Luiz Duarte,uribeiro@example.net,2024-05-29,Evento,11,33524.56
2461,Srta. Alana Viana,theodoroleao@example.org,2025-07-21,Evento,8,141866.37
2462,Lívia Casa Grande,carvalhorhavi@example.net,2025-03-15,Evento,5,81639.38
2463,Sabrina da Mota,luiz-miguelleao@example.org,2025-06-24,Evento,3,52563.2
2464,Luiz Miguel Silva,esther50@example.org,2024-02-26,evento,4,102050.75
2465,Sarah Costa,juanfarias@example.net,2024-11-23,Evento,9,25125.6
2466,Sofia da Mota,lmoura@example.net,2025-07-23,Evento,9,50652.87
2467,Fernanda Lopes,marquesagatha@example.com,2024-06-27,Evento,12,32869.83
2468,Mirella Aparecida,brenda06@example.net,2024-04-15,Evento,1,20163.05
2469,Ana Luiza Melo,mmartins@example.net,2024-09-26,Evento,2,62646.89
2470,Levi Pastor,manuellada-luz@example.com,2024-08-21,Evento,11,60854.35
2471,Ana Carolina da Conceição,isabela40@example.net,2024-04-27,Evento,2,64704.51
2472,Asafe Câmara,zda-costa@example.org,2025-11-21,Evento,5,66518.33
2473,Ana Julia Barbosa,stella86@example.org,2024-12-15,Evento,3,45872.48
2474,Lorena Vargas,monteiropaulo@example.net,2025-03-05,Evento,2,43957.42
2475,Laura Vasconcelos,da-costaheloisa@example.net,2024-03-13,Evento,4,101037.49
2476,Sra. Emanuelly Nogueira,arthurrodrigues@example.com,2025-03-06,EVENTO,1,61943.93
2477,Lucas Ramos,maria-luizaalmeida@example.org,2025-01-31,Evento,7,86930.88
2478,José Pedro Cavalcante,theo62@example.com,2025-11-03,Evento,3,35219.86
2479,Enrico Fonseca,teixeiraalicia@example.com,2024-10-19,Evento,12,33751.93
2480,Ana Lívia Barbosa,joaquimabreu@example.org,2025-07-11,Evento,6,35054.58
2481,João Gabriel Cavalcanti,teixeiramarcela@example.com,2024-07-28,Evento,11,36216.35
2482,Theodoro Vargas,hmoraes@example.com,2025-02-14,Evento,12,65723.55
2483,Lara Viana,fogacafrancisco@example.com,2025-10-30,Evento,7,99416.6
2484,Mathias Correia,arthur-miguel91@example.org,2025-03-16,Evento,11,31516.08
2485,Diogo Fernandes,rebecasales@example.net,2025-05-16,Evento,6,98916.33
2486,Rhavi Sá,bento56@example.com,2025-09-23,Evento,12,211909.86
2487,Théo Vasconcelos,kcunha@example.org,2025-10-29,Evento,1,6790.88
2488,Rafaela Vasconcelos,souzarafael@example.net,2024-05-13,Evento,7,161708.5
2489,Natália Gomes,emilly30@example.org,2024-05-04,Evento,6,65448.41
2490,Esther Abreu,arthur-gabriel55@example.com,2025-01-28,Evento,7,18370.17
2491,Srta. Luara Martins,carvalhogael@example.net,2025-12-27,Evento,1,26304.48
2492,Bruna Pastor,maria-juliamonteiro@example.net,2024-12-22,Evento,11,128786.52
2493,Manuela Campos,vianaanna-liz@example.org,2024-08-19,Evento,1,63896.45
2494,Vitor Gabriel Lima,breno10@example.com,2025-01-21,Evento,3,29495.09
2495,Cecilia Sampaio,gabrielly24@example.com,2024-02-06,Evento,10,16772.57
2496,Ana Vitória Moura,dom74@example.net,2024-04-21,Evento,3,54448.41
2497,Nicolas Almeida,da-pazbeatriz@example.org,2024-03-31,Evento,1,19145.65
2498,Srta. Cecilia Moura,fonsecaian@example.org,2024-01-16,EVENTO,1,32502.15
2499,Lucas Gabriel Dias,cirinootavio@example.net,2025-05-24,Evento,11,29979.0
2500,Igor Aragão,ana-livia88@example.org,2024-08-15,Evento,11,83351.03
2501,Dra. Ísis da Rosa,guilherme60@example.com,2024-04-14,Evento,2,22655.52
2502,Ayla Ribeiro,vitor-gabriel02@example.org,2025-01-07,Evento,4,60207.55
2503,André Caldeira,eaparecida@example.com,2024-08-13,Evento,1,46673.84
2504,Ágatha Caldeira,liam98@example.org,2024-10-05,Evento,10,56994.81
2505,Lucas Gabriel Cavalcante,gustavo-henriquepires@example.org,2024-08-06,Evento,11,288932.63
2506,Helena Siqueira,luccasousa@example.net,2024-01-03,Evento,8,126248.76
2507,Isabella Jesus,rodriguesrebeca@example.com,2025-04-29,evento,5,102278.26
2508,Esther Monteiro,dantelopes@example.org,2024-03-06,Evento,9,73434.71
2509,Maria Julia Correia,catarina26@example.net,2024-05-21,Evento,10,47832.85
2510,Laura da Mata,josuesantos@example.com,2024-04-30,Evento,6,75684.88
2511,Theo Abreu,guerramateus@example.net,2024-08-19,Evento,3,229771.22
2512,Davi Lucas Oliveira,isaquerios@example.org,2024-04-08,Evento,10,31074.57
2513,Asafe da Conceição,calebsiqueira@example.org,2024-09-01,Evento,6,38994.4
2514,Maria Laura Carvalho,yuricamargo@example.net,2024-06-09,Evento,12,11229.84
2515,Gustavo Henrique Silva,sampaioarthur@example.com,2024-02-04,Evento,8,60051.58
2516,Luigi Costela,jcasa-grande@example.net,2025-09-19,Evento,12,54697.38
2517,Camila Freitas,juliana68@example.net,2024-07-29,Evento,3,238128.62
2518,Pedro Miguel Ribeiro,joao-vitorcostela@example.com,2024-02-25,Evento,5,61283.78
2519,Sr. Joaquim Mendonça,bda-mota@example.org,2025-01-12,Evento,11,56873.63
2520,Alexandre Lopes,dcastro@example.org,2024-03-14,Evento,6,39411.58
2521,Sra. Valentina da Rocha,juliacamargo@example.com,2025-07-04,Evento,10,26781.64
2522,João Miguel da Mota,leticiavargas@example.org,2024-02-04,Evento,7,9619.14
2523,Vitória Azevedo,tferreira@example.net,2024-11-29,EVENTO,10,133331.8
2524,Rael Costa,maria-liz64@example.org,2025-11-12,Evento,9,52133.84
2525,Hellena Macedo,arthur-gabrielvasconcelos@example.org,2024-04-07,Evento,2,12522.78
2526,Raquel Gomes,nicoleramos@example.org,2024-05-08,Evento,5,42439.14
2527,João Felipe Silveira,rebeca41@example.com,2025-02-28,Evento,3,21352.87
2528,Stella das Neves,ealmeida@example.net,2025-12-13,Evento,7,72193.47
2529,Isaque da Paz,samuel89@example.net,2024-09-29,Evento,7,32921.31
2530,Emilly Pires,amoura@example.org,2025-03-31,Evento,2,34955.94
2531,Luan Vargas,vnunes@example.org,2024-04-03,Evento,5,143891.14
2532,Evelyn Cirino,siqueiraana-laura@example.net,2025-03-27,Evento,7,140904.39
2533,Isis Sampaio,murilo69@example.net,2024-06-16,Evento,9,38059.87
2534,Maria Alice Brito,nmelo@example.org,2025-03-08,Evento,3,39402.35
2535,Luan Aparecida,eduarda73@example.net,2024-02-21,Evento,9,35350.11
2536,Dr. Ian Lopes,saleseduardo@example.org,2025-01-14,Evento,9,21257.86
2537,Cecilia da Conceição,naparecida@example.com,2024-06-04,Evento,3,74409.13
2538,Yasmin Sousa,caldeiraagatha@example.com,2025-04-25,Evento,3,19173.39
2539,Srta. Hellena Sousa,pedro-henriquefreitas@example.org,2025-06-13,Evento,12,61195.97
2540,José Miguel Albuquerque,rcampos@example.net,2025-09-02,Evento,4,31702.67
2541,Milena Costela,fernandesrenan@example.net,2025-12-25,Evento,5,33621.22
2542,Caleb da Cunha,caiomelo@example.net,2024-11-24,Evento,6,31964.69
2543,Vitor Hugo Cavalcante,mendoncapedro@example.com,2025-04-17,Evento,11,277934.41
2544,Sr. Caio Montenegro,agathaabreu@example.com,2024-01-11,Evento,3,34805.82
2545,Sra. Maria Alice Sá,snovais@example.org,2025-10-14,Evento,12,42027.18
2546,Calebe Pires,riosyan@example.org,2025-03-10,Evento,12,39888.49
2547,Emanuel da Conceição,siqueiraluiz-henrique@example.org,2024-10-25,Evento,3,36116.2
2548,Gael Henrique Cardoso,maria-clara07@example.org,2024-11-04,Evento,12,29321.36
2549,Catarina Andrade,silveiranicolas@example.com,2025-06-21,Evento,11,62474.79
2550,Letícia Rodrigues,scassiano@example.org,2025-08-22,Evento,9,65195.85
2551,Renan Garcia,cavalcanteevelyn@example.org,2025-08-01,Evento,5,89955.56
2552,Emanuella Rodrigues,fcaldeira@example.org,2025-01-06,Evento,1,69748.92
2553,Brayan Cassiano,bcaldeira@example.org,2024-09-19,Evento,9,86171.9
2554,Srta. Juliana Silva,marcela29@example.net,2025-11-14,Evento,5,16377.54
2555,Helena Machado,ncavalcanti@example.com,2025-03-22,Evento,2,26396.94
2556,Levi da Luz,asafecosta@example.com,2025-01-25,Evento,9,53516.18
2557,Marcos Vinicius Vargas,lborges@example.org,2025-02-26,Evento,5,41075.41
2558,Srta. Ana Júlia da Conceição,novaismaria-luiza@example.com,2025-03-19,Evento,12,115305.98
2559,Catarina Aragão,stephanyda-conceicao@example.org,2025-05-18,Evento,1,26374.88
2560,Benicio Moraes,da-costastephany@example.net,2025-01-30,Evento,10,34194.28
2561,Lucca Moura,da-luzvicente@example.com,2025-09-22,Evento,4,127052.35
2562,Catarina Cavalcanti,limamariane@example.org,2025-09-11,Evento,5,39910.43
2563,Henry Sampaio,moreirajuan@example.net,2024-11-11,evento,4,71096.92
2564,Ana Sophia Lima,sousaaurora@example.com,2024-04-14,Evento,3,60768.59
2565,João Guilherme Fernandes,andradeantonio@example.org,2025-02-13,Evento,3,134123.59
2566,Amanda Silveira,barrosayla@example.org,2025-03-13,Evento,7,88320.59
2567,Dra. Anna Liz Barros,maria-luisabrito@example.com,2025-01-13,Evento,1,35468.46
2568,Maria Fernanda Araújo,silveirakaique@example.com,2025-10-03,Evento,10,54240.4
2569,Dr. Danilo Vieira,ana42@example.org,2024-02-24,Evento,2,75151.03
2570,Clara Peixoto,fda-paz@example.net,2024-07-15,Evento,7,50118.34
2571,Dom Cavalcanti,melissa90@example.com,2025-09-15,Evento,2,39791.4
2572,Olivia Aparecida,bmartins@example.org,2025-11-09,Evento,1,25977.18
2573,Ana Julia Abreu,samuel65@example.net,2024-10-29,Evento,9,47812.96
2574,Sr. Luiz Miguel Silveira,sofia26@example.com,2024-05-02,Evento,2,55384.07
2575,Camila da Costa,zcassiano@example.com,2024-10-25,Evento,1,32871.38
2576,Heloísa Duarte,carlos-eduardo54@example.org,2024-11-22,Evento,2,37931.49
2577,Maria Flor Siqueira,novaesbruno@example.net,2025-01-11,Evento,4,104794.32
2578,Ana Júlia Jesus,rodrigojesus@example.net,2024-07-04,Evento,4,58246.27
2579,Natália Pinto,arthur-gabriel98@example.org,2024-08-04,Evento,2,136885.88
2580,Benício Araújo,calebe16@example.com,2025-04-06,Evento,8,24456.04
2581,Camila Novais,da-luzvalentim@example.net,2025-03-14,Evento,6,371700.95
2582,Yan Melo,hda-cruz@example.org,2025-04-10,Evento,6,28370.2
2583,Esther Moura,guerravitor-gabriel@example.org,2024-09-23,Evento,4,41637.25
2584,Benício Casa Grande,rpinto@example.com,2024-08-23,Evento,12,40115.39
2585,Srta. Stephany Oliveira,joana42@example.org,2024-09-04,Evento,3,19537.8
2586,Otto Sá,emillysilveira@example.net,2025-11-18,Evento,10,40244.38
2587,Marina Cunha,das-nevestheodoro@example.org,2024-10-06,Evento,5,69098.16
2588,Ana Cecília Gomes,heloisa25@example.com,2025-03-03,Evento,11,22268.9
2589,Asafe Cirino,oviana@example.net,2025-01-13,Evento,2,26335.49
2590,Maria Eduarda Fernandes,ana-beatrizcorreia@example.net,2025-09-23,Evento,1,35628.79
2591,Bryan Melo,adas-neves@example.com,2024-09-17,Evento,1,274189.22
2592,Théo Oliveira,vargasrael@example.net,2024-11-04,Evento,1,71829.57
2593,Léo da Costa,yurifarias@example.net,2025-08-29,Evento,7,134003.1
2594,Ravi Lucca Pimenta,rochacarolina@example.org,2024-04-09,Evento,4,88933.38
2595,Benjamin da Rocha,nicolascunha@example.org,2025-02-24,Evento,2,157085.72
2596,Sr. Vinicius da Cunha,joaquim63@example.org,2024-10-10,Evento,5,41865.13
2597,Caleb Brito,dmoura@example.net,2025-12-19,Evento,1,21862.29
2598,Yago Aragão,rodrigopastor@example.org,2025-05-24,Evento,8,223674.04
2599,Fernanda Monteiro,joao-felipeguerra@example.net,2024-01-06,Evento,12,96628.88
2600,Sr. Asafe Jesus,silveiraeduardo@example.org,2025-08-27,Evento,2,29873.32
2601,Sofia Monteiro,heloisa17@example.net,2025-05-10,Evento,4,21750.59
2602,Valentina Albuquerque,cirinooliver@example.org,2025-02-04,Evento,1,75200.54
2603,Cauê Farias,jcamargo@example.org,2024-06-03,Evento,5,148545.45
2604,Valentina Albuquerque,gabrielafarias@example.com,2024-03-31,Evento,1,66905.04
2605,Sara da Luz,isaque60@example.net,2025-03-18,Evento,9,30313.88
2606,Hadassa Gonçalves,cecilia20@example.org,2024-11-09,Evento,5,89868.52
2607,Brayan Campos,henrique84@example.org,2025-09-12,Evento,10,8075.99
2608,Miguel Moura,bfernandes@example.net,2024-06-24,evento,12,224270.53
2609,Nicolas Correia,levicunha@example.net,2025-03-24,Evento,11,134926.77
2610,Sofia Casa Grande,da-costamarcela@example.com,2024-06-13,Evento,9,67996.76
2611,Dr. Otto Barbosa,da-cunhabrayan@example.net,2025-03-23,Evento,10,42385.6
2612,Dra. Laís Cardoso,csouza@example.com,2024-01-28,Evento,6,109112.15
2613,Alícia Vasconcelos,renan76@example.com,2024-10-04,Evento,1,188126.87
2614,Ana Clara Moreira,camargojose-miguel@example.com,2024-04-17,Evento,3,86084.9
2615,Asafe Correia,moreiranicolas@example.com,2025-03-03,Evento,12,27483.12
2616,Maria Laura Pereira,teixeirabenjamim@example.com,2024-08-07,Evento,2,82231.78
2617,Rafael Barbosa,otavio12@example.org,2025-07-02,Evento,2,16772.27
2618,Luigi Fogaça,lopesnicole@example.net,2024-03-08,Evento,10,31005.21
2619,Pedro Henrique Oliveira,mendoncamaria-vitoria@example.com,2025-02-01,Evento,7,106427.79
2620,Cecília Pinto,sabrinada-luz@example.com,2025-02-23,Evento,4,41182.34
2621,Srta. Bruna da Costa,anthony87@example.org,2024-01-13,Evento,9,45558.05
2622,Dr. Isaac Mendes,joanaaparecida@example.org,2024-01-21,Evento,7,83158.13
2623,Marcelo Pimenta,aragaogustavo@example.net,2024-08-01,Evento,12,219193.04
2624,Dr. Antony Pereira,montenegroemilly@example.net,2025-03-05,Evento,6,12105.74
2625,Ana Luiza da Rocha,luiz-otavio07@example.com,2025-11-28,Evento,9,31414.13
2626,Eloah Guerra,nvargas@example.net,2024-02-22,Evento,11,48050.55
2627,Laís Novaes,hborges@example.com,2025-05-10,Evento,1,33634.79
2628,Vitor Gabriel Viana,hadassa93@example.org,2025-05-03,Evento,5,63039.11
2629,Sr. Juan Almeida,mathias23@example.org,2025-04-16,EVENTO,11,145625.53
2630,Henry Gabriel da Rocha,lorenaguerra@example.net,2025-01-09,Evento,3,42242.91
2631,Ana Laura Jesus,novaismaria-julia@example.org,2025-12-01,Evento,9,26792.43
2632,Bárbara Marques,palves@example.com,2025-01-01,Evento,2,20016.33
2633,Henrique das Neves,raquelpereira@example.org,2025-08-26,Evento,12,34993.09
2634,Dr. Joaquim Moreira,arthur-gabrielda-paz@example.org,2024-06-24,Evento,4,125529.2
2635,Dr. Dante Casa Grande,bfernandes@example.net,2025-07-31,Evento,3,30883.14
2636,Nathan Pastor,yasmin26@example.net,2025-12-28,Evento,4,15688.99
2637,Caleb Viana,yoliveira@example.com,2025-10-18,Evento,5,181873.19
2638,Ana Sophia Cunha,novaismaria-luisa@example.com,2024-07-28,Evento,3,34779.54
2639,Diogo Vargas,sarahdias@example.net,2025-09-01,Evento,2,63765.31
2640,Sr. José Correia,isabelly82@example.org,2024-02-25,Evento,11,17988.88
2641,Luana Moraes,bruno02@example.com,2025-04-22,Evento,2,75241.2
2642,Alexandre Abreu,zpeixoto@example.com,2024-08-28,Evento,3,277536.82
2643,Benjamin Camargo,mmontenegro@example.org,2025-04-08,Evento,3,24615.61
2644,Gael Pimenta,benjamim01@example.com,2024-10-19,Evento,8,21088.28
2645,Ana Laura Pimenta,enrico49@example.org,2024-01-06,EVENTO,9,138743.56
2646,Sra. Ana Júlia Marques,lvasconcelos@example.net,2024-05-30,Evento,4,63438.41
2647,Fernanda Pacheco,aramos@example.net,2024-01-24,Evento,3,73399.55
2648,Benicio Siqueira,pedro-lucas44@example.org,2024-10-30,Evento,3,43997.51
2649,Maysa Macedo,heloisa20@example.net,2025-08-27,Evento,7,90452.65
2650,Cecilia Silveira,ateixeira@example.net,2025-06-05,Evento,11,75107.26
2651,Davi Miguel Ferreira,novaisfrancisco@example.net,2025-07-17,Evento,1,334830.75
2652,Olívia Gomes,castrodavi-luiz@example.com,2025-07-31,Evento,2,48333.68
2653,Miguel Moura,davi-luiz33@example.org,2024-09-19,Evento,5,24357.01
2654,Isabel Borges,ana-sophiafogaca@example.net,2025-01-03,Evento,10,74492.83
2655,Guilherme Ferreira,dcaldeira@example.net,2025-01-05,evento,7,35855.03
2656,Ravi Albuquerque,lucasrocha@example.org,2024-03-07,Evento,4,21975.77
2657,Enrico Abreu,ocamargo@example.com,2025-02-26,Evento,1,33481.11
2658,Théo Rios,joao77@example.net,2025-05-23,Evento,12,46200.78
2659,Manuella Garcia,correiapedro-henrique@example.com,2025-03-06,Evento,11,60953.53
2660,Yago da Rocha,vinicius90@example.net,2025-06-12,Evento,1,81935.57
2661,Lorenzo Aragão,isabelada-rocha@example.net,2024-03-11,Evento,10,54939.65
2662,Calebe Lopes,alice03@example.com,2025-06-24,Evento,6,55757.01
2663,José Caldeira,imelo@example.org,2024-05-13,Evento,12,102356.66
2664,Ravi Sousa,grios@example.org,2025-09-23,Evento,8,26891.56
2665,Breno Albuquerque,franciscomendonca@example.net,2024-06-10,Evento,8,104967.16
2666,Emilly Caldeira,vicentemoreira@example.com,2024-12-23,Evento,8,21256.01
2667,Yago Fernandes,uviana@example.net,2024-12-19,Evento,1,110377.79
2668,Maysa da Conceição,ida-conceicao@example.org,2024-06-30,Evento,7,67438.57
2669,Théo Cavalcanti,julia05@example.org,2024-09-12,Evento,1,75231.04
2670,Milena Sousa,monteiroyasmin@example.net,2024-04-27,Evento,8,65740.67
2671,Mariane Guerra,marquesmaria-liz@example.net,2025-02-09,Evento,12,34256.91
2672,Nathan Monteiro,jademoreira@example.org,2025-10-20,Evento,4,32492.06
2673,Luiz Otávio Teixeira,garciavalentina@example.org,2024-08-07,Evento,11,75758.74
2674,Enzo Gabriel Cirino,ceciliaduarte@example.net,2025-01-05,Evento,7,333239.09
2675,Caio Gonçalves,arthur58@example.com,2025-09-12,Evento,1,21884.18
2676,João Guerra,diogomoreira@example.net,2024-11-19,Evento,3,63343.16
2677,Brayan Oliveira,beatriznunes@example.com,2025-08-20,Evento,4,17741.75
2678,Ana Cecília Novais,ravy69@example.net,2024-11-14,Evento,6,16534.96
2679,Laura Viana,castrojose@example.org,2024-11-09,Evento,9,83413.74
2680,Sr. Ian Ribeiro,msilveira@example.net,2024-04-06,Evento,2,66864.08
2681,Sra. Sofia da Rocha,ana-ceciliapereira@example.com,2024-03-15,Evento,11,117193.96
2682,Dra. Sophie Novaes,ramosenzo-gabriel@example.com,2025-03-07,Evento,5,28256.67
2683,Dr. Yago Montenegro,csa@example.net,2025-08-17,Evento,10,88687.76
2684,Maysa Borges,luiz-henrique38@example.com,2024-03-22,EVENTO,1,109285.69
2685,Maria Julia Mendes,valentinavargas@example.net,2025-10-18,Evento,9,15491.29
2686,Apollo Pimenta,yda-mota@example.org,2024-09-10,Evento,5,16324.62
2687,Ana Luiza Silveira,nmonteiro@example.net,2024-10-28,Evento,6,31521.8
2688,Maria Isis Nogueira,luizamontenegro@example.com,2025-10-06,Evento,6,106546.11
2689,Srta. Caroline Dias,marinasouza@example.org,2025-10-08,Evento,6,29018.2
2690,Yasmin Dias,guerramarcelo@example.net,2025-01-14,EVENTO,8,109457.18
2691,Isabela Freitas,sampaiovitor-gabriel@example.org,2024-07-06,Evento,4,9416.68
2692,Maria Cecília Sá,ugarcia@example.net,2024-04-17,Evento,6,49340.27
2693,Dr. Arthur Miguel Alves,cavalcantealana@example.net,2024-07-02,Evento,7,23265.57
2694,Luigi Freitas,theodoro28@example.com,2025-07-10,Evento,4,108171.97
2695,Maria Júlia Costa,claricepimenta@example.com,2024-08-14,Evento,4,46574.47
2696,Josué Porto,sophiasousa@example.net,2025-05-04,Evento,8,55143.67
2697,Matteo Câmara,zoeoliveira@example.org,2024-05-04,Evento,12,92373.89
2698,Dr. Enzo da Luz,rodriguesbeatriz@example.org,2024-12-11,Evento,6,19892.52
2699,Maitê Silveira,vcavalcanti@example.com,2024-09-05,Evento,12,22226.01
2700,Enzo Gabriel Guerra,pedro-miguelfernandes@example.net,2025-01-02,Evento,5,12879.96
2701,Maria Eduarda Caldeira,mirellacaldeira@example.net,2025-02-09,Evento,9,41987.91
2702,Sra. Maria Eduarda Fonseca,ramosmariana@example.net,2025-12-23,Evento,11,20578.41
2703,Matheus Novais,arthur-gabriel95@example.com,2025-10-10,evento,9,57762.88
2704,Laura da Luz,anthony-gabrielcorreia@example.com,2025-05-05,Evento,12,77230.45
2705,Bárbara Rocha,camargomaria-luisa@example.net,2024-04-04,Evento,4,37402.73
2706,Eloah Aragão,rebecasantos@example.com,2025-10-24,Evento,9,44444.69
2707,Isabela da Mata,borgesemanuella@example.org,2025-10-05,Evento,7,52871.04
2708,Lorena Borges,ana-beatriz71@example.com,2025-10-01,Evento,2,55830.51
2709,Sr. Cauê Cunha,emanuellypinto@example.org,2024-12-12,Evento,3,25914.41
2710,Olívia Siqueira,da-costaleticia@example.com,2024-04-16,Evento,6,27988.05
2711,Sr. Antony Pinto,kaique14@example.org,2025-06-19,Evento,4,119671.69
2712,Luiz Gustavo Cavalcanti,ngomes@example.net,2024-10-01,Evento,12,45585.94
2713,Vinicius Melo,pereirajoao@example.com,2024-08-30,Evento,10,17226.22
2714,João Gabriel Fonseca,ravymoraes@example.net,2024-10-03,Evento,1,109063.96
2715,Marcela Guerra,joao-guilhermefarias@example.net,2025-02-02,Evento,8,36400.08
2716,Maria Vitória Araújo,natalia67@example.net,2024-08-21,Evento,1,116062.26
2717,Lara da Rosa,joao-guilhermemonteiro@example.net,2025-05-01,Evento,5,250489.36
2718,Dr. João Lucas Nogueira,lavinia55@example.net,2025-03-31,Evento,12,111554.18
2719,Laura Cavalcanti,ana-juliapimenta@example.org,2025-01-05,Evento,10,230050.57
2720,Paulo Farias,carvalhoanthony-gabriel@example.org,2024-01-31,Evento,3,7948.73
2721,Eduardo das Neves,raul93@example.org,2025-11-07,Evento,1,25768.13
2722,Davi Lucca Ramos,duarteanna-liz@example.org,2024-10-18,Evento,11,74856.9
2723,André Duarte,maria-luisa08@example.org,2024-11-16,Evento,5,33509.73
2724,Mariana Novais,guilhermeda-paz@example.com,2024-11-22,Evento,5,114712.51
2725,Vicente Moura,lgomes@example.net,2024-09-14,evento,1,86569.61
2726,Sra. Cecília Monteiro,laviniamachado@example.net,2025-04-19,Evento,10,92592.63
2727,Lavínia Ramos,vcassiano@example.org,2024-01-08,Evento,8,91328.18
2728,Luiz Otávio Moraes,emillyda-paz@example.org,2025-09-21,Evento,11,49388.87
2729,Vinicius Cunha,yasmincaldeira@example.net,2024-02-29,Evento,11,269960.45
2730,Gabriel Azevedo,murilopereira@example.org,2025-12-31,Evento,5,10027.83
2731,Alana Pires,francisco06@example.net,2025-03-18,Evento,7,11149.64
2732,Caleb Moreira,kamillyda-luz@example.com,2024-02-07,Evento,3,66238.22
2733,Gustavo Silva,bferreira@example.net,2025-02-04,Evento,4,69564.6
2734,Ravy Guerra,riosmaria-alice@example.org,2024-08-19,Evento,11,60228.94
2735,Luiz Fernando Mendes,qduarte@example.net,2025-11-20,Evento,5,35134.32
2736,Dr. Rodrigo Carvalho,kcassiano@example.org,2025-06-19,Evento,2,101143.52
2737,Sr. Caleb Moraes,qgarcia@example.net,2025-01-04,Evento,9,26284.05
2738,Cauã Gonçalves,novaesluiz-otavio@example.net,2024-10-31,Evento,3,56230.94
2739,Bárbara Ramos,ecavalcanti@example.com,2025-12-28,Evento,3,64235.39
2740,Helena Costa,tviana@example.net,2025-04-14,Evento,1,278204.83
2741,Francisco Alves,luiz-otavio22@example.net,2025-01-08,Evento,5,51722.01
2742,Hadassa Sousa,gcavalcante@example.net,2024-10-08,Evento,11,22041.36
2743,Lunna Ribeiro,portoana-julia@example.org,2024-08-14,Evento,1,18500.61
2744,Cecília da Costa,ayllarezende@example.com,2025-05-12,Evento,1,54216.76
2745,Srta. Ágatha Costela,ana-liz46@example.org,2025-02-20,Evento,5,34392.18
2746,Nicole Sousa,kcamara@example.com,2025-09-02,Evento,7,84580.85
2747,Josué Almeida,vicente49@example.com,2025-01-30,Evento,3,171429.91
2748,Bruna Cirino,lpereira@example.com,2025-02-17,Evento,5,232397.36
2749,Francisco Oliveira,lunnaazevedo@example.org,2024-12-10,Evento,9,87430.26
2750,Lucas da Cruz,hteixeira@example.com,2025-06-25,EVENTO,7,8757.1
2751,Srta. Hadassa Mendonça,joao-guilherme98@example.net,2024-10-21,Evento,4,107415.36
2752,Davi Lucca Cassiano,rochagael-henrique@example.org,2025-09-05,Evento,4,298661.29
2753,Dr. Benjamim Novaes,luiz-felipeandrade@example.org,2024-08-16,Evento,11,47877.71
2754,Yuri Mendonça,gmoreira@example.net,2025-05-03,Evento,2,28556.95
2755,Maysa Ferreira,estherrios@example.net,2025-10-05,Evento,4,41740.2
2756,Sr. Isaac Porto,zaraujo@example.org,2025-06-30,Evento,9,20828.63
2757,Antony da Mota,ravy61@example.net,2024-08-28,Evento,10,236407.87
2758,Luna Camargo,wazevedo@example.org,2025-05-13,Evento,11,37993.28
2759,Caleb Almeida,lucas-gabrielvasconcelos@example.net,2024-05-12,Evento,12,72791.54
2760,Marcela Ribeiro,borgesana-julia@example.org,2024-02-02,Evento,2,62200.89
2761,Kamilly Rezende,danilopimenta@example.org,2025-07-19,Evento,5,18376.77
2762,Oliver Melo,costelamelina@example.org,2025-08-01,Evento,10,48642.44
2763,Bruna Casa Grande,oaragao@example.org,2024-01-13,Evento,9,56425.73
2764,Srta. Bruna Costela,isaacrodrigues@example.net,2025-11-16,Evento,6,20874.29
2765,Maria Luísa Martins,cauecamargo@example.net,2024-11-13,Evento,8,101364.81
2766,Dra. Aurora Camargo,garciaisis@example.org,2025-10-14,Evento,8,43958.05
2767,Fernando Aparecida,pintobenicio@example.com,2025-07-16,Evento,4,53636.08
2768,Luigi Ribeiro,mda-cruz@example.net,2025-10-11,Evento,1,30080.93
2769,Dra. Hadassa Andrade,matheus66@example.com,2025-08-22,EVENTO,4,22189.73
2770,Vitor Gabriel Albuquerque,maria-alicerezende@example.net,2025-12-08,Evento,8,64723.25
2771,Vicente Caldeira,alexiacavalcanti@example.org,2025-03-18,Evento,9,23762.32
2772,João Miguel Almeida,hpires@example.org,2024-05-27,Evento,6,27273.32
2773,Sr. Luan Carvalho,allanagarcia@example.org,2024-10-02,Evento,3,32117.71
2774,Gael Sampaio,clara61@example.net,2025-06-16,Evento,12,59322.79
2775,Dra. Agatha Cunha,jose-miguel97@example.org,2024-04-06,Evento,1,68838.31
2776,Ian Marques,casa-grandeyuri@example.org,2025-11-01,Evento,1,123003.22
2777,Maria Alice Novaes,valentina56@example.com,2024-05-11,Evento,12,32009.86
2778,Heitor Alves,dom20@example.org,2025-09-23,Evento,7,26325.83
2779,Ana Júlia Lima,fonsecalorenzo@example.com,2024-12-16,Evento,2,27415.95
2780,Thales da Mota,cavalcantedavi@example.com,2025-08-27,Evento,5,17317.5
2781,Dra. Antonella Lopes,bpastor@example.com,2025-11-24,evento,1,67374.25
2782,Davi Lucca Cardoso,sofia15@example.com,2024-10-26,Evento,12,27476.74
2783,Emanuel Rodrigues,camaraallana@example.org,2025-05-05,Evento,10,186140.52
2784,Bento Campos,pimentaeloa@example.com,2024-05-27,Evento,4,56423.66
2785,Milena Freitas,tviana@example.net,2025-07-26,Evento,6,90515.78
2786,Léo Macedo,esther46@example.org,2025-08-11,Evento,4,13621.98
2787,José Mendes,carvalhotheodoro@example.com,2024-07-21,Evento,2,36295.02
2788,Agatha Camargo,novaisdante@example.org,2024-01-14,Evento,12,22672.14
2789,Camila Andrade,benjamimsousa@example.com,2024-11-02,Evento,8,108599.03
2790,Heloísa Brito,rguerra@example.org,2024-04-15,Evento,7,27812.52
2791,Elisa Lima,nogueiraapollo@example.net,2025-08-10,Evento,7,52038.14
2792,Luiz Otávio Machado,casa-grandebento@example.net,2024-06-23,Evento,7,26058.63
2793,Luigi Santos,martinsenzo-gabriel@example.org,2025-11-12,Evento,11,43985.46
2794,Ana Cecília Jesus,pcaldeira@example.org,2025-12-06,EVENTO,7,38170.75
2795,Heloísa Farias,aragaoalicia@example.com,2025-10-17,Evento,5,191963.4
2796,Kamilly Mendonça,murilo62@example.org,2025-02-27,Evento,1,52050.71
2797,Srta. Amanda Almeida,wcirino@example.net,2024-06-28,Evento,7,39858.04
2798,Maria Machado,bsantos@example.net,2025-07-31,Evento,11,48979.57
2799,Theo Alves,isaquenovais@example.org,2025-05-09,Evento,5,12232.88
2800,Sr. Guilherme Pereira,zcastro@example.com,2025-12-11,Evento,7,104419.97
2801,Pedro Henrique Gonçalves,fcassiano@example.com,2024-09-23,Evento,4,30294.38
2802,Ana Luiza Moura,joao-guilhermesampaio@example.com,2024-02-03,Evento,9,31507.04
2803,Arthur Gabriel Araújo,isis66@example.org,2025-12-30,Evento,9,27175.96
2804,Lucas Pires,sadavi-luiz@example.org,2025-08-26,Evento,2,126365.79
2805,Pietro Pastor,drios@example.org,2024-05-23,Evento,9,6075.42
2806,Arthur Miguel Almeida,ravy88@example.org,2025-05-27,Evento,1,20086.53
2807,Dra. Júlia Oliveira,diastheo@example.net,2024-01-01,Evento,12,455243.48
2808,Srta. Luiza Viana,bryanda-cunha@example.net,2025-02-02,Evento,12,30547.19
2809,Sarah Andrade,maysa69@example.net,2024-09-13,Evento,7,68958.25
2810,Heloisa Ramos,costamaria-fernanda@example.net,2024-09-26,Evento,3,49268.79
2811,Bárbara Leão,jpereira@example.net,2024-06-10,Evento,4,47240.03
2812,Cauã Jesus,jbrito@example.org,2024-07-04,Evento,10,32377.87
2813,Laura Aragão,kmendes@example.com,2024-11-21,Evento,1,65906.65
2814,Igor Cavalcanti,luiza23@example.net,2024-06-13,Evento,9,10828.07
2815,Dra. Lavínia Pacheco,pimentamaite@example.org,2024-11-30,Evento,11,10254.59
2816,João Cavalcante,iribeiro@example.org,2025-02-13,Evento,6,32565.37
2817,Ravi Lucca Aragão,knogueira@example.org,2025-05-16,Evento,12,79825.31
2818,Noah Araújo,benjaminpires@example.net,2025-04-21,Evento,5,92544.87
2819,Joana Brito,da-costaester@example.net,2024-06-08,Evento,3,40431.07
2820,Dra. Sophie Peixoto,hcasa-grande@example.org,2024-01-23,Evento,4,27675.75
2821,Alícia Siqueira,nicole01@example.net,2025-08-21,Evento,8,222716.38
2822,Joana da Rosa,lorenzoteixeira@example.org,2025-09-20,evento,6,204748.86
2823,Maria Alice Moreira,lunnamontenegro@example.com,2025-12-12,Evento,2,27263.11
2824,Alexia Nogueira,davialves@example.com,2025-11-25,Evento,5,21006.08
2825,Ana Clara Leão,edias@example.net,2025-03-22,Evento,9,52671.63
2826,Fernando Correia,fnunes@example.com,2025-10-06,Evento,5,33420.45
2827,Maria Luiza Borges,castronina@example.com,2024-11-15,Evento,12,127379.45
2828,Júlia Vieira,lavinianovais@example.net,2025-07-15,Evento,8,48471.25
2829,Ravi Silveira,qpacheco@example.com,2025-11-22,Evento,10,25310.99
2830,Ana Julia da Mata,pastordaniela@example.org,2025-07-23,Evento,4,48974.36
2831,Srta. Joana Vieira,vieiralavinia@example.org,2024-10-21,Evento,2,52844.29
2832,Dr. Augusto Monteiro,luiz-gustavomendonca@example.com,2024-09-23,Evento,1,35590.01
2833,Heloisa Farias,gfogaca@example.com,2024-07-18,Evento,4,36500.24
2834,Maria Laura Cirino,caleb96@example.net,2024-09-16,Evento,1,24021.32
2835,Larissa Pimenta,igomes@example.org,2025-08-11,Evento,2,35340.73
2836,Sra. Mariane Alves,marcela84@example.org,2025-05-09,Evento,12,118766.39
2837,Pedro Miguel Albuquerque,camilacaldeira@example.com,2024-06-14,Evento,8,73115.38
2838,Emanuel Fogaça,joanada-mota@example.net,2025-05-16,Evento,10,20639.16
2839,Carolina Abreu,vitornascimento@example.com,2024-09-25,Evento,4,21633.48
2840,Sarah da Conceição,lopesjoao-guilherme@example.com,2025-02-02,Evento,8,28184.06
2841,Pietra Cassiano,kpereira@example.org,2024-09-18,Evento,7,42225.21
2842,Alícia Pinto,borgesana-clara@example.org,2025-01-12,EVENTO,10,49693.43
2843,Daniel Pastor,elisaribeiro@example.net,2025-05-30,Evento,3,51114.26
2844,Elisa Costela,ocaldeira@example.org,2025-05-31,Evento,1,43604.94
2845,Maria Luísa Abreu,marcelo30@example.com,2025-06-18,Evento,10,33015.8
2846,Sr. Murilo Farias,cavalcanteeloah@example.com,2024-10-03,Evento,3,22230.25
2847,Thales Casa Grande,josue91@example.com,2025-05-01,Evento,1,20180.9
2848,Sr. Gael Sampaio,yan09@example.com,2024-06-05,Evento,1,63230.45
2849,Ana Luiza Melo,esouza@example.net,2024-12-10,Evento,11,32184.77
2850,José Pedro Peixoto,nogueiravitoria@example.net,2025-02-17,Evento,7,94897.27
2851,Murilo Martins,gaelda-mata@example.org,2025-04-28,Evento,12,101902.18
2852,Júlia Jesus,vianarael@example.com,2025-10-19,Evento,12,69261.43
2853,Ester Gonçalves,ida-luz@example.com,2024-07-29,Evento,7,21442.29
2854,Zoe Pinto,isabelasampaio@example.net,2025-08-31,Evento,3,60249.87
2855,Maysa das Neves,tnunes@example.net,2024-08-03,Evento,8,131455.9
2856,Luan Fernandes,ana-sophia01@example.org,2025-01-29,Evento,7,113360.15
2857,Catarina Silveira,danilorodrigues@example.com,2025-08-17,Evento,10,65509.09
2858,Sr. Mateus Sales,ferreiraian@example.org,2025-05-25,Evento,3,351559.94
2859,Anna Liz Lima,da-conceicaostephany@example.net,2025-09-13,Evento,3,62849.78
2860,Giovanna Leão,theo62@example.org,2025-08-07,evento,4,38280.37
2861,Joana Duarte,daniel67@example.org,2024-07-06,Evento,3,80020.91
2862,Apollo Peixoto,joao-gabriel48@example.net,2025-12-25,Evento,11,109988.05
2863,Felipe Aragão,fernanda64@example.net,2025-11-07,Evento,3,28117.42
2864,Maya Lopes,djesus@example.com,2024-11-01,Evento,8,58095.04
2865,Julia Castro,vieiraana-livia@example.com,2024-01-27,Evento,12,57788.76
2866,Maria Clara Mendonça,ifernandes@example.org,2024-07-28,Evento,6,59484.35
2867,Milena Viana,antonella33@example.net,2025-08-24,Evento,11,20635.46
2868,Ana Lima,ryanviana@example.com,2025-11-18,Evento,2,21732.65
2869,Nathan Garcia,leovargas@example.com,2025-08-20,Evento,7,176925.44
2870,Dr. Benjamim Caldeira,vpires@example.net,2024-10-07,Evento,11,52309.99
2871,Manuella da Conceição,albuquerquelais@example.org,2024-02-01,Evento,6,76638.81
2872,Dante Cavalcanti,ana-beatrizcirino@example.com,2025-01-10,Evento,7,182140.41
2873,Pietra Sales,zdas-neves@example.org,2024-09-22,Evento,6,25056.35
2874,Sr. Mathias Alves,barrosluiz-gustavo@example.com,2024-03-14,Evento,7,31046.88
2875,Srta. Ayla Freitas,sophie86@example.org,2024-03-03,Evento,12,294029.54
2876,Vitor Gabriel Albuquerque,melopietra@example.com,2024-04-03,Evento,7,10221.8
2877,Sabrina Novais,matteobarros@example.org,2024-05-12,Evento,5,71789.72
2878,Maria Alice Macedo,da-matamaite@example.org,2025-06-18,Evento,6,58438.86
2879,Sra. Julia Cavalcante,jbarbosa@example.net,2024-09-26,Evento,1,28843.9
2880,Enzo Aragão,sarahda-cunha@example.org,2024-11-06,Evento,12,10595.72
2881,Sra. Manuela da Conceição,sferreira@example.net,2025-02-26,Evento,5,25469.74
2882,Sra. Yasmin Aragão,wnovaes@example.net,2025-11-26,Evento,12,112897.7
2883,Léo da Luz,ana-luizacardoso@example.org,2025-06-20,Evento,7,56249.55
2884,Isabel Montenegro,thiago54@example.org,2025-03-30,Evento,7,155340.86
2885,Paulo da Cunha,emilly47@example.com,2025-06-10,Evento,6,25799.06
2886,Srta. Fernanda Barbosa,carvalhomathias@example.org,2025-05-22,Evento,9,21122.47
2887,Sra. Laura Vargas,nrodrigues@example.net,2025-05-01,Evento,3,34486.59
2888,Rael Macedo,nteixeira@example.org,2024-12-27,Evento,11,267310.96
2889,Laís Ramos,marianacavalcante@example.org,2025-02-07,Evento,8,45650.34
2890,Vitor Gabriel Garcia,diogomelo@example.com,2024-11-26,Evento,6,125395.81
2891,Srta. Ágatha Araújo,pereirahellena@example.org,2024-10-06,Evento,3,34582.12
2892,José Miguel Farias,beniciogomes@example.net,2024-07-01,Evento,12,12926.32
2893,Luan Silveira,vitorpinto@example.org,2024-09-07,Evento,6,94127.84
2894,Sr. Leandro Albuquerque,sampaiogustavo-henrique@example.net,2024-10-30,Evento,6,92310.37
2895,Miguel Macedo,smontenegro@example.net,2025-02-15,Evento,10,33119.46
2896,Otávio Ferreira,agathada-cunha@example.com,2024-12-31,Evento,12,119429.48
2897,Maria Cecília da Luz,leticia08@example.org,2024-03-04,Evento,7,183459.2
2898,Maria Cecília Sales,melopedro-henrique@example.com,2024-08-26,Evento,12,80211.18
2899,Dra. Bianca Albuquerque,rodrigo91@example.org,2024-09-22,Evento,10,35883.36
2900,Mirella Montenegro,stephany69@example.net,2025-05-13,Evento,2,31418.64
2901,Mariana Pastor,davidas-neves@example.com,2024-08-21,Evento,4,75415.35
2902,Catarina Mendes,da-motamanuella@example.net,2024-01-05,Evento,2,64055.77
2903,José Garcia,brayanborges@example.net,2024-02-18,Evento,9,96753.89
2904,Ágatha Souza,qsantos@example.org,2024-12-28,Evento,10,135235.71
2905,Davi Lucca Costela,manuellacastro@example.net,2024-04-29,Evento,7,69798.5
2906,Isaac Nunes,cassianohenry-gabriel@example.net,2024-12-26,Evento,6,96573.21
2907,Sara Alves,kcastro@example.org,2025-02-12,Evento,6,48047.83
2908,Valentim Moraes,silvaotavio@example.org,2025-11-04,Evento,4,28361.26
2909,Davi Aparecida,albuquerqueleo@example.org,2025-04-06,Evento,5,85510.47
2910,Alexandre Almeida,salesrebeca@example.com,2024-01-18,Evento,10,11198.94
2911,Maya Garcia,aparecidabento@example.net,2024-09-26,Evento,3,93334.0
2912,Rafaela Silva,acampos@example.net,2025-07-20,Evento,3,36564.76
2913,Juan Correia,hadassa14@example.org,2024-06-23,Evento,2,57098.82
2914,Srta. Lavínia Dias,enzo-gabrielpastor@example.net,2025-10-29,Evento,5,43195.91
2915,Rodrigo da Mota,wviana@example.net,2025-01-16,Evento,12,50123.56
2916,Cecilia Correia,ana-luiza69@example.com,2024-02-23,Evento,7,44411.45
2917,Beatriz Andrade,costaarthur-gabriel@example.com,2024-06-08,Evento,11,91467.88
2918,Emilly Abreu,agatha59@example.com,2025-10-15,Evento,1,29873.55
2919,Ana Vitória Farias,salescaleb@example.com,2025-12-24,Evento,11,27393.3
2920,Maria Julia Lima,francisco10@example.net,2025-09-13,Evento,3,31663.11
2921,Maria Eduarda da Rosa,santosfernando@example.net,2024-08-11,Evento,9,14538.63
2922,João Miguel Abreu,unogueira@example.org,2025-06-30,Evento,8,51455.89
2923,Juliana Vargas,haparecida@example.net,2024-05-24,Evento,5,61308.28
2924,Léo Vargas,lorenaleao@example.net,2024-09-28,Evento,4,53128.53
2925,Juan Novaes,gabrielanascimento@example.net,2025-05-06,Evento,5,32027.41
2926,Maria Luiza Castro,dpereira@example.org,2025-12-03,Evento,3,50285.82
2927,Isabel Nogueira,jnovais@example.net,2024-11-08,Evento,7,16540.7
2928,Bárbara Melo,nviana@example.org,2024-12-27,Evento,10,24035.31
2929,Sr. Léo Pastor,xcirino@example.com,2024-05-22,Evento,5,44631.06
2930,Rafael Garcia,salesrenan@example.org,2024-10-12,Evento,7,18349.69
2931,Caio Cardoso,wsampaio@example.com,2024-02-05,Evento,10,64717.05
2932,Stephany Oliveira,gabriellyalbuquerque@example.com,2025-09-10,Evento,5,117190.84
2933,Yuri Abreu,joao-lucas17@example.com,2024-01-14,evento,5,59986.45
2934,Dr. Dante Marques,smarques@example.net,2025-04-26,Evento,3,20008.93
2935,Davi Miguel Mendonça,helena92@example.org,2024-07-03,evento,10,37244.33
2936,Vitor Hugo Rocha,alanaborges@example.net,2024-12-09,Evento,2,77646.19
2937,Dra. Maria Luiza Carvalho,lda-mata@example.org,2024-07-10,Evento,10,64490.49
2938,Rhavi Farias,machadocaue@example.net,2024-10-10,Evento,2,28004.34
2939,Luiz Otávio da Mata,gustavo-henriquenovaes@example.com,2025-01-26,Evento,2,7354.19
2940,Laís Freitas,uaparecida@example.com,2025-03-26,Evento,2,24909.75
2941,Carolina Abreu,josefonseca@example.com,2025-11-10,Evento,5,98777.16
2942,Antony Siqueira,azevedoisabelly@example.org,2024-08-20,Evento,2,25819.33
2943,Sra. Maria Luísa da Mota,marquesluigi@example.org,2025-02-18,Evento,8,41977.32
2944,João Lucas Melo,milenacastro@example.net,2025-10-12,Evento,6,10602.34
2945,Lunna Silveira,anthony01@example.com,2024-07-17,Evento,11,108709.39
2946,Stella Cirino,viniciussilva@example.com,2025-09-15,Evento,11,118774.9
2947,Caleb Carvalho,ybarbosa@example.net,2025-11-24,Evento,3,129009.11
2948,Sr. Rodrigo Azevedo,vianaclara@example.net,2025-09-02,Evento,3,42129.94
2949,Ana Liz Borges,oliveiraesther@example.org,2025-02-09,Evento,11,48116.88
2950,Emanuelly Martins,ribeiroerick@example.com,2025-05-24,Evento,1,28074.83
2951,Paulo Barros,souzaeloa@example.org,2024-12-13,Evento,1,28740.3
2952,Ana Júlia Nunes,muriloaparecida@example.org,2025-02-26,Evento,10,38694.04
2953,Ana Sophia Lopes,arthur07@example.com,2025-12-08,Evento,10,84413.33
2954,Dra. Aurora Montenegro,beatriz43@example.net,2024-06-15,Evento,9,46443.74
2955,Vicente Martins,jpastor@example.net,2025-07-19,Evento,11,647995.48
2956,Noah Ferreira,theoda-mota@example.com,2025-01-04,Evento,7,51183.5
2957,Noah Siqueira,pintoolivia@example.org,2024-04-20,Evento,6,57818.54
2958,Gabriela das Neves,cunhadiego@example.org,2025-03-28,Evento,9,51785.38
2959,Lucas Gabriel Aparecida,claricevasconcelos@example.net,2025-07-19,Evento,11,147599.44
2960,Maria Luiza Câmara,davi-miguelmartins@example.com,2025-02-08,Evento,5,117405.12
2961,Luiz Miguel Macedo,sabrina35@example.org,2025-08-25,Evento,4,74494.72
2962,Vitória Araújo,ida-mata@example.com,2024-09-15,Evento,7,33765.87
2963,Paulo Machado,agathacamara@example.net,2025-10-20,Evento,12,18231.31
2964,Kaique Nogueira,agathada-rosa@example.org,2025-03-31,Evento,5,8640.45
2965,Sr. Mateus Pires,jade28@example.org,2025-07-28,Evento,5,36353.06
2966,Dr. Benjamim Machado,tda-mota@example.org,2024-07-03,Evento,1,20023.97
2967,Maria Cecília Machado,clarice15@example.com,2024-11-14,Evento,2,9911.15
2968,Gustavo Nunes,antonypeixoto@example.org,2025-10-17,Evento,11,15399.0
2969,Lívia Vargas,heitor07@example.net,2024-01-29,Evento,11,65379.29
2970,Sra. Ana Rios,da-conceicaoguilherme@example.org,2024-10-13,Evento,1,151749.73
2971,Ravi Vasconcelos,mbrito@example.net,2025-07-10,Evento,12,28437.61
2972,Diego Farias,livia60@example.net,2025-06-10,Evento,5,72899.55
2973,Srta. Eloá Porto,guerraester@example.org,2025-09-05,Evento,6,51182.79
2974,Dr. Bryan Rodrigues,alexandrebarros@example.net,2025-06-06,Evento,9,98095.75
2975,Fernando Macedo,eduarda00@example.org,2025-11-15,Evento,11,96315.7
2976,Ana Julia Barros,henry53@example.net,2024-12-29,Evento,9,89262.4
2977,Luiz Felipe Rezende,lunna95@example.org,2025-03-15,Evento,8,72309.57
2978,Larissa Aparecida,wbrito@example.com,2025-09-02,Evento,9,43848.47
2979,Srta. Caroline Martins,fogacaemanuelly@example.net,2025-05-09,Evento,7,69402.26
2980,Igor Rios,aragaoantony@example.com,2024-02-29,Evento,11,62207.52
2981,Henrique da Rosa,costelaisaac@example.org,2024-09-16,Evento,11,35876.15
2982,Luiz Fernando Cardoso,cunhaliz@example.org,2025-01-30,Evento,1,34145.15
2983,Larissa Azevedo,nogueiraana-clara@example.net,2025-06-19,Evento,12,48578.75
2984,Aylla Câmara,luiz-fernando85@example.com,2025-01-25,Evento,2,39975.08
2985,Marcelo Rodrigues,juan05@example.com,2025-07-07,Evento,2,39476.95
2986,Arthur Gabriel Araújo,kmendonca@example.net,2025-08-25,Evento,4,6024.81
2987,Antony Gonçalves,dnovaes@example.org,2024-06-27,Evento,7,82739.41
2988,Maria Julia Silva,qmendes@example.org,2025-03-10,Evento,10,30235.36
2989,Srta. Pietra Montenegro,jose33@example.net,2025-02-01,Evento,8,26281.48
2990,Leandro Pacheco,rael00@example.com,2024-05-27,Evento,7,39394.33
2991,Natália Garcia,brunaduarte@example.org,2024-12-22,Evento,3,518421.94
2992,Enrico Porto,antonio17@example.org,2025-01-27,Evento,4,37583.94
2993,Luara da Cunha,heloisacirino@example.com,2025-08-09,Evento,1,150622.09
2994,Raul Nascimento,leo90@example.net,2024-11-26,Evento,5,20572.89
2995,Dom Câmara,ana-lizfarias@example.org,2024-02-16,Evento,7,21164.78
2996,Anthony Gabriel Sousa,oliveirabruno@example.net,2024-12-19,Evento,7,342467.22
2997,Ana Clara Fogaça,anthonyporto@example.net,2025-08-25,Evento,5,12851.96
2998,Maria Sophia Moraes,ryan02@example.org,2025-02-10,Evento,10,88042.78
2999,Matheus Gonçalves,ycamara@example.org,2024-08-09,Evento,2,28529.83
3000,Alana da Paz,maria-alice59@example.net,2025-10-26,Evento,4,26276.03
3001,Milena Duarte,erickcavalcante@example.net,2025-05-17,Instagram,2,17954.01
3002,Dra. Mariana das Neves,isabelaaparecida@example.org,2025-12-31,instagram,9,26143.7
3003,Otto Rios,antonysales@example.org,2024-05-03,Instagram,1,13336.5
3004,Maria Eduarda Fogaça,eduardoda-cunha@example.com,2024-05-29,Instagram,12,36001.24
3005,Amanda Sales,alexandremacedo@example.org,2024-07-22,Instagram,2,44692.09
3006,Luiz Felipe Castro,isisabreu@example.org,2025-07-13,Instagram,10,38844.71
3007,Pedro Sampaio,gael-henriqueramos@example.net,2025-01-03,Instagram,5,19275.87
3008,Dra. Eloá Azevedo,sabrina18@example.net,2025-02-09,Instagram,1,51445.0
3009,Alana Rodrigues,gabriel61@example.org,2025-01-26,Instagram,4,52096.52
3010,Maya Cunha,brenda88@example.org,2025-11-07,Instagram,1,30366.08
3011,Dra. Luara Nunes,esales@example.org,2024-01-20,Instagram,6,74494.93
3012,Dra. Aylla Garcia,santoscarlos-eduardo@example.com,2024-04-07,Instagram,1,104670.99
3013,Rhavi Nascimento,davi-luiznovaes@example.com,2024-09-27,Instagram,1,70530.77
3014,Daniela Moraes,zcavalcanti@example.net,2024-12-20,Instagram,6,20574.2
3015,Lucas das Neves,ribeirogael@example.net,2024-03-08,Instagram,5,21408.59
3016,Enzo Gabriel Silveira,acastro@example.org,2025-10-05,Instagram,11,49901.44
3017,Yuri Cunha,stella23@example.org,2025-04-22,Instagram,1,18373.26
3018,Daniela Araújo,felipe44@example.com,2025-11-03,Instagram,4,75941.91
3019,Heitor Siqueira,sabrinasouza@example.org,2025-11-10,Instagram,5,56571.77
3020,Otto Fonseca,antoniorocha@example.org,2025-01-07,Instagram,9,51081.82
3021,Dra. Alice Cardoso,portooliver@example.org,2025-09-06,Instagram,11,20088.61
3022,Dom Câmara,jose-pedrosilva@example.com,2025-06-04,Instagram,3,82751.9
3023,Maria Alice Cardoso,da-cruzesther@example.net,2024-09-11,Instagram,1,62919.05
3024,Asafe Vasconcelos,milenaborges@example.com,2025-04-07,Instagram,12,13839.14
3025,Sr. Nicolas da Cunha,acosta@example.net,2025-11-20,Instagram,12,123525.89
3026,Luiz Felipe Silva,lunnamarques@example.com,2025-06-26,Instagram,4,76159.23
3027,Dr. Calebe Pimenta,joaovargas@example.org,2025-05-15,Instagram,2,37859.81
3028,Alícia Rezende,felipeleao@example.net,2024-05-23,Instagram,7,18172.98
3029,Ana Sophia Melo,gabriela90@example.org,2025-08-20,Instagram,8,33209.12
3030,Vitória Cunha,vianabenjamin@example.com,2024-10-02,Instagram,5,33565.32
3031,Vitor Hugo da Mota,pintohellena@example.com,2025-03-15,Instagram,6,22030.93
3032,Dom Nunes,costaisaac@example.com,2025-04-22,Instagram,2,8790.49
3033,Alice Montenegro,fonsecajade@example.net,2025-01-09,Instagram,10,218520.99
3034,Dr. Matteo Marques,gomesravi-lucca@example.net,2024-04-12,Instagram,2,23825.59
3035,Daniela Barros,xfonseca@example.org,2025-05-06,Instagram,7,57170.64
3036,João Pedro Vasconcelos,ana-clara07@example.com,2024-06-12,Instagram,11,41733.42
3037,Fernanda Rodrigues,marcos-vinicius39@example.com,2024-06-27,Instagram,10,33861.18
3038,Sr. Kevin Ramos,dcavalcante@example.org,2024-03-16,Instagram,4,29533.08
3039,Enzo Gabriel Gomes,luaracampos@example.org,2025-03-12,Instagram,12,190752.89
3040,Diogo da Cunha,julianarios@example.org,2024-03-10,Instagram,4,22774.55
3041,Sra. Luna da Mata,guilhermerocha@example.net,2024-08-31,Instagram,3,55999.07
3042,Ana Cecília Nascimento,rpeixoto@example.net,2025-10-03,IG,8,45642.2
3043,Nicolas Casa Grande,ana-liviasilva@example.org,2024-11-19,Instagram,9,36594.22
3044,Maria Helena da Luz,murilonovais@example.com,2025-10-06,Instagram,2,489064.5
3045,Davi Luiz Silveira,maria-clara25@example.net,2024-12-24,Instagram,2,22256.46
3046,Luiz Otávio Nascimento,raelda-cruz@example.com,2024-04-22,Instagram,4,120916.42
3047,Arthur Gabriel Sales,eduardobarros@example.net,2025-06-22,Instagram,2,37411.34
3048,Dr. Nathan Alves,vitor57@example.net,2024-09-06,Instagram,9,82224.98
3049,Juliana Monteiro,maria69@example.net,2025-12-01,Instagram,2,456358.38
3050,Sra. Lívia Costa,rhavi65@example.net,2024-06-24,Instagram,12,62742.38
3051,Júlia Gonçalves,msiqueira@example.net,2025-08-12,Instagram,3,14691.91
3052,Ana Luiza Lopes,alanacardoso@example.org,2024-12-25,Instagram,7,29061.8
3053,Luigi da Paz,augusto80@example.net,2025-08-29,Instagram,5,106832.15
3054,Dr. Thomas Borges,leo69@example.org,2024-04-25,Instagram,9,61405.61
3055,Dr. Mateus Gonçalves,maite21@example.org,2025-03-22,Instagram,12,75169.66
3056,Rafael da Mota,rhavifreitas@example.net,2024-03-07,Instagram,7,70709.09
3057,Bárbara da Mata,helenacampos@example.com,2025-07-30,Instagram,11,24273.7
3058,João Rezende,thalesvieira@example.org,2024-06-03,Instagram,1,62795.63
3059,Bruna da Rosa,ana-luiza30@example.com,2024-10-30,Instagram,8,172541.31
3060,Maria Sophia Câmara,gcamara@example.net,2025-04-06,Instagram,3,46836.24
3061,Arthur Nascimento,monteirosofia@example.com,2024-12-11,Instagram,6,36332.46
3062,Diego Campos,freitasisis@example.com,2025-07-08,Instagram,1,55488.84
3063,João Lucas Dias,ottofonseca@example.net,2025-04-29,Instagram,7,86579.36
3064,Felipe Lopes,rda-luz@example.net,2024-03-19,Instagram,1,167874.16
3065,Sara Aragão,monteiromathias@example.net,2025-07-04,Instagram,11,21660.19
3066,Apollo Sales,vvieira@example.net,2024-10-27,Instagram,9,60008.26
3067,Henry Macedo,imachado@example.net,2025-02-26,Instagram,11,54025.83
3068,Maria Liz Rodrigues,joana33@example.com,2024-05-19,Instagram,4,305285.27
3069,Daniel da Mota,ramoscaleb@example.net,2024-10-27,Instagram,2,161358.64
3070,Sra. Daniela Macedo,alvesemilly@example.com,2025-08-08,Instagram,2,21416.4
3071,Stella Ribeiro,andradebenicio@example.org,2025-10-29,Instagram,1,12371.5
3072,Emanuelly Siqueira,davi-luccadas-neves@example.org,2025-11-08,Instagram,4,14486.75
3073,Dr. Gael Campos,malves@example.com,2025-05-08,Instagram,9,81501.55
3074,Davi Vargas,isabellamoura@example.net,2024-02-15,Instagram,11,42954.59
3075,Srta. Sabrina Cavalcante,costajoaquim@example.org,2024-11-11,Instagram,10,29364.46
3076,Manuella Ferreira,rafaelavasconcelos@example.com,2024-05-02,Instagram,3,107438.18
3077,Apollo Peixoto,maria-vitoriaviana@example.org,2025-05-06,Instagram,6,23417.42
3078,Sr. Marcelo Pimenta,paulo32@example.org,2024-04-09,Instagram,12,26843.2
3079,Pedro Miguel da Conceição,rebecapereira@example.net,2025-12-11,Instagram,6,39818.84
3080,Alexandre da Paz,maria-julia35@example.org,2024-05-03,Instagram,10,41556.47
3081,Ian Lima,gborges@example.com,2024-01-30,Instagram,11,75385.1
3082,Ravy Gonçalves,aragaomaria-clara@example.org,2025-08-30,Instagram,9,27881.23
3083,Ester Gomes,hviana@example.net,2024-05-09,Instagram,3,37781.84
3084,Guilherme Garcia,britoarthur@example.com,2024-01-14,Instagram,11,34462.42
3085,Eduardo Gonçalves,fogacapedro-miguel@example.net,2025-01-27,Instagram,7,29342.45
3086,Emilly Santos,monteiroluara@example.net,2025-12-03,Instagram,2,50205.65
3087,Vitor da Luz,mmendes@example.com,2024-06-28,Instagram,6,50150.32
3088,Julia Cardoso,ottocunha@example.net,2024-10-16,Instagram,5,14672.25
3089,Diego Castro,portoheitor@example.net,2024-06-04,Instagram,3,122227.35
3090,José Cassiano,leandro22@example.net,2025-02-02,Instagram,1,25024.36
3091,Dr. Benjamin Garcia,barbaracunha@example.com,2024-08-12,Instagram,10,41686.37
3092,Ana Julia Gomes,maria-luizada-cruz@example.org,2025-02-22,Instagram,8,50662.09
3093,Bruna Nascimento,da-mataisabella@example.net,2024-12-11,Instagram,1,143230.0
3094,Kamilly Caldeira,anthony-gabrielmendonca@example.net,2025-10-31,Instagram,8,39793.99
3095,Sr. Leandro Vargas,rezendeayla@example.org,2025-04-16,Instagram,2,65574.68
3096,Brayan Câmara,zcavalcanti@example.net,2025-04-25,Instagram,11,88521.59
3097,Thomas Viana,isabelly39@example.net,2024-12-18,Instagram,12,16273.57
3098,Maria Clara Gomes,diasyuri@example.com,2024-07-27,Instagram,12,40729.35
3099,Luiz Miguel Dias,diogo21@example.com,2024-08-05,Instagram,5,73397.28
3100,Paulo Silveira,diego19@example.net,2025-01-02,instagram,10,72805.16
3101,Dr. Paulo da Mata,nunesfernando@example.net,2024-05-01,Instagram,10,39261.26
3102,Sra. Hadassa Pastor,manuella87@example.com,2024-03-20,Instagram,2,80156.1
3103,Bento Mendes,carvalhoarthur-miguel@example.com,2024-09-19,Instagram,12,43384.33
3104,Pedro Henrique Castro,barbosamaysa@example.org,2024-03-19,Instagram,5,76494.35
3105,Caio Cassiano,diogo39@example.org,2024-05-30,IG,8,37983.4
3106,Sra. Maria Luiza Martins,cguerra@example.net,2025-01-20,Instagram,6,31421.37
3107,Olívia Cunha,cavalcanteleticia@example.com,2025-07-17,Instagram,12,48226.78
3108,Isabel Barros,joaomacedo@example.net,2024-05-25,Instagram,8,97214.1
3109,Ana Marques,sofia89@example.com,2025-07-19,Instagram,3,20742.62
3110,Ísis Leão,renan39@example.net,2024-01-09,Instagram,1,30378.44
3111,Sra. Gabriela Camargo,piresgiovanna@example.com,2025-12-29,Instagram,10,58620.0
3112,Gabriel Alves,luiz-otavio31@example.org,2025-01-10,Instagram,12,105144.96
3113,Emanuel Campos,fogacabenicio@example.com,2024-12-09,instagram,6,143957.62
3114,Maria Flor da Mata,maria-alice47@example.org,2025-04-02,Instagram,4,107786.35
3115,Srta. Agatha Carvalho,dnovais@example.com,2024-12-08,Instagram,11,57133.23
3116,Leonardo Nogueira,zmonteiro@example.com,2024-10-16,Instagram,11,18898.23
3117,Melissa Pastor,fdas-neves@example.com,2024-09-18,Instagram,1,127294.16
3118,Matheus Ferreira,csales@example.com,2025-12-11,Instagram,8,43362.5
3119,Sr. Antônio Jesus,claricedias@example.net,2025-09-12,Instagram,8,82509.31
3120,Ravy Costa,pastorhelena@example.com,2025-01-01,Instagram,10,158280.78
3121,Mariane Pimenta,maria-fernandamacedo@example.org,2025-08-24,Instagram,5,64556.96
3122,Luiz Henrique Carvalho,ucamara@example.org,2024-03-31,Instagram,10,51636.09
3123,Léo Pastor,asilveira@example.org,2025-01-17,Instagram,6,53326.75
3124,Dr. Daniel Castro,maria-eduardajesus@example.net,2024-11-17,Instagram,8,36956.16
3125,Paulo da Rosa,emanueldias@example.net,2024-08-14,Instagram,5,20071.53
3126,Vinicius Pinto,isabel54@example.com,2025-10-24,Instagram,8,26916.22
3127,Maya da Cruz,bianca44@example.net,2025-08-21,Instagram,12,44703.36
3128,Leandro Santos,diogo49@example.org,2025-10-15,Instagram,1,51426.72
3129,Isabelly Sá,valentimda-mota@example.net,2025-03-23,Instagram,7,55835.97
3130,Larissa Câmara,julia40@example.net,2024-09-22,Instagram,3,18604.17
3131,Eloá Casa Grande,calebepastor@example.com,2025-06-20,Instagram,2,32991.85
3132,Mariah Cardoso,nsilveira@example.net,2024-03-04,Instagram,1,33384.65
3133,Yasmin Ramos,guilherme32@example.org,2025-09-06,Insta,12,67284.09
3134,Pietro Cardoso,salesluiz-felipe@example.org,2024-01-17,Instagram,7,46837.25
3135,Ana Clara Mendes,ana-julia85@example.org,2025-08-09,Instagram,3,36142.53
3136,Noah Freitas,maria-julia92@example.org,2025-05-11,Instagram,7,63713.65
3137,Joaquim Albuquerque,da-rosaagatha@example.net,2024-02-21,Instagram,10,59821.7
3138,Liz Garcia,casa-grandepietro@example.net,2024-03-30,Instagram,3,41426.04
3139,Arthur Casa Grande,heitor21@example.org,2024-11-19,Instagram,12,89734.86
3140,Sra. Lívia Gonçalves,sarah96@example.org,2024-07-25,Instagram,3,48438.81
3141,Dr. Ravy Abreu,kbarros@example.net,2025-09-16,Instagram,5,167173.01
3142,Bernardo da Luz,ana-cecilia34@example.net,2024-05-02,Instagram,1,138217.72
3143,Dr. Mathias Câmara,barbosapietro@example.net,2024-10-22,Instagram,7,25542.91
3144,Maria Eduarda Aragão,ana-carolinacirino@example.org,2024-06-23,Instagram,5,20242.58
3145,Eduarda Rios,bernardoda-cruz@example.org,2024-03-17,Instagram,5,100392.55
3146,Raul da Rocha,viniciusjesus@example.org,2024-06-22,Instagram,4,8591.19
3147,Bianca Almeida,ravi79@example.com,2025-09-11,Instagram,7,60032.46
3148,Maria Laura Viana,andradeana-sophia@example.net,2025-05-19,Instagram,10,127636.58
3149,Srta. Lara Garcia,cassianofelipe@example.net,2025-10-21,Instagram,3,38319.86
3150,Raquel Macedo,davi-lucas74@example.org,2024-10-14,Instagram,8,68886.71
3151,Kevin Costela,danilo23@example.net,2024-06-06,Instagram,10,116588.58
3152,Sr. Enrico Castro,lavinia65@example.org,2024-01-15,Instagram,5,43391.1
3153,Maitê Siqueira,miguelcosta@example.org,2024-12-26,Instagram,3,97609.3
3154,Daniela Pinto,antonycarvalho@example.org,2024-01-23,Instagram,8,104931.91
3155,Lucas Guerra,cunhanicolas@example.org,2024-01-03,Instagram,10,50498.55
3156,Antônio Câmara,thiagojesus@example.com,2025-03-02,Instagram,6,215577.36
3157,Ana Lívia Siqueira,riosliz@example.com,2024-04-12,Instagram,3,72560.61
3158,Sr. Pedro Lucas Lima,maria-lizpimenta@example.net,2025-02-03,Instagram,10,123244.64
3159,Dr. Josué Souza,cavalcantiagatha@example.net,2025-02-11,Instagram,10,48482.31
3160,Sr. Benjamin Barros,ravisousa@example.net,2025-05-25,Instagram,3,85709.66
3161,Joana Mendonça,ravyalves@example.org,2024-09-27,Instagram,5,112258.78
3162,Davi Lucca Aparecida,valentinada-rocha@example.com,2025-05-12,Instagram,6,138854.34
3163,Antony Borges,ksilva@example.org,2024-09-15,Instagram,7,30675.79
3164,Caroline da Rocha,freitasdanilo@example.com,2024-02-26,Instagram,7,31069.47
3165,Sra. Joana Ribeiro,xsiqueira@example.org,2024-08-02,Instagram,10,54529.83
3166,Sabrina Duarte,julia19@example.net,2024-01-05,Instagram,12,26710.45
3167,João Aragão,ofonseca@example.net,2024-11-27,Instagram,10,148150.22
3168,Vitor Gabriel Macedo,maria-isispires@example.org,2025-06-07,Instagram,11,15394.02
3169,Sr. Fernando Cassiano,bruno95@example.com,2025-07-13,Instagram,1,338831.64
3170,Yasmin da Paz,natalia23@example.com,2024-05-31,Instagram,7,14667.68
3171,Gabriel Machado,vieiramarcelo@example.org,2024-03-02,Instagram,5,59758.8
3172,Bryan Borges,campossofia@example.com,2024-04-27,Instagram,5,48303.95
3173,Ana Cecília da Costa,kamilly90@example.net,2025-12-17,Instagram,7,35273.73
3174,Rafael Aragão,sda-rocha@example.org,2024-08-04,Instagram,9,195636.33
3175,Heloisa Peixoto,claricecaldeira@example.net,2024-10-31,Instagram,1,71281.12
3176,Isis Sales,luiz-henrique95@example.net,2024-02-13,Instagram,12,147887.27
3177,Thales Caldeira,luiz-fernandocasa-grande@example.com,2025-07-17,Instagram,12,254859.04
3178,Jade da Cruz,mariacirino@example.org,2024-11-16,Instagram,5,7665.07
3179,Luiz Miguel da Rocha,joao-pedrocamargo@example.com,2024-02-20,Instagram,12,45324.69
3180,Marcos Vinicius Rocha,vicente96@example.org,2024-12-06,Instagram,4,48252.38
3181,Alexandre Sales,nathanda-rocha@example.com,2025-05-18,Instagram,12,168560.56
3182,Pedro Miguel Almeida,milena87@example.net,2024-12-06,Instagram,9,13471.99
3183,Luísa Albuquerque,maria-fernanda02@example.org,2025-12-03,Instagram,9,92705.89
3184,Dr. Thiago Rodrigues,diego95@example.org,2025-09-20,Instagram,10,79887.13
3185,Melissa Monteiro,luiz-otavio66@example.net,2025-01-08,Instagram,2,78578.5
3186,Giovanna Castro,kamilly34@example.org,2025-11-10,Instagram,6,22773.68
3187,Sara Melo,luigi25@example.net,2025-08-04,Instagram,8,50107.57
3188,Antony Leão,guerracecilia@example.net,2024-09-16,Instagram,9,135965.23
3189,Diego Pereira,benjaminrezende@example.com,2025-07-02,Instagram,6,19026.29
3190,Eduarda Cassiano,igor15@example.com,2025-01-03,Instagram,1,17670.72
3191,Asafe Cassiano,ana-vitoria96@example.org,2025-01-22,Instagram,12,128025.87
3192,Isabelly Martins,juliacavalcanti@example.net,2025-01-12,Instagram,5,115620.07
3193,Sra. Emilly Aparecida,egarcia@example.com,2025-07-29,Instagram,6,453298.6
3194,Joana Pinto,ramoscamila@example.org,2025-10-24,Instagram,3,54022.24
3195,Gustavo Silveira,camarastephany@example.org,2024-08-10,Instagram,8,25831.09
3196,João Gabriel Oliveira,leviazevedo@example.net,2025-03-27,instagram,3,179503.99
3197,Felipe Cassiano,cavalcantieduardo@example.com,2025-03-18,Insta,4,151628.13
3198,Sra. Sophia Ribeiro,silvaesther@example.net,2025-10-01,Instagram,2,37669.43
3199,Pedro Henrique Nogueira,fnascimento@example.com,2024-11-15,Instagram,8,23907.91
3200,Anthony Caldeira,mourabeatriz@example.com,2024-04-30,Instagram,9,24901.12
3201,Zoe Araújo,tdas-neves@example.org,2024-05-10,Instagram,1,66151.08
3202,Agatha Aparecida,kcavalcanti@example.net,2024-01-29,Instagram,6,21076.43
3203,Melina Porto,uda-cruz@example.net,2024-02-28,Instagram,1,44062.6
3204,Dr. Murilo da Paz,tsouza@example.net,2024-07-26,Instagram,10,31266.91
3205,Pedro Henrique Silveira,pedro-henriqueda-rocha@example.net,2024-02-29,Instagram,8,69892.55
3206,Daniel Pimenta,luizacasa-grande@example.org,2025-09-19,Instagram,8,116223.64
3207,Gael Cirino,das-nevesdavi-lucas@example.org,2024-09-12,Instagram,11,46579.01
3208,Enrico Pimenta,sophia31@example.com,2024-09-17,Instagram,7,61758.99
3209,Sra. Sophia Nunes,borgesmaria-julia@example.net,2025-06-21,Instagram,7,79088.72
3210,Daniela Teixeira,npastor@example.net,2024-07-26,Instagram,2,99458.42
3211,Lara Oliveira,rezendelorenzo@example.net,2025-05-19,Instagram,1,26158.52
3212,Srta. Brenda Sousa,araujopedro-lucas@example.com,2025-08-13,Instagram,10,11866.84
3213,Maria Luísa Almeida,andrearaujo@example.org,2024-09-11,Instagram,3,46154.13
3214,Sr. Enrico Nogueira,mathias86@example.org,2024-12-10,Instagram,2,39045.31
3215,Alexandre Duarte,duarteluiz-henrique@example.com,2024-08-12,Instagram,1,18740.68
3216,Vinícius da Costa,fogacalorenzo@example.com,2024-10-27,Instagram,9,68292.16
3217,Eloá Ribeiro,araujomanuella@example.com,2025-02-16,Instagram,6,303985.87
3218,Marina Castro,bsa@example.org,2024-09-03,Instagram,10,18465.94
3219,Felipe Novais,melissapimenta@example.com,2024-11-28,Instagram,4,15821.05
3220,Gabrielly Cunha,vjesus@example.org,2024-12-27,Instagram,10,78073.54
3221,Maitê Porto,piresvitoria@example.com,2024-01-14,Instagram,1,41318.84
3222,Miguel Marques,da-cruzluara@example.net,2024-04-11,Instagram,12,36111.6
3223,Cauê Abreu,correialeonardo@example.net,2025-01-23,Instagram,3,22648.02
3224,Eduarda Costa,leandrobrito@example.net,2024-01-02,Instagram,1,22923.58
3225,Sophia Siqueira,ceciliacirino@example.com,2025-05-11,Instagram,9,69059.07
3226,Dra. Ana Luiza Moura,tduarte@example.net,2025-10-14,Instagram,8,132483.55
3227,Srta. Maria Luiza Mendes,ggomes@example.net,2025-06-19,Instagram,9,23945.42
3228,Otávio Sá,lucas-gabriel08@example.net,2024-08-05,Instagram,6,78587.36
3229,João Felipe da Cruz,pintojose-miguel@example.com,2024-11-17,IG,12,44827.4
3230,Melina Jesus,marquesmilena@example.net,2025-04-02,IG,3,18862.31
3231,Luiz Gustavo Pastor,ipacheco@example.net,2025-04-24,Instagram,11,45017.13
3232,Vitor Hugo Sales,clara72@example.net,2025-12-11,Instagram,8,31997.04
3233,Allana Silva,heloisagarcia@example.com,2024-12-24,Instagram,6,50575.66
3234,Sra. Yasmin Gomes,danielaoliveira@example.org,2024-06-14,Instagram,4,30367.15
3235,Lorenzo Machado,ana-lizpimenta@example.net,2024-09-12,Instagram,12,21999.51
3236,Elisa Fernandes,pietro94@example.net,2025-10-27,Instagram,6,46589.87
3237,Alexia Teixeira,tsousa@example.org,2025-03-21,Instagram,10,71302.98
3238,Alícia Macedo,maria-laura29@example.com,2025-09-14,Instagram,2,21426.13
3239,Liz Azevedo,noliveira@example.com,2025-05-26,Instagram,12,32833.89
3240,Alícia Novais,novaesmaria-cecilia@example.com,2025-11-30,Instagram,10,50743.12
3241,Sara da Cunha,alice64@example.org,2025-01-01,Instagram,11,147808.5
3242,Evelyn Pereira,henry-gabriel67@example.org,2025-11-17,Instagram,4,98311.33
3243,Raul Moreira,noah69@example.net,2025-09-30,Instagram,11,214143.91
3244,Bianca Garcia,sophie04@example.com,2025-08-29,Instagram,5,89837.53
3245,Sr. Enzo Ribeiro,ualbuquerque@example.org,2025-11-09,Instagram,2,18734.77
3246,Arthur Gabriel Castro,dcarvalho@example.org,2025-01-14,instagram,10,118200.84
3247,Maria Liz da Rocha,almeidayasmin@example.org,2025-06-09,Instagram,7,179049.92
3248,Vitor da Cunha,raquel13@example.org,2025-01-31,Instagram,7,9189.05
3249,Ágatha Oliveira,bryanfarias@example.com,2025-07-06,Instagram,1,26499.67
3250,Vitor Hugo Novaes,maria-juliada-luz@example.net,2025-06-26,Instagram,3,71704.32
3251,Yuri Ferreira,ada-costa@example.org,2025-06-22,Instagram,10,100734.9
3252,Maria Eduarda Albuquerque,abreuotavio@example.org,2024-10-30,Instagram,8,8034.77
3253,Manuella Silveira,rteixeira@example.com,2025-07-23,Instagram,12,49902.75
3254,Luiz Henrique Ramos,arthur-gabrielfogaca@example.com,2025-09-23,Instagram,12,24958.97
3255,Calebe Novais,matheus78@example.net,2025-03-23,Instagram,6,30060.77
3256,Pedro Machado,montenegromaria-luiza@example.net,2024-11-21,Instagram,12,76869.12
3257,Dante Moura,acastro@example.net,2025-09-06,Instagram,6,63427.35
3258,Arthur Camargo,leticiafreitas@example.net,2025-07-08,Instagram,1,12454.74
3259,Benicio da Conceição,ana-carolina44@example.org,2024-12-03,Instagram,2,90681.15
3260,Ana Clara Gonçalves,qda-mota@example.com,2025-02-15,Instagram,7,67473.84
3261,Maria Liz Freitas,ana-juliaandrade@example.com,2025-04-28,Instagram,3,93781.22
3262,Davi Lucas Camargo,catarina99@example.com,2025-04-29,Instagram,10,12481.64
3263,Cecilia Dias,lvargas@example.org,2024-08-03,Instagram,11,86274.33
3264,Davi Pereira,fariasravy@example.org,2024-07-19,Instagram,12,187074.44
3265,Laís Macedo,da-luzmelina@example.com,2025-10-01,Instagram,2,27533.4
3266,Maria Julia da Rosa,aylla59@example.org,2025-11-07,Instagram,8,41127.21
3267,Maya Duarte,gaelda-conceicao@example.net,2024-10-11,Instagram,12,6931.24
3268,Levi Abreu,ibarros@example.com,2025-10-20,Instagram,5,97030.28
3269,Dr. Henrique Caldeira,danielabreu@example.net,2024-12-04,Instagram,4,98798.96
3270,Matteo Cardoso,fernandoazevedo@example.net,2024-04-13,Instagram,2,30659.95
3271,Isabela Vasconcelos,maria-fernandamonteiro@example.org,2025-06-01,Instagram,2,7288.76
3272,Júlia Nascimento,cecilianovais@example.com,2024-01-26,Instagram,10,124210.69
3273,Dra. Luna Novaes,luigi29@example.net,2024-03-08,Instagram,9,76247.28
3274,Enzo Gabriel Rodrigues,joao-lucas51@example.com,2025-11-10,Instagram,5,27056.08
3275,Theodoro Duarte,nfreitas@example.org,2025-01-10,Insta,8,98985.6
3276,Ana Lívia Araújo,caua80@example.com,2024-06-28,Instagram,2,75971.96
3277,Caleb da Luz,tmarques@example.com,2024-12-13,Instagram,6,99562.34
3278,Heloísa Teixeira,paulo52@example.com,2025-02-14,Instagram,2,202574.02
3279,Vitória Siqueira,henry-gabriel71@example.com,2025-03-25,Instagram,10,33719.76
3280,Letícia Sampaio,qcosta@example.com,2024-09-02,Instagram,3,18305.3
3281,Gabrielly Andrade,ravi78@example.net,2024-09-30,Instagram,7,30811.5
3282,Henry Correia,mourapedro-henrique@example.com,2025-01-28,Instagram,12,27708.53
3283,Bernardo Sales,rhaviramos@example.net,2025-03-17,Instagram,7,28108.78
3284,Emilly Lima,moraesmaria-julia@example.net,2025-10-26,Instagram,10,26593.54
3285,Emanuella Novais,fogacaluiz-fernando@example.com,2024-10-04,Instagram,4,15787.98
3286,Olívia Costa,da-pazluara@example.org,2025-09-22,Instagram,11,68921.6
3287,Sr. Levi Cirino,macedoana-laura@example.com,2025-12-25,Instagram,4,54752.79
3288,Sr. Luan Siqueira,maria-sophiaviana@example.net,2024-08-26,Instagram,11,14697.82
3289,Carlos Eduardo Moraes,fogacalais@example.net,2024-01-16,Instagram,3,84609.44
3290,Esther da Rocha,giovanna71@example.net,2025-03-02,Instagram,10,43452.97
3291,Melina Souza,lcastro@example.com,2025-10-13,Instagram,9,19350.93
3292,Ana Luiza das Neves,ottogoncalves@example.org,2024-01-30,Instagram,6,195533.76
3293,Jade Garcia,vda-luz@example.org,2024-05-05,Instagram,8,14517.18
3294,Ana Sales,camargocalebe@example.net,2025-04-21,Instagram,11,90985.7
3295,Manuela Mendes,arthur-gabrielnascimento@example.org,2025-08-02,Instagram,7,52929.48
3296,Manuela Castro,santosenzo-gabriel@example.net,2024-02-20,Instagram,9,64954.52
3297,Maria Luísa Ribeiro,alicia24@example.com,2024-09-13,Instagram,2,149249.44
3298,Théo Vasconcelos,maria-cecilia95@example.com,2024-06-05,Instagram,4,38168.78
3299,Léo Vasconcelos,ofarias@example.net,2025-11-30,Instagram,4,42592.23
3300,Marcela Sá,rafaelasousa@example.org,2025-04-25,Instagram,1,65959.48
3301,Ana Júlia Cavalcanti,diegomacedo@example.net,2024-12-09,Instagram,4,125387.59
3302,Nicole Siqueira,carvalhoana-clara@example.net,2025-09-13,Instagram,8,159198.51
3303,Esther Porto,dbarros@example.org,2025-01-21,Instagram,5,181642.4
3304,Dr. João Farias,vieiravitor@example.org,2025-10-19,Instagram,1,86080.3
3305,Sara Teixeira,rebecagoncalves@example.net,2024-06-05,Instagram,7,53944.44
3306,Bryan Cirino,bentocostela@example.net,2024-01-16,Instagram,2,49774.41
3307,Manuela Sá,hnascimento@example.org,2024-10-31,Instagram,5,37277.86
3308,Isabelly Pimenta,fnascimento@example.com,2024-05-11,Instagram,6,119527.46
3309,Sr. Antônio Sousa,gustavo-henriquemacedo@example.com,2025-08-24,Instagram,8,108347.1
3310,Ana Julia Freitas,juan86@example.com,2025-01-19,Instagram,4,20969.25
3311,Giovanna Câmara,felipe58@example.net,2024-07-16,Instagram,5,38457.5
3312,Ravi Souza,vargasantonella@example.org,2025-07-04,Instagram,12,105581.1
3313,Miguel Almeida,camposrodrigo@example.net,2025-01-15,Instagram,10,39713.87
3314,Anthony da Cruz,maria-juliadas-neves@example.org,2025-01-02,Instagram,12,115451.23
3315,Luara Ferreira,da-cruzleticia@example.org,2024-04-23,Instagram,3,50008.89
3316,Ana Liz Sales,sophie18@example.net,2025-12-27,Instagram,5,162167.85
3317,Asafe da Paz,davi24@example.org,2025-04-08,Instagram,11,13329.22
3318,Sra. Gabrielly Guerra,fernandessofia@example.com,2025-09-07,Instagram,10,39312.79
3319,Mateus Sá,ccarvalho@example.org,2025-06-23,Instagram,12,549180.52
3320,Luiz Fernando Moraes,pnunes@example.org,2025-01-02,Instagram,4,45364.25
3321,Sr. Bento Santos,piresbrenda@example.net,2024-01-06,Instagram,1,65592.99
3322,Dr. Caleb Fonseca,manuella31@example.net,2025-04-14,Instagram,5,33078.06
3323,Dr. Marcos Vinicius da Costa,lnunes@example.com,2024-02-28,Instagram,7,34888.38
3324,Sr. Carlos Eduardo Garcia,thales69@example.org,2025-11-27,Insta,7,34141.31
3325,Catarina Moraes,maria-juliamendonca@example.org,2024-06-14,Insta,10,30935.15
3326,Ana Castro,pvargas@example.com,2024-09-16,Instagram,8,79303.28
3327,Alana Fernandes,ana-carolinacavalcanti@example.net,2025-01-29,Instagram,6,65253.15
3328,Marcos Vinicius da Cunha,davi-miguel61@example.org,2025-01-02,Instagram,12,43456.33
3329,Ravi Duarte,brunanascimento@example.net,2025-04-05,Instagram,12,50803.57
3330,Nicolas da Luz,freitasjosue@example.org,2025-07-12,Instagram,9,69891.42
3331,Yago Abreu,marianecunha@example.org,2025-06-21,Instagram,12,40447.6
3332,Diego Mendonça,bcostela@example.org,2025-10-16,Instagram,12,51442.24
3333,Bella da Luz,vitor-hugo71@example.net,2024-12-03,Instagram,2,36070.93
3334,Heloísa Pastor,otavio09@example.com,2025-01-19,Instagram,2,54411.08
3335,Ana Clara Leão,qguerra@example.net,2025-09-21,Instagram,7,56632.62
3336,Agatha Nunes,luiz-felipemontenegro@example.net,2024-07-11,Instagram,1,186078.58
3337,Thomas Marques,antonella51@example.net,2024-06-11,Instagram,8,57560.97
3338,Lucas Nascimento,fcarvalho@example.org,2024-01-06,Instagram,11,127604.93
3339,Juliana Costa,ramoslais@example.net,2025-06-06,Instagram,2,47343.72
3340,Bárbara Viana,sahadassa@example.com,2025-04-29,Instagram,8,88559.97
3341,Srta. Gabriela das Neves,milenateixeira@example.net,2024-07-06,Instagram,8,19383.74
3342,Thiago Monteiro,agathamelo@example.com,2024-03-18,Instagram,8,87564.89
3343,Maria Alice Moraes,ravi-luccacunha@example.com,2024-01-24,Instagram,11,54300.94
3344,Renan Machado,da-cunhagabriel@example.org,2024-12-20,Instagram,2,71997.75
3345,Srta. Alice Pinto,ferreiramatheus@example.net,2024-05-03,Instagram,11,4741.3
3346,Mariah Almeida,zoecardoso@example.com,2025-07-20,Instagram,4,74570.95
3347,Luiz Fernando da Luz,brunoda-luz@example.org,2025-11-18,Instagram,2,21994.74
3348,Eloá da Conceição,pimentabernardo@example.net,2025-07-07,Instagram,8,23987.72
3349,Maria Alice Machado,acarvalho@example.com,2025-09-05,Insta,8,46478.54
3350,Benício Almeida,santosmaya@example.net,2025-12-23,Instagram,4,56089.79
3351,Júlia Brito,liamda-mata@example.com,2025-06-07,Instagram,12,142795.52
3352,Yuri Ramos,araujomaria-sophia@example.net,2025-02-07,Instagram,8,90958.5
3353,Luana Brito,joao-pedrosa@example.com,2025-08-03,Instagram,6,23931.61
3354,Nina Alves,vcassiano@example.com,2025-02-05,Instagram,3,36827.99
3355,Nicolas Costela,luiz-gustavofreitas@example.org,2024-11-03,Instagram,4,51974.83
3356,Letícia Vieira,leoda-rocha@example.org,2024-01-19,Instagram,7,53907.13
3357,Heitor Cavalcanti,gbrito@example.net,2025-03-28,Instagram,9,55894.7
3358,Ana Júlia Andrade,ana-lauragarcia@example.net,2025-10-08,Instagram,5,83443.31
3359,Beatriz Sales,dcunha@example.com,2025-05-03,Instagram,6,31134.93
3360,Dom Nogueira,smachado@example.net,2024-10-13,Instagram,9,11986.17
3361,Benjamin Cassiano,andradebruna@example.org,2025-03-10,Instagram,9,107081.35
3362,Maria Vitória Silveira,davi-migueloliveira@example.com,2025-08-05,Instagram,8,31437.87
3363,Nicolas Nogueira,albuquerquecamila@example.com,2025-06-27,Instagram,8,17013.37
3364,Luara Alves,britomaya@example.org,2024-12-23,IG,8,58807.96
3365,Lucas Gabriel Nunes,alvesmaria-eduarda@example.org,2024-09-12,Instagram,1,30954.22
3366,Nicole Borges,bernardorezende@example.com,2024-10-07,Instagram,11,94309.52
3367,Enrico Borges,costelavalentina@example.com,2025-10-16,Instagram,5,88822.24
3368,Ana Cecília Souza,pbarbosa@example.com,2024-04-15,Instagram,7,33415.64
3369,Cecília Cirino,alvesthiago@example.com,2025-09-13,Instagram,3,146830.34
3370,Sra. Maria Luísa Vieira,monteirohenry@example.net,2024-05-04,Instagram,10,80089.89
3371,Yan Azevedo,dabreu@example.com,2025-12-14,Instagram,6,34473.2
3372,Joaquim Jesus,casa-granderael@example.com,2024-11-15,Instagram,11,71179.03
3373,Davi Lucca Cirino,joao-pedro16@example.org,2025-06-01,Instagram,6,77289.72
3374,Luigi Cirino,vitor-hugosa@example.org,2025-05-29,Instagram,12,29373.94
3375,Antony Pacheco,ana-laura77@example.org,2025-07-03,Instagram,10,130942.39
3376,Alícia Costela,lauraramos@example.net,2025-07-17,Insta,6,23928.77
3377,Dr. Calebe Câmara,maria-isisjesus@example.org,2024-01-22,Instagram,7,89197.75
3378,Nina Pereira,benicio24@example.com,2024-07-03,Instagram,2,228724.31
3379,Sra. Ágatha Ferreira,garciabrayan@example.org,2024-05-29,Instagram,8,43422.61
3380,Cauê Oliveira,diasstella@example.net,2025-05-07,Instagram,5,135138.37
3381,Enzo Gabriel Lopes,ssa@example.com,2025-04-26,Instagram,10,27137.87
3382,Dra. Zoe Jesus,maria-luiza86@example.net,2024-07-22,Instagram,1,65026.18
3383,Mariah Cardoso,maria-fernandagarcia@example.org,2025-07-20,Instagram,4,75856.29
3384,Theodoro Moura,ana-livia74@example.org,2024-08-03,Instagram,5,21889.8
3385,Isabel Macedo,nuneshenry@example.net,2024-08-29,Instagram,7,70894.1
3386,Samuel da Rocha,enzo-gabriellopes@example.com,2024-10-09,Instagram,4,106767.17
3387,Benicio Guerra,isabelpereira@example.net,2025-06-11,Instagram,3,29481.85
3388,Carolina Costa,raul48@example.com,2024-01-07,Instagram,4,61283.64
3389,Maya da Mata,gaparecida@example.org,2025-10-15,Instagram,7,21136.66
3390,Henry Gabriel Oliveira,rdias@example.com,2025-05-02,Instagram,5,211598.84
3391,Diogo Silva,cavalcantedavi-lucca@example.org,2025-02-19,Instagram,7,29305.41
3392,Samuel Rodrigues,arthurfogaca@example.com,2024-06-04,Instagram,12,309297.68
3393,Gustavo Henrique Teixeira,andrearaujo@example.org,2025-07-14,Instagram,8,22754.39
3394,Yan Moreira,yda-cruz@example.com,2025-09-20,Instagram,2,41424.57
3395,Dra. Maria Luiza Marques,henrypimenta@example.org,2025-01-01,Instagram,7,100348.25
3396,Valentim Moreira,camposthiago@example.org,2024-07-19,Instagram,8,112475.17
3397,Agatha Almeida,gomeskevin@example.org,2024-09-25,Instagram,2,51788.31
3398,Thales Costa,lsousa@example.net,2024-10-22,Instagram,1,48670.28
3399,Natália Sousa,gomesantony@example.net,2024-07-30,Instagram,2,139081.93
3400,Sra. Letícia Nogueira,novaeslais@example.com,2025-05-17,Instagram,5,11773.2
3401,Mathias da Cruz,aragaoaugusto@example.net,2024-08-28,Instagram,1,13705.69
3402,Sophie da Mota,theolopes@example.org,2025-08-12,Instagram,10,12129.79
3403,Joaquim Machado,britorebeca@example.org,2024-11-28,Instagram,6,71969.9
3404,Sr. Léo Sales,bella82@example.net,2025-03-18,Instagram,1,35192.63
3405,Dom Almeida,vicenterios@example.org,2025-11-16,Instagram,1,33419.4
3406,Luiz Miguel Costela,rhavi46@example.com,2024-11-14,Instagram,6,196422.96
3407,Pietro Duarte,moliveira@example.net,2024-04-16,Instagram,1,82253.09
3408,João Miguel Pacheco,jade67@example.org,2025-01-28,Instagram,3,18775.27
3409,Srta. Aylla Araújo,vitorramos@example.net,2024-12-28,Instagram,1,28590.58
3410,Davi Miguel Santos,salesnatalia@example.org,2025-07-11,Instagram,8,44304.82
3411,Henry Moraes,xpeixoto@example.com,2025-09-11,Instagram,11,16877.61
3412,Dom Gonçalves,bernardomoura@example.com,2025-05-17,Instagram,6,102024.3
3413,Ana Lívia Monteiro,aylla27@example.org,2025-12-05,Instagram,2,152636.06
3414,Sr. Noah das Neves,pedro-miguelferreira@example.com,2024-06-30,Insta,5,77009.58
3415,Anthony da Rocha,castrogabriel@example.net,2024-06-06,Instagram,3,26336.12
3416,Yuri Sampaio,heitor81@example.net,2024-07-18,Instagram,6,15249.84
3417,Ana Lívia Pires,beatrizferreira@example.net,2025-04-17,Instagram,4,42708.44
3418,João Pedro Rios,ccamargo@example.org,2024-05-31,Instagram,4,34822.48
3419,Emanuella Câmara,da-luzleticia@example.com,2024-02-21,Instagram,1,99687.96
3420,Benjamim Barros,ryanmoreira@example.org,2025-12-11,Instagram,12,75723.95
3421,Aurora Alves,silveiraluiz-fernando@example.org,2024-08-06,Insta,5,49913.89
3422,Paulo Azevedo,felipe20@example.net,2024-05-24,Instagram,8,92990.56
3423,Vitor Silva,antonio76@example.com,2024-09-10,Instagram,10,33584.06
3424,Sr. José Pedro das Neves,csilveira@example.com,2024-04-07,Instagram,1,134207.23
3425,Emanuelly Casa Grande,oleao@example.net,2024-01-21,Instagram,9,14079.29
3426,Matheus Alves,pintofelipe@example.com,2024-07-29,Instagram,2,29394.34
3427,André Fonseca,vsilveira@example.net,2024-08-25,Instagram,5,87016.21
3428,Leonardo Mendonça,valentimda-costa@example.com,2025-08-03,Instagram,3,54999.6
3429,Mariah Barros,ijesus@example.org,2024-11-05,Instagram,12,7192.09
3430,Liam Sá,souzajose@example.com,2025-06-04,Instagram,10,29984.51
3431,Emilly Gonçalves,gabreu@example.com,2025-06-03,Instagram,7,11357.24
3432,Maria Julia Ferreira,icassiano@example.com,2025-07-17,Instagram,7,66113.3
3433,Pedro Miguel Jesus,rmoraes@example.net,2025-10-24,Instagram,6,45867.26
3434,Renan Martins,ribeiroliam@example.net,2024-12-30,Instagram,8,38007.92
3435,Gustavo Henrique Fonseca,andradejulia@example.org,2024-03-01,Instagram,5,302742.65
3436,Liz Montenegro,jda-rosa@example.org,2024-01-22,Instagram,1,17912.59
3437,Levi da Mata,ana-lizaragao@example.com,2024-04-28,Instagram,3,60517.49
3438,Sra. Maria Flor Novaes,henrycassiano@example.org,2025-08-18,Instagram,5,42353.38
3439,Dr. José Pereira,luan54@example.net,2025-02-12,Instagram,12,37833.23
3440,Antony Guerra,alexia11@example.org,2024-03-25,Instagram,6,37503.14
3441,Sabrina Vasconcelos,zoenovaes@example.org,2024-03-20,Instagram,1,35721.2
3442,Clara Martins,andrerios@example.com,2025-10-04,Instagram,11,55525.61
3443,Leandro Câmara,alicia88@example.org,2025-01-11,Instagram,8,81266.96
3444,Srta. Vitória Moreira,larissa80@example.com,2024-04-17,Instagram,6,19000.3
3445,Joana Vasconcelos,ferreiragael-henrique@example.org,2025-10-08,Instagram,12,300153.47
3446,Fernando Borges,esterdas-neves@example.org,2025-05-23,Instagram,4,65277.42
3447,Lara Barros,thalesalves@example.org,2024-12-10,Instagram,11,145381.7
3448,Sra. Ana Júlia das Neves,pabreu@example.com,2024-11-29,Instagram,11,78102.37
3449,Carlos Eduardo Silva,daragao@example.org,2025-04-18,Instagram,7,72850.88
3450,Bento Sampaio,gustavo-henriquepeixoto@example.com,2024-08-25,Instagram,1,35447.92
3451,Ana Julia Barros,da-motabenicio@example.org,2025-12-31,Instagram,9,11276.57
3452,Kaique Melo,da-costaheitor@example.net,2025-07-13,Instagram,12,27376.27
3453,Beatriz Pastor,pteixeira@example.net,2025-03-26,Instagram,10,166067.88
3454,Ana Clara Vasconcelos,pireshellena@example.org,2025-04-29,Instagram,10,83433.97
3455,Sr. Thiago da Luz,pachecoalice@example.net,2025-12-28,Instagram,6,73013.63
3456,Valentina Farias,antony11@example.org,2024-01-07,Instagram,6,89133.7
3457,Manuela Câmara,sofia21@example.org,2024-01-13,Instagram,4,47109.74
3458,Eloah Novais,vmoreira@example.org,2025-07-13,Instagram,5,38457.98
3459,Cecilia Vasconcelos,wpeixoto@example.org,2024-05-14,Instagram,6,155788.61
3460,Srta. Nina Camargo,bcaldeira@example.org,2025-04-27,Instagram,9,24815.59
3461,Sophie Camargo,icassiano@example.org,2025-01-02,Instagram,5,14179.58
3462,Maria Isis da Cunha,xmendonca@example.org,2024-08-09,Instagram,8,30034.71
3463,Fernanda Mendonça,rafael07@example.com,2024-05-30,Instagram,12,211355.88
3464,Bianca Abreu,allananovaes@example.org,2025-07-07,Instagram,11,55737.89
3465,Maria Clara Viana,maria-flor80@example.org,2024-04-16,Instagram,12,29107.67
3466,José Miguel Rios,mathias23@example.com,2024-04-07,IG,6,63115.21
3467,Enrico Campos,cpacheco@example.com,2024-11-10,Instagram,6,32578.62
3468,Maria Helena Novaes,maria-alice46@example.net,2024-03-11,Instagram,11,70734.14
3469,Alícia Gomes,rrodrigues@example.com,2025-03-27,Instagram,2,123165.22
3470,Pedro Henrique Pinto,da-cruzemanuella@example.net,2025-12-24,Instagram,9,76614.47
3471,Srta. Aurora Duarte,sousaigor@example.com,2025-06-13,Instagram,9,22478.26
3472,Diogo Gomes,abreumaria-luiza@example.org,2025-03-01,Instagram,12,74463.15
3473,Gael Henrique Fonseca,rezenderebeca@example.com,2024-10-06,Instagram,11,74774.16
3474,João Miguel Cunha,pintostephany@example.org,2025-12-21,Instagram,12,58541.64
3475,Cecilia da Paz,milena13@example.org,2025-09-26,Instagram,9,32693.42
3476,Kevin Caldeira,zpeixoto@example.org,2025-08-11,Instagram,11,16720.44
3477,Levi da Conceição,casa-grandeguilherme@example.com,2024-05-29,Instagram,4,23731.33
3478,Marcos Vinicius Melo,isis64@example.com,2024-03-14,Instagram,5,23767.52
3479,Srta. Isabel Rios,ravi-lucca48@example.org,2024-04-21,Instagram,2,35891.76
3480,Alexandre Duarte,camposyuri@example.com,2024-06-21,Instagram,6,50226.77
3481,Joana Vargas,marianemontenegro@example.net,2024-02-17,Instagram,7,110122.12
3482,Camila Dias,jda-cruz@example.com,2025-10-02,Instagram,4,70671.57
3483,Sr. Davi Miguel Nogueira,machadomarina@example.com,2024-04-27,Instagram,6,306528.47
3484,Davi Luiz da Conceição,maysa81@example.com,2024-05-27,Instagram,7,7643.08
3485,Dr. Eduardo Garcia,teixeiramaria-eduarda@example.org,2025-10-02,Instagram,10,35349.87
3486,Matheus Almeida,ana-carolinaviana@example.com,2025-11-24,instagram,10,235115.26
3487,Maria Eduarda Vargas,lavinia77@example.org,2024-05-23,Instagram,2,33103.11
3488,Luiz Henrique Azevedo,bcaldeira@example.com,2024-07-20,Instagram,11,133663.8
3489,Bento Montenegro,xcampos@example.com,2025-07-26,Instagram,12,21713.23
3490,Rodrigo Nascimento,maria-luisarios@example.net,2025-12-04,Instagram,1,22105.74
3491,Henrique Brito,tdias@example.org,2025-04-01,Instagram,12,29048.37
3492,Allana Vasconcelos,luisada-rocha@example.org,2024-11-11,Instagram,10,51159.27
3493,Theodoro Duarte,lrios@example.com,2025-04-19,Instagram,9,233778.94
3494,Enrico Nunes,brendada-luz@example.com,2025-07-10,Instagram,10,129334.13
3495,Vitória Guerra,manuellacirino@example.net,2024-03-07,Instagram,12,22973.15
3496,Letícia Aparecida,bleao@example.com,2024-11-05,Instagram,6,44170.49
3497,Anthony Machado,nrodrigues@example.org,2025-09-09,Instagram,3,68396.54
3498,Ana Lívia Santos,camilacostela@example.net,2025-05-12,Instagram,1,185120.01
3499,Maria Liz Melo,isales@example.com,2024-04-04,Instagram,2,17467.31
3500,Carolina Cunha,gsilveira@example.com,2025-06-19,Instagram,7,185728.7
3501,Ana Júlia Jesus,da-luzpietra@example.net,2025-04-14,Instagram,1,39993.98
3502,Isabel Cavalcanti,salesbruna@example.com,2024-06-26,Instagram,4,75309.21
3503,José Pedro Abreu,benjamim89@example.org,2024-08-30,Instagram,12,18429.62
3504,Gabriela Oliveira,fsouza@example.com,2024-08-06,Instagram,1,68168.2
3505,Milena Lima,antony53@example.net,2025-12-25,Instagram,11,24560.64
3506,Luna Jesus,varaujo@example.com,2024-04-25,Instagram,6,54390.81
3507,Nicole Monteiro,catarina42@example.com,2025-08-18,Instagram,3,11004.62
3508,Arthur da Costa,juan27@example.org,2025-01-17,Instagram,6,64155.03
3509,Caroline Marques,luiz-miguelaraujo@example.net,2025-09-26,Instagram,10,16577.49
3510,Erick Ramos,maria-luisacaldeira@example.org,2025-12-15,instagram,6,57329.53
3511,Ravi Freitas,mlima@example.org,2025-11-26,Instagram,4,1659.33
3512,Bianca Lima,danilovasconcelos@example.com,2025-09-07,Instagram,4,17117.12
3513,Yago Freitas,da-pazvitor-gabriel@example.net,2024-10-20,Instagram,6,29755.87
3514,Isabel Andrade,luiz-fernando16@example.net,2024-07-02,Instagram,6,76570.34
3515,Gustavo Henrique Pacheco,marceloalves@example.org,2024-08-10,Instagram,6,68057.29
3516,Sra. Alice Brito,leo64@example.com,2025-04-04,Instagram,2,29866.15
3517,Bento Lima,barbosamanuella@example.com,2024-08-28,Instagram,6,44413.45
3518,Henrique Barros,ccorreia@example.org,2024-11-05,Instagram,10,55165.76
3519,Sr. Arthur Gabriel da Rocha,olivercirino@example.com,2024-02-15,Instagram,11,28800.15
3520,Emilly da Cunha,fernanda93@example.org,2025-07-02,Instagram,1,53863.08
3521,Eduarda Nunes,livia63@example.net,2024-03-06,Instagram,5,73908.47
3522,Vitor Hugo Câmara,sousaisabella@example.com,2024-08-24,Instagram,12,12557.92
3523,Bento Castro,isis51@example.net,2025-02-21,Instagram,10,90944.93
3524,Hellena Sousa,jose-miguelmartins@example.net,2025-01-18,Instagram,11,56231.3
3525,Thales Cirino,castroisaac@example.com,2025-10-05,Instagram,10,44590.3
3526,Luiz Fernando Rezende,da-rosaliz@example.org,2025-04-08,Instagram,10,129399.4
3527,Pedro Silva,zmachado@example.net,2025-07-17,Instagram,4,27421.91
3528,Sr. Rafael Cavalcante,eduarda39@example.com,2024-07-28,Instagram,1,19609.27
3529,Marcelo Almeida,asilveira@example.net,2024-03-20,Instagram,1,40562.77
3530,Maya da Rosa,leaomaya@example.com,2025-06-10,Instagram,11,23196.77
3531,Alícia Cavalcante,nogueiraantonio@example.net,2024-04-03,IG,8,23495.79
3532,Srta. Eloá Peixoto,cavalcantemarcelo@example.org,2025-08-22,Instagram,7,28395.74
3533,Dr. Isaac Pinto,da-motavalentim@example.net,2025-11-12,Instagram,4,129055.02
3534,Ana Beatriz Pacheco,luiz-felipecastro@example.com,2024-07-11,Instagram,3,4490.83
3535,Josué Costela,anthony-gabrielcavalcante@example.org,2025-06-24,Instagram,6,57161.91
3536,Sr. Asafe Cassiano,bianca50@example.org,2024-11-07,Instagram,10,29270.05
3537,Heloisa Fernandes,bella03@example.com,2024-07-24,Instagram,4,42110.71
3538,Sofia Novaes,oliver93@example.org,2024-11-02,Instagram,4,9401.94
3539,Enrico da Rocha,isabelcastro@example.net,2025-03-30,Instagram,8,26669.17
3540,Caroline Abreu,ferreirastephany@example.net,2025-12-21,Instagram,2,53129.54
3541,Davi Cardoso,vitor-hugo12@example.net,2024-07-25,Instagram,1,31186.54
3542,Pedro Miguel Vasconcelos,isabel59@example.net,2025-05-12,Instagram,6,73886.1
3543,Catarina Araújo,casa-granderyan@example.com,2024-08-22,Instagram,3,51226.52
3544,Fernanda Barbosa,tmarques@example.net,2024-06-15,Instagram,8,27972.2
3545,Dr. Emanuel Azevedo,gomesluiz-otavio@example.net,2025-03-20,Instagram,5,138233.61
3546,Caleb Nunes,manuelafernandes@example.net,2025-06-24,Instagram,7,129996.64
3547,Davi Lucca Cirino,emachado@example.net,2025-05-21,Instagram,3,75751.21
3548,Carlos Eduardo Mendes,ravi62@example.com,2025-11-11,Instagram,6,15547.16
3549,Renan Dias,nicolepires@example.com,2024-03-04,IG,12,113273.41
3550,Matheus Caldeira,benjamimpinto@example.com,2025-01-23,Instagram,1,102059.17
3551,Pietro Vargas,benjamimabreu@example.net,2024-07-17,Instagram,1,17215.11
3552,Eduarda Ribeiro,ana-vitoria24@example.org,2025-08-08,Instagram,9,47775.66
3553,Enzo Santos,azevedodaniela@example.net,2024-02-05,Instagram,8,21193.24
3554,Lucas Fogaça,diasgabriel@example.com,2024-04-20,Instagram,4,9090.11
3555,Davi Miguel Brito,da-rosarenan@example.net,2025-07-03,Instagram,11,47167.55
3556,Valentim Macedo,dpastor@example.net,2024-09-07,Instagram,9,13695.23
3557,José Pedro Martins,evelynsales@example.net,2025-04-25,Instagram,7,47340.29
3558,Davi Lucca Cassiano,montenegrozoe@example.org,2025-12-30,Instagram,6,38545.74
3559,Sra. Luna Sampaio,pastorluiz-miguel@example.net,2024-11-25,Instagram,3,24734.77
3560,Kevin Vargas,cmonteiro@example.com,2025-01-19,Instagram,5,82483.57
3561,Maria Helena Oliveira,oliverda-costa@example.org,2025-12-09,Instagram,3,25865.4
3562,Marina Fogaça,fogacadanilo@example.org,2025-06-12,Instagram,1,91701.21
3563,Dr. Vitor Hugo Rios,luana40@example.net,2024-05-05,Instagram,7,52965.1
3564,Dr. Vinicius Moura,vitoriacavalcante@example.com,2025-07-29,Instagram,6,40488.38
3565,Sra. Pietra Carvalho,lviana@example.org,2025-01-09,Instagram,8,48856.92
3566,Dra. Juliana Gonçalves,qcardoso@example.net,2025-07-15,Instagram,12,282426.67
3567,Luiz Miguel das Neves,antonellasousa@example.com,2025-02-26,Instagram,2,56687.03
3568,Matteo Cavalcante,luiz-felipecirino@example.com,2024-05-27,Instagram,11,6678.63
3569,Cauê Nascimento,claricesiqueira@example.net,2025-08-06,Instagram,4,13789.36
3570,Maria Luiza Cavalcante,maite28@example.com,2024-01-02,Instagram,5,139298.32
3571,José Cirino,borgeslucca@example.org,2025-10-02,Instagram,4,46526.44
3572,João Guilherme Borges,luiz-fernando90@example.org,2025-08-10,Instagram,9,11987.41
3573,Maria Vitória Gonçalves,liviaaparecida@example.org,2025-12-04,Instagram,8,62080.89
3574,Maria Liz Abreu,caroline09@example.com,2024-01-20,Instagram,4,68893.05
3575,Evelyn Cirino,mendesalice@example.net,2024-11-07,Instagram,7,107142.19
3576,Antony Silva,domaragao@example.net,2024-04-15,Instagram,1,57363.78
3577,Henry da Cruz,murilo89@example.org,2024-09-21,Instagram,4,289979.99
3578,Enrico da Rosa,fborges@example.net,2024-09-10,Instagram,8,69366.99
3579,Mateus Abreu,leaoasafe@example.net,2025-02-26,Instagram,1,34026.35
3580,Ravi Mendonça,duarteisabelly@example.com,2024-11-07,Instagram,6,26623.29
3581,Brenda Rodrigues,earaujo@example.com,2025-11-30,Instagram,12,21127.81
3582,Matteo da Paz,sarasilva@example.com,2024-07-07,Instagram,8,140668.81
3583,Anthony Gabriel Oliveira,rafael72@example.org,2024-10-23,Instagram,3,140325.61
3584,Otávio Borges,qlima@example.org,2025-05-08,Instagram,9,56664.11
3585,Daniel Costela,julianacamargo@example.org,2024-07-06,Instagram,3,81946.74
3586,Joana da Paz,lopesana-clara@example.org,2025-05-25,Instagram,10,806962.25
3587,Carlos Eduardo Gomes,yuri41@example.net,2025-05-14,Instagram,11,56100.86
3588,Raul Cavalcanti,qmelo@example.com,2025-05-17,Instagram,2,32584.92
3589,Maria Cecília Mendes,csa@example.com,2025-04-20,Instagram,12,38256.71
3590,Srta. Isis Pereira,luiz-miguel90@example.com,2025-08-09,Instagram,11,29036.92
3591,Ana Lívia Melo,carolina18@example.net,2025-12-27,Instagram,8,242028.49
3592,Alícia Borges,npinto@example.net,2024-02-01,Instagram,3,55647.3
3593,Erick da Rosa,bryancavalcante@example.com,2024-12-28,Instagram,5,61187.62
3594,Hellena Macedo,vitor41@example.com,2025-08-05,Instagram,2,53270.99
3595,Henry da Mata,liz53@example.net,2024-01-01,Instagram,11,164434.61
3596,Jade Machado,cavalcanteelisa@example.com,2025-01-25,IG,12,7578.91
3597,Maria Eduarda Souza,gabrielateixeira@example.org,2025-04-09,Instagram,8,25795.42
3598,Ana Cecília da Mota,mcavalcanti@example.net,2024-05-01,Instagram,6,61362.6
3599,Juliana Azevedo,abreucamila@example.org,2024-10-10,Instagram,4,92711.75
3600,Maitê Pires,maria-luisa42@example.org,2025-07-17,Instagram,4,28360.9
3601,Lara da Costa,arthur-gabriel09@example.org,2024-02-08,Instagram,8,27946.5
3602,Yasmin Barbosa,leticia04@example.com,2024-03-22,Instagram,10,17802.49
3603,Maria Sophia Sousa,da-rochapedro-miguel@example.com,2025-08-09,Instagram,1,49473.98
3604,Stephany da Luz,otavio70@example.com,2025-08-02,IG,1,15679.69
3605,Sra. Antonella Nogueira,wrezende@example.com,2025-02-21,Insta,10,35004.45
3606,Oliver Martins,hellenasa@example.org,2024-10-21,Instagram,2,77627.67
3607,Ana Lívia Freitas,erick85@example.net,2024-03-02,Instagram,5,8478.29
3608,Dra. Ana Beatriz Araújo,marcelamelo@example.net,2025-08-04,Instagram,11,36897.81
3609,Daniel Albuquerque,bruna07@example.net,2024-06-08,Instagram,8,127728.29
3610,Maria Isis Almeida,ravy56@example.com,2025-10-20,Instagram,12,193843.86
3611,Lucca Andrade,thalesmacedo@example.com,2025-07-06,Instagram,7,49115.18
3612,Sophia da Cruz,benjamimgoncalves@example.com,2024-02-16,Instagram,6,99916.78
3613,Maysa Rios,augustoguerra@example.com,2025-03-23,Instagram,8,15769.99
3614,Srta. Catarina Cirino,laurajesus@example.com,2025-10-25,Instagram,8,206943.84
3615,Lara Vasconcelos,pimentaarthur-gabriel@example.net,2025-09-25,Instagram,5,22858.47
3616,Sophia Ramos,nfarias@example.net,2025-03-08,IG,5,20721.74
3617,Sr. Mathias Melo,kamillycostela@example.com,2024-04-17,Instagram,1,35829.25
3618,Eloá Sampaio,bguerra@example.net,2025-04-24,Instagram,7,26519.9
3619,Dr. Antônio Rios,joao-guilherme21@example.net,2025-04-13,Instagram,4,77642.99
3620,Ana Liz da Luz,steixeira@example.org,2025-02-20,Insta,3,146130.83
3621,Maria Liz Rodrigues,aalves@example.com,2024-06-27,Instagram,1,33432.82
3622,Francisco Araújo,guerraluan@example.net,2025-10-10,Instagram,2,117561.72
3623,Alice Melo,luiz-gustavovargas@example.net,2025-01-01,Instagram,2,122156.6
3624,Anna Liz Rocha,marianecampos@example.net,2024-07-23,Instagram,7,61030.65
3625,Otto Sampaio,nicolas37@example.org,2024-06-19,instagram,2,91528.37
3626,Alana Nascimento,ndas-neves@example.com,2024-07-09,Instagram,1,69953.43
3627,Nathan Pastor,levi03@example.net,2024-11-26,Instagram,11,62599.94
3628,Dra. Zoe Rodrigues,erickrocha@example.org,2024-05-30,Instagram,9,17436.06
3629,Dr. Antony Camargo,elisa99@example.com,2025-01-10,Instagram,4,35001.67
3630,Amanda Garcia,davi-lucaspimenta@example.com,2024-05-02,Instagram,12,72574.76
3631,Maysa Correia,freitasvalentim@example.net,2024-07-01,Instagram,7,137487.88
3632,Elisa da Mata,oliviasouza@example.com,2024-03-12,Instagram,7,159104.75
3633,Isabelly Aragão,dommartins@example.net,2024-09-09,Instagram,6,89547.94
3634,Brenda Leão,amontenegro@example.com,2024-10-14,Instagram,2,70913.32
3635,Maria Flor Ramos,pedro-miguel15@example.net,2024-10-12,Instagram,12,54828.8
3636,Ana Júlia Caldeira,qrezende@example.net,2025-05-26,Instagram,7,33044.45
3637,Dra. Cecília Rezende,fariasalexandre@example.org,2024-12-16,Instagram,1,50259.33
3638,Ana Clara Camargo,maragao@example.org,2025-05-03,Insta,3,21101.72
3639,Letícia Aparecida,naragao@example.org,2024-01-19,Instagram,9,12069.92
3640,Ágatha Andrade,marquesliam@example.com,2024-11-06,Instagram,8,81796.35
3641,Vinícius Cavalcante,lnovaes@example.net,2024-02-22,Instagram,10,27969.2
3642,Kaique Moura,bento07@example.org,2024-11-27,Instagram,6,101243.23
3643,Sofia Ribeiro,leo74@example.org,2025-03-09,Instagram,10,62347.48
3644,Otto Nogueira,limahenry-gabriel@example.net,2025-07-23,Instagram,11,35134.53
3645,Maria Isis Camargo,maria-juliaguerra@example.com,2025-01-28,Instagram,10,58603.43
3646,Anthony Gabriel Novais,mourajoao-felipe@example.org,2024-09-25,Instagram,3,217065.04
3647,Dante Marques,portoluiz-fernando@example.com,2024-06-26,Instagram,8,30287.09
3648,João da Mota,pedro-henrique59@example.com,2025-11-24,Instagram,4,25826.86
3649,Ester Ramos,bruna87@example.org,2024-05-06,Instagram,11,221500.98
3650,Felipe Albuquerque,joao-pedro42@example.net,2024-01-24,Instagram,1,22103.99
3651,Sr. Nicolas Peixoto,pachecofernando@example.org,2024-03-16,Instagram,8,67967.18
3652,Raul Fonseca,antonycirino@example.net,2025-12-29,Instagram,4,27481.76
3653,Rael Guerra,da-cruzfernanda@example.net,2025-10-15,Instagram,1,57738.14
3654,Agatha Cardoso,ryan65@example.org,2024-08-10,Instagram,4,55202.16
3655,Sra. Ana Cecília Fogaça,pedro-miguel64@example.net,2024-01-03,Instagram,2,72596.52
3656,Vitor Macedo,agatha03@example.com,2025-06-29,Instagram,6,142503.85
3657,Sra. Sophia Nogueira,isaacfogaca@example.net,2024-07-25,Instagram,7,85713.71
3658,Milena Monteiro,rafaelafreitas@example.com,2024-01-13,Instagram,12,68479.37
3659,Sra. Maria Sophia Cassiano,jose-miguelda-conceicao@example.com,2024-11-22,Instagram,6,179096.08
3660,Mateus Guerra,xpereira@example.net,2024-10-27,Instagram,3,32635.41
3661,Maria Luísa da Paz,cardosoesther@example.net,2024-09-12,Instagram,10,49801.31
3662,Ryan Rios,joao-gabrielsouza@example.org,2025-04-04,Instagram,1,36534.56
3663,Francisco Pereira,kcirino@example.com,2025-05-27,Instagram,6,77175.1
3664,Carolina Albuquerque,zleao@example.org,2025-02-02,Instagram,4,23840.27
3665,Maria Luísa Cavalcanti,catarinagarcia@example.net,2024-01-08,Instagram,4,35251.09
3666,Daniela Pastor,pedroduarte@example.net,2024-01-13,Instagram,2,124469.9
3667,Sra. Maria Liz Novais,fsantos@example.com,2025-09-27,Instagram,4,43480.08
3668,Ester Freitas,talbuquerque@example.org,2024-04-27,Instagram,6,186214.15
3669,José Miguel Moura,carlos-eduardomoreira@example.com,2024-10-08,Instagram,9,64982.32
3670,Isadora Brito,murilo98@example.net,2024-03-01,Instagram,9,31466.97
3671,Bryan Cassiano,isisalbuquerque@example.org,2024-05-29,Instagram,4,28210.89
3672,Bernardo da Rocha,carlos-eduardo76@example.org,2024-12-17,Instagram,8,486210.47
3673,Ana Lívia Vieira,rafael04@example.net,2024-06-03,Instagram,4,67143.72
3674,Ana Sophia Cunha,isaac03@example.net,2025-04-08,Instagram,10,174694.8
3675,Sabrina Duarte,yasminmelo@example.org,2024-09-16,Instagram,6,89411.92
3676,Vitor Hugo Lopes,hadassa42@example.net,2025-07-16,Instagram,3,76892.5
3677,Catarina da Rocha,fariaskevin@example.org,2025-02-28,Instagram,12,45876.56
3678,Emilly da Conceição,ravi09@example.com,2024-06-17,Instagram,9,15985.47
3679,Mariane Pereira,pintovicente@example.net,2025-08-01,Instagram,1,17741.33
3680,Maria Liz Cardoso,rezendeester@example.com,2025-11-03,Instagram,12,61552.25
3681,Caroline Abreu,meloemanuella@example.org,2024-03-12,Instagram,5,17417.5
3682,Agatha Machado,gjesus@example.net,2025-04-16,Instagram,10,116963.93
3683,Lívia Mendes,amandaabreu@example.com,2025-03-20,Instagram,10,85909.42
3684,Leandro Mendonça,isaque25@example.org,2025-04-16,Instagram,5,83164.42
3685,Gael Mendes,jade10@example.org,2024-01-18,Instagram,6,24958.53
3686,Rebeca Monteiro,luccabarbosa@example.com,2024-01-16,Instagram,11,51952.22
3687,Sr. Henry Gabriel Leão,saluiz-henrique@example.org,2024-07-21,Instagram,3,31619.6
3688,Lucas Gabriel Pinto,pastormiguel@example.net,2024-02-16,Instagram,5,38326.96
3689,Evelyn Costela,maparecida@example.com,2024-09-15,Instagram,2,174499.22
3690,Srta. Laís das Neves,manuela48@example.net,2025-09-20,Instagram,3,89658.17
3691,João Gabriel Monteiro,calves@example.net,2024-09-06,Instagram,9,65191.16
3692,Maria Vitória Cardoso,ana-vitoriaazevedo@example.org,2024-10-04,Instagram,10,49881.83
3693,Sra. Maria Sophia Duarte,vasconcelosdiego@example.com,2024-06-28,Instagram,11,46796.09
3694,Ana Beatriz Sales,felipe73@example.net,2024-10-25,instagram,11,30764.52
3695,Vitor Gabriel Pastor,emanuel45@example.com,2025-07-24,IG,4,28678.31
3696,José Miguel Andrade,novaisdaniela@example.net,2025-08-20,Instagram,2,36733.53
3697,Luiz Felipe Ferreira,siqueiragabriel@example.com,2024-10-25,Instagram,6,25876.94
3698,Joana da Mata,xrios@example.org,2024-10-07,Instagram,8,78883.13
3699,Bruna Gonçalves,ramosmariane@example.com,2024-05-04,Instagram,4,84410.1
3700,Benicio da Paz,pastorsamuel@example.org,2025-12-09,Instagram,11,95730.93
3701,Sra. Luiza das Neves,nogueirayuri@example.org,2024-08-03,Instagram,8,72538.93
3702,Yago Cassiano,enriconogueira@example.org,2024-08-28,Instagram,3,42176.54
3703,Giovanna Pastor,xgoncalves@example.org,2024-10-31,Instagram,2,6884.26
3704,Dra. Ana Cecília da Costa,yasmin86@example.net,2024-02-16,Instagram,12,17369.46
3705,Antônio Ribeiro,inascimento@example.org,2024-08-17,Instagram,12,177891.6
3706,Matteo Duarte,camilaborges@example.com,2025-11-02,Instagram,4,41921.68
3707,Pedro Henrique Santos,nicolassilveira@example.org,2024-02-12,Instagram,2,29197.66
3708,Dr. Davi Lucca Costa,correiamaria-helena@example.com,2024-06-07,Instagram,5,50439.71
3709,Antônio Montenegro,teixeiraluana@example.com,2024-05-20,Instagram,12,31164.73
3710,Thiago Silveira,maparecida@example.org,2024-06-02,Instagram,4,51808.31
3711,Dante Peixoto,nogueiraalexia@example.org,2025-11-21,Instagram,8,38936.13
3712,Caleb Costa,heloisagarcia@example.org,2025-05-14,Instagram,6,11041.18
3713,Lucas Gabriel Nascimento,camila80@example.com,2025-10-25,Instagram,4,45412.73
3714,Murilo da Costa,isaquecamargo@example.net,2025-09-09,Instagram,9,42021.74
3715,Maria Luiza Andrade,maria22@example.org,2025-03-16,Instagram,1,69620.64
3716,Sr. Ravy Rocha,melomaria-liz@example.com,2025-02-03,IG,9,75469.02
3717,Dr. Juan Mendes,nascimentojoao-guilherme@example.net,2025-01-05,Instagram,8,63500.97
3718,Bruno Macedo,da-rochaheloisa@example.net,2025-04-30,Instagram,9,35171.68
3719,Lucca Siqueira,yagoleao@example.com,2025-05-09,Instagram,6,170685.01
3720,Maria Luísa Cardoso,pcirino@example.com,2025-02-27,Instagram,2,140862.41
3721,Dra. Maria Flor Abreu,ravi02@example.net,2024-11-16,Instagram,5,121609.05
3722,Ana Sophia Sousa,arthur-gabriel25@example.com,2025-04-20,instagram,8,40110.12
3723,Melissa Abreu,hellenamoreira@example.com,2024-04-06,Insta,3,183163.4
3724,Lucas Aragão,cda-costa@example.com,2025-01-29,Instagram,12,67261.4
3725,Isabella Lopes,freitascaio@example.org,2025-01-11,Instagram,8,37064.66
3726,Dra. Aurora Ramos,ada-mata@example.net,2025-01-20,Instagram,7,29268.25
3727,Bárbara Albuquerque,caiopastor@example.org,2025-01-06,Instagram,9,138189.63
3728,Bento Sousa,benjamincasa-grande@example.com,2025-06-15,Instagram,8,161088.29
3729,Antônio Pereira,camila23@example.com,2025-06-21,Instagram,10,49744.64
3730,Dr. Luiz Otávio da Conceição,oliveiramarcelo@example.com,2024-08-18,Instagram,8,37282.78
3731,Benicio Pinto,iaparecida@example.com,2024-09-04,Instagram,5,82266.84
3732,Dr. Juan Ribeiro,theo49@example.org,2024-01-10,Instagram,6,29407.2
3733,Liam da Paz,allana53@example.net,2024-03-07,Instagram,8,40414.22
3734,Davi Novais,piresisaque@example.net,2024-06-24,Instagram,11,10723.53
3735,Maria Julia Ferreira,sofia34@example.com,2025-06-28,Instagram,5,21119.69
3736,Dr. Nathan Castro,estercassiano@example.org,2025-07-24,Instagram,7,71291.48
3737,Sabrina Aragão,joana60@example.org,2024-06-13,Instagram,8,37056.21
3738,Bella Leão,ana-luizanogueira@example.com,2025-09-18,Instagram,11,48099.86
3739,Pietro Albuquerque,manuela26@example.com,2024-09-22,Instagram,11,30118.05
3740,Davi Lucca Costa,davi-lucas58@example.com,2025-07-24,Instagram,7,26650.12
3741,Brayan Freitas,anthonyazevedo@example.com,2024-11-30,Instagram,11,26993.83
3742,Caleb Lima,ubrito@example.com,2025-05-17,Instagram,1,29100.23
3743,Luiz Felipe Moura,doliveira@example.com,2024-09-08,Instagram,7,80846.98
3744,Felipe da Cunha,dom33@example.net,2024-02-10,Instagram,4,64057.63
3745,Dr. Pedro Miguel Nunes,daniel64@example.net,2024-06-18,Instagram,9,20826.01
3746,Sra. Hadassa Brito,maria-helena90@example.com,2025-05-06,Instagram,9,91628.81
3747,Sra. Camila Oliveira,teixeirasabrina@example.net,2025-10-23,Instagram,5,60260.74
3748,Yasmin Gonçalves,tsouza@example.net,2025-03-18,Instagram,7,28474.54
3749,Hadassa Lima,hellena18@example.org,2025-06-30,Instagram,1,116833.33
3750,Lorenzo Silva,oda-luz@example.net,2024-01-08,Instagram,5,30861.79
3751,Natália Gonçalves,freitasmaria-helena@example.org,2025-06-23,Instagram,10,49947.72
3752,Joaquim Souza,zmelo@example.net,2025-08-23,Instagram,10,20921.27
3753,Vitor Hugo da Luz,anthony-gabrielramos@example.org,2024-10-19,Instagram,4,55475.28
3754,Ester Castro,pereiraeloah@example.com,2024-12-25,Instagram,5,32478.26
3755,Isabella Cunha,joao-pedrosales@example.net,2024-01-30,Instagram,3,27739.68
3756,Pietra Cunha,ottonunes@example.com,2024-04-19,Instagram,12,24499.44
3757,José Pedro Aparecida,joao-felipeduarte@example.org,2024-02-01,Instagram,1,67384.14
3758,Miguel Marques,lpinto@example.net,2025-05-31,Instagram,9,117604.09
3759,José Pedro Cavalcante,pmelo@example.net,2025-07-25,Instagram,10,26313.47
3760,Srta. Heloisa Silveira,joao-miguel02@example.org,2024-03-04,Instagram,1,278656.3
3761,Emilly Almeida,da-cunhaalexandre@example.org,2025-10-26,Instagram,6,33170.29
3762,Esther da Conceição,pietrada-mota@example.com,2025-08-27,Instagram,11,27241.74
3763,Heitor da Rosa,eribeiro@example.net,2025-02-13,Instagram,12,34483.55
3764,Valentina Cassiano,rochamaria-sophia@example.com,2025-12-12,Instagram,11,111562.27
3765,Sr. Lucas da Mata,jose60@example.com,2025-09-27,Instagram,7,60234.36
3766,Dr. Bernardo Costa,josuealves@example.org,2024-05-24,Instagram,7,23718.13
3767,Sra. Larissa da Cruz,leonardocirino@example.com,2025-11-21,Instagram,3,112927.62
3768,Clarice Cardoso,dmachado@example.com,2024-11-11,Instagram,2,112649.37
3769,Gustavo Barbosa,gsilveira@example.net,2024-04-04,Instagram,4,74249.44
3770,Miguel Guerra,maria-liz07@example.org,2024-05-07,Instagram,11,21757.21
3771,Luiz Miguel Aragão,gabrielaandrade@example.com,2025-04-26,Instagram,4,82547.76
3772,Luara Cavalcante,joao-gabriel41@example.net,2025-12-20,Instagram,1,45734.25
3773,Renan Vieira,caue27@example.com,2024-11-13,Instagram,9,41230.97
3774,Pedro Henrique Melo,natalia26@example.com,2025-02-11,Instagram,10,80959.56
3775,Cecilia Freitas,lopesliam@example.org,2024-07-25,Instagram,5,53881.26
3776,Joaquim Santos,zcorreia@example.net,2025-08-31,Instagram,1,102802.55
3777,Maria Alice Porto,qvieira@example.com,2024-03-09,Instagram,11,29502.42
3778,Srta. Larissa Oliveira,uda-mata@example.net,2025-02-16,Instagram,2,62945.02
3779,Giovanna Caldeira,maria-vitoriasouza@example.net,2025-02-19,Instagram,4,28763.56
3780,Lara Peixoto,da-cunhanatalia@example.com,2024-01-01,Instagram,2,63895.44
3781,Levi Dias,da-pazoliver@example.org,2025-11-10,Instagram,5,50717.05
3782,Maya da Rocha,jose-miguelcardoso@example.net,2025-12-08,Instagram,4,20263.19
3783,José Miguel Garcia,cardosoguilherme@example.org,2024-12-01,Insta,4,62399.4
3784,Dra. Yasmin Rezende,ribeirogustavo-henrique@example.com,2025-05-27,Instagram,5,217339.87
3785,Laura Novais,rafael40@example.org,2025-09-03,Instagram,8,74526.24
3786,Srta. Emilly Rodrigues,vlopes@example.net,2024-03-10,Instagram,1,21526.89
3787,Davi Miguel Correia,maysa42@example.net,2024-02-18,instagram,5,84811.9
3788,Luigi Gonçalves,gsouza@example.net,2025-04-30,Instagram,2,26543.63
3789,Ana Luiza Moraes,jose-miguelcostela@example.com,2025-02-03,Instagram,4,19014.54
3790,Ísis Rezende,varaujo@example.net,2025-04-23,Instagram,5,20810.54
3791,Lavínia Azevedo,dmoreira@example.com,2025-02-10,Instagram,12,121659.56
3792,Srta. Gabriela Sampaio,ester64@example.com,2025-05-27,Instagram,11,101551.07
3793,Dra. Zoe da Mata,walves@example.net,2024-04-04,Instagram,7,18814.29
3794,Dr. Pedro Miguel Pinto,hellena38@example.org,2024-05-19,Instagram,11,64643.47
3795,Pedro Miguel Cassiano,isabelacampos@example.org,2024-06-04,Instagram,3,135548.94
3796,Ana Liz Oliveira,larabarros@example.com,2024-10-22,Instagram,7,11897.32
3797,Caroline Abreu,leaoayla@example.com,2025-06-23,Instagram,12,41791.69
3798,Dr. Thiago Jesus,bianca78@example.com,2025-08-20,Instagram,8,111592.48
3799,Dr. Luiz Henrique Monteiro,guilherme24@example.com,2024-10-11,Instagram,1,22767.57
3800,Kamilly Abreu,aragaohelena@example.net,2025-03-01,Instagram,9,37145.0
3801,Maitê Moreira,imoura@example.com,2024-07-21,Instagram,12,21925.19
3802,Ana Laura Fogaça,leaogiovanna@example.com,2024-12-09,Instagram,4,45139.4
3803,Luan Caldeira,luiz-fernandoda-cunha@example.com,2025-11-10,Instagram,2,43742.95
3804,Bernardo Vargas,ada-rocha@example.org,2024-06-30,Instagram,9,39037.5
3805,Guilherme Moura,bnascimento@example.org,2025-07-16,Instagram,7,72660.1
3806,Isabel Dias,uaparecida@example.org,2024-01-24,Insta,7,21237.96
3807,Alícia da Cruz,ccorreia@example.net,2024-08-31,Instagram,3,127200.53
3808,João Felipe Cassiano,oliviaramos@example.com,2025-04-08,Instagram,7,48120.87
3809,Erick Aparecida,calebe89@example.net,2025-07-06,Instagram,2,146315.63
3810,Heloisa Alves,davi-miguel34@example.net,2025-02-23,Instagram,12,10668.52
3811,Alice Pacheco,eporto@example.net,2025-09-18,Instagram,7,182209.25
3812,Raquel Oliveira,rcarvalho@example.com,2025-08-11,Instagram,12,22945.3
3813,João Felipe Camargo,eloagomes@example.net,2025-03-11,Instagram,8,73598.6
3814,Vinicius Albuquerque,anna-liz07@example.org,2024-09-02,Instagram,12,51909.95
3815,Dr. Samuel da Rosa,oliveiraaurora@example.com,2024-09-13,Instagram,4,207320.86
3816,Heloisa Oliveira,arthur-miguel59@example.net,2025-03-09,Instagram,7,12173.63
3817,Ana Clara Carvalho,kabreu@example.net,2025-04-06,Instagram,10,16498.32
3818,Isis da Mata,caioda-conceicao@example.org,2024-10-06,Instagram,1,83359.24
3819,Sr. Lucas Gabriel Moreira,arthur-gabriel73@example.com,2024-10-08,Instagram,12,127169.66
3820,Asafe da Conceição,nuneslunna@example.net,2024-04-20,Instagram,3,44495.09
3821,Olivia da Paz,xmarques@example.net,2024-01-01,Instagram,5,34967.52
3822,Sr. Leonardo Azevedo,rsousa@example.net,2024-11-26,Instagram,12,24743.96
3823,Eduarda Costa,montenegrorebeca@example.net,2025-08-20,instagram,11,62444.04
3824,Liam Viana,gsampaio@example.com,2025-06-28,Instagram,3,62467.97
3825,Otto Castro,pedro-lucascavalcante@example.com,2025-12-26,Instagram,2,81533.89
3826,Luiz Miguel Silveira,nsilva@example.com,2025-04-16,Instagram,8,26083.74
3827,Raul Leão,hda-rocha@example.org,2024-06-01,Instagram,12,34482.87
3828,Pedro Miguel Correia,gomesisis@example.org,2025-04-21,Instagram,10,109130.68
3829,Hadassa Ribeiro,freitasfrancisco@example.net,2025-08-18,Instagram,9,57983.34
3830,Ravi Lucca Nogueira,ana-beatrizvasconcelos@example.org,2025-03-26,Instagram,3,48234.79
3831,Maria Cecília Fernandes,kamilly98@example.net,2024-12-14,Instagram,11,53904.01
3832,Otto Cassiano,joao-felipemarques@example.net,2025-03-11,Instagram,7,20546.7
3833,Henry Rezende,ccampos@example.net,2024-01-15,Instagram,10,103872.35
3834,Amanda Cassiano,rafaelmelo@example.net,2024-06-27,IG,8,85620.08
3835,Ana Laura Andrade,rdias@example.net,2024-04-07,Instagram,2,41583.47
3836,Melissa Araújo,maria-flor79@example.com,2024-10-19,Instagram,8,62081.0
3837,Sra. Ana Sophia Pires,fleao@example.com,2025-10-05,Instagram,1,69612.36
3838,Sr. Vinicius Barbosa,machadootto@example.com,2024-04-29,Instagram,11,25711.2
3839,Ana Luiza Fogaça,duartemarina@example.net,2024-02-10,Instagram,2,24984.2
3840,Kevin Freitas,zcavalcante@example.net,2025-07-07,Instagram,3,15829.39
3841,Thiago da Luz,njesus@example.net,2025-09-17,Instagram,9,28298.97
3842,Eduardo Almeida,fguerra@example.org,2025-01-18,Instagram,6,325066.62
3843,Murilo Rodrigues,cirinoian@example.net,2024-09-23,instagram,4,31561.46
3844,Ana Pires,felipe88@example.org,2024-11-01,Instagram,10,276750.98
3845,Vitor Hugo Moreira,yrezende@example.org,2025-04-08,Instagram,4,34012.65
3846,Catarina Alves,zabreu@example.com,2025-08-20,Instagram,7,65025.43
3847,Dra. Ana Carolina Campos,marquesjoao@example.org,2024-04-30,Instagram,12,109345.39
3848,Clara Pastor,hellenanovaes@example.net,2025-10-12,Instagram,9,22870.08
3849,Henry Gabriel da Mota,tribeiro@example.net,2025-04-07,Instagram,1,61731.27
3850,Ana Clara da Cruz,caio67@example.com,2025-06-05,Instagram,4,17525.42
3851,Sophia Pimenta,ymoreira@example.net,2024-02-20,Instagram,11,24407.92
3852,Gabriel Fernandes,maite07@example.com,2025-10-24,Instagram,10,37663.23
3853,Carlos Eduardo Vargas,pedro-henriquebrito@example.com,2025-01-16,Instagram,1,43273.96
3854,Dr. Asafe Rodrigues,lunna05@example.org,2024-09-12,Instagram,8,235194.55
3855,Ayla Moura,mpinto@example.net,2024-10-09,Instagram,4,23241.08
3856,Srta. Stella da Mota,vinicius04@example.com,2024-07-19,Instagram,3,32997.46
3857,Zoe Costela,barbosaana-livia@example.org,2024-04-10,Instagram,11,32702.68
3858,Rodrigo Aragão,saleandro@example.org,2024-01-20,Instagram,8,47107.24
3859,Luna Aragão,isadoranascimento@example.com,2024-06-26,Instagram,2,50447.28
3860,Luan Pires,ivasconcelos@example.net,2024-12-28,Instagram,6,87714.13
3861,Arthur Miguel Pacheco,nmachado@example.com,2025-04-14,Instagram,2,36952.09
3862,Ana Júlia Casa Grande,ana-juliavasconcelos@example.net,2025-06-01,instagram,5,48216.92
3863,Luiz Henrique Lima,vinicius67@example.net,2025-02-25,Instagram,6,74777.75
3864,Apollo Teixeira,laviniasilveira@example.com,2024-03-09,Instagram,5,55055.58
3865,Antônio Azevedo,icunha@example.net,2024-11-02,Instagram,9,77401.73
3866,Dr. Henrique Teixeira,qmontenegro@example.org,2025-04-14,Instagram,7,38631.0
3867,Luiz Gustavo Pacheco,cfonseca@example.net,2025-06-09,Instagram,5,55473.69
3868,Diogo Ribeiro,gda-conceicao@example.net,2024-08-14,Instagram,1,104686.08
3869,Giovanna Santos,carvalhofelipe@example.com,2025-10-31,Instagram,10,40963.14
3870,Maria Eduarda Santos,luan33@example.org,2025-07-22,Instagram,2,58039.29
3871,Caleb Garcia,davi-miguel85@example.net,2025-09-05,Instagram,5,96232.23
3872,Sra. Zoe da Cruz,bgomes@example.com,2025-04-14,Instagram,8,13671.71
3873,Kaique da Rocha,tmelo@example.com,2024-10-20,Instagram,8,21921.92
3874,Emanuelly Siqueira,ferreiraeduarda@example.net,2025-11-05,Instagram,10,38650.53
3875,Bryan Pires,vda-mata@example.net,2025-10-11,Instagram,9,91171.91
3876,Otávio Azevedo,vabreu@example.org,2025-08-18,Instagram,12,180231.74
3877,Enzo Barbosa,guerradiego@example.net,2025-10-04,Instagram,2,16646.28
3878,Carlos Eduardo da Conceição,yan76@example.net,2025-10-22,Instagram,9,45693.63
3879,José Miguel Novais,mariahmachado@example.com,2025-06-12,Instagram,11,40934.97
3880,Davi Lucas Pastor,stellaguerra@example.com,2024-05-08,Instagram,6,15847.11
3881,Isabella Costa,cassianolais@example.net,2025-01-22,Instagram,3,24479.78
3882,Sr. Matheus Santos,igornovais@example.org,2025-03-10,IG,9,13383.46
3883,Maria Flor Machado,mcampos@example.net,2025-07-04,Instagram,11,281434.15
3884,Maria Vitória Jesus,abarbosa@example.org,2024-12-26,Instagram,2,44408.28
3885,Dr. Isaque da Mota,beniciocarvalho@example.org,2025-01-07,Instagram,4,341069.96
3886,Henry da Mata,barbosaoliver@example.net,2025-12-27,Instagram,6,12983.96
3887,Mariana Novaes,lauramendonca@example.com,2024-11-19,Instagram,1,32283.67
3888,Allana Brito,nmachado@example.org,2024-03-19,Instagram,1,12582.29
3889,Sr. Kevin da Mota,rcampos@example.com,2025-05-15,Instagram,10,105060.28
3890,Enzo Cunha,claraazevedo@example.com,2024-09-12,Instagram,8,160610.05
3891,Miguel Fonseca,idas-neves@example.com,2024-06-13,Instagram,10,210667.15
3892,Daniel Novaes,fda-cruz@example.org,2025-03-18,Instagram,9,94862.05
3893,Helena Azevedo,giovanna95@example.com,2025-11-21,Instagram,5,117994.09
3894,Eduarda Porto,maria-vitoriarodrigues@example.com,2024-08-04,Instagram,11,89630.46
3895,Julia Borges,caleb03@example.net,2024-09-19,Instagram,6,16249.45
3896,Sr. Felipe Souza,caroline13@example.com,2024-11-29,Instagram,6,49376.82
3897,José Miguel Novaes,jmendes@example.org,2025-04-29,Instagram,8,37954.36
3898,Zoe da Conceição,da-rosamaria-isis@example.org,2024-10-07,Instagram,10,17075.11
3899,Benício da Cunha,yuri61@example.com,2024-10-28,Instagram,7,19563.64
3900,Rafaela da Rocha,kaiquefogaca@example.org,2025-05-09,Instagram,9,13136.62
3901,José Pedro Sampaio,hmoura@example.com,2025-12-18,Instagram,9,38495.58
3902,Luiza Cunha,carvalhoantony@example.com,2024-08-07,Instagram,12,19363.17
3903,Lorenzo da Paz,lunnamonteiro@example.net,2025-02-18,Instagram,2,92690.82
3904,Mariana Brito,cauasampaio@example.net,2025-07-21,Instagram,7,16696.43
3905,Sr. Bento Brito,fda-cruz@example.com,2024-05-16,Instagram,1,107541.07
3906,Bryan Duarte,azevedotheodoro@example.org,2025-08-09,Instagram,4,50531.05
3907,Rafaela Nascimento,ocavalcante@example.org,2024-09-07,Instagram,2,20745.99
3908,Ryan Novaes,novaesmaria-alice@example.org,2024-03-06,Instagram,11,128320.66
3909,Nathan Pires,lavinia42@example.com,2024-01-14,Instagram,1,88331.23
3910,Ana Júlia Jesus,casa-grandeliz@example.net,2024-01-19,Instagram,3,45371.84
3911,Fernanda da Cruz,freitasvinicius@example.org,2025-07-24,Instagram,6,16160.59
3912,Dra. Fernanda Albuquerque,dandrade@example.org,2025-04-20,Instagram,9,156938.64
3913,Benjamim Cirino,pfarias@example.net,2025-07-20,Instagram,12,10499.68
3914,Sr. Luan Carvalho,aliciasousa@example.org,2025-06-17,Insta,4,48995.86
3915,João Vitor Viana,benjamimguerra@example.com,2024-09-26,Instagram,9,43245.95
3916,Ana Carolina Caldeira,dom45@example.net,2025-11-04,Instagram,8,35827.38
3917,Cecília Almeida,guerralais@example.org,2025-09-24,Instagram,7,100992.33
3918,Valentim Casa Grande,joao-gabrielcarvalho@example.com,2024-09-02,Instagram,7,47508.11
3919,Arthur Gabriel Dias,jose-pedrocirino@example.net,2025-07-04,Instagram,5,98912.46
3920,Benicio Freitas,pcarvalho@example.org,2025-08-10,Instagram,9,53401.29
3921,Augusto Barbosa,teixeiraoliver@example.com,2024-12-20,Instagram,10,17427.3
3922,Lorena Costela,guilhermecorreia@example.org,2024-03-12,instagram,1,46089.32
3923,Emanuella Fonseca,pietragarcia@example.org,2024-08-21,Instagram,3,73926.19
3924,Emanuel da Cruz,bruna64@example.com,2025-12-21,Instagram,7,98875.68
3925,Henrique da Rosa,melissaguerra@example.com,2025-05-20,Instagram,10,88952.16
3926,Pedro Miguel Lima,cavalcantivinicius@example.net,2025-07-05,Instagram,6,97454.43
3927,Marina Lima,vitor-gabrielcavalcanti@example.net,2025-10-19,Instagram,2,39833.12
3928,Luiz Henrique da Cruz,dsa@example.net,2024-05-09,Instagram,12,48858.43
3929,Olívia Pires,yuriribeiro@example.net,2025-12-03,IG,8,38250.34
3930,Maria Cecília Cavalcanti,wda-conceicao@example.com,2025-01-10,Instagram,1,99059.14
3931,Lucas Gabriel Sales,hadassaguerra@example.com,2025-06-11,Instagram,6,10786.28
3932,Sr. João Felipe Mendonça,xcastro@example.org,2024-08-09,Instagram,8,43923.74
3933,Sophia Araújo,tleao@example.org,2024-08-18,Instagram,7,63605.06
3934,Renan Viana,pedro-lucas36@example.net,2024-09-10,Instagram,2,26914.03
3935,Sra. Eduarda da Paz,rvasconcelos@example.com,2024-09-02,IG,12,64839.24
3936,Luiza Rios,camilacostela@example.net,2024-02-05,Instagram,3,102140.9
3937,Maria Luísa Cardoso,theo24@example.org,2024-08-02,Instagram,9,63626.49
3938,Sra. Sabrina Pastor,ana-ceciliacaldeira@example.com,2025-03-31,Instagram,2,115474.0
3939,Anna Liz Castro,sramos@example.com,2025-10-12,Instagram,10,26162.22
3940,Yan Câmara,vitor-hugo34@example.com,2024-01-24,Instagram,11,14440.89
3941,Luísa Montenegro,qda-cruz@example.net,2024-01-10,Instagram,6,54240.17
3942,Noah Viana,goncalvesstephany@example.org,2025-02-23,Instagram,2,53189.93
3943,Ravy Pastor,zoeviana@example.net,2025-05-08,Instagram,2,95880.93
3944,Oliver Brito,pietro81@example.org,2025-03-05,Instagram,10,16020.9
3945,Sophie Rezende,maria-eduardaborges@example.org,2025-12-07,instagram,1,7674.85
3946,Antônio Monteiro,maria-juliacardoso@example.com,2024-05-28,Instagram,7,19607.63
3947,Ravy Sales,anthonybrito@example.com,2024-12-14,Instagram,5,50629.84
3948,Mariana Mendes,novaisjoao-lucas@example.com,2025-10-22,Instagram,6,14042.9
3949,Sra. Giovanna Campos,joaquimda-paz@example.com,2025-03-11,Instagram,5,67349.68
3950,Kaique Viana,lgoncalves@example.com,2025-02-13,Instagram,5,48127.84
3951,Lara Casa Grande,hellenasampaio@example.com,2025-11-04,Instagram,11,43224.64
3952,Dr. Gustavo Correia,marquesjoao-lucas@example.net,2024-08-25,Instagram,9,67263.31
3953,Letícia Albuquerque,isabelaoliveira@example.com,2024-04-06,Instagram,7,99147.64
3954,Anna Liz Rios,cirinojulia@example.net,2024-03-18,Instagram,3,72772.56
3955,Lavínia Nunes,nborges@example.com,2025-08-12,Instagram,10,38931.29
3956,Amanda Jesus,pedro-henriquefarias@example.org,2025-09-09,Instagram,8,39375.03
3957,Brenda Andrade,gomeshenrique@example.org,2024-06-01,Instagram,12,106088.43
3958,Sr. Danilo Guerra,yagosiqueira@example.net,2024-11-23,Instagram,10,72044.01
3959,Bruno Correia,ravida-mata@example.com,2025-02-18,Instagram,8,71090.25
3960,Renan Rios,qmendes@example.org,2024-03-25,Instagram,2,12978.79
3961,Kamilly Nascimento,da-pazcaleb@example.net,2025-09-03,Instagram,6,25432.12
3962,Julia Borges,barbosaluara@example.com,2024-10-23,Instagram,1,34198.73
3963,Helena Andrade,da-cunhayasmin@example.org,2025-09-14,Instagram,10,110059.76
3964,Murilo Albuquerque,enzo00@example.com,2025-06-23,Instagram,6,75960.95
3965,Elisa Andrade,sofianovais@example.com,2024-07-21,Instagram,3,94342.48
3966,Bárbara Guerra,souzadiogo@example.net,2025-05-20,Instagram,10,155667.13
3967,Ana Cecília da Cruz,joao-pedro13@example.com,2025-06-07,Instagram,4,40389.5
3968,Luísa da Rosa,leonardo03@example.com,2024-08-03,Instagram,11,56109.75
3969,Breno Lima,sampaiomaria-liz@example.net,2024-06-17,Instagram,12,59562.37
3970,Aylla Mendonça,costelayasmin@example.com,2025-08-14,Instagram,2,32489.5
3971,Bruno Duarte,sbrito@example.org,2025-04-22,Instagram,5,45591.63
3972,Bruna Costela,gael-henriquepacheco@example.net,2025-06-06,Instagram,2,24685.01
3973,Antony Carvalho,maria-fernanda02@example.net,2024-08-04,Instagram,1,118854.47
3974,Aurora da Rocha,camposjoao@example.net,2025-05-24,IG,7,100974.71
3975,Letícia Dias,maria-vitoriasampaio@example.org,2025-05-18,Instagram,2,60242.76
3976,Hadassa Lopes,xmoraes@example.com,2024-08-21,Instagram,7,44416.29
3977,Laís Lima,diegoda-costa@example.net,2024-07-01,Instagram,6,85599.24
3978,Arthur Miguel Porto,nda-rosa@example.org,2024-11-02,Instagram,10,63785.76
3979,Maria Helena Campos,lucca32@example.org,2025-06-06,Instagram,10,12951.81
3980,Dr. Benicio Barbosa,enzofarias@example.org,2024-05-03,Instagram,11,57753.73
3981,Sr. Noah Peixoto,lribeiro@example.com,2025-09-21,Instagram,5,33106.57
3982,Nicolas Novaes,catarina52@example.com,2024-06-19,Instagram,9,105288.83
3983,Theo Sousa,dom02@example.net,2025-08-27,Instagram,6,79699.23
3984,Dr. Ryan Silveira,santosmaria-flor@example.net,2024-04-05,Instagram,4,13864.51
3985,Kamilly Moreira,leticia69@example.com,2025-06-06,Instagram,5,42439.29
3986,Hellena Araújo,freitasheitor@example.net,2025-02-04,Instagram,2,94584.22
3987,Manuela Lopes,qferreira@example.com,2025-04-10,Instagram,12,31908.14
3988,Luiz Otávio Fonseca,joao-vitor27@example.net,2025-12-08,Instagram,5,21787.44
3989,Srta. Mirella Cassiano,iguerra@example.net,2024-01-30,Instagram,7,29578.86
3990,Dr. Luiz Otávio Alves,giovanna07@example.org,2024-03-31,Instagram,9,38301.9
3991,Ana Cecília Barros,yan13@example.org,2024-02-15,Instagram,7,174327.5
3992,Sophia Ramos,qcirino@example.org,2025-01-11,Instagram,8,83944.41
3993,Dra. Melina Vasconcelos,abreuandre@example.net,2025-07-28,Instagram,9,89406.07
3994,Maria Luísa Nogueira,rochayago@example.org,2024-01-31,Instagram,9,77956.94
3995,Catarina Nascimento,anthony-gabrielmelo@example.com,2025-07-09,Instagram,3,29494.77
3996,Gael Montenegro,camposclara@example.net,2024-11-03,Instagram,3,38589.8
3997,Davi Miguel da Conceição,juancirino@example.org,2025-11-11,Instagram,9,44338.52
3998,Daniela da Paz,nascimentoagatha@example.com,2024-09-27,Instagram,6,174297.61
3999,Sr. Vinicius Correia,ana-cecilia00@example.com,2025-12-17,Instagram,2,11778.37
4000,Arthur Miguel Silveira,marcela91@example.org,2025-02-01,Instagram,12,94439.7
4001,Sr. Danilo da Cruz,bento53@example.com,2025-12-22,Instagram,8,31725.1
4002,Clara Cavalcante,anthony-gabrielvieira@example.com,2025-03-20,Instagram,6,81113.97
4003,Dante Porto,mariana80@example.net,2024-08-31,Instagram,8,94022.59
4004,Valentina da Costa,cardosovalentina@example.org,2025-07-28,Instagram,12,112597.06
4005,Apollo da Rosa,pintoalicia@example.net,2024-12-19,Instagram,5,8057.07
4006,Sr. Kevin Barbosa,jose81@example.net,2024-08-01,Instagram,3,39524.18
4007,João Pedro Melo,smarques@example.net,2024-12-11,Instagram,10,37288.44
4008,Carolina Novaes,cavalcantienzo-gabriel@example.net,2025-09-20,Instagram,5,55274.66
4009,Heloisa Almeida,wcamara@example.com,2025-06-01,Instagram,5,38172.18
4010,Amanda Rocha,maria-fernandanovais@example.net,2024-04-18,Instagram,4,77637.36
4011,Diogo Brito,liviada-cunha@example.org,2025-08-26,Instagram,10,44085.64
4012,Sra. Alice Dias,ayla57@example.com,2024-11-02,Instagram,11,46011.75
4013,Lorena Sampaio,nogueiraagatha@example.org,2024-02-17,Instagram,11,26003.42
4014,Agatha Leão,onunes@example.org,2024-03-30,Instagram,11,108034.92
4015,Sra. Maria Alice Cassiano,yalbuquerque@example.org,2024-02-07,Instagram,1,104971.92
4016,Srta. Maria Julia Farias,pmarques@example.org,2025-04-21,Instagram,6,76768.5
4017,Júlia Freitas,faparecida@example.com,2024-06-20,Instagram,7,274563.32
4018,Sr. Pedro Miguel Leão,camaralarissa@example.net,2024-02-26,Instagram,3,16866.19
4019,Ana Lívia da Rosa,carvalhoelisa@example.org,2024-09-15,Instagram,12,12456.8
4020,Alícia Moraes,mathias76@example.net,2025-09-16,Instagram,2,18992.03
4021,Elisa Porto,rda-rocha@example.com,2025-03-18,Instagram,8,16889.84
4022,Sara Cirino,antony84@example.net,2024-12-18,Instagram,1,91529.98
4023,Isaque Souza,theodorocavalcanti@example.org,2025-06-01,Instagram,6,27538.63
4024,Théo Abreu,da-motaemanuel@example.com,2024-02-13,Instagram,5,46890.42
4025,Srta. Lorena Camargo,caroline36@example.net,2025-09-28,Instagram,1,58246.95
4026,Luan Nascimento,ana-vitoria74@example.net,2024-04-21,Instagram,9,56605.59
4027,Matheus Cavalcanti,znunes@example.com,2024-01-13,Instagram,5,105408.83
4028,Enrico da Mota,emillymachado@example.org,2024-09-12,Instagram,5,147121.26
4029,Heitor Câmara,camilarocha@example.net,2024-02-02,Instagram,3,32692.34
4030,Luiz Henrique Cirino,enzoduarte@example.net,2024-04-13,Instagram,5,32872.24
4031,Cecilia Moura,ccamara@example.com,2025-06-06,Instagram,7,23431.19
4032,Davi Miguel Pereira,lgoncalves@example.net,2024-10-13,Instagram,5,45091.74
4033,Ayla Macedo,gael-henriquemendonca@example.com,2024-01-04,Instagram,11,53859.26
4034,Davi Miguel Cardoso,da-rosaerick@example.com,2025-03-28,Instagram,12,49551.07
4035,Ágatha Vargas,isaquefogaca@example.net,2025-05-13,Instagram,3,8365.02
4036,Felipe Guerra,npereira@example.com,2025-10-12,Instagram,1,65342.59
4037,Miguel Câmara,danielasa@example.org,2024-04-04,Instagram,12,63719.78
4038,Davi da Conceição,melissaaparecida@example.com,2025-09-09,Instagram,3,62224.62
4039,Maria Alice Abreu,kevinaparecida@example.com,2025-05-14,Instagram,10,29678.04
4040,Benicio Caldeira,ryancunha@example.com,2025-02-05,IG,9,53142.64
4041,Heloisa Mendonça,mbarros@example.org,2024-06-24,Instagram,2,60781.23
4042,Benjamin Ramos,cirinocarolina@example.com,2024-11-23,Instagram,11,28108.86
4043,Marcos Vinicius Casa Grande,carolinagarcia@example.net,2024-05-06,Instagram,10,86695.39
4044,Dra. Lara Sampaio,gazevedo@example.net,2025-05-21,Instagram,4,140542.71
4045,Dr. Leonardo Abreu,npacheco@example.org,2025-05-11,Instagram,11,82022.84
4046,Alexandre da Paz,pedro-henrique23@example.org,2024-05-01,Instagram,10,77239.44
4047,Nina Martins,da-pazbianca@example.com,2024-06-16,Instagram,12,81182.25
4048,Pedro Lucas Siqueira,samuel70@example.net,2025-10-11,Instagram,10,53449.53
4049,Juan Sá,matteo91@example.org,2024-12-05,Insta,12,13048.21
4050,Milena Monteiro,tleao@example.com,2025-01-29,Instagram,6,134727.24
4051,Sr. Luiz Felipe Cavalcanti,wramos@example.com,2025-11-24,Instagram,3,276999.98
4052,Davi Lucas Alves,ericksampaio@example.net,2024-05-13,Instagram,12,49067.21
4053,Dr. Yan Araújo,eribeiro@example.net,2025-03-17,Instagram,4,123472.42
4054,Ana Liz Cassiano,samuelazevedo@example.net,2025-07-04,Instagram,2,148766.78
4055,Matteo Mendes,yalves@example.net,2024-08-10,Instagram,7,20110.84
4056,Mariane Costela,samuel22@example.org,2024-08-01,Instagram,12,95187.75
4057,Raquel Campos,leonardo12@example.com,2025-10-08,Instagram,9,48419.13
4058,Stella Silveira,olivia56@example.org,2024-02-27,Instagram,5,27529.63
4059,Antonella Barros,kevin94@example.org,2024-04-06,Instagram,6,36271.07
4060,Asafe Alves,mariafernandes@example.org,2024-10-18,Instagram,8,114450.22
4061,Zoe Nunes,ryansampaio@example.net,2025-07-24,Instagram,11,27444.4
4062,Gustavo Henrique Casa Grande,luiza59@example.net,2024-11-21,Instagram,9,15087.36
4063,Sarah Garcia,npimenta@example.org,2024-07-01,Instagram,10,156776.84
4064,Zoe Silva,gustavo78@example.org,2024-10-24,Instagram,1,7055.16
4065,Sara Jesus,diego53@example.net,2024-11-13,Instagram,1,34730.16
4066,Asafe Brito,vasconcelosyan@example.net,2025-05-28,Instagram,11,48327.93
4067,Mathias Fogaça,lizgoncalves@example.com,2025-09-17,Instagram,3,103282.18
4068,Pedro Macedo,emillyazevedo@example.org,2024-08-11,Instagram,2,221990.13
4069,Emilly da Mota,catarina33@example.com,2025-05-14,Instagram,1,34677.15
4070,Dr. Levi Sá,epimenta@example.com,2025-05-09,Instagram,12,503887.49
4071,Vinícius Macedo,leticia22@example.com,2025-06-29,Instagram,5,50069.81
4072,Laura Santos,isaque04@example.com,2025-02-12,Instagram,5,41551.25
4073,Cecilia Dias,jesusjose-pedro@example.net,2024-01-09,Instagram,2,15689.24
4074,Lunna Gomes,henry20@example.com,2025-04-06,Instagram,12,37153.41
4075,Pietro Leão,mcavalcanti@example.org,2025-03-07,Instagram,6,84680.12
4076,Sra. Alícia Pimenta,xpacheco@example.org,2025-03-07,Instagram,10,52512.54
4077,João Felipe Carvalho,cardosohenry@example.com,2024-07-10,Instagram,3,45210.42
4078,Maria Fernanda Abreu,juanviana@example.org,2024-02-26,Instagram,1,69007.56
4079,Thales Martins,da-pazcatarina@example.com,2024-04-30,Instagram,5,41497.63
4080,Dra. Nicole Carvalho,igor84@example.net,2024-05-19,Instagram,10,91888.91
4081,Ana Júlia Marques,costelaraul@example.net,2024-04-18,Instagram,1,21453.19
4082,Vitória Carvalho,da-rochamarcela@example.net,2024-06-10,Instagram,3,237444.07
4083,Cecília Vasconcelos,matheusmacedo@example.net,2024-02-09,Instagram,11,13036.41
4084,Srta. Ana Laura Nunes,anna-liz16@example.com,2024-06-30,Instagram,5,94877.4
4085,Melina Albuquerque,acosta@example.net,2025-12-30,Instagram,1,34676.85
4086,Davi Miguel Viana,acosta@example.org,2025-01-06,Instagram,6,45635.4
4087,Davi Miguel Vieira,benjamimaragao@example.net,2024-08-30,Instagram,6,111321.93
4088,Stella da Rocha,jose64@example.net,2025-05-23,Instagram,3,95199.37
4089,Gustavo Sá,laviniamachado@example.net,2024-12-03,Instagram,8,57583.01
4090,Maria Helena Almeida,valentinapereira@example.com,2024-01-17,Instagram,2,26377.0
4091,Antonella Sampaio,giovannaalbuquerque@example.com,2025-01-27,Instagram,5,6315.84
4092,Isis Pereira,luara92@example.org,2024-07-28,Instagram,6,55065.54
4093,Maria Eduarda Leão,caua13@example.org,2025-02-10,Instagram,2,64564.3
4094,Léo Teixeira,nunespedro@example.com,2024-04-18,Instagram,3,95224.65
4095,Alexandre Barbosa,fariasana@example.com,2024-12-15,Instagram,8,224996.78
4096,Renan Ferreira,nogueiracalebe@example.org,2024-05-03,Instagram,6,304337.67
4097,Sophia Oliveira,da-pazthomas@example.net,2024-07-24,Instagram,1,374353.53
4098,Bento da Paz,da-matarodrigo@example.org,2025-04-29,Instagram,2,19946.13
4099,Dr. Matheus Moraes,dom35@example.org,2024-05-28,Instagram,4,153051.06
4100,Bella da Mota,maria-lizdas-neves@example.com,2024-10-22,Instagram,7,72334.08
4101,Dr. Thiago Aragão,bryanpinto@example.net,2024-02-11,Instagram,2,85552.93
4102,Cauã Guerra,giovanna47@example.org,2025-04-29,Instagram,11,86465.79
4103,Milena Novaes,brayan19@example.org,2025-01-22,Instagram,11,66680.85
4104,Ravi Vieira,guerrasara@example.net,2025-08-06,Instagram,10,44142.34
4105,Gabrielly Mendes,lopesfrancisco@example.org,2025-01-20,Instagram,11,98709.54
4106,Dr. Otávio Moreira,fcamargo@example.net,2025-12-26,Instagram,10,14050.77
4107,Olivia Gomes,lfogaca@example.net,2024-06-07,Instagram,6,150841.61
4108,Dra. Gabriela Ribeiro,liamjesus@example.org,2025-06-09,Instagram,10,20720.9
4109,Ana Cecília Silveira,benjamin58@example.org,2024-11-02,Instagram,2,199915.33
4110,Sr. José Miguel Fogaça,pastorcecilia@example.com,2024-09-22,Instagram,2,38898.32
4111,Dr. Dom Nogueira,thales53@example.org,2025-05-31,Instagram,7,173076.36
4112,Sophia Castro,liam66@example.net,2025-11-22,Instagram,11,39303.75
4113,Calebe Martins,jfarias@example.org,2025-06-19,Instagram,7,80176.64
4114,Lucas Nogueira,lais68@example.com,2024-08-18,Instagram,7,11683.67
4115,Giovanna Abreu,anthony-gabrielcassiano@example.net,2025-01-06,Instagram,1,39874.33
4116,Sr. Emanuel Martins,maria-luizasa@example.com,2024-05-20,Instagram,11,96425.54
4117,Hellena da Cunha,davi-miguel50@example.org,2025-03-13,Instagram,6,75067.88
4118,Sr. Valentim Freitas,leticia13@example.org,2024-10-12,Instagram,9,38813.45
4119,Nina Correia,nascimentomaria-julia@example.org,2024-05-28,Instagram,6,23703.0
4120,Srta. Mirella Teixeira,lucas-gabrielmendes@example.com,2024-01-12,Instagram,7,26327.24
4121,Mirella Souza,camposmelissa@example.com,2025-10-29,Instagram,5,94937.82
4122,Liam Cardoso,grezende@example.com,2024-02-15,Instagram,1,29816.81
4123,Alexandre Vasconcelos,albuquerqueluisa@example.org,2024-08-18,Instagram,11,67326.69
4124,Brayan Aragão,agathacasa-grande@example.org,2024-04-30,Instagram,4,32021.34
4125,João Vitor Mendonça,cauaferreira@example.net,2024-12-25,Instagram,5,33880.95
4126,Rafaela Sales,gmelo@example.net,2024-05-04,Instagram,4,53293.35
4127,Sra. Bárbara Rocha,ycaldeira@example.com,2025-06-04,Instagram,2,53385.03
4128,Dra. Maya Ferreira,xguerra@example.com,2024-05-26,Instagram,1,15249.46
4129,Laís Aparecida,pmoura@example.org,2024-04-27,Instagram,9,79510.76
4130,João Felipe Almeida,pimentaemanuelly@example.org,2024-05-20,Instagram,1,77255.73
4131,João Miguel Carvalho,trodrigues@example.com,2024-07-23,Instagram,9,34684.64
4132,Raul Pinto,luiz-otaviocardoso@example.org,2025-03-27,Instagram,10,48877.32
4133,Ana Vitória Teixeira,ryan90@example.com,2024-05-14,Instagram,2,55880.18
4134,Luiz Miguel Sales,maria-liz36@example.org,2025-05-06,Instagram,3,38040.14
4135,Lucas Gabriel Monteiro,barrosbella@example.org,2024-11-01,Instagram,3,47283.8
4136,Dra. Aylla Aparecida,goncalveskevin@example.com,2024-05-05,Instagram,5,133659.24
4137,Arthur Montenegro,carvalhoisadora@example.com,2024-06-06,Instagram,11,44459.16
4138,Giovanna Rios,maria-helena59@example.com,2025-01-15,Instagram,9,9581.21
4139,Gabrielly Câmara,alicia88@example.net,2024-09-24,Instagram,8,27887.49
4140,Luiz Henrique Mendonça,peixotomarcelo@example.org,2025-01-08,IG,6,35923.8
4141,Nathan Melo,da-cunhahadassa@example.org,2025-08-05,Instagram,7,22475.49
4142,Dra. Maria Sophia Porto,rda-paz@example.org,2024-01-26,Instagram,6,23129.99
4143,Antônio Costela,monteirojoao-lucas@example.net,2024-10-05,Instagram,8,16831.78
4144,Mariana Fonseca,rafaelacasa-grande@example.com,2024-10-21,Instagram,7,107411.27
4145,Zoe Farias,lucas-gabriel72@example.com,2024-06-15,Instagram,3,125330.17
4146,Asafe Andrade,asafenogueira@example.com,2024-11-10,Instagram,1,41767.94
4147,Ana Julia Borges,gabriela05@example.org,2025-02-07,IG,5,27710.53
4148,Amanda Novais,alana32@example.com,2025-02-18,Instagram,8,113699.84
4149,Murilo Rezende,daniloramos@example.net,2025-04-16,IG,9,58270.69
4150,Srta. Isabela Dias,nrezende@example.com,2024-02-14,Instagram,3,72717.59
4151,Gabriela Albuquerque,araujodanilo@example.net,2024-11-25,Instagram,4,71692.95
4152,Benjamim Moura,davi-luccanovaes@example.com,2025-06-21,Instagram,9,26475.04
4153,Bruna Siqueira,das-nevessophia@example.org,2024-11-21,Instagram,9,141792.29
4154,Vinicius Ramos,brunasampaio@example.com,2025-04-06,Instagram,12,23951.03
4155,Lucas Gabriel Nogueira,carlos-eduardopinto@example.net,2025-02-21,Instagram,12,110383.81
4156,Benicio da Luz,livialeao@example.com,2024-11-29,Insta,9,23398.29
4157,Joaquim Vargas,kgoncalves@example.net,2024-02-15,Instagram,5,73792.25
4158,Amanda Moraes,carvalhojoao-guilherme@example.net,2025-03-21,Instagram,5,11802.4
4159,Mariane Moreira,ferreiraana-julia@example.com,2025-01-19,Instagram,9,25710.13
4160,Sra. Natália Abreu,pedro-lucas11@example.org,2024-01-04,Instagram,3,40565.58
4161,Sr. Joaquim Albuquerque,mmonteiro@example.net,2024-05-12,Instagram,1,643246.9
4162,Sarah da Rocha,gabrielnovais@example.net,2024-02-04,Instagram,11,174436.03
4163,Leandro Carvalho,opereira@example.com,2025-02-09,Instagram,11,84802.47
4164,Maria Alice Ramos,sagustavo-henrique@example.com,2024-01-09,Instagram,9,134659.66
4165,Mariane Mendes,moraesmaya@example.com,2025-08-29,Instagram,1,97465.62
4166,Carolina Ribeiro,juliada-costa@example.com,2025-11-15,Instagram,3,30337.04
4167,Valentina Rios,benicio16@example.net,2025-12-09,instagram,9,85614.23
4168,Raul Guerra,liamcirino@example.com,2024-05-27,Instagram,9,24752.47
4169,Maya Macedo,nunesmathias@example.com,2024-12-26,Instagram,1,162026.97
4170,Maria Laura Barros,kduarte@example.org,2025-10-04,Instagram,11,41304.3
4171,Zoe Pereira,martinsana@example.net,2025-04-29,Instagram,8,55806.66
4172,Isabella Dias,carvalhoayla@example.com,2024-07-24,Instagram,1,72491.09
4173,Pietra Mendes,bcassiano@example.com,2025-08-22,Instagram,1,44223.62
4174,Sabrina Garcia,benicio83@example.net,2025-02-11,Instagram,6,66661.73
4175,Sr. Liam Alves,santosamanda@example.org,2025-05-30,Instagram,3,69621.55
4176,Bianca Vasconcelos,efarias@example.net,2025-12-04,Instagram,2,55657.88
4177,Esther Oliveira,carvalhoclarice@example.com,2025-12-29,Instagram,12,15849.96
4178,Sr. Vitor Nascimento,pbarros@example.org,2025-01-03,Instagram,1,133366.12
4179,Vinicius Lima,araujoeloah@example.org,2024-04-06,Instagram,9,262732.93
4180,Francisco da Luz,luiz-miguel87@example.net,2025-03-12,Instagram,10,132082.98
4181,Marcela Porto,oaragao@example.org,2025-03-28,Instagram,3,120320.94
4182,Allana Vasconcelos,matteoalmeida@example.org,2025-02-10,Instagram,11,35715.61
4183,Dom Fernandes,azevedonatalia@example.com,2024-10-26,Instagram,9,58272.72
4184,Ana Carolina Monteiro,luigi90@example.com,2025-02-16,Insta,5,56506.88
4185,Manuella Cassiano,lorenzoda-conceicao@example.org,2025-01-19,Insta,1,37439.68
4186,Giovanna Campos,gomeslucca@example.org,2025-11-13,Instagram,9,25092.59
4187,Theo Porto,asafecarvalho@example.com,2025-08-25,Instagram,2,32036.95
4188,Matheus Rezende,qcarvalho@example.net,2024-10-05,IG,10,77082.32
4189,Milena Fonseca,maria-isisvieira@example.net,2025-02-10,Instagram,9,72646.01
4190,Laura Alves,maya14@example.com,2025-02-07,Instagram,6,18148.31
4191,Maria Eduarda Jesus,dda-cunha@example.net,2025-01-06,Instagram,12,63956.6
4192,Ágatha Monteiro,eloaramos@example.com,2024-02-02,Instagram,1,24439.74
4193,Marcelo Câmara,bianca14@example.com,2025-05-17,Instagram,6,246332.38
4194,Mariane Novaes,gfogaca@example.org,2025-05-31,Instagram,9,47097.66
4195,Juliana Montenegro,ana-carolinanovais@example.net,2024-12-16,instagram,11,71154.4
4196,Luiz Gustavo Rezende,kpires@example.com,2025-10-11,Instagram,5,90185.95
4197,Helena Lopes,hda-rosa@example.com,2025-12-17,Instagram,9,87310.38
4198,Eduardo Alves,xmelo@example.net,2025-08-05,Instagram,3,9897.8
4199,Alana Moraes,ryan26@example.net,2025-10-31,Instagram,6,75064.25
4200,Helena Ribeiro,ana-clara36@example.net,2024-12-19,Instagram,1,103556.04
4201,Sra. Zoe Andrade,benicio45@example.org,2025-10-21,Instagram,11,97036.87
4202,Sr. Erick Nascimento,isadora72@example.net,2025-11-05,Instagram,3,19323.72
4203,Benjamim Marques,alanacavalcanti@example.net,2025-03-15,Instagram,5,31711.8
4204,Augusto Sampaio,omachado@example.net,2024-04-01,Instagram,2,13051.68
4205,Cecília Pastor,vitor-hugo50@example.org,2024-04-03,Instagram,3,99602.6
4206,Ana Azevedo,vcarvalho@example.net,2024-12-05,Instagram,6,97265.27
4207,Sr. Luiz Gustavo Andrade,anthonyda-rosa@example.com,2025-06-03,Instagram,10,41806.42
4208,Francisco Novais,das-nevesotto@example.com,2025-01-01,Instagram,2,43773.27
4209,Benício Carvalho,qpeixoto@example.net,2025-07-25,Instagram,8,56638.23
4210,Isabel Câmara,wpinto@example.com,2025-07-01,Instagram,10,27611.16
4211,Bruno Silveira,camargojoao-miguel@example.org,2024-05-10,Instagram,3,101105.93
4212,Maria Oliveira,da-motalucas-gabriel@example.com,2024-03-20,Instagram,7,53587.34
4213,Sr. Raul da Luz,luararocha@example.com,2025-05-12,Instagram,3,38234.94
4214,Luiz Felipe Camargo,mouraemanuella@example.com,2024-08-10,Instagram,10,23847.06
4215,Vinícius Correia,cecilia45@example.org,2025-11-02,Instagram,7,51978.83
4216,Pedro Aparecida,pachecoravi@example.com,2025-09-17,Instagram,1,36077.19
4217,Bruno Mendes,catarina55@example.net,2024-11-18,Instagram,11,19150.11
4218,Rafael Sampaio,teixeiralara@example.org,2025-02-15,Instagram,6,70218.95
4219,Ester Nogueira,leaomaria-alice@example.org,2025-09-02,IG,11,109722.37
4220,Pedro Miguel da Cunha,ibrito@example.org,2025-09-19,Instagram,3,32355.05
4221,Luiza Melo,lavinia26@example.com,2025-02-01,Instagram,11,9228.63
4222,Erick Sá,galves@example.com,2025-12-06,Instagram,2,35340.39
4223,Bárbara Moraes,kgoncalves@example.org,2025-01-12,Instagram,11,25119.65
4224,Ana Liz Lima,enzopereira@example.com,2024-01-24,Instagram,11,24350.86
4225,Antônio Vieira,barbarabarbosa@example.com,2025-02-05,Instagram,4,71373.73
4226,Sra. Ana Liz das Neves,benicio59@example.net,2025-07-07,Instagram,3,61364.33
4227,Cecília Cardoso,omacedo@example.net,2025-12-18,IG,5,62550.61
4228,Erick Teixeira,alanaviana@example.org,2024-03-02,Instagram,4,79800.12
4229,Vitória Andrade,milena51@example.net,2024-11-09,Instagram,4,118526.94
4230,Dom Araújo,esterpereira@example.org,2025-02-19,Instagram,5,18442.0
4231,Letícia Fonseca,rochajoao-vitor@example.net,2025-09-27,Instagram,12,79489.24
4232,Isaac Caldeira,thomascardoso@example.com,2025-05-20,Instagram,2,59246.52
4233,Dr. Pedro Miguel Garcia,mcirino@example.net,2024-05-30,Instagram,2,41107.05
4234,Daniel Silva,ana90@example.net,2025-09-11,Instagram,5,8317.71
4235,José Pedro Correia,moreiranathan@example.net,2025-04-12,Instagram,6,28405.37
4236,Josué Lopes,rael10@example.net,2025-10-07,instagram,8,69789.67
4237,Eduarda Rios,hmendes@example.net,2025-08-22,Instagram,12,50814.61
4238,Bianca Duarte,jesusjuan@example.net,2024-03-18,Instagram,1,71596.25
4239,Bruna Rocha,ipereira@example.com,2025-11-26,Instagram,12,35703.33
4240,Sr. Rael Cunha,nicolecamargo@example.com,2024-11-20,Instagram,1,87184.86
4241,Bryan Souza,siqueiramilena@example.com,2025-12-16,Instagram,1,43771.67
4242,Eduardo Castro,pastorisis@example.org,2024-04-28,Instagram,6,23818.49
4243,Ana Vitória Viana,luisa37@example.com,2025-07-20,Instagram,10,35493.94
4244,Bruna Vargas,fogacajoao-guilherme@example.net,2024-07-29,Instagram,2,11894.78
4245,Milena Mendonça,macedoana@example.com,2024-01-26,Instagram,7,11213.08
4246,Anna Liz Freitas,danielda-cunha@example.com,2025-12-26,Instagram,2,49550.73
4247,Sr. Anthony Cavalcanti,cardosogabriela@example.net,2024-07-28,Instagram,1,28254.3
4248,Isabelly Novais,nnovais@example.org,2024-02-16,Instagram,10,43692.53
4249,Leonardo Porto,daniel29@example.com,2025-09-11,Instagram,4,71517.7
4250,Maria Liz Machado,paragao@example.net,2024-11-02,Instagram,1,74226.48
4251,João Gabriel Albuquerque,yagojesus@example.net,2025-02-13,Instagram,1,33170.14
4252,Sra. Marcela da Rosa,nascimentojoao-vitor@example.org,2025-12-18,Instagram,7,60291.43
4253,Ágatha Montenegro,aparecidadom@example.org,2024-12-13,Instagram,5,40985.08
4254,Caroline Machado,diegoaragao@example.com,2024-02-08,Instagram,9,19297.31
4255,Joaquim da Cruz,fernanda01@example.net,2025-05-02,Instagram,1,19685.71
4256,Emanuel Cassiano,britoravy@example.net,2025-05-16,Instagram,10,52653.75
4257,Eloá Fonseca,luiz-felipeandrade@example.net,2024-05-03,Instagram,11,33813.43
4258,Srta. Ana Vitória Sá,hmoreira@example.net,2025-01-26,Instagram,8,30962.84
4259,Maria Sophia Câmara,palbuquerque@example.net,2024-09-17,Instagram,9,93208.96
4260,Aurora Rezende,vda-cruz@example.com,2024-01-29,Instagram,1,113281.08
4261,Alice Martins,maria-vitoria67@example.org,2024-08-03,Instagram,4,36062.1
4262,Asafe Almeida,jose-pedro14@example.net,2025-10-17,Insta,3,14141.48
4263,Srta. Ana Julia Melo,marquesian@example.com,2024-07-25,Instagram,8,126273.73
4264,João Felipe Novais,benjamin89@example.com,2024-05-24,Instagram,7,68926.37
4265,Fernando Cunha,habreu@example.com,2025-11-10,Instagram,5,30765.1
4266,Daniel Vasconcelos,pintovinicius@example.net,2024-09-27,Instagram,8,107698.58
4267,Luiz Miguel da Luz,laura97@example.org,2025-11-10,Instagram,5,24425.62
4268,Maria Laura Ferreira,heloisa19@example.org,2025-09-26,Instagram,9,24043.69
4269,Mariane Monteiro,da-costaluna@example.com,2024-12-04,Instagram,2,57947.81
4270,Dra. Bruna Sales,jsa@example.com,2024-09-29,Instagram,9,129529.69
4271,Luiz Gustavo Guerra,carvalhoisadora@example.com,2024-03-24,instagram,11,67025.65
4272,Ísis Câmara,freitasemanuella@example.com,2024-05-01,Instagram,12,20447.29
4273,Raul Brito,yasminmoura@example.com,2024-05-31,Instagram,6,139104.97
4274,Sra. Ana Clara Cavalcante,pedro-henriquerodrigues@example.net,2024-12-04,Instagram,12,27508.91
4275,Sra. Maria Helena Azevedo,ana-cecilia66@example.org,2024-09-19,Instagram,9,61199.71
4276,Mariana Costela,alexandreda-rocha@example.net,2025-07-26,Instagram,8,161978.13
4277,Brayan Marques,gvasconcelos@example.net,2024-07-22,Instagram,2,25258.42
4278,Erick Pires,freitasmarcelo@example.com,2024-10-28,Instagram,9,62241.29
4279,Heloísa Camargo,vnascimento@example.com,2024-03-14,Instagram,9,109003.23
4280,Oliver da Luz,qalves@example.com,2024-07-01,Instagram,10,43567.29
4281,Dr. Vitor Gabriel Nunes,gpastor@example.com,2025-07-12,Instagram,12,44480.7
4282,Henrique Garcia,andrealves@example.com,2025-05-13,Instagram,12,65455.69
4283,Hellena Mendonça,isadorasiqueira@example.org,2024-10-11,Instagram,3,88006.31
4284,Srta. Manuella Oliveira,joao-vitorvasconcelos@example.net,2025-02-14,Instagram,3,14840.99
4285,Bruna Ribeiro,maria-sophiaaraujo@example.com,2024-11-24,Instagram,11,82482.93
4286,Sr. João Lucas Azevedo,da-luzcarlos-eduardo@example.com,2025-10-07,Instagram,10,94853.48
4287,Dra. Clara Pacheco,barrosyasmin@example.com,2024-10-06,Instagram,7,49003.41
4288,Davi Lucas Moraes,alanamendes@example.org,2025-05-24,Instagram,2,41311.74
4289,Evelyn Almeida,nascimentoian@example.com,2024-05-21,Instagram,7,45365.17
4290,Dra. Maria Liz Rezende,mendesbruna@example.net,2024-11-04,Instagram,5,31283.2
4291,Valentina Pimenta,maria-liz49@example.net,2025-01-17,Instagram,11,60330.14
4292,Ana Laura Dias,joao-gabrielcaldeira@example.com,2024-03-02,Instagram,3,13175.41
4293,Daniel da Mota,vvieira@example.com,2025-02-20,IG,4,84298.85
4294,Sr. Yuri Pinto,albuquerqueluana@example.org,2025-02-12,Instagram,8,17486.88
4295,Hadassa Pires,joana31@example.com,2024-04-07,Instagram,6,399706.18
4296,Calebe Cavalcante,wfonseca@example.com,2025-12-30,Instagram,2,163816.13
4297,Oliver Caldeira,tpeixoto@example.net,2024-02-23,Instagram,9,9088.32
4298,Helena Mendonça,borgesotavio@example.net,2025-10-07,Instagram,6,100047.61
4299,Dra. Ana Júlia Gonçalves,calebecamargo@example.org,2024-12-23,Instagram,1,33819.52
4300,Alice Monteiro,limamarina@example.com,2024-05-24,Instagram,5,119707.66
4301,Enzo Gabriel Camargo,zcamara@example.net,2024-03-07,Instagram,8,17470.74
4302,Otto Campos,eduardomelo@example.net,2025-05-08,Instagram,12,15131.05
4303,Luísa da Mata,sacaleb@example.com,2025-06-19,Instagram,6,45935.29
4304,Dra. Ana Laura da Cruz,krocha@example.net,2025-04-19,Instagram,2,22202.89
4305,Dr. Marcelo Moreira,milena35@example.net,2024-10-24,Instagram,6,55945.92
4306,Isabela Rodrigues,cassianomaria-luisa@example.com,2024-04-17,Instagram,10,238320.7
4307,Srta. Daniela Casa Grande,caroline17@example.com,2025-07-17,Instagram,12,82208.62
4308,Francisco Duarte,piresthomas@example.com,2025-09-19,Instagram,1,19905.04
4309,Emanuelly Caldeira,marcos-viniciusguerra@example.org,2024-10-04,Instagram,9,27135.46
4310,Vitor Hugo Gonçalves,vicentefogaca@example.com,2025-08-28,Instagram,6,46045.84
4311,Gustavo Henrique Silveira,anna-liz31@example.com,2025-03-23,Instagram,9,90558.42
4312,Helena Vasconcelos,pereiraryan@example.org,2025-01-15,Instagram,5,52536.66
4313,Maria Liz Moreira,caleb96@example.net,2025-03-06,Instagram,10,35296.52
4314,Lorena Fonseca,ocarvalho@example.com,2024-03-04,Instagram,6,6339.09
4315,Srta. Emanuelly Sampaio,marquesmaria-sophia@example.net,2024-03-15,Instagram,2,18133.66
4316,Lucas Rezende,leaoisadora@example.net,2025-05-27,Instagram,10,43196.9
4317,Bernardo Costela,maria-isiscorreia@example.com,2025-12-04,Instagram,8,23567.95
4318,Ana Mendes,isaquemendes@example.net,2025-01-04,Instagram,8,39609.73
4319,Juan Albuquerque,ana-lauracardoso@example.net,2024-01-31,Instagram,3,26118.78
4320,Enzo Gabriel Sousa,gabriel98@example.net,2024-02-08,Instagram,7,238506.62
4321,Bento Jesus,leosiqueira@example.org,2024-12-01,Instagram,8,21714.74
4322,Luara das Neves,britoyasmin@example.org,2025-04-07,Instagram,11,14172.46
4323,Luana da Rocha,lucca48@example.com,2024-04-04,Instagram,8,31802.25
4324,Arthur Castro,samuel50@example.net,2024-01-19,Instagram,5,39072.44
4325,Lorena Macedo,sferreira@example.org,2025-05-30,Instagram,6,40155.8
4326,Théo Lima,fernandeslara@example.com,2024-03-29,Instagram,9,29998.48
4327,João Miguel Caldeira,maya53@example.net,2024-11-07,Instagram,11,303343.13
4328,Ana Luiza Correia,uandrade@example.com,2025-06-02,Instagram,4,73324.51
4329,Catarina da Rosa,francisco90@example.net,2024-03-15,Instagram,2,107531.35
4330,Matheus Barbosa,alvesmurilo@example.com,2024-11-11,Instagram,2,55036.59
4331,Luiza Pimenta,luiz-miguel99@example.org,2024-03-06,Instagram,12,82028.58
4332,Erick da Costa,tgarcia@example.com,2024-09-01,Instagram,10,41611.51
4333,Mariana Peixoto,lucas-gabrielnunes@example.com,2025-10-19,Instagram,10,36364.86
4334,Igor Nascimento,kborges@example.com,2025-04-28,Instagram,7,24533.51
4335,Benício Pires,arthur-gabrielpinto@example.org,2024-01-13,Instagram,12,12665.4
4336,Davi Lucas da Mota,ana-beatrizabreu@example.com,2024-03-22,Instagram,9,26373.49
4337,Emanuelly Moraes,vitor-hugojesus@example.org,2024-07-20,Instagram,6,34317.74
4338,Kaique Rocha,renanda-cunha@example.org,2025-10-07,Instagram,1,45300.39
4339,Maria Eduarda Caldeira,nlopes@example.com,2025-06-13,Instagram,10,31271.68
4340,Srta. Sofia Lopes,alicia24@example.org,2025-03-11,Instagram,1,86665.88
4341,Dra. Emanuelly Gomes,bellafernandes@example.org,2024-04-03,Instagram,5,79025.02
4342,Juliana Costela,augusto95@example.org,2025-10-31,Instagram,1,22335.73
4343,Stephany Pinto,yago70@example.org,2025-08-01,Instagram,6,47564.73
4344,Mariane Pereira,uda-paz@example.org,2024-06-06,Instagram,5,51855.4
4345,Sr. Ravy Guerra,caio47@example.org,2024-10-13,Instagram,6,52086.77
4346,Stephany Costa,andradecarolina@example.com,2024-10-30,Instagram,3,40696.92
4347,Yan Moraes,rcunha@example.com,2025-02-20,Instagram,2,50182.95
4348,Dra. Maria Liz Rios,bmoreira@example.com,2024-09-21,Instagram,3,88927.4
4349,Zoe Pimenta,maria-alice06@example.net,2024-05-15,Instagram,5,124873.36
4350,Raul Sampaio,lopescaua@example.org,2025-04-14,Instagram,8,117600.03
4351,Pedro Lucas Barros,alvespedro@example.net,2025-04-22,Instagram,3,22667.2
4352,Pietro Caldeira,heloisa75@example.com,2024-11-11,Instagram,12,32944.02
4353,Lunna Abreu,eduardo88@example.com,2024-12-19,Instagram,12,39140.75
4354,Calebe Gomes,sribeiro@example.com,2024-01-29,Instagram,7,70545.17
4355,Emilly Costela,oliver59@example.net,2024-11-22,IG,6,30197.13
4356,Stella Duarte,da-motaayla@example.org,2025-07-26,Instagram,3,49580.12
4357,Lívia Viana,tjesus@example.net,2025-02-22,Insta,12,219134.71
4358,Ryan Fernandes,caleb24@example.org,2025-10-25,Instagram,11,149763.46
4359,Maya Barbosa,isampaio@example.net,2025-05-20,Instagram,3,14655.72
4360,Lucas Machado,da-rosabernardo@example.org,2025-07-07,Instagram,12,181507.02
4361,Sr. Isaque Nascimento,mariane62@example.com,2024-11-24,Instagram,3,37166.08
4362,Théo Vieira,piresjuliana@example.org,2024-04-18,Instagram,4,117147.73
4363,Laura Oliveira,joananovais@example.org,2025-10-19,Instagram,2,31318.63
4364,Maria Isis Costa,olivia53@example.org,2025-04-08,Instagram,2,31457.94
4365,Srta. Alícia Vargas,teixeirajoao-miguel@example.com,2025-10-17,Instagram,7,124397.11
4366,Maria Flor Peixoto,enzo-gabriel93@example.org,2025-03-11,Instagram,4,47062.99
4367,Theodoro Freitas,marianamarques@example.com,2024-11-20,Instagram,1,36822.57
4368,Maria Flor Teixeira,naragao@example.com,2024-03-22,Instagram,10,49196.45
4369,Dr. Diogo Aragão,laviniacunha@example.com,2024-10-08,Instagram,9,28657.14
4370,João Miguel Cunha,isis89@example.com,2025-02-26,Instagram,2,54056.59
4371,Dra. Isabelly da Conceição,nascimentodiego@example.net,2025-11-02,Instagram,7,65489.28
4372,Gael Henrique Câmara,lunna61@example.com,2025-08-18,instagram,11,3646.07
4373,Dra. Ana Julia Machado,josuemachado@example.com,2025-01-07,Instagram,6,23194.6
4374,Luiz Henrique Martins,llima@example.net,2024-11-15,Instagram,2,64299.43
4375,Catarina Gomes,heloisamacedo@example.net,2024-01-19,Instagram,2,50812.24
4376,Sr. Thomas Pimenta,qmonteiro@example.com,2024-09-04,Instagram,11,141741.85
4377,Dr. João Pedro Rezende,allanamontenegro@example.net,2025-12-14,Instagram,5,331489.08
4378,Sr. Luiz Gustavo Correia,dsouza@example.com,2025-06-08,Instagram,5,72201.08
4379,Isaque Melo,amartins@example.net,2025-01-14,Instagram,9,93975.11
4380,Larissa Alves,kaique07@example.com,2025-09-13,Instagram,3,37162.76
4381,Maria Barros,livia53@example.com,2024-01-13,Instagram,7,33224.26
4382,Breno Dias,nvargas@example.net,2025-11-24,Instagram,10,144971.79
4383,Bento Pinto,vianabenicio@example.net,2025-05-08,Instagram,2,37990.35
4384,Srta. Lara Sousa,vieirajulia@example.com,2024-01-08,Instagram,10,97380.61
4385,Maria Alice Silveira,rodrigosouza@example.com,2025-05-12,Instagram,7,61217.83
4386,Sra. Manuela da Cruz,lavinia53@example.com,2024-02-18,Instagram,10,57661.76
4387,Guilherme Rocha,julianalopes@example.org,2025-03-25,Instagram,1,11192.11
4388,Alice Andrade,maria-flor09@example.net,2024-07-26,Instagram,9,23160.07
4389,Bernardo Araújo,ana-lizpacheco@example.net,2024-05-16,Insta,2,57928.06
4390,Dr. Breno Barros,fdias@example.org,2025-03-18,Instagram,4,114677.97
4391,Bella Rodrigues,milena37@example.com,2024-11-04,Instagram,11,14217.75
4392,Mariane Barbosa,ana-laura77@example.com,2024-02-06,Instagram,6,95669.89
4393,Thomas Ramos,fmoraes@example.net,2025-08-13,Instagram,2,56734.61
4394,João Lucas Silveira,lsiqueira@example.com,2024-06-27,Instagram,1,49454.84
4395,Maria Isis Novaes,arthur-gabrielsousa@example.com,2025-03-11,Instagram,5,105369.6
4396,Srta. Maria Eduarda Guerra,evelyn08@example.net,2025-03-05,Instagram,2,158848.24
4397,Ana Lívia da Mota,ravi-luccasales@example.org,2024-02-01,Instagram,1,103825.13
4398,Fernando Oliveira,maysalima@example.com,2025-12-29,Instagram,2,71917.2
4399,Levi da Mota,prodrigues@example.net,2024-11-15,Instagram,3,46308.61
4400,Mariana Cavalcanti,davi-luizda-cunha@example.org,2024-05-11,Instagram,7,282603.09
4401,Sr. Henrique Borges,cgarcia@example.com,2024-11-06,Instagram,1,83083.29
4402,Lorena Machado,paulonovaes@example.net,2025-03-01,Instagram,11,33786.58
4403,José Marques,lucas-gabriel47@example.com,2024-01-02,Instagram,1,25355.46
4404,Davi Lucas Abreu,beatrizpereira@example.com,2024-07-25,Instagram,6,167764.83
4405,Cauã Almeida,raelviana@example.net,2025-01-20,Instagram,3,8611.75
4406,Heloisa Fogaça,nascimentojoana@example.com,2025-05-04,Instagram,4,35808.13
4407,Theo Mendes,gabriel31@example.org,2024-08-05,Instagram,10,11991.41
4408,Sr. Thiago Rocha,antonycasa-grande@example.com,2024-10-13,Instagram,12,51068.38
4409,Maria Fernanda Costa,larissa58@example.org,2024-05-23,Instagram,4,43449.1
4410,Sr. Vinicius Vasconcelos,lucas-gabriel17@example.net,2024-07-19,Instagram,6,32953.99
4411,Lunna Fernandes,oliveirarebeca@example.com,2025-04-29,Instagram,12,21605.17
4412,Dra. Ana Vitória Cavalcante,xfarias@example.net,2024-08-24,Instagram,4,29985.13
4413,Marcos Vinicius Marques,luiz-henrique38@example.org,2024-07-08,Instagram,11,36829.85
4414,Henry das Neves,novaesbryan@example.net,2024-07-24,Instagram,1,169620.77
4415,Gael Henrique Nascimento,da-luzhelena@example.org,2025-03-08,Instagram,1,71579.9
4416,Davi Lucas Santos,ana-liviacastro@example.org,2025-02-03,Instagram,11,24453.44
4417,Dra. Maria Eduarda Oliveira,psouza@example.org,2024-10-15,Instagram,10,32929.92
4418,Bella Cavalcanti,moraesana-sophia@example.org,2025-03-21,Instagram,10,25993.72
4419,Evelyn da Rocha,borgesana-carolina@example.net,2025-03-28,Instagram,9,101521.82
4420,Aurora Costa,enzofarias@example.net,2024-01-08,Instagram,9,43583.21
4421,Dr. Gael Henrique Aragão,duartepietro@example.org,2024-08-26,Instagram,10,46747.19
4422,Bento das Neves,antonio77@example.net,2024-06-10,IG,2,14358.81
4423,Carlos Eduardo Aragão,nfonseca@example.net,2025-08-18,Instagram,8,124431.27
4424,Levi Dias,vjesus@example.net,2024-07-05,Instagram,3,147186.96
4425,Isabela Souza,aylla41@example.net,2024-08-08,Instagram,8,20911.08
4426,Srta. Beatriz Casa Grande,mpimenta@example.com,2025-01-21,Instagram,4,28214.48
4427,Sr. Benjamin Leão,enzo91@example.org,2025-01-27,Instagram,12,13920.58
4428,Bella Sales,yramos@example.net,2025-08-03,Instagram,1,53804.97
4429,Ayla Almeida,sasara@example.net,2024-10-01,Instagram,9,57409.39
4430,Emanuel Rios,joao-felipe16@example.net,2024-07-10,Instagram,10,75058.36
4431,Oliver Montenegro,kevinrodrigues@example.org,2025-03-05,Instagram,2,62402.35
4432,Sara Fogaça,pcavalcante@example.com,2025-05-29,Instagram,4,62873.21
4433,Maria Helena Casa Grande,mouramathias@example.net,2025-12-25,Instagram,2,27659.69
4434,Theo Oliveira,souzaandre@example.org,2025-03-11,Instagram,3,25723.73
4435,Sr. Davi Miguel Ribeiro,marina22@example.net,2024-12-22,Instagram,1,73970.94
4436,Mirella Aragão,levicasa-grande@example.org,2024-03-21,Insta,6,49278.87
4437,Ravi da Mata,marina24@example.org,2025-12-20,Instagram,10,21640.86
4438,Nicole Campos,claraborges@example.com,2025-04-27,Instagram,12,94061.03
4439,Sr. Augusto Farias,santosjuan@example.net,2024-04-12,Instagram,12,166879.2
4440,Maria Liz Almeida,saparecida@example.net,2024-11-25,Instagram,7,116436.98
4441,Erick Vieira,viniciusalbuquerque@example.com,2025-02-03,Instagram,12,60781.86
4442,Dr. Rhavi da Luz,sguerra@example.net,2024-05-20,Instagram,9,107805.95
4443,Sr. Antônio da Cunha,portomilena@example.net,2025-06-01,Instagram,9,32840.03
4444,Sofia Farias,sgoncalves@example.com,2025-04-02,Instagram,2,57109.69
4445,Arthur Miguel Brito,ofarias@example.com,2024-06-01,Instagram,9,13189.32
4446,Catarina Câmara,gmoura@example.net,2025-12-22,Instagram,5,65502.73
4447,Maria Helena Ferreira,nsampaio@example.net,2025-11-16,Instagram,3,39774.8
4448,Brayan Costela,dribeiro@example.com,2024-06-27,Instagram,2,46384.6
4449,Carolina Carvalho,borgesgael-henrique@example.net,2024-11-10,Instagram,2,149201.08
4450,Mateus Albuquerque,maria-luisa94@example.net,2025-10-06,Instagram,12,54078.45
4451,Anna Liz Sá,cunhanicole@example.org,2024-10-14,Instagram,11,92153.41
4452,Lucas Campos,raquel95@example.net,2025-11-21,Insta,11,34054.78
4453,Enzo Gabriel Silva,ana-liz19@example.net,2024-05-08,Instagram,8,30198.81
4454,José Pedro Marques,fonsecaravi-lucca@example.com,2025-05-26,Instagram,8,44537.09
4455,Carolina Novais,elisaborges@example.net,2025-02-27,Instagram,7,39946.05
4456,Olívia Cunha,nunesbianca@example.net,2024-08-31,Instagram,11,40362.69
4457,Davi Lucas Ribeiro,amonteiro@example.net,2025-05-21,Instagram,5,21709.44
4458,Thomas Teixeira,hpires@example.net,2024-01-14,Instagram,9,33322.96
4459,Luísa Garcia,lucas-gabrielfreitas@example.net,2024-05-30,Instagram,10,70630.85
4460,Yasmin Ribeiro,liammoura@example.org,2024-06-23,Instagram,5,68231.77
4461,Dra. Agatha Teixeira,mourapedro-henrique@example.org,2024-03-10,Instagram,9,19936.82
4462,Marcelo Costela,lopesnina@example.net,2024-01-20,Instagram,12,12143.7
4463,Dr. Vitor Gabriel Siqueira,lavinia76@example.net,2024-09-05,Instagram,5,361952.6
4464,Sarah Almeida,uda-mota@example.net,2024-05-21,Instagram,10,83091.49
4465,Rhavi da Mata,aylla97@example.com,2024-03-20,Instagram,11,11435.41
4466,Bruno da Conceição,murilo17@example.com,2024-04-06,Instagram,6,69070.88
4467,Dr. Emanuel Montenegro,ida-mota@example.net,2025-08-16,Instagram,6,46339.93
4468,Kamilly Borges,santosana@example.net,2024-02-25,Instagram,2,17716.27
4469,Eduarda Lima,wduarte@example.org,2025-05-26,Instagram,12,27036.31
4470,Dra. Bárbara Vieira,qlima@example.com,2024-01-31,Instagram,10,25642.18
4471,João Felipe Pimenta,yfogaca@example.com,2024-01-23,Instagram,7,92109.81
4472,Luiz Henrique Vasconcelos,hdas-neves@example.net,2024-11-11,Instagram,8,161827.21
4473,Maysa Moura,uda-costa@example.org,2024-09-26,Instagram,4,38321.03
4474,Gustavo Ferreira,davicamargo@example.com,2025-01-26,Instagram,9,101895.65
4475,Arthur Miguel Barros,maria-laura22@example.com,2025-05-10,Instagram,9,131617.21
4476,Davi Lucas Moura,vitoria34@example.net,2024-08-02,Instagram,6,40651.21
4477,Eloah Mendes,jjesus@example.org,2024-05-03,Instagram,3,137046.52
4478,Stephany Vargas,luiza01@example.net,2025-08-12,Instagram,11,73542.1
4479,Ana Beatriz da Mota,vieiranicolas@example.org,2024-04-12,Instagram,9,131355.66
4480,Yuri Abreu,fariaspedro-lucas@example.com,2025-07-24,Instagram,4,43348.65
4481,Srta. Maria Fernanda Vieira,vguerra@example.com,2025-02-19,Instagram,1,93823.84
4482,Luiz Felipe Duarte,yago60@example.com,2024-07-16,Instagram,2,25871.51
4483,Eduardo Gonçalves,pimentaluiza@example.com,2024-08-05,Instagram,5,12922.58
4484,Nathan Porto,mayacarvalho@example.org,2024-09-18,Instagram,1,28179.63
4485,Lívia Souza,isabelasampaio@example.com,2025-02-22,Instagram,7,45103.04
4486,Ana Luiza Caldeira,sofiaferreira@example.com,2025-12-13,Instagram,6,23407.11
4487,Daniela Montenegro,bryan21@example.com,2024-08-09,Instagram,8,44199.45
4488,Sr. Joaquim Almeida,vmarques@example.com,2025-11-11,Instagram,1,51465.65
4489,Cecilia Borges,helenacirino@example.com,2024-05-11,Instagram,1,94972.09
4490,Henrique Pereira,isabella78@example.com,2024-03-07,Instagram,7,109340.18
4491,Miguel Abreu,nnovais@example.org,2025-01-18,Instagram,4,46444.41
4492,Manuela Barros,pereiramirella@example.org,2025-12-10,Instagram,5,181693.05
4493,Rafaela Freitas,davi-miguel29@example.net,2024-12-17,Instagram,5,1593295.19
4494,Sra. Letícia Brito,lucas53@example.net,2025-07-25,Instagram,1,186453.11
4495,Paulo da Mota,raquelteixeira@example.net,2024-12-06,Instagram,12,9386.59
4496,Valentim Vasconcelos,maria-laura47@example.com,2025-09-04,Instagram,2,10501.79
4497,Marcela Garcia,brayan70@example.com,2025-08-05,Instagram,7,40376.99
4498,Dr. João Rezende,ana-lauracamara@example.com,2025-04-28,Instagram,1,28336.99
4499,Olivia Ribeiro,vcaldeira@example.com,2025-03-09,Instagram,4,51975.65
4500,Emanuella Casa Grande,pachecovitor@example.net,2025-01-10,Instagram,10,48744.64
4501,Ryan Guerra,ana-ceciliacamargo@example.com,2025-11-23,Instagram,11,30942.48
4502,Luiz Miguel Pastor,hmartins@example.org,2025-02-01,Instagram,3,51377.19
4503,Ana Julia Camargo,fariasthiago@example.com,2024-08-24,Instagram,9,66907.74
4504,Heloísa Vargas,vinicius31@example.net,2025-09-27,Instagram,9,20955.83
4505,Vitor Gabriel Mendes,luiz-felipefogaca@example.com,2025-04-09,Instagram,10,203106.53
4506,Sarah Fernandes,gda-cunha@example.org,2025-02-02,Instagram,2,92231.8
4507,Dr. Ryan das Neves,goncalvessophie@example.com,2025-04-25,Instagram,5,21520.09
4508,Maria Fernanda Martins,ana-sophiacassiano@example.org,2024-09-02,Instagram,2,51088.82
4509,Vitor Gabriel Fonseca,cecilia80@example.net,2024-10-25,Instagram,7,22023.59
4510,Dra. Manuella Mendonça,mariah58@example.org,2024-05-04,Instagram,10,16268.8
4511,Maria Luísa Guerra,cassianosofia@example.com,2025-09-07,Instagram,11,35499.35
4512,Bárbara Vasconcelos,julianacavalcante@example.org,2025-04-13,Instagram,2,13246.33
4513,Kevin Macedo,da-rosaarthur-miguel@example.com,2025-08-14,Instagram,12,55193.12
4514,José Guerra,tporto@example.org,2024-08-08,Instagram,3,39085.87
4515,Thales Rios,zsilveira@example.net,2025-12-27,Instagram,6,57074.1
4516,João Vitor Campos,antonella95@example.org,2024-09-08,Instagram,12,30408.81
4517,Helena Monteiro,esther60@example.org,2024-09-06,instagram,3,327032.79
4518,Amanda Correia,bbrito@example.org,2025-11-26,Instagram,3,84356.36
4519,Marcela Pimenta,ribeirobruno@example.org,2025-04-05,Instagram,1,47411.82
4520,Ana Carolina Gomes,yoliveira@example.net,2025-11-04,Instagram,8,80078.67
4521,Arthur Gabriel Mendonça,msampaio@example.org,2025-03-15,Insta,10,54979.81
4522,Luara Dias,goncalvesleonardo@example.org,2024-06-11,Instagram,4,17366.94
4523,Sra. Isabela Rios,zmacedo@example.net,2024-10-03,Instagram,3,91197.67
4524,Luiz Gustavo Costa,pmendonca@example.com,2025-09-10,Instagram,4,15217.4
4525,Maria Alice Santos,faparecida@example.org,2024-12-21,Instagram,10,126296.21
4526,Carolina Carvalho,vitor-hugovasconcelos@example.org,2025-05-15,instagram,12,111780.37
4527,Igor Ferreira,samathias@example.net,2024-04-13,Instagram,6,37919.35
4528,Breno da Mata,calebepereira@example.com,2024-10-09,Instagram,3,9659.96
4529,Enzo Monteiro,rafael66@example.net,2025-08-27,Instagram,3,71777.64
4530,Levi Mendes,xmacedo@example.org,2025-11-10,Instagram,3,123809.26
4531,Sra. Stephany Almeida,antoniorios@example.org,2024-08-14,Instagram,3,33532.79
4532,Heloísa Fonseca,jfonseca@example.org,2024-04-17,Instagram,8,28336.81
4533,Amanda Moraes,carolinecirino@example.net,2024-01-14,Instagram,2,47365.7
4534,Isabela Siqueira,qpastor@example.net,2024-03-17,Instagram,9,282308.97
4535,Diego Montenegro,llima@example.org,2025-08-23,Instagram,6,123076.29
4536,Davi Lucas Rocha,matteovieira@example.org,2024-11-21,Instagram,12,234641.72
4537,João Pires,aylacastro@example.com,2024-07-18,Instagram,2,20015.19
4538,Cauê Pacheco,pvieira@example.net,2025-07-06,Instagram,5,232514.33
4539,Clara Farias,isabel57@example.com,2025-07-20,Instagram,7,23997.96
4540,Júlia Garcia,paulo25@example.net,2024-09-12,Instagram,4,84115.18
4541,Dr. João Pedro Barbosa,moreiragael@example.net,2025-10-11,Instagram,8,38423.34
4542,Manuela Barros,giovannamachado@example.org,2024-11-27,Instagram,4,164127.27
4543,Allana Rodrigues,joao-pedro03@example.net,2024-06-23,Instagram,10,14317.69
4544,Ágatha Brito,liviasilveira@example.com,2025-10-10,Instagram,6,42850.87
4545,Liz Vasconcelos,nascimentoalana@example.com,2024-04-03,Instagram,12,26365.26
4546,José Pedro Garcia,lucasalves@example.org,2025-12-28,Instagram,11,31830.15
4547,Vicente da Cruz,ryanduarte@example.com,2025-03-08,Instagram,8,179045.28
4548,Calebe Camargo,luisacavalcante@example.net,2025-10-21,Instagram,5,41007.63
4549,Mathias Albuquerque,alexandremoraes@example.com,2024-04-22,Instagram,2,56215.8
4550,Lavínia Martins,uaparecida@example.net,2024-10-02,instagram,2,71197.27
4551,Otto Ribeiro,glopes@example.net,2025-09-21,Instagram,4,21917.87
4552,Ravi Lucca Garcia,evelynabreu@example.com,2025-08-25,Instagram,1,24336.94
4553,Rafaela Sales,portolara@example.org,2025-09-20,Instagram,8,60235.81
4554,Theo Casa Grande,da-pazzoe@example.net,2024-07-09,instagram,6,30772.36
4555,Maria Laura Novais,ribeiroana-clara@example.org,2025-03-11,Instagram,8,37992.71
4556,Maria Julia Oliveira,caiocamara@example.net,2024-10-02,Instagram,3,36678.67
4557,Mathias da Rosa,isadora49@example.com,2024-08-11,Instagram,11,60944.67
4558,Letícia Caldeira,guerrabrayan@example.com,2025-01-11,Instagram,2,158722.97
4559,Dra. Isabel Pereira,gomestheodoro@example.net,2025-05-19,Instagram,11,17264.3
4560,Ryan Ramos,da-conceicaoana-cecilia@example.org,2025-01-10,Instagram,10,6238.7
4561,Sr. Rael Rodrigues,camposdavi-miguel@example.net,2024-05-30,Instagram,8,61495.83
4562,Sr. Gabriel Gonçalves,heloisamartins@example.org,2025-08-01,Instagram,3,5667.58
4563,Kamilly Cavalcanti,fariasthales@example.org,2025-12-11,Instagram,9,98383.71
4564,Isadora Porto,isiqueira@example.com,2024-09-13,Instagram,11,161178.97
4565,Murilo Vieira,carvalholuiz-fernando@example.org,2025-09-03,Instagram,1,47142.11
4566,Amanda Novaes,yfonseca@example.com,2025-09-14,Instagram,2,121899.4
4567,Alexia Casa Grande,miguelvargas@example.com,2024-06-23,Instagram,12,12954.06
4568,Isabel Sá,matheus91@example.org,2025-05-12,Instagram,5,18261.89
4569,Maria Cecília Machado,beatrizbarros@example.com,2025-11-08,Instagram,3,71439.27
4570,Lucca da Cunha,noliveira@example.net,2025-06-07,Instagram,11,17799.71
4571,Sra. Camila Alves,enricoda-rosa@example.org,2024-01-17,Instagram,12,35927.13
4572,Dom Nogueira,marcos-viniciusborges@example.net,2025-03-02,Instagram,2,20055.33
4573,Dr. Théo Porto,lnunes@example.org,2025-07-08,Instagram,11,163872.99
4574,Lucca Teixeira,fbrito@example.com,2025-03-11,Instagram,3,29751.92
4575,Ryan Sampaio,correiabenicio@example.com,2024-01-17,Instagram,4,44413.38
4576,Sarah Machado,oliveiraana-julia@example.org,2024-03-12,Instagram,10,43396.07
4577,José Sampaio,vabreu@example.org,2025-07-27,Instagram,7,61446.62
4578,Isis Nogueira,auroracostela@example.org,2024-12-20,Instagram,6,242336.56
4579,Maria Isis Novais,igor87@example.com,2025-11-24,Instagram,11,59078.57
4580,Nicole Rios,aaraujo@example.com,2024-10-21,Instagram,1,42324.72
4581,Henry Gabriel das Neves,maria31@example.net,2025-08-12,Instagram,10,77351.34
4582,Isabela Aparecida,raelcavalcanti@example.com,2024-01-20,Instagram,2,61552.65
4583,Mariah Souza,wfarias@example.com,2025-08-28,Instagram,12,24824.65
4584,Luigi Camargo,da-rosavitoria@example.com,2025-09-10,Instagram,9,75959.38
4585,Ana Clara Pastor,luna31@example.net,2024-09-12,Instagram,6,47854.98
4586,Luiz Felipe Gomes,fernandesamanda@example.org,2024-08-02,Instagram,8,30695.89
4587,Ana Júlia Marques,ana-clara76@example.org,2025-10-17,Instagram,2,68182.31
4588,Cauê Aragão,eoliveira@example.com,2025-07-07,Instagram,1,20000.04
4589,Rael Fonseca,clara65@example.com,2025-02-26,Instagram,9,150433.96
4590,Théo Nunes,kcassiano@example.com,2024-11-06,Instagram,2,30967.42
4591,Giovanna da Rocha,vitor-gabriel03@example.net,2025-10-19,Instagram,10,237346.32
4592,Thiago da Luz,wmoura@example.net,2025-06-13,Instagram,2,53547.92
4593,Alexia Lopes,lsilveira@example.net,2024-10-22,Instagram,10,21188.15
4594,Emilly Rezende,nazevedo@example.net,2024-12-28,Instagram,11,30204.15
4595,Nicolas Viana,nandrade@example.com,2024-02-27,Instagram,5,19440.98
4596,Mirella Macedo,maria-helena03@example.net,2025-08-03,Instagram,5,48127.0
4597,Maria Luísa Casa Grande,fcamara@example.com,2025-08-28,instagram,5,48359.3
4598,Ester Souza,qazevedo@example.org,2024-09-07,Instagram,7,70660.4
4599,Pedro Lucas Teixeira,elisacampos@example.org,2024-08-02,Instagram,10,20153.15
4600,Mariah Cavalcanti,beniciojesus@example.net,2024-06-16,Instagram,9,39722.38
4601,Eloah da Paz,luanda-conceicao@example.org,2024-04-18,Instagram,8,15747.63
4602,Isabella Aragão,pedropimenta@example.net,2025-11-16,Instagram,6,124394.5
4603,José da Mota,yalmeida@example.com,2025-06-22,Instagram,5,17302.95
4604,Srta. Maria Flor Nunes,rafael06@example.net,2024-11-03,Instagram,5,22886.99
4605,Sr. Gabriel Fernandes,znascimento@example.com,2024-03-05,Instagram,10,31719.37
4606,Leandro Borges,mirellafernandes@example.org,2024-03-25,Instagram,7,54152.93
4607,Ana Julia Andrade,qda-luz@example.net,2025-05-15,Instagram,3,114686.53
4608,Maitê da Paz,vvasconcelos@example.org,2024-05-10,Instagram,2,125080.22
4609,Danilo Pacheco,da-cunhalucas-gabriel@example.com,2024-09-02,Instagram,7,136576.93
4610,Dr. Diego Moura,duartethales@example.com,2025-11-23,Instagram,6,85060.14
4611,Liz Cardoso,brenda07@example.net,2025-02-16,Instagram,1,111287.48
4612,Vitória Porto,znogueira@example.org,2025-08-01,Instagram,10,10358.1
4613,Emilly Aparecida,jose-pedrocavalcante@example.org,2024-03-01,Instagram,1,17481.95
4614,Breno Mendes,borgesaylla@example.net,2024-08-19,Instagram,9,64009.87
4615,Maria Vitória Costela,valentinamelo@example.net,2025-10-07,Instagram,1,172069.76
4616,Rafaela Castro,zcosta@example.net,2025-08-03,Instagram,9,16181.39
4617,José Castro,eloa62@example.net,2025-05-25,Instagram,10,6754.88
4618,Renan Rios,tdas-neves@example.org,2025-02-20,Instagram,2,49348.67
4619,Alexia da Costa,luiz-otavionogueira@example.net,2024-06-30,Instagram,10,67811.12
4620,Alana Melo,almeidaayla@example.org,2025-02-18,Insta,9,17553.14
4621,Srta. Emanuelly Moura,vdas-neves@example.net,2024-01-29,Instagram,9,14349.76
4622,Dom Almeida,liamsiqueira@example.net,2024-05-09,Instagram,9,48807.44
4623,Agatha Barros,tfonseca@example.com,2025-01-10,Instagram,8,77183.42
4624,Bernardo Gonçalves,sofia79@example.org,2024-01-02,Instagram,3,311929.02
4625,Ana Lívia Araújo,jade62@example.com,2024-05-31,Insta,12,236693.28
4626,Sr. Carlos Eduardo Fogaça,jaderodrigues@example.net,2024-04-03,Instagram,11,69658.36
4627,Melissa da Cunha,luigi03@example.net,2024-08-31,Instagram,2,25899.37
4628,Ana Laura Mendes,ana83@example.org,2025-09-10,Instagram,11,81669.39
4629,Marcelo Montenegro,pcasa-grande@example.net,2025-11-15,Instagram,6,21226.15
4630,Helena Gonçalves,limacarlos-eduardo@example.org,2024-04-12,Instagram,9,33465.47
4631,Lucas Gabriel Machado,raulcarvalho@example.com,2024-05-30,Instagram,3,83377.7
4632,Ana Vitória da Mata,melissa19@example.net,2025-09-01,Instagram,7,51934.63
4633,Alana Brito,caio19@example.com,2024-04-17,Instagram,2,23316.85
4634,Rafaela Rios,benjaminpinto@example.org,2025-06-08,Instagram,10,139408.49
4635,Sr. Davi Lucca Aparecida,novaisleonardo@example.net,2024-02-19,Instagram,12,10480.31
4636,Dra. Maria Cardoso,rafaelsantos@example.org,2025-03-31,Instagram,5,32203.38
4637,Milena Abreu,miguel79@example.com,2024-06-27,Instagram,4,43395.73
4638,Elisa Pastor,fernandesstella@example.net,2025-06-15,Instagram,4,38111.53
4639,Dr. Davi Barbosa,zcunha@example.net,2025-01-11,Instagram,6,22786.87
4640,Melina Barros,lucas07@example.com,2024-04-22,Instagram,12,32424.03
4641,Liz Sampaio,vieiraana-luiza@example.org,2024-10-11,Instagram,7,37337.48
4642,Ravi Lucca da Costa,ycastro@example.org,2025-01-08,Instagram,11,40042.86
4643,Sr. Valentim Nogueira,davi-miguelcavalcanti@example.com,2025-12-28,Instagram,3,17327.94
4644,Olivia Siqueira,wda-costa@example.net,2024-12-13,Instagram,11,35190.97
4645,Nicole Mendes,valentimda-rosa@example.org,2024-04-02,Instagram,1,62810.92
4646,Lorena Costa,ana-julia97@example.net,2025-01-31,Insta,2,432846.75
4647,Eloah Pereira,efonseca@example.org,2024-05-22,Instagram,3,33628.54
4648,Dr. Leandro Câmara,castrocalebe@example.org,2025-09-25,Instagram,9,17578.72
4649,Vitor Ramos,ramosana-carolina@example.org,2025-08-22,IG,7,84077.9
4650,Ravy Pacheco,oaragao@example.org,2024-03-18,Instagram,3,59976.78
4651,Srta. Laura Albuquerque,leaodaniela@example.com,2025-02-20,Instagram,4,15064.66
4652,Rhavi Leão,aliciacavalcante@example.com,2025-05-05,Instagram,6,24268.77
4653,Cecilia Cardoso,vicente92@example.org,2024-06-16,Instagram,9,55100.32
4654,Noah Viana,cauepeixoto@example.org,2025-03-17,Instagram,1,232069.58
4655,Sra. Ana Liz Brito,juan73@example.org,2024-11-27,Instagram,2,15757.5
4656,Srta. Natália Cirino,isabeladas-neves@example.org,2024-12-14,Instagram,12,108017.09
4657,Samuel Farias,yoliveira@example.org,2025-01-29,IG,7,27773.34
4658,Benício Moreira,jose93@example.org,2025-02-09,Instagram,3,33206.92
4659,Dr. Pietro das Neves,levioliveira@example.net,2025-05-15,Instagram,12,12749.22
4660,Isabelly Vieira,lara67@example.com,2024-11-19,Instagram,7,7496.87
4661,Luiz Gustavo da Cruz,vieiralucca@example.org,2025-05-25,Instagram,2,180522.04
4662,Elisa Sousa,maria-flor36@example.com,2024-12-18,Instagram,12,11579.29
4663,Asafe Silveira,joao-pedropereira@example.net,2025-04-11,Instagram,10,102059.49
4664,Arthur Miguel Santos,lopesana-clara@example.com,2024-06-25,Instagram,3,32670.23
4665,Ana Lívia Ramos,ana-julia27@example.net,2025-01-23,Instagram,2,35411.16
4666,Isadora Sousa,anna-liz40@example.net,2024-12-02,Instagram,6,22386.77
4667,Felipe Ramos,josueguerra@example.net,2024-07-27,Instagram,9,39362.52
4668,Cecília Silveira,sousaluana@example.com,2024-02-05,Instagram,1,25481.92
4669,Dr. Henry Gabriel Pinto,ana-laurada-conceicao@example.net,2025-01-06,Instagram,4,8510.24
4670,Maria Liz Pastor,da-motaantonella@example.org,2024-01-06,Instagram,8,33814.62
4671,Dra. Emilly Vieira,luiz-fernando87@example.net,2024-10-02,Instagram,7,15010.83
4672,Srta. Lívia Marques,theomoraes@example.org,2024-09-18,Instagram,5,20370.16
4673,Josué Almeida,rda-conceicao@example.com,2025-03-22,Instagram,4,277240.45
4674,Gustavo Henrique Aragão,raullima@example.com,2025-12-20,Instagram,2,129224.8
4675,Felipe Cassiano,maria-laura40@example.net,2025-09-10,Instagram,3,375310.34
4676,Zoe Freitas,maria-ceciliacastro@example.org,2025-12-09,Instagram,5,6976.15
4677,Ian Ferreira,duartediogo@example.com,2025-11-18,Instagram,2,57894.55
4678,Davi Lucas da Cruz,beatrizbrito@example.org,2024-02-12,Instagram,4,41230.36
4679,Aurora Fonseca,aylla87@example.org,2024-07-10,Instagram,12,9786.56
4680,Juliana Porto,da-matakevin@example.org,2024-07-22,Instagram,10,310178.71
4681,Letícia Fernandes,edas-neves@example.org,2024-02-10,Instagram,9,31974.28
4682,Eduarda Freitas,erick25@example.org,2025-09-01,Instagram,7,81905.26
4683,Ana Carolina Mendonça,pastorfernando@example.org,2025-10-07,instagram,7,66826.5
4684,Sra. Alícia Ferreira,ana-luizapimenta@example.com,2025-03-02,Instagram,1,37390.78
4685,Ravy Camargo,maysa55@example.com,2025-10-04,Instagram,5,58379.54
4686,Matteo Lopes,luiz-felipemoraes@example.net,2025-05-18,Instagram,2,18345.62
4687,Caroline da Mota,bda-cruz@example.com,2024-11-09,Instagram,7,173283.3
4688,Noah Carvalho,riosstella@example.net,2024-04-01,Instagram,2,40661.07
4689,Dr. Isaac Dias,antonyvasconcelos@example.org,2025-11-24,Instagram,6,75808.42
4690,Maya Barbosa,bryan42@example.org,2025-05-02,Instagram,7,59901.62
4691,Dr. Theodoro Fogaça,cpeixoto@example.com,2024-09-06,Instagram,4,40299.91
4692,Leandro Correia,laviniaalves@example.net,2024-03-18,Instagram,6,58044.63
4693,Arthur Miguel Caldeira,barrosalice@example.com,2025-07-25,Instagram,7,53580.56
4694,Srta. Ana Julia Siqueira,kaiquemendonca@example.net,2025-07-27,Instagram,10,20521.81
4695,Sarah Novais,nascimentooliver@example.org,2025-01-24,IG,4,29473.99
4696,Matteo Ribeiro,gomesryan@example.net,2025-12-31,Instagram,7,95464.91
4697,Bruna Jesus,isantos@example.net,2024-09-30,Instagram,5,145606.66
4698,Sr. Vinícius Rodrigues,laura90@example.com,2025-11-11,Instagram,7,28222.97
4699,Ana Carolina Ribeiro,zfarias@example.net,2025-03-19,Instagram,11,47631.51
4700,Elisa Garcia,hcavalcanti@example.org,2025-06-04,Instagram,8,4901.42
4701,Rhavi Cassiano,acastro@example.net,2025-10-23,Instagram,12,24135.15
4702,Brenda Rocha,manuela23@example.com,2025-08-20,Instagram,11,56525.83
4703,Luiz Gustavo Leão,arthur-miguel78@example.org,2024-07-16,Instagram,6,64203.67
4704,Dra. Ana Nascimento,carlos-eduardovargas@example.com,2025-09-16,Instagram,5,9169.77
4705,Melina Moreira,gustavo45@example.com,2025-01-22,Instagram,2,8033.64
4706,Gabrielly Jesus,qbarros@example.com,2024-01-26,Instagram,10,40912.25
4707,Julia Nunes,lopesgabrielly@example.net,2025-04-19,Instagram,1,83879.49
4708,Maria Vitória Machado,davi-miguel85@example.com,2024-12-30,Instagram,9,24444.49
4709,Bryan Lima,daniela60@example.com,2025-01-21,Instagram,5,194796.0
4710,Maria Clara Guerra,ana-juliada-cruz@example.org,2024-10-18,Instagram,4,16118.87
4711,Ana Julia Pires,lcostela@example.org,2024-02-06,Instagram,5,177496.36
4712,Arthur Gabriel Carvalho,sarah56@example.com,2024-04-23,Instagram,3,37156.83
4713,Isaque Vargas,esantos@example.com,2025-06-20,Instagram,12,110369.48
4714,Antony Rocha,gael-henriquegarcia@example.com,2024-06-01,Instagram,9,7462.28
4715,Dra. Rafaela Caldeira,kamillycaldeira@example.com,2025-03-18,Instagram,12,22130.6
4716,Yan Mendes,apollocaldeira@example.org,2025-01-24,Instagram,12,12881.71
4717,Benjamin Carvalho,amanda55@example.org,2024-05-23,Instagram,11,54935.63
4718,Ana Laura Fernandes,benicio80@example.net,2024-07-09,Instagram,10,165473.07
4719,Giovanna Nunes,oguerra@example.com,2024-09-28,Instagram,5,13483.8
4720,Vicente Moraes,tcarvalho@example.com,2025-09-26,Instagram,6,101428.58
4721,Matteo Cunha,costaalexia@example.org,2025-11-10,Instagram,10,52988.39
4722,Hellena Vargas,alvesbento@example.net,2024-09-30,Instagram,5,80631.84
4723,João Vitor Câmara,levi94@example.net,2024-01-26,Instagram,2,105655.64
4724,Antony Mendonça,heitor79@example.net,2025-02-28,Instagram,7,54477.59
4725,Maria Sophia Dias,julia62@example.net,2024-10-22,Instagram,11,53406.4
4726,Sara Sales,elisabrito@example.net,2024-12-24,Instagram,8,129819.22
4727,Maria Flor Castro,barbaracassiano@example.com,2024-11-10,Instagram,7,143141.89
4728,Dr. Benjamin Abreu,jose-miguelda-cruz@example.org,2025-04-05,Instagram,1,128759.87
4729,Henry Gabriel da Paz,freitasgiovanna@example.net,2024-07-28,Instagram,9,50978.03
4730,Milena Caldeira,eloahbarros@example.net,2025-10-05,Instagram,8,46671.72
4731,Sr. João Caldeira,nataliaalbuquerque@example.com,2024-10-25,Instagram,6,12014.8
4732,Noah Guerra,taparecida@example.net,2024-08-28,Instagram,6,71010.48
4733,Fernando Cunha,mariahmoura@example.net,2025-10-27,Instagram,12,68758.11
4734,João Guilherme Mendonça,pachecogiovanna@example.org,2024-09-09,Instagram,4,102945.18
4735,Antonella Duarte,maria-juliagoncalves@example.net,2024-02-17,Instagram,3,43046.93
4736,Dr. Kevin da Rosa,arthurcasa-grande@example.org,2024-04-05,Instagram,11,65691.72
4737,Dom da Cunha,ucorreia@example.org,2025-05-18,Instagram,10,26100.23
4738,Ravi da Costa,tbarbosa@example.com,2025-02-04,Instagram,9,35701.39
4739,Henry Gabriel Barbosa,nascimentobenicio@example.net,2025-01-19,Instagram,10,69533.7
4740,Mateus Rocha,lpires@example.org,2024-02-17,Instagram,5,48058.29
4741,Davi Pereira,juliaabreu@example.com,2024-04-11,IG,2,93095.15
4742,Apollo da Luz,yviana@example.org,2024-10-07,Instagram,8,58834.18
4743,Camila Caldeira,ana-vitoriagarcia@example.net,2024-11-15,Instagram,10,25798.38
4744,Cecília da Rosa,jjesus@example.net,2024-09-23,Instagram,11,90687.59
4745,Hadassa da Rocha,aparecidapedro-lucas@example.com,2025-01-02,Instagram,1,50926.36
4746,João Lucas Borges,davi-miguelmoreira@example.org,2025-06-02,Insta,1,111545.99
4747,Cauã das Neves,fernandesenzo-gabriel@example.net,2025-03-23,Instagram,9,47959.1
4748,Srta. Eduarda Dias,macedoandre@example.com,2025-03-07,Instagram,5,68095.32
4749,Rael Andrade,kamilly09@example.net,2025-02-02,Instagram,8,56278.41
4750,Benicio Gomes,sbrito@example.net,2024-05-08,Instagram,10,54084.24
4751,Natália Moura,davi-miguelalmeida@example.org,2025-03-02,Instagram,1,24565.43
4752,João Fogaça,uda-mata@example.com,2024-04-07,Instagram,2,155579.16
4753,Eduardo Marques,maria-julia94@example.org,2025-05-17,Instagram,8,43573.03
4754,Juliana Alves,paulomachado@example.com,2024-11-19,Instagram,7,16811.86
4755,Vinicius Machado,pereiraraul@example.org,2025-02-16,Insta,10,146981.5
4756,Bianca Santos,isabelsouza@example.net,2025-09-13,Instagram,9,68740.47
4757,Caio Cirino,eda-rosa@example.org,2024-09-20,Instagram,4,9488.65
4758,Allana Câmara,leticiateixeira@example.com,2024-02-28,Instagram,3,57467.0
4759,Sr. Benício Sampaio,ferreiramariana@example.com,2025-10-04,Instagram,1,19245.04
4760,Caio Rodrigues,barrosbenjamim@example.net,2024-09-14,Instagram,12,59220.49
4761,Maria Luiza Ramos,ana-carolina61@example.org,2024-10-14,Instagram,5,36398.22
4762,Sr. Miguel Andrade,bda-paz@example.org,2024-07-22,Instagram,9,93893.65
4763,Pedro Lucas da Rocha,mmartins@example.com,2024-10-24,Instagram,11,59516.89
4764,Maria Flor Vasconcelos,nicole48@example.org,2025-01-12,Instagram,2,48911.97
4765,Alice Rezende,jadecaldeira@example.org,2025-08-30,Instagram,8,51610.8
4766,Rafael Martins,sadiego@example.com,2025-05-23,Instagram,1,26332.16
4767,Hellena Rezende,kdias@example.com,2025-01-08,Instagram,5,99715.75
4768,Fernanda Costa,macedosarah@example.org,2025-06-26,Instagram,8,39771.95
4769,Brayan Macedo,oliveiralavinia@example.org,2025-09-02,Instagram,3,102115.84
4770,João Lucas Pimenta,cavalcantefrancisco@example.com,2024-02-02,Instagram,2,79884.89
4771,Juan Borges,bruna96@example.com,2025-02-23,Instagram,1,18819.91
4772,Ian da Conceição,rafaelada-rosa@example.net,2024-01-25,Instagram,6,27247.53
4773,Maria Luísa Sampaio,evelyn23@example.net,2024-07-31,IG,8,93280.54
4774,Rhavi Vasconcelos,cunharavi-lucca@example.com,2025-06-25,Instagram,11,26710.44
4775,Alexandre Sá,das-nevesluiz-miguel@example.com,2025-07-18,Instagram,8,52148.34
4776,Maria Luiza Ferreira,helenasilva@example.org,2025-09-28,IG,3,38380.09
4777,Dra. Pietra Ramos,gda-costa@example.com,2024-12-29,Instagram,2,26506.87
4778,Kevin Teixeira,jsales@example.com,2024-02-18,Instagram,3,8682.83
4779,Sabrina Silva,matteovieira@example.net,2024-03-16,Instagram,12,31257.1
4780,Marcela Moura,qfarias@example.org,2024-06-10,Instagram,9,25113.21
4781,Daniela Mendes,dnovaes@example.net,2024-09-19,Instagram,5,47891.36
4782,José Pedro Sampaio,da-costayan@example.net,2025-01-15,Instagram,7,69541.73
4783,Davi Teixeira,ypereira@example.com,2025-03-30,Instagram,7,25897.02
4784,Pedro Abreu,emanuella81@example.com,2024-04-10,Instagram,9,10042.85
4785,Liam Martins,isaacsilva@example.org,2024-04-29,Instagram,12,15122.56
4786,Catarina Fernandes,goncalvesmarcos-vinicius@example.com,2024-04-18,Instagram,4,46040.8
4787,Matteo da Rosa,lcostela@example.net,2025-06-19,Instagram,12,12906.41
4788,Dra. Melissa Albuquerque,da-rochabeatriz@example.com,2024-07-27,Instagram,9,29222.34
4789,Alana da Conceição,theodororibeiro@example.org,2024-04-13,Instagram,6,19031.13
4790,Beatriz Silveira,vgoncalves@example.net,2024-11-02,Instagram,7,91863.09
4791,Luiz Miguel Duarte,danielfarias@example.org,2024-06-12,instagram,11,47650.98
4792,Emanuella Gomes,abreucalebe@example.net,2024-09-17,Instagram,3,108074.44
4793,Daniel Rios,barrosbeatriz@example.com,2025-08-14,Instagram,10,32729.35
4794,Oliver Barbosa,jcorreia@example.com,2024-08-21,IG,5,120943.86
4795,Théo Barros,erickda-conceicao@example.org,2024-04-19,Instagram,9,133096.98
4796,Théo Carvalho,sofiada-rosa@example.net,2024-05-31,Instagram,5,98700.9
4797,Ana Júlia Teixeira,imendes@example.org,2024-01-20,Instagram,7,73273.81
4798,Helena Barbosa,da-luzvinicius@example.net,2025-10-11,Instagram,4,97475.0
4799,Thales Rocha,ppires@example.net,2025-05-06,Instagram,11,44256.19
4800,Maria Cecília Dias,mazevedo@example.org,2024-11-28,Instagram,2,58207.41
4801,Brayan Vargas,joao-lucasalmeida@example.com,2025-02-03,Instagram,12,129934.47
4802,Bruno Moura,hda-paz@example.com,2024-06-18,Instagram,1,108801.28
4803,Ana Luiza Porto,benjamincassiano@example.org,2024-10-12,Instagram,8,69521.87
4804,Julia Teixeira,salesluiza@example.net,2024-08-10,Instagram,8,27727.3
4805,Otávio Montenegro,anna-lizpires@example.net,2025-08-14,Instagram,2,108537.8
4806,Ana Luiza Jesus,rlopes@example.org,2025-06-10,Instagram,6,121164.67
4807,Diogo Câmara,silvarafael@example.net,2024-07-12,Instagram,2,18294.94
4808,Luigi Carvalho,isadoramarques@example.org,2025-06-25,Instagram,10,107862.35
4809,Mateus Pereira,maria-eduardapacheco@example.com,2024-02-24,Instagram,8,31590.56
4810,Luna Cavalcante,ana-sophiacirino@example.net,2024-05-09,Instagram,9,60371.66
4811,Jade da Luz,raquel43@example.net,2024-03-03,instagram,7,43039.31
4812,Mariane Vargas,hmontenegro@example.org,2024-06-05,Instagram,8,32828.71
4813,Leonardo Viana,pedro-miguelaparecida@example.com,2024-05-27,Instagram,11,246290.18
4814,Apollo Pereira,duartemelina@example.com,2025-10-11,Instagram,6,23521.78
4815,Lucas Gabriel Dias,daniel62@example.com,2024-08-16,Instagram,3,70688.04
4816,Pietra Pimenta,cavalcanteeduarda@example.net,2024-09-07,Instagram,10,57921.53
4817,Dom Almeida,heloisa37@example.org,2024-02-28,Instagram,9,35749.55
4818,Noah Cavalcanti,ugoncalves@example.org,2024-02-07,Instagram,3,48833.82
4819,Diogo Correia,nicole41@example.net,2024-05-22,Instagram,1,60520.18
4820,Erick Pinto,catarina99@example.net,2024-03-22,Instagram,2,132185.03
4821,Nina Vargas,maria-alicevieira@example.net,2024-08-30,Instagram,11,72739.01
4822,Luiz Henrique Mendonça,cecilia19@example.net,2024-04-27,Instagram,8,67237.55
4823,José Miguel Silveira,rda-mata@example.org,2024-04-21,Instagram,3,68153.5
4824,Benício Mendes,heloisamarques@example.org,2025-03-31,Instagram,12,37347.8
4825,Vinícius Lima,danielagoncalves@example.net,2025-11-11,Instagram,6,31958.01
4826,Marina Caldeira,castroemanuella@example.net,2024-01-08,Instagram,8,52297.35
4827,Enrico Costela,bentovieira@example.org,2025-05-12,Instagram,1,32069.53
4828,Ana Cecília Fonseca,cda-cruz@example.net,2025-04-08,Instagram,6,11837.84
4829,Clara Oliveira,thiagoporto@example.net,2025-02-18,Instagram,3,55846.4
4830,Thomas Martins,luigicamargo@example.org,2025-05-02,Instagram,5,57341.46
4831,Stephany Moura,enzocavalcante@example.net,2025-01-05,Instagram,11,46659.63
4832,Heloísa Silva,wfogaca@example.com,2025-10-30,Instagram,11,216053.03
4833,Marcela Cassiano,andremelo@example.org,2024-04-07,Instagram,1,94563.46
4834,Benício Pimenta,jalmeida@example.com,2024-12-07,Instagram,2,27135.45
4835,Yago Melo,davi-miguel62@example.com,2025-04-04,Instagram,5,74462.4
4836,Marina Teixeira,isabeladuarte@example.org,2025-10-17,Instagram,12,71693.16
4837,Luan Fogaça,fernando00@example.com,2024-12-19,Instagram,2,34900.55
4838,Arthur Gabriel Moraes,pintoana-julia@example.net,2025-12-10,Instagram,5,21960.56
4839,Jade Santos,jose-miguellima@example.org,2025-04-06,Instagram,7,8827.61
4840,Benicio Albuquerque,larissaalbuquerque@example.com,2025-05-07,Instagram,9,70845.48
4841,Davi Lucca da Costa,breno28@example.org,2025-08-09,Instagram,2,112987.3
4842,Gabriel Rios,joao-miguel43@example.com,2025-06-02,Instagram,11,42367.6
4843,Sr. Danilo Lopes,bentopereira@example.org,2025-01-13,Insta,6,19242.34
4844,Maria Laura Câmara,limaleticia@example.net,2025-07-03,instagram,3,147474.2
4845,Olivia Siqueira,antony33@example.org,2024-01-21,Instagram,9,84082.83
4846,Marcelo da Mota,davi-lucas06@example.org,2025-11-03,Instagram,12,20335.95
4847,Maria Júlia da Luz,babreu@example.net,2025-08-13,Instagram,7,71336.19
4848,Laura da Rocha,benjamin15@example.net,2025-03-24,Instagram,5,46504.46
4849,Aylla Mendonça,jda-rosa@example.net,2024-02-09,Instagram,6,253423.36
4850,Eloá Moreira,pastorjose-pedro@example.com,2024-07-21,Instagram,9,121294.45
4851,Dante Fogaça,diasarthur-miguel@example.net,2024-06-17,Instagram,11,62493.57
4852,Maria Luísa Pimenta,ubrito@example.net,2024-06-20,Instagram,9,34627.4
4853,Davi Farias,biancafreitas@example.org,2025-04-18,Instagram,7,61463.13
4854,Srta. Elisa Carvalho,duartemilena@example.net,2025-09-23,Instagram,4,83287.29
4855,Rafael Ramos,tporto@example.org,2025-04-25,Instagram,7,57762.03
4856,Dr. Benjamin Sampaio,maysa62@example.com,2024-10-01,Instagram,11,33171.99
4857,Dra. Fernanda Peixoto,caleb11@example.org,2025-12-03,Instagram,8,50958.1
4858,Sr. Luan Dias,dcirino@example.com,2025-09-13,Instagram,5,29956.7
4859,Dra. Zoe Cavalcanti,oaparecida@example.org,2025-04-27,Instagram,5,72664.08
4860,Kamilly Nascimento,da-costaasafe@example.com,2024-10-08,Instagram,4,21021.76
4861,Sr. Ravy Campos,zazevedo@example.com,2025-04-26,Instagram,6,85859.97
4862,Felipe Pereira,emillysampaio@example.com,2024-10-15,Instagram,9,101499.43
4863,Sra. Maria Clara Peixoto,calebduarte@example.net,2024-04-05,Instagram,2,22645.06
4864,Dr. Pedro Miguel Duarte,mmonteiro@example.net,2025-03-12,Instagram,10,100108.99
4865,Cauê Rodrigues,manuelapastor@example.net,2025-05-07,Instagram,7,51632.87
4866,Antony Santos,bianca76@example.org,2024-09-03,Instagram,1,20196.52
4867,Isis Duarte,borgesheloisa@example.org,2025-11-01,Instagram,1,103107.46
4868,Maria Alice Moura,zandrade@example.org,2025-09-07,Instagram,9,7133.1
4869,Sr. Fernando Camargo,nathangarcia@example.net,2025-02-17,Instagram,3,45519.17
4870,Maria Flor Araújo,moraesmatteo@example.com,2024-02-04,Instagram,4,203605.56
4871,Marina Rodrigues,cardosonatalia@example.net,2024-01-10,Instagram,9,49698.43
4872,Stella Pastor,anthony-gabrielrodrigues@example.com,2025-03-26,Instagram,1,14774.73
4873,Mathias Caldeira,souzathales@example.net,2025-08-06,Instagram,10,12306.43
4874,Pietra Oliveira,maria-florcaldeira@example.net,2024-12-31,Instagram,6,168991.96
4875,Dr. Benicio Viana,otaviomoreira@example.net,2024-01-14,Instagram,3,250918.94
4876,Ágatha Moreira,joao-vitor85@example.net,2024-03-28,Instagram,2,26736.09
4877,Sophie Gonçalves,nogueiravalentim@example.org,2024-05-16,Instagram,12,92337.06
4878,Nina Gonçalves,cauasilva@example.net,2025-03-18,Instagram,4,80236.95
4879,André Melo,maysapastor@example.com,2024-12-18,Instagram,2,26565.47
4880,Letícia Viana,ana-sophia74@example.com,2024-02-29,instagram,5,66626.01
4881,Daniel Aparecida,lguerra@example.org,2025-01-01,Instagram,9,29126.44
4882,Sra. Catarina Gomes,alice34@example.com,2025-09-18,Instagram,3,46485.13
4883,Sr. Matteo Alves,theo59@example.net,2024-11-08,Instagram,1,60354.63
4884,Giovanna Pimenta,caue79@example.net,2024-04-01,Instagram,7,151967.76
4885,Mariane Fonseca,manuella83@example.net,2025-02-14,Instagram,9,28247.02
4886,Luísa Leão,garciamaria-liz@example.net,2025-11-01,Instagram,10,38305.87
4887,Henrique das Neves,mendoncaotto@example.org,2024-03-09,Instagram,9,19530.23
4888,Beatriz Rodrigues,ymartins@example.org,2024-04-06,Instagram,6,14920.08
4889,Evelyn Dias,ramosandre@example.com,2025-02-07,Instagram,9,56597.04
4890,Yasmin Cunha,kpacheco@example.org,2024-08-26,Instagram,1,74478.12
4891,Gael Henrique Silva,alexia03@example.org,2025-10-07,Instagram,6,119419.14
4892,Manuela Cardoso,caio23@example.org,2025-05-17,instagram,8,27033.34
4893,Matteo Dias,liammarques@example.org,2024-03-30,Instagram,8,16210.06
4894,Dr. Dante da Paz,qcassiano@example.net,2025-09-19,Instagram,10,62086.14
4895,Srta. Esther Carvalho,samuelda-mata@example.com,2025-03-27,Instagram,1,32729.64
4896,Ana Vitória da Rocha,nvieira@example.com,2024-12-25,Instagram,11,24330.45
4897,Joaquim Santos,ana-sophia55@example.net,2024-06-20,Instagram,3,50681.19
4898,Ana Cecília Cassiano,aparecidajuliana@example.org,2025-04-01,Instagram,7,34521.87
4899,Isis Barbosa,larissadas-neves@example.com,2025-10-09,Instagram,3,62578.95
4900,Dr. Ravy Gonçalves,vargasliam@example.org,2024-01-22,Instagram,4,23622.95
4901,Isadora Ribeiro,portojuan@example.com,2024-09-22,Instagram,9,15434.2
4902,Alice Leão,bento76@example.org,2025-11-06,Instagram,5,51076.68
4903,Enzo Gabriel Cassiano,benjamimfonseca@example.com,2024-09-27,Instagram,12,232147.73
4904,João Miguel Leão,theo04@example.com,2024-01-21,Instagram,4,45868.25
4905,Dr. Luigi Pacheco,caua26@example.org,2024-02-29,Instagram,8,55302.71
4906,Sra. Mariane Abreu,fmonteiro@example.net,2025-05-01,Instagram,10,41429.9
4907,Luana Vieira,raviramos@example.org,2025-05-08,Instagram,6,41336.55
4908,Maria Luísa Correia,da-luzjuliana@example.org,2024-03-09,Instagram,2,45834.56
4909,Vicente Cavalcanti,isabellynunes@example.com,2024-05-21,Instagram,4,70081.31
4910,Dra. Cecília Lima,cirinoleo@example.org,2025-02-05,Instagram,8,38946.13
4911,Pedro Miguel Freitas,augusto61@example.com,2025-04-28,Instagram,11,318980.79
4912,Ana Carolina Lopes,ualves@example.org,2024-04-06,Instagram,9,445670.63
4913,Sr. Erick Andrade,costelaoliver@example.com,2024-11-22,Instagram,2,17122.51
4914,Arthur Gabriel Marques,epeixoto@example.org,2025-02-04,Instagram,1,62632.13
4915,Mateus Cirino,novaesmathias@example.net,2024-01-28,Instagram,6,78923.51
4916,Igor Pastor,sousalevi@example.net,2024-05-25,Instagram,2,117523.56
4917,Clara Camargo,fernandespietro@example.org,2025-10-24,IG,1,55813.53
4918,Antonella Castro,laraaparecida@example.org,2025-09-26,Instagram,12,97334.21
4919,Carolina Casa Grande,maria-fernandamacedo@example.net,2024-08-12,Instagram,3,17815.84
4920,Fernando Marques,diasallana@example.net,2025-09-17,Instagram,7,61343.96
4921,Luna Mendonça,kvieira@example.net,2025-03-21,Instagram,5,210437.39
4922,Bento Guerra,kevincastro@example.net,2025-12-15,Instagram,8,17300.45
4923,Stella Sales,barroslucas-gabriel@example.com,2025-12-01,Instagram,4,39671.2
4924,Ana Júlia da Rocha,kamilly65@example.net,2025-03-10,Instagram,3,73777.8
4925,Luna Carvalho,mariane60@example.net,2024-12-01,Insta,2,25680.52
4926,Allana Ramos,cda-luz@example.org,2024-03-27,Instagram,2,26713.78
4927,Dra. Jade Fernandes,eloamartins@example.org,2025-01-17,Instagram,2,41324.18
4928,Nina Sales,maria-isis78@example.net,2024-10-08,Instagram,11,51883.95
4929,Anthony Gabriel Macedo,sampaioyago@example.com,2025-03-29,Instagram,11,84817.9
4930,Dr. Ravi Lucca Marques,lopeserick@example.org,2024-02-21,instagram,4,145783.14
4931,Sophie Montenegro,icassiano@example.com,2025-08-23,Instagram,2,26630.17
4932,Murilo Moreira,vieirajoao-gabriel@example.net,2025-12-01,Instagram,4,26507.93
4933,Murilo Rodrigues,santosgabriela@example.com,2024-05-14,Instagram,7,93178.76
4934,Pedro Lucas Alves,fernandesmatteo@example.com,2025-03-21,Instagram,1,23216.86
4935,Valentim Lima,fariashellena@example.net,2025-07-27,Instagram,10,36900.52
4936,Sra. Ágatha Moraes,vieiranathan@example.org,2025-01-31,Instagram,8,63068.92
4937,Dra. Maria Liz Garcia,maria-julia95@example.net,2025-11-06,Instagram,2,30201.21
4938,Diego Martins,josuecavalcanti@example.com,2025-01-07,Instagram,6,16527.7
4939,Luiz Miguel da Costa,vitor-hugo16@example.org,2024-07-01,Instagram,11,76968.98
4940,Bryan Pimenta,asafe87@example.org,2024-12-05,Instagram,4,69413.74
4941,Srta. Olivia Abreu,gmendonca@example.com,2024-12-20,Instagram,5,47937.52
4942,Asafe Mendes,grezende@example.net,2024-06-17,Instagram,12,34557.21
4943,Ravy da Paz,da-pazrael@example.org,2025-07-15,Instagram,9,76930.11
4944,Maria Fernanda Siqueira,ypeixoto@example.com,2025-03-11,Instagram,3,73788.92
4945,Srta. Laís Jesus,rioscaue@example.com,2024-09-18,Instagram,11,197912.98
4946,Caleb Andrade,aragaomaria-isis@example.org,2024-10-25,Instagram,1,22183.22
4947,Theo Novais,benjamin20@example.com,2024-09-19,Instagram,6,88630.9
4948,Dom Ferreira,maria-julia23@example.net,2024-11-15,Instagram,6,17195.38
4949,Emanuella Andrade,albuquerqueluiz-felipe@example.net,2025-01-16,Insta,8,47079.98
4950,Maria Clara Pinto,pda-mata@example.com,2024-08-19,Instagram,7,35617.6
4951,Lívia Porto,laviniaduarte@example.net,2025-08-09,Instagram,6,10781.91
4952,Sra. Luana da Cunha,ceciliacassiano@example.com,2025-10-31,Instagram,9,13854.17
4953,Joana Rios,danielda-paz@example.org,2025-01-13,Insta,9,41148.81
4954,Larissa Camargo,otavio74@example.org,2025-05-16,Instagram,2,59308.85
4955,Maria Clara Borges,rhavimarques@example.net,2025-11-02,Instagram,11,119043.79
4956,Pedro Miguel Vieira,wvieira@example.com,2024-05-01,Instagram,5,35961.01
4957,Dra. Melissa Garcia,souzafernanda@example.org,2024-04-30,Instagram,10,27007.86
4958,Luiza Fernandes,fvargas@example.com,2024-02-11,Instagram,2,39637.27
4959,Augusto Fonseca,heloisa88@example.org,2024-11-10,Instagram,1,37447.13
4960,João Gabriel Pastor,moraesdanilo@example.org,2024-08-19,Instagram,1,127414.24
4961,Dr. Enzo Gabriel da Paz,rochaeduarda@example.com,2025-02-03,Instagram,9,20082.18
4962,João Farias,nunesluiza@example.org,2024-11-18,Instagram,2,84127.29
4963,José Pedro Freitas,anna-lizcasa-grande@example.com,2024-04-30,Instagram,2,61497.83
4964,Dra. Bianca Brito,borgesdanilo@example.net,2024-10-03,Instagram,1,17537.86
4965,Maria Fernanda Sales,nascimentotheodoro@example.com,2024-01-17,Instagram,4,12948.38
4966,Mariana Moraes,pedro-miguel21@example.org,2025-01-21,Instagram,12,116509.13
4967,Dr. Dante Montenegro,cauaribeiro@example.com,2024-07-01,Instagram,11,96162.95
4968,Dra. Fernanda Rezende,sophia00@example.org,2024-03-07,Instagram,6,20100.08
4969,Otto da Luz,ceciliapimenta@example.com,2024-02-07,Instagram,2,32566.82
4970,Catarina Albuquerque,bianca48@example.org,2025-05-19,Instagram,6,80405.58
4971,Stella Mendes,silvajoao-miguel@example.org,2024-06-12,Instagram,4,44154.07
4972,Ravy Rodrigues,valentina47@example.com,2025-04-08,Instagram,4,76207.45
4973,Alana da Rocha,thalesmarques@example.org,2025-08-07,Instagram,11,44000.03
4974,Isis Rodrigues,lvieira@example.org,2024-12-31,Instagram,6,41462.38
4975,Pedro Barros,fcirino@example.com,2024-03-21,Instagram,12,31174.11
4976,Ana Julia da Mata,joao-pedro92@example.com,2025-03-09,Instagram,8,22244.75
4977,Mariane Pinto,ipastor@example.net,2024-02-11,Instagram,7,36672.79
4978,Olivia Farias,agatha58@example.com,2025-08-08,Instagram,7,40931.1
4979,Laís Azevedo,agathaabreu@example.org,2025-06-24,Instagram,7,59638.53
4980,Catarina Silveira,kamillyabreu@example.net,2024-10-11,Instagram,4,76024.66
4981,Dr. Fernando Sampaio,qfarias@example.org,2024-06-30,Instagram,9,29823.99
4982,Dra. Giovanna da Cunha,hda-cruz@example.net,2025-05-15,Instagram,3,54336.25
4983,Daniel Cassiano,sarah44@example.com,2025-02-07,Instagram,12,25147.56
4984,Isabelly Lima,joana11@example.com,2024-03-29,Instagram,9,27529.06
4985,Maria Liz Carvalho,rhaviaraujo@example.com,2025-06-22,Instagram,10,38190.48
4986,Otto Farias,rafaela05@example.org,2024-08-21,Instagram,3,183601.76
4987,Marcos Vinicius Andrade,jose-pedromachado@example.net,2025-10-06,Instagram,7,27182.07
4988,Isaque da Cruz,cunhalunna@example.net,2025-08-18,Instagram,4,54598.37
4989,Samuel Azevedo,pporto@example.org,2024-07-05,Instagram,12,50412.46
4990,Kaique Marques,larissa31@example.org,2024-06-19,Instagram,8,107808.99
4991,Breno Costela,mendoncayasmin@example.org,2024-10-08,Instagram,2,16773.85
4992,Raquel Nogueira,goncalveslara@example.org,2025-07-29,Instagram,9,258309.25
4993,Dr. Luiz Felipe Pinto,olivia66@example.org,2024-03-19,Instagram,3,101521.57
4994,Dr. Luan Santos,emanuel80@example.org,2024-08-07,Instagram,3,28383.6
4995,Stephany Cavalcanti,joao-lucas12@example.net,2025-04-08,Instagram,4,28593.78
4996,Ágatha Garcia,cpacheco@example.com,2024-01-19,Instagram,2,65563.0
4997,Júlia Gomes,luiz-fernando88@example.org,2024-02-01,Instagram,1,152297.87
4998,Dra. Laura Machado,fariasleandro@example.org,2025-06-25,IG,5,124392.46
4999,Bruno Rios,lucas-gabrielpimenta@example.net,2025-01-13,Instagram,12,25116.02
5000,Natália Borges,ottosouza@example.org,2025-02-01,Instagram,10,15446.08
5001,Gustavo Henrique Lopes,bmoreira@example.com,2024-06-13,Instagram,9,82992.43
5002,Pedro Miguel Souza,ynogueira@example.org,2025-01-18,Instagram,10,76940.73
5003,Ágatha Sampaio,marcelo72@example.net,2025-01-25,Instagram,12,9522.85
5004,Maria Flor Alves,kaiqueabreu@example.net,2024-10-20,Instagram,2,21321.62
5005,Melissa Novais,vitor-gabrielmacedo@example.org,2025-11-29,Instagram,1,422245.34
5006,Srta. Maria Luísa Cirino,pedro-miguelda-mata@example.net,2024-01-28,IG,12,45252.61
5007,Manuella Sá,maria-luiza35@example.com,2024-10-21,Instagram,7,28289.47
5008,Gael Rezende,marcelamonteiro@example.net,2025-09-09,Instagram,11,14623.64
5009,Srta. Ana Laura da Cunha,paulo58@example.com,2024-05-12,Instagram,9,103686.9
5010,Dra. Olivia Cunha,cardosomaria-eduarda@example.org,2025-11-05,Instagram,4,79034.45
5011,Dra. Carolina Cavalcante,manuela04@example.net,2024-10-28,Insta,3,32023.61
5012,José Miguel Aparecida,biancafernandes@example.com,2024-04-06,Instagram,10,48028.87
5013,Noah Moreira,manuellamarques@example.net,2024-02-24,Instagram,2,108540.94
5014,Juan Caldeira,leaomaria-liz@example.net,2024-08-16,Instagram,12,22311.4
5015,Ana Lívia Fonseca,yporto@example.com,2025-10-25,Instagram,3,49467.55
5016,Natália da Conceição,vviana@example.com,2025-11-09,Instagram,7,41211.75
5017,Alexia da Rosa,olivia46@example.com,2025-02-05,Instagram,12,17803.09
5018,Srta. Giovanna Cirino,diegosales@example.org,2024-03-11,Instagram,12,34032.25
5019,Yago Pereira,clarice87@example.net,2024-11-22,Instagram,7,10137.91
5020,Ana Albuquerque,pcastro@example.net,2024-10-23,Instagram,4,72732.86
5021,Julia Dias,liam64@example.org,2024-05-30,Instagram,10,59237.05
5022,Maria Sophia Alves,noah01@example.org,2024-02-13,Instagram,10,52416.46
5023,Srta. Heloisa da Cruz,salesisaac@example.org,2024-09-26,Instagram,7,44571.77
5024,Dra. Sara Borges,icasa-grande@example.org,2024-09-19,Instagram,5,53307.13
5025,Luiz Henrique Lima,duarteagatha@example.org,2025-05-11,Instagram,10,35606.63
5026,Vitor Hugo Rocha,camargoemanuelly@example.org,2024-10-05,Instagram,6,21118.68
5027,Raul da Mota,ayllaguerra@example.com,2024-01-08,Instagram,1,55390.43
5028,Davi Lucca Porto,kmendonca@example.net,2024-01-12,Instagram,2,108368.44
5029,Ana Sophia Dias,mfonseca@example.com,2025-04-29,Instagram,5,32906.62
5030,Maria Eduarda Martins,clarice75@example.net,2025-04-09,Instagram,12,177392.46
5031,Dr. Léo Alves,ayla36@example.org,2024-04-08,Instagram,7,17568.18
5032,Antonella Macedo,da-rosaolivia@example.com,2025-09-16,Instagram,3,32368.44
5033,Breno Novais,catarinacastro@example.net,2025-04-11,Instagram,2,38028.7
5034,Sr. Luiz Otávio Casa Grande,marquessofia@example.net,2024-04-04,Instagram,6,32780.0
5035,Elisa Vasconcelos,goncalvesana-sophia@example.org,2024-07-15,Instagram,6,73249.36
5036,Francisco Borges,evelyn74@example.net,2025-12-07,Instagram,9,145903.62
5037,Liam Cassiano,costelabruno@example.net,2024-10-15,Instagram,4,53000.43
5038,Renan Pires,nteixeira@example.com,2024-06-04,Instagram,2,30648.2
5039,Gabriela Alves,ana-claraaraujo@example.org,2025-01-14,Instagram,3,243869.76
5040,Sra. Isabella Cavalcanti,vianalucca@example.net,2024-05-11,Instagram,1,60579.91
5041,João Pedro Albuquerque,murilovargas@example.com,2025-07-19,Instagram,8,51090.92
5042,João Vitor Ramos,oliveiratheodoro@example.org,2025-07-21,Instagram,1,29533.82
5043,Caio Novaes,fonsecalucas@example.com,2025-07-26,Instagram,11,121832.56
5044,Luiza Pacheco,santosbenjamim@example.com,2025-03-11,Instagram,10,42376.18
5045,Isis Borges,renancassiano@example.com,2025-05-04,Instagram,2,22072.27
5046,Nicolas Albuquerque,novaeserick@example.org,2024-08-11,Instagram,1,49335.39
5047,Kevin Sousa,viniciusmontenegro@example.net,2025-09-25,Instagram,7,78958.38
5048,Dr. Bernardo Costa,luanasales@example.org,2024-03-28,Instagram,6,63843.17
5049,Mariane Nogueira,lborges@example.com,2024-06-18,Instagram,6,76963.68
5050,João Vitor Cardoso,vargasigor@example.org,2025-12-25,Instagram,3,17478.83
5051,Enzo Pinto,sampaionicolas@example.net,2025-11-26,Instagram,9,137519.06
5052,Henry Gabriel Aparecida,da-rochaana-laura@example.net,2025-01-04,Instagram,5,89147.99
5053,Enrico Pinto,novaiszoe@example.net,2024-12-30,Instagram,12,114194.85
5054,Ana Lívia Pacheco,arocha@example.com,2024-03-10,Instagram,3,20062.84
5055,Sr. Gabriel Camargo,rochabrayan@example.net,2025-04-09,Instagram,5,18890.75
5056,Bernardo Rios,matheusduarte@example.com,2024-01-18,Instagram,1,18881.73
5057,Gabrielly Brito,ocassiano@example.com,2024-08-05,Instagram,8,23269.57
5058,Maria Liz Mendonça,da-rosadavi-miguel@example.com,2024-10-23,Instagram,11,9687.95
5059,Anthony Rezende,agathanunes@example.org,2025-10-06,Instagram,12,19308.83
5060,Bruna Montenegro,cda-rocha@example.com,2025-12-03,Instagram,5,45646.39
5061,Daniel da Costa,liamalmeida@example.org,2025-12-08,Instagram,1,68435.48
5062,João Pastor,lorena07@example.org,2025-07-25,Instagram,6,116717.6
5063,Valentim Melo,dferreira@example.net,2024-07-17,Instagram,7,35146.67
5064,Mirella Ferreira,elisasantos@example.net,2024-01-26,Instagram,3,20764.87
5065,Clarice Câmara,garciaoliver@example.org,2024-10-28,Instagram,8,36060.58
5066,Amanda Costa,gramos@example.net,2024-07-23,Instagram,3,41651.94
5067,Caleb Rezende,diaslunna@example.org,2025-04-05,Insta,1,36935.41
5068,Mateus Vargas,dantelima@example.com,2024-09-19,Instagram,5,206435.58
5069,Alícia Albuquerque,alana69@example.com,2025-10-04,Instagram,3,32166.48
5070,Isabelly Silva,thalescunha@example.net,2024-09-21,Instagram,11,21144.01
5071,Ana Liz Alves,vcaldeira@example.net,2024-09-24,Instagram,3,41962.61
5072,Sr. Apollo Pacheco,razevedo@example.net,2025-06-22,Instagram,8,30292.55
5073,Otto Costa,luiz-otaviocunha@example.com,2025-02-21,Instagram,10,27772.28
5074,Arthur Sá,ifernandes@example.com,2024-06-19,Instagram,4,29133.21
5075,João Pedro Sampaio,luigida-cruz@example.com,2025-04-21,Insta,9,29664.97
5076,Sr. Thales Cirino,sabrinaduarte@example.net,2025-02-05,Instagram,2,129334.32
5077,Srta. Maria Fernanda Novaes,yan55@example.org,2024-03-01,Instagram,7,21474.79
5078,Danilo Oliveira,bviana@example.org,2024-12-01,Instagram,9,252306.84
5079,Valentim Cavalcante,lizmonteiro@example.net,2025-10-24,Instagram,3,58154.76
5080,Gabrielly Novaes,zcosta@example.net,2024-05-16,Instagram,8,24701.19
5081,Evelyn Casa Grande,sophiaalmeida@example.org,2024-10-20,Instagram,6,27619.93
5082,Isaac Jesus,luna58@example.com,2024-07-05,Instagram,2,217888.19
5083,Mariah da Mota,esousa@example.net,2025-01-21,Instagram,9,31163.2
5084,Carlos Eduardo Gonçalves,marianevargas@example.org,2025-12-09,Instagram,8,62616.1
5085,Arthur Miguel Guerra,heitormarques@example.com,2024-08-02,Instagram,8,75258.63
5086,Sr. Pedro Miguel Mendes,handrade@example.com,2025-08-21,Instagram,8,32620.68
5087,Dr. André Moraes,camargovitor-gabriel@example.com,2025-08-26,Instagram,9,122410.19
5088,Léo Macedo,yasmincamargo@example.net,2024-06-22,Instagram,3,33633.74
5089,Heitor Sampaio,eazevedo@example.com,2025-07-03,IG,7,42173.29
5090,Maria Helena Campos,das-neveshelena@example.org,2025-12-21,Instagram,7,23736.36
5091,Marcos Vinicius Barbosa,moreiralucas-gabriel@example.com,2025-11-21,Instagram,2,16660.46
5092,Dra. Alícia Viana,carolina54@example.com,2025-03-03,Instagram,8,91568.37
5093,Dr. Erick Sousa,pmontenegro@example.com,2024-04-02,Instagram,9,56339.98
5094,Jade Vasconcelos,melinamachado@example.org,2024-03-11,Instagram,3,23317.97
5095,Apollo Costa,yago54@example.com,2024-06-28,Instagram,10,27491.95
5096,Maria Rocha,bviana@example.org,2025-02-28,Instagram,2,12872.82
5097,Igor Abreu,borgesjulia@example.net,2024-09-30,Instagram,11,79062.83
5098,Dom Monteiro,pedro-lucasmoreira@example.com,2025-05-07,Instagram,10,10029.06
5099,Olivia da Mata,gael-henriquerezende@example.net,2025-07-16,Instagram,1,126054.63
5100,Giovanna Gomes,sophiefreitas@example.net,2024-04-23,Instagram,8,21815.98
5101,Luan Rocha,yalmeida@example.net,2025-10-14,Instagram,10,75938.36
5102,José Pedro Alves,jesuseloah@example.org,2024-02-04,Instagram,3,22152.1
5103,Bruna Azevedo,julianasales@example.com,2024-06-26,Instagram,9,32410.64
5104,Isaque da Mota,yago37@example.com,2025-08-07,Instagram,5,10576.83
5105,Anthony Gabriel Sales,zcavalcanti@example.com,2024-04-25,Instagram,11,24149.08
5106,Luísa Silva,josue42@example.net,2024-05-22,Instagram,12,102752.36
5107,Dr. João Miguel Pimenta,klima@example.com,2025-12-09,Instagram,12,47718.95
5108,Davi Miguel Barros,ssampaio@example.com,2025-10-19,Instagram,2,32682.3
5109,Caroline Melo,lucca80@example.org,2025-08-05,Instagram,8,76231.34
5110,Oliver Souza,ramosmaite@example.org,2024-04-18,Instagram,8,48403.71
5111,Leandro Martins,antonella92@example.org,2024-06-18,Instagram,9,13099.5
5112,Sr. Nicolas Silva,rafaelcastro@example.com,2024-06-02,Instagram,3,130413.66
5113,Théo Pereira,fsilva@example.net,2024-04-29,Instagram,1,10254.65
5114,Ana Clara Aragão,macedoapollo@example.com,2025-12-05,Instagram,10,12426.76
5115,Bella Cardoso,barbara76@example.org,2024-04-13,Instagram,7,44133.23
5116,Dra. Isabella Aparecida,ana-julia84@example.org,2025-06-12,Instagram,4,148221.03
5117,Sra. Emanuella Pires,ana-sophiasilva@example.com,2024-01-29,Instagram,11,6640.81
5118,Vitor Hugo Costa,maria-sophiacavalcante@example.net,2025-01-25,Instagram,5,6440.52
5119,Olivia Silva,jade79@example.net,2024-02-10,Instagram,1,16468.81
5120,Gustavo Henrique Aragão,kamillyduarte@example.com,2024-02-05,Instagram,8,35287.59
5121,Rafael Silva,fbrito@example.com,2024-05-29,Instagram,3,124452.53
5122,Caroline Siqueira,mouramaria-helena@example.org,2025-10-29,Instagram,3,30503.48
5123,Stephany Vieira,diogo07@example.net,2025-03-25,Instagram,4,44022.55
5124,Bárbara Camargo,ecampos@example.com,2025-04-02,Instagram,7,36051.23
5125,Jade da Cunha,psilva@example.org,2024-07-23,Instagram,7,110329.37
5126,Thiago da Costa,teixeiramaria-cecilia@example.com,2025-05-25,Instagram,10,138526.76
5127,Erick Siqueira,mariana38@example.net,2025-04-25,Instagram,12,55544.4
5128,Maitê Santos,rodrigomonteiro@example.net,2024-11-26,Instagram,4,138569.36
5129,Rafaela da Rocha,amarques@example.org,2025-04-25,Instagram,5,51867.28
5130,Bárbara Pires,carolinada-cruz@example.org,2025-09-16,Instagram,5,27869.73
5131,Sr. Emanuel Borges,novaesluan@example.org,2025-11-26,Instagram,9,266284.44
5132,Rafaela Oliveira,pimentajulia@example.net,2025-12-28,Instagram,6,64094.1
5133,Maria Sophia Siqueira,casa-grandevitoria@example.com,2024-12-20,Instagram,3,100312.55
5134,Sr. Yan Cunha,maria-clara16@example.com,2024-01-19,Instagram,8,6713.22
5135,Vitória Carvalho,vargasalexandre@example.org,2024-05-29,Instagram,6,97750.26
5136,Ravy Albuquerque,machadocaleb@example.org,2024-05-05,Instagram,11,39409.09
5137,Stephany Vasconcelos,mouraolivia@example.net,2024-07-25,Instagram,5,55228.69
5138,Maya Sá,lucasandrade@example.com,2024-09-11,Instagram,11,17302.61
5139,Srta. Sophie da Costa,mirella49@example.org,2025-04-15,Instagram,2,49845.21
5140,Maya Mendonça,valentina76@example.net,2025-01-14,Instagram,12,44074.92
5141,Nicolas Ferreira,meloallana@example.net,2025-04-01,Instagram,2,47131.44
5142,Luigi Gonçalves,luisa26@example.com,2025-12-06,Instagram,9,44292.24
5143,Maria Cecília Rocha,felipe98@example.org,2024-01-28,Instagram,11,9934.84
5144,Bella Machado,melina79@example.com,2024-01-09,Instagram,6,51059.12
5145,Asafe Correia,brenda22@example.org,2025-04-13,Instagram,3,90537.29
5146,Pedro Henrique Cavalcanti,opimenta@example.org,2025-01-26,Instagram,3,17239.43
5147,Davi Lucas Souza,qribeiro@example.com,2024-12-15,IG,1,28895.74
5148,Marcelo Macedo,rodrigoalbuquerque@example.net,2025-09-06,Instagram,2,73975.1
5149,Srta. Nicole Sá,bruno63@example.com,2024-04-07,Instagram,4,12612.12
5150,Pedro Moraes,juan24@example.com,2025-02-11,Instagram,6,57884.96
5151,Pietra Freitas,cardosocaroline@example.net,2025-11-03,Instagram,10,60902.67
5152,Gabriela Mendes,araujoelisa@example.org,2024-11-13,Instagram,5,32620.2
5153,Maria Luísa Peixoto,mathiascarvalho@example.com,2025-02-15,Instagram,1,97848.46
5154,Isabel Cunha,jose-pedro28@example.com,2024-02-10,Instagram,12,23163.89
5155,Sra. Eduarda Vargas,maria-florcarvalho@example.org,2024-09-03,Instagram,6,64895.95
5156,Emanuelly Cirino,oliver10@example.org,2024-01-24,Instagram,8,69443.52
5157,Ravy Vargas,abreuyasmin@example.net,2025-02-10,IG,6,15423.4
5158,Luana Casa Grande,theodoroandrade@example.org,2025-02-21,Instagram,2,9540.56
5159,Sra. Alexia da Mata,mateusda-conceicao@example.org,2025-11-18,Instagram,10,51155.56
5160,Camila Pires,sophieda-mota@example.com,2025-03-25,Instagram,4,67002.81
5161,Antonella Cardoso,mariah80@example.com,2024-01-02,Instagram,7,125605.33
5162,Hellena Macedo,pastorsabrina@example.net,2025-08-21,Instagram,7,40493.95
5163,Maria Fernanda Sá,mendeslaura@example.net,2024-08-18,Instagram,9,31581.51
5164,Maria Isis Nogueira,rezendehelena@example.com,2025-05-18,Instagram,2,32399.66
5165,Dr. Leandro da Rosa,gaelfreitas@example.com,2024-06-26,Instagram,9,318272.64
5166,Ágatha Vieira,maria-fernandapinto@example.net,2025-06-23,Instagram,5,66517.75
5167,Pedro Henrique da Rocha,duartenoah@example.net,2025-10-30,Instagram,9,28150.36
5168,Rael Costa,hmoreira@example.com,2024-02-15,Instagram,10,101850.29
5169,Gabrielly da Luz,saranovais@example.org,2025-01-25,Instagram,4,25247.02
5170,Ana Carolina Câmara,mpimenta@example.com,2025-01-23,Instagram,12,28202.24
5171,Stella Cunha,enricosales@example.com,2024-07-14,Instagram,2,24205.17
5172,Isaac Cavalcante,peixotonina@example.com,2024-08-28,Instagram,12,82481.31
5173,Mariah Ferreira,enrico02@example.com,2025-04-21,Instagram,12,47355.69
5174,Miguel Lopes,psousa@example.net,2024-07-19,Instagram,6,69362.32
5175,Ana Carolina Guerra,tcamara@example.com,2024-01-18,Instagram,9,48664.62
5176,Olivia Borges,sophia63@example.org,2025-07-01,Instagram,2,48299.49
5177,Maria Alice Silveira,siqueiraalexandre@example.org,2025-03-16,Instagram,11,104575.84
5178,Lívia Cirino,juan76@example.org,2024-06-15,Instagram,4,22441.9
5179,Cauã Duarte,isadora37@example.com,2025-11-27,Instagram,6,34316.81
5180,Oliver da Conceição,barbara94@example.org,2025-10-09,Instagram,11,33563.49
5181,Luiz Fernando Duarte,kamilly56@example.net,2025-11-29,Insta,2,71767.52
5182,Maria Eduarda Costa,melodanilo@example.net,2025-01-07,Instagram,5,129993.82
5183,Helena Andrade,cassianofernando@example.org,2024-06-02,Instagram,8,44656.8
5184,Clara Sousa,ycostela@example.net,2024-04-18,Instagram,12,100469.31
5185,Hellena Rodrigues,clarasousa@example.com,2025-11-16,Instagram,3,16646.05
5186,Nicole Costela,luigisiqueira@example.org,2025-10-04,Instagram,9,23239.09
5187,Thiago Machado,paulo91@example.com,2025-06-08,Instagram,6,30355.84
5188,Maria Júlia Abreu,pachecojosue@example.org,2025-01-06,Instagram,6,38392.16
5189,Alexia da Rosa,ugoncalves@example.net,2024-09-28,Instagram,11,23084.95
5190,Pedro Miguel Costela,juliadas-neves@example.com,2025-05-10,Instagram,1,70989.95
5191,Fernanda Rios,wmoraes@example.net,2024-01-06,Instagram,4,95786.93
5192,Dr. Caleb Mendes,dvieira@example.net,2025-01-14,IG,8,63225.23
5193,Alícia Peixoto,mayabrito@example.com,2025-04-22,Instagram,12,54124.96
5194,Luiz Otávio Porto,albuquerqueallana@example.com,2025-06-18,Instagram,3,63306.58
5195,Isadora Silva,larissa69@example.com,2024-11-18,Instagram,8,46599.38
5196,Thales Vieira,ravi-luccanogueira@example.com,2025-06-11,Instagram,12,54481.4
5197,Ana Laura Souza,jose-pedro89@example.org,2024-02-25,Instagram,3,82761.99
5198,Luísa Gomes,fferreira@example.net,2024-06-01,Instagram,5,65049.44
5199,Pedro Miguel Nogueira,manuella71@example.net,2024-03-28,Instagram,11,11581.04
5200,Ágatha Montenegro,liviada-mota@example.org,2024-08-26,Instagram,1,45111.38
5201,Luiz Gustavo Aparecida,umoraes@example.net,2024-08-30,Instagram,6,22109.59
5202,Theodoro Aparecida,vcastro@example.com,2024-09-21,Instagram,5,94892.46
5203,Dom da Costa,moraesheloisa@example.com,2024-11-30,Instagram,4,53731.48
5204,Eloah da Luz,ana-ceciliavasconcelos@example.org,2024-11-06,Instagram,4,22625.37
5205,Dr. Vinícius Guerra,luiz-gustavo12@example.org,2024-12-22,Instagram,4,57440.61
5206,Maria Alice Gomes,da-costamirella@example.com,2025-06-17,Instagram,5,39395.36
5207,André Moreira,costelabianca@example.com,2024-03-27,Insta,2,50670.59
5208,Lavínia Garcia,tabreu@example.net,2024-09-04,Instagram,11,42080.11
5209,Heitor Mendes,cda-luz@example.com,2024-01-01,Instagram,2,56493.42
5210,Marina Sousa,ribeiroenrico@example.com,2024-01-16,Instagram,9,71772.51
5211,Francisco Cavalcanti,fernandescaio@example.org,2025-03-03,Instagram,2,16130.16
5212,Dra. Maria Luiza Sampaio,clara86@example.net,2025-09-23,Instagram,10,11602.29
5213,Ana Lívia Porto,aparecidaana-julia@example.org,2024-07-30,Instagram,6,37141.27
5214,Sr. Henrique Cunha,joao86@example.net,2024-10-11,Instagram,10,73732.55
5215,Dra. Maria Liz Abreu,camaraolivia@example.com,2024-05-15,Instagram,7,26048.4
5216,Sr. Apollo Cavalcante,maria-luisa38@example.org,2024-03-27,Instagram,7,44075.1
5217,Arthur Azevedo,ana-beatrizfogaca@example.com,2025-09-29,Instagram,3,22389.58
5218,Vitor Hugo Borges,daniel61@example.net,2025-02-10,Instagram,3,20599.16
5219,Danilo Correia,ypires@example.net,2025-05-12,Instagram,7,82751.76
5220,Sr. Luiz Henrique Fernandes,oliveiragabriel@example.net,2025-09-27,Instagram,1,52522.51
5221,Dra. Hellena Oliveira,cnascimento@example.org,2025-02-20,Instagram,3,42108.24
5222,Marina Vieira,ebarbosa@example.org,2024-04-23,Instagram,5,37116.56
5223,Alexia Ramos,juan93@example.net,2025-05-18,Instagram,2,20800.04
5224,Luiz Otávio Almeida,gsampaio@example.net,2025-06-13,Instagram,12,77167.91
5225,Antonella Cassiano,olivercarvalho@example.org,2024-10-20,Instagram,5,14676.59
5226,João Lucas Oliveira,luan20@example.net,2025-03-10,Instagram,8,67002.93
5227,Asafe Rios,cunhamaria-liz@example.net,2024-12-17,Instagram,3,78733.74
5228,Ravy Monteiro,rebeca85@example.com,2024-08-21,Instagram,5,131933.31
5229,Pietro da Cunha,gomesisabelly@example.org,2025-04-18,Instagram,2,86932.01
5230,Fernando Leão,beniciorezende@example.org,2024-06-12,Instagram,5,133980.95
5231,Mathias Pastor,diogo65@example.com,2024-08-16,Instagram,6,293206.85
5232,Ayla Cavalcante,camposlorena@example.org,2024-10-14,Instagram,9,49451.64
5233,Ana Luiza Nogueira,camposjoao@example.net,2025-03-09,Instagram,9,90755.36
5234,Dra. Heloísa Rocha,matteoaraujo@example.org,2025-09-05,Instagram,4,80139.29
5235,Dr. Thomas Vargas,upacheco@example.org,2025-03-09,Instagram,7,22697.16
5236,Paulo Viana,pedro-miguelcamargo@example.com,2025-05-27,Instagram,1,86474.01
5237,Manuela Peixoto,qnovais@example.net,2024-07-19,Instagram,4,112077.26
5238,Bella Almeida,gporto@example.net,2025-02-20,Instagram,4,56910.41
5239,Ana Julia da Paz,bento52@example.org,2024-03-01,Instagram,5,70278.74
5240,Diego Sá,cunhalavinia@example.org,2024-11-28,Instagram,3,124970.37
5241,Camila Guerra,gustavo80@example.com,2025-05-01,Instagram,7,50206.53
5242,Nicolas Aparecida,salesmelina@example.org,2024-04-23,Instagram,3,107266.05
5243,Arthur Miguel Vasconcelos,yagolima@example.net,2025-10-12,Instagram,10,39795.06
5244,Dr. João Lucas Nunes,bento60@example.net,2024-10-22,Instagram,9,60108.39
5245,Lívia Montenegro,jesusjoao@example.net,2025-04-17,Instagram,6,10940.54
5246,Julia Fernandes,mlopes@example.net,2024-12-03,Instagram,7,38374.33
5247,Yago Ferreira,mendoncavalentim@example.org,2025-06-01,Instagram,3,17757.46
5248,Kamilly Barros,joao-pedro90@example.com,2025-02-18,Instagram,1,52901.66
5249,Maria Alice Marques,llopes@example.com,2024-03-14,Instagram,11,9340.31
5250,Vitor da Paz,wguerra@example.com,2025-10-28,Instagram,11,25262.4
5251,Antonella Peixoto,mathias01@example.com,2025-04-09,Instagram,2,56217.66
5252,Thales Carvalho,ecampos@example.com,2024-12-05,Instagram,4,37651.09
5253,Maria Flor Moreira,arthur26@example.org,2025-04-21,Instagram,6,89030.14
5254,Melissa Gomes,camposheloisa@example.com,2024-06-23,Instagram,4,52268.98
5255,Vitor Hugo Guerra,xalbuquerque@example.org,2025-06-30,Instagram,11,152208.48
5256,Vicente Cardoso,isabelly89@example.net,2024-10-18,Instagram,3,20900.07
5257,Maria Sophia Mendes,camposisabela@example.com,2025-07-30,instagram,5,30815.52
5258,Eduarda Monteiro,srodrigues@example.org,2024-07-04,Instagram,11,24001.96
5259,Benício Fonseca,ncardoso@example.org,2025-07-18,Instagram,8,37284.15
5260,Srta. Luna Casa Grande,luiz-henrique35@example.org,2025-10-15,Instagram,9,137774.47
5261,Dr. Arthur Gabriel Abreu,rebeca94@example.net,2025-12-14,Instagram,10,65989.76
5262,Ana Luiza Machado,henriquefonseca@example.org,2025-07-07,Instagram,4,91913.89
5263,Sr. Anthony Pires,rafael53@example.org,2025-05-11,Instagram,9,13485.32
5264,Dante Moraes,esther60@example.com,2025-01-11,Instagram,2,36416.08
5265,Heloísa da Paz,ryancassiano@example.org,2024-03-02,Instagram,1,99958.68
5266,Dra. Camila Abreu,casa-grandevitor-hugo@example.com,2025-02-03,Instagram,12,36466.28
5267,Srta. Bianca Vieira,dom40@example.net,2025-02-05,Instagram,8,33755.26
5268,Sophie Câmara,matteo77@example.net,2024-02-06,Instagram,9,26493.09
5269,Clarice Sales,caleb21@example.org,2025-05-01,Instagram,10,3995.87
5270,Vitória Casa Grande,franciscocunha@example.com,2024-03-31,Insta,7,18012.59
5271,Stella Barros,rezendearthur@example.org,2025-02-25,Instagram,10,71290.53
5272,Maria Isis Cassiano,luan65@example.com,2024-12-06,Instagram,5,14345.42
5273,Maya Cunha,eloa87@example.com,2025-09-22,Instagram,7,29882.22
5274,Luiz Felipe Cardoso,xcunha@example.net,2024-05-31,Instagram,11,13511.46
5275,Theodoro Moreira,matteosouza@example.com,2024-04-16,Instagram,5,51577.46
5276,Clarice Dias,ana-carolina22@example.net,2025-01-29,Instagram,12,173038.37
5277,Sr. Luan Camargo,martinssara@example.net,2024-11-25,Instagram,3,54307.71
5278,Ester Novaes,fariascaleb@example.org,2024-04-09,Instagram,10,38418.98
5279,Lucca Fonseca,saracirino@example.net,2025-03-08,Instagram,4,26738.67
5280,Eduarda Abreu,lunna67@example.com,2025-10-15,IG,1,20812.03
5281,Maria Flor Santos,nascimentojose-miguel@example.net,2025-06-07,Instagram,3,28000.18
5282,Sabrina da Rosa,melissa71@example.net,2024-05-14,Instagram,8,30237.86
5283,Caroline Araújo,ndias@example.org,2024-06-05,Instagram,10,35324.42
5284,Helena Silva,xnovais@example.net,2025-02-01,Instagram,5,64226.1
5285,Cauã Freitas,isabelacardoso@example.org,2025-04-22,Instagram,7,118770.03
5286,Ana Beatriz Mendes,enzo44@example.org,2025-12-12,Instagram,5,41095.87
5287,Davi Albuquerque,rbarros@example.com,2024-03-02,Instagram,3,21868.33
5288,Sr. Mateus das Neves,maria-eduarda44@example.org,2025-01-26,Instagram,2,22455.44
5289,Bernardo Peixoto,zbrito@example.org,2025-12-20,Insta,4,67352.79
5290,Maria Cecília da Conceição,ryanda-mota@example.net,2024-03-06,Instagram,10,18760.91
5291,Eloah Pinto,dpimenta@example.org,2025-12-06,Instagram,12,29314.77
5292,Apollo Sá,souzanoah@example.net,2024-11-27,Instagram,3,87618.09
5293,Henry Gabriel da Rocha,maysa58@example.net,2025-05-21,Instagram,3,109651.35
5294,Dr. Bernardo Siqueira,meloolivia@example.com,2024-10-28,instagram,6,26783.56
5295,Davi Lucca Camargo,leandro79@example.com,2025-08-28,Instagram,10,27742.23
5296,Rafael Lopes,oliviacardoso@example.com,2025-10-16,Instagram,1,57705.65
5297,Augusto Costela,isaaccastro@example.org,2024-04-13,Instagram,6,57708.54
5298,Ian Pereira,vinicius80@example.com,2025-06-13,Instagram,7,65862.94
5299,João Vitor Machado,isaacdas-neves@example.net,2024-01-12,Instagram,8,29096.41
5300,Dra. Helena Gonçalves,ddas-neves@example.com,2024-07-06,Instagram,1,12465.39
5301,Sra. Jade Abreu,oalmeida@example.com,2025-01-29,Instagram,12,37681.9
5302,Maria Sophia Teixeira,isadora00@example.net,2025-03-01,Instagram,11,47989.55
5303,Maria Flor Silva,lorenzonovaes@example.org,2024-09-14,Instagram,12,81884.33
5304,Fernando Viana,isaquepacheco@example.org,2024-07-01,Instagram,2,56859.21
5305,Maria Vitória Nascimento,maria-luisanovais@example.com,2024-04-17,Instagram,11,49296.62
5306,Catarina Lima,pedro93@example.org,2024-06-06,Instagram,6,125128.04
5307,Kaique Silveira,lorena92@example.net,2024-03-19,Instagram,3,104540.32
5308,Murilo Guerra,randrade@example.net,2024-06-23,Instagram,10,43598.87
5309,Sr. Calebe Cirino,thiagorezende@example.com,2025-08-12,Instagram,6,51115.66
5310,Luigi Moreira,fernando18@example.net,2024-07-15,Instagram,6,136750.17
5311,Pedro Ferreira,cassianovicente@example.org,2025-10-16,Instagram,2,54362.93
5312,Arthur Gomes,maria-helenanovais@example.net,2024-06-10,Instagram,3,24146.66
5313,Renan Sá,das-nevesrael@example.com,2024-12-23,Instagram,11,78426.82
5314,Vinícius Brito,salesjuliana@example.net,2024-04-14,Instagram,7,70210.35
5315,Dr. Luiz Miguel Sousa,valentim21@example.net,2024-01-10,Instagram,3,34652.64
5316,Theo Oliveira,gustavo-henriquecostela@example.com,2025-03-16,Instagram,1,69021.2
5317,Matteo Fernandes,fcavalcanti@example.com,2024-08-25,Instagram,8,149152.19
5318,Mariane Moreira,fmelo@example.com,2024-08-30,Instagram,2,211062.01
5319,Giovanna Fonseca,nbarbosa@example.com,2024-10-15,Instagram,1,103609.82
5320,Ryan da Cunha,pachecocecilia@example.org,2025-07-07,Instagram,2,86397.11
5321,Amanda Novaes,luiz-henrique67@example.org,2024-10-09,Instagram,9,29682.14
5322,Guilherme Pereira,rochamariana@example.com,2024-02-20,Instagram,5,98597.06
5323,Luiz Otávio Alves,britodom@example.org,2024-07-08,Instagram,12,21327.22
5324,Cauê Farias,sara04@example.com,2025-02-13,Instagram,11,51203.27
5325,Gael Henrique Jesus,melina92@example.org,2025-12-26,Instagram,5,32256.16
5326,Anthony Gabriel Borges,silveirasabrina@example.com,2024-03-27,Instagram,5,42952.35
5327,Matheus Vasconcelos,maria-clara90@example.com,2024-08-13,Instagram,8,31288.95
5328,Aurora Fernandes,hcamara@example.net,2024-12-18,Instagram,4,27514.56
5329,Mateus Marques,qmartins@example.org,2025-11-13,Instagram,5,84017.85
5330,Milena Cirino,pachecoisabel@example.org,2024-03-04,Instagram,3,112123.05
5331,Fernando Teixeira,maria-ceciliacirino@example.com,2025-07-21,Instagram,8,68340.99
5332,Henry Gabriel Rocha,danilofonseca@example.net,2025-05-25,Instagram,7,43337.57
5333,Maysa Castro,eloa97@example.org,2024-07-30,Instagram,1,11143.17
5334,Maria Clara Fonseca,mpinto@example.org,2025-07-04,Instagram,6,33253.92
5335,Nina Abreu,camargobruna@example.com,2025-02-12,Insta,11,218389.63
5336,Aylla Martins,ocostela@example.org,2024-04-16,Instagram,12,110199.77
5337,Sra. Alana Pastor,vmoraes@example.com,2024-07-13,Instagram,11,174464.64
5338,Zoe Ramos,esa@example.org,2024-08-17,Instagram,2,50048.82
5339,Manuela Rocha,wcosta@example.net,2024-08-13,Instagram,2,35120.15
5340,Pietra Pastor,otavio36@example.com,2025-06-12,Instagram,10,151198.91
5341,Theo Aragão,giovannacosta@example.org,2025-04-09,Instagram,7,30854.65
5342,Maria Laura Monteiro,wteixeira@example.net,2025-08-11,Instagram,1,147146.67
5343,Julia Sousa,rafaela76@example.com,2025-01-06,Instagram,7,38405.35
5344,Joana Pacheco,luisa15@example.com,2024-09-04,Instagram,12,20510.41
5345,Isabella da Mota,uda-cunha@example.net,2024-02-08,Instagram,9,49343.54
5346,Davi Lucca da Cunha,vasconcelosemanuella@example.org,2025-07-21,Instagram,6,95923.37
5347,Sabrina Cavalcante,novaisyago@example.net,2024-02-12,Instagram,9,45658.76
5348,Dra. Maria Laura Dias,valentimfarias@example.org,2024-07-26,Instagram,11,37625.35
5349,Pedro Lucas Ferreira,benicio78@example.org,2025-04-15,Instagram,1,77717.65
5350,Sr. Vitor Cunha,sophiefreitas@example.com,2025-06-26,Instagram,8,33064.34
5351,Esther Cirino,da-cruzjoana@example.net,2024-02-09,Instagram,5,31044.13
5352,Liz Sousa,sampaioyuri@example.org,2025-03-04,Instagram,3,13866.11
5353,Hellena Marques,danielda-mota@example.org,2024-03-23,Instagram,7,102943.09
5354,Sr. Matheus Cunha,theoalves@example.com,2025-06-21,Instagram,5,42640.88
5355,Augusto Sousa,joanafonseca@example.net,2025-05-30,Instagram,4,37100.77
5356,Vitor Machado,mcostela@example.com,2025-06-13,Instagram,3,57766.11
5357,Nina da Mota,sda-mata@example.com,2024-02-06,Instagram,1,89402.64
5358,Ana Carolina da Cruz,joao-gabrielmendonca@example.org,2025-02-03,Instagram,6,48535.38
5359,Olívia da Luz,fariasjuan@example.org,2024-06-07,Instagram,1,64702.38
5360,Dra. Larissa Azevedo,borgesasafe@example.org,2024-12-27,Instagram,10,31550.33
5361,Rebeca Lopes,mendessophie@example.org,2025-12-22,Instagram,12,132659.66
5362,Lunna Camargo,hda-rosa@example.com,2024-02-22,IG,12,75723.4
5363,Nicole Melo,hcosta@example.org,2025-02-24,instagram,7,63960.35
5364,Antônio Lima,da-luztheodoro@example.org,2024-04-12,Instagram,5,65228.19
5365,Dr. Marcelo da Mata,lmoura@example.org,2025-01-06,instagram,1,33197.66
5366,Sr. Luiz Felipe Rios,juliaandrade@example.org,2025-01-12,Instagram,1,38503.0
5367,Ana Silveira,emoura@example.com,2024-11-22,Instagram,12,31141.44
5368,Olivia Araújo,obarros@example.net,2025-03-25,Instagram,12,68275.25
5369,Bárbara Castro,rhavisilveira@example.com,2025-12-08,Instagram,11,100522.76
5370,Henrique Nunes,cardosomarcos-vinicius@example.com,2025-07-30,Instagram,1,51788.61
5371,Isis Fonseca,gustavo33@example.com,2025-11-24,Instagram,6,39409.69
5372,Sarah Machado,fariasmirella@example.org,2024-04-30,Instagram,5,34514.67
5373,Ana Luiza Teixeira,piresjade@example.net,2025-12-25,Instagram,4,37458.98
5374,Sr. Arthur Lima,bruno70@example.com,2024-07-29,Instagram,3,89709.7
5375,Gabrielly Teixeira,lunna84@example.net,2024-01-20,Instagram,10,33806.13
5376,Anthony da Conceição,pietra57@example.org,2024-11-06,Instagram,10,159526.35
5377,Luísa Ribeiro,anthony-gabriel44@example.net,2024-06-11,instagram,8,58530.18
5378,Rhavi Cirino,pimentaantonio@example.org,2025-06-25,Instagram,3,173743.99
5379,Rael Novaes,heloisada-cunha@example.org,2024-02-20,Instagram,9,33976.48
5380,Srta. Mariane Monteiro,milena44@example.com,2025-01-27,Instagram,3,27790.17
5381,Yuri Novais,pedro03@example.org,2024-07-16,Instagram,1,33136.34
5382,Ana Beatriz Martins,luiza05@example.org,2024-05-12,instagram,9,9468.21
5383,Ana Júlia Campos,liam30@example.org,2025-09-22,Instagram,3,79703.26
5384,Maria Liz Garcia,pedro-lucasalmeida@example.net,2025-01-09,instagram,7,70950.84
5385,Joaquim Fogaça,qfogaca@example.org,2024-08-15,Instagram,5,38951.55
5386,Arthur Macedo,fogacayan@example.org,2025-06-12,Instagram,9,126530.89
5387,Ravi Costela,benjamimcampos@example.org,2025-09-06,Instagram,5,40607.48
5388,Maria Alice Cunha,novaisbeatriz@example.org,2024-11-10,Instagram,4,97990.15
5389,João Vitor Cardoso,emanuelrios@example.net,2024-04-24,Instagram,2,75277.44
5390,Arthur Miguel Teixeira,imoreira@example.org,2025-12-26,Instagram,12,267075.69
5391,Vinícius Campos,nunesrenan@example.org,2024-09-10,Instagram,1,109830.55
5392,Dr. Vinícius da Paz,hcunha@example.com,2024-05-11,Instagram,11,52579.41
5393,Raquel Peixoto,lcostela@example.net,2024-03-01,Instagram,8,44285.42
5394,Srta. Júlia Silva,beatriz38@example.org,2024-03-14,Instagram,3,32658.82
5395,Sr. Vitor Gabriel Castro,rcasa-grande@example.org,2025-11-12,Instagram,7,81723.84
5396,Cecilia Lopes,joao95@example.org,2025-11-15,Instagram,7,102039.69
5397,Manuela Cirino,emanuella76@example.net,2025-01-04,Instagram,11,71691.96
5398,Anna Liz Fernandes,bryan30@example.net,2025-05-02,Instagram,1,100548.93
5399,Otávio Siqueira,ana-julia48@example.com,2025-08-21,Instagram,11,42032.17
5400,Bella Rocha,arthur48@example.net,2025-02-01,Instagram,9,32670.02
5401,Danilo Silva,bento89@example.org,2025-04-14,Instagram,9,30838.64
5402,Jade da Paz,ssilva@example.org,2025-12-01,Insta,6,13676.11
5403,Lucas Gabriel Alves,mjesus@example.com,2024-04-17,instagram,5,13159.37
5404,Dr. Gustavo Henrique Freitas,nicole81@example.org,2024-03-24,Instagram,11,13795.52
5405,Catarina Ribeiro,maitemacedo@example.com,2025-06-17,Instagram,7,83657.75
5406,Pietro Vargas,fpires@example.com,2025-05-10,Instagram,11,26362.99
5407,Marcelo Oliveira,esterda-paz@example.net,2024-04-27,Instagram,2,48252.06
5408,Davi Lucas Cunha,scasa-grande@example.net,2024-07-27,Instagram,10,96454.62
5409,Isadora Mendes,cpimenta@example.org,2025-04-27,Instagram,2,64094.83
5410,Ana Liz Santos,bianca59@example.com,2024-12-26,Instagram,1,46000.2
5411,Luana Nunes,qmartins@example.net,2025-10-05,Instagram,4,22339.17
5412,Pedro Henrique Lima,miguelrocha@example.net,2025-08-25,Instagram,4,36568.03
5413,Dr. Samuel Campos,bellafonseca@example.net,2024-12-19,Instagram,6,22436.11
5414,Luigi Alves,manuellalopes@example.com,2025-04-14,Instagram,6,39265.65
5415,Antônio Garcia,josue22@example.com,2025-03-28,Instagram,6,28847.84
5416,Rodrigo Gonçalves,miguel14@example.com,2024-02-23,Instagram,8,320487.68
5417,Guilherme da Mota,monteirocarlos-eduardo@example.org,2024-10-28,Instagram,5,95136.76
5418,Dr. Luiz Otávio Fernandes,amandafogaca@example.com,2024-11-09,Instagram,4,129705.11
5419,Maitê Fonseca,hcirino@example.com,2025-10-08,Instagram,9,75626.12
5420,Hadassa Costela,maria-sophia66@example.net,2025-09-30,Instagram,10,70121.27
5421,Luiz Henrique Teixeira,da-rosafernando@example.org,2024-02-02,Instagram,8,23297.61
5422,Maria Vitória Teixeira,da-rochamurilo@example.org,2025-08-31,Instagram,8,159015.61
5423,Aurora Freitas,maria-julia85@example.org,2025-03-07,Instagram,11,87523.62
5424,Rafael Pacheco,pietrogoncalves@example.net,2024-01-10,Instagram,2,47585.31
5425,Ana Clara Vasconcelos,davi-miguelrios@example.net,2024-09-26,Instagram,10,69445.73
5426,Ana Carolina Moura,benicio10@example.com,2025-10-02,Instagram,7,77735.34
5427,Sr. Bruno Borges,freitasnicolas@example.org,2024-09-09,Instagram,9,145803.4
5428,Enrico Guerra,calebe09@example.net,2025-04-21,Instagram,7,120803.11
5429,Isaac Santos,luanada-cruz@example.com,2025-02-06,Instagram,10,88036.28
5430,Ana Cecília Cirino,riosravy@example.net,2025-02-21,Instagram,11,54668.81
5431,Melissa Moreira,davi-lucasnovais@example.net,2024-12-13,Instagram,8,73648.07
5432,Hadassa Moura,alice78@example.org,2024-12-15,Instagram,10,25809.12
5433,Milena Lopes,vda-cruz@example.com,2025-10-12,Instagram,7,30257.71
5434,Anthony Nogueira,ana-claramoraes@example.net,2024-10-20,Instagram,6,49629.39
5435,Francisco da Rocha,jadelopes@example.com,2024-05-01,Instagram,4,55433.09
5436,Lara Cassiano,rdas-neves@example.org,2024-10-24,Instagram,10,19541.14
5437,Ravi Ramos,lucas-gabrielteixeira@example.com,2025-06-01,Instagram,2,215561.83
5438,Maya Jesus,luisapeixoto@example.net,2024-12-08,Instagram,6,43211.19
5439,Sr. Yan Melo,rda-rosa@example.net,2025-05-31,Instagram,1,60430.81
5440,Eloá das Neves,cmoura@example.net,2024-06-06,Instagram,1,200400.87
5441,Leandro da Cunha,npimenta@example.net,2025-02-17,Instagram,3,29542.22
5442,Lívia da Cruz,duartebianca@example.com,2025-09-14,Instagram,1,43504.88
5443,Luana Rezende,matteopimenta@example.com,2025-01-17,Instagram,12,21355.05
5444,Eduardo Pires,yvieira@example.net,2025-03-24,Instagram,3,13965.68
5445,Marcos Vinicius da Mata,agomes@example.net,2025-04-23,Instagram,9,33941.87
5446,Ana Luiza Campos,joao-lucasoliveira@example.org,2025-06-07,Instagram,8,27548.73
5447,Davi Luiz da Mata,fnovais@example.org,2024-09-03,Instagram,10,118848.65
5448,Benjamim Câmara,ocostela@example.com,2025-03-17,Instagram,7,116895.41
5449,Dra. Júlia Aragão,trocha@example.org,2024-10-21,Instagram,12,100248.94
5450,Théo Jesus,tda-rosa@example.net,2024-10-03,Instagram,11,82768.84
5451,Dr. Theodoro da Cruz,da-luzbella@example.com,2024-12-08,Instagram,7,16657.09
5452,Maria Isis Rodrigues,manuella65@example.com,2024-10-15,Instagram,8,71115.12
5453,Maria Isis Novais,aragaoclarice@example.com,2024-01-15,Instagram,12,64485.12
5454,Davi Lucca Gonçalves,brezende@example.com,2025-06-08,Instagram,5,264660.97
5455,Jade Pereira,paulo63@example.org,2025-02-18,Instagram,8,49173.97
5456,Ana Carolina Freitas,qcaldeira@example.com,2024-03-24,Instagram,9,21762.33
5457,Sr. José da Cunha,bryanaraujo@example.com,2024-06-23,Instagram,3,68028.82
5458,Caio Rodrigues,qmacedo@example.com,2025-03-06,Instagram,1,45282.45
5459,Srta. Maria Eduarda Carvalho,da-cruzaylla@example.org,2025-01-10,Instagram,4,72676.35
5460,Ayla Oliveira,augusto56@example.com,2025-05-25,Instagram,4,23692.4
5461,Beatriz da Costa,anna-liznovaes@example.com,2024-12-21,Instagram,10,71130.89
5462,Yago Borges,marcos-vinicius22@example.net,2025-08-31,Instagram,4,113473.35
5463,Sarah Melo,tjesus@example.org,2024-02-14,Instagram,3,62547.3
5464,Samuel Rios,vasconcelosagatha@example.org,2025-03-08,instagram,3,343002.56
5465,Gustavo Novaes,abreuisadora@example.org,2024-09-19,Instagram,5,45905.06
5466,Dra. Ana Vitória Sousa,caparecida@example.com,2024-07-30,Instagram,3,15786.19
5467,Davi Lucas Pereira,mouravitor@example.com,2025-11-12,Instagram,8,103818.54
5468,Laís Pacheco,nfonseca@example.net,2025-09-14,Instagram,2,38941.48
5469,Lucas Gabriel Cardoso,talmeida@example.org,2024-04-25,Instagram,6,110162.35
5470,Dr. Calebe Camargo,pedro58@example.org,2024-02-02,Instagram,12,34640.75
5471,Leonardo Abreu,umendes@example.net,2025-09-16,Instagram,1,27175.34
5472,Sra. Camila Câmara,limaeduardo@example.org,2024-04-15,Instagram,11,57846.43
5473,Daniela Carvalho,guerraisis@example.net,2025-10-31,Instagram,4,60675.71
5474,Laura Fernandes,maria-claracamargo@example.com,2024-07-06,Instagram,6,43647.36
5475,Isabella Cassiano,da-pazsamuel@example.org,2024-10-18,Instagram,11,212064.88
5476,Carolina Macedo,theo12@example.com,2024-01-26,Instagram,9,57051.88
5477,Maria Sophia Ferreira,laparecida@example.org,2025-01-21,IG,3,70032.55
5478,Murilo Borges,vfogaca@example.net,2024-04-29,IG,12,40361.25
5479,Otto Teixeira,theodoromarques@example.com,2024-11-01,Instagram,12,24660.0
5480,Dr. Dom Leão,dcarvalho@example.net,2025-10-24,Instagram,7,206395.05
5481,Nathan Pires,dsouza@example.org,2024-06-16,Instagram,12,87787.73
5482,Luara Camargo,abreueduarda@example.net,2025-03-22,Instagram,9,56417.7
5483,Maya Novaes,baparecida@example.net,2024-05-09,Instagram,9,65771.03
5484,Liam Martins,vargasdiego@example.org,2025-03-06,Instagram,12,24658.64
5485,Vicente Borges,smarques@example.net,2024-07-16,Instagram,8,184917.84
5486,Fernando da Costa,marcos-vinicius93@example.net,2025-04-25,Instagram,6,48040.52
5487,Antony Pires,yago84@example.net,2025-07-02,Instagram,4,39385.34
5488,Luiza Barros,efarias@example.org,2025-09-26,Instagram,11,68877.52
5489,Laís Correia,henriquesantos@example.net,2025-10-24,Instagram,1,25581.31
5490,Arthur Gabriel Casa Grande,luiz-gustavo64@example.com,2024-06-07,Instagram,6,19045.56
5491,Dra. Lívia Pires,henry90@example.org,2024-03-18,Instagram,9,130482.56
5492,Srta. Liz Azevedo,duarteana-laura@example.net,2024-01-28,Instagram,11,50682.27
5493,Ana Beatriz Vasconcelos,gael-henrique09@example.org,2025-05-23,Instagram,7,8608.62
5494,João Miguel Gonçalves,thales36@example.org,2024-04-28,Instagram,12,29741.25
5495,André Dias,xsantos@example.com,2025-07-26,Instagram,4,122114.12
5496,Sra. Evelyn Martins,abreuvalentina@example.com,2025-11-30,Instagram,11,156020.53
5497,Nathan Vargas,ravi-lucca77@example.org,2024-03-30,Instagram,12,89669.14
5498,Clara Brito,valbuquerque@example.com,2024-07-11,Instagram,10,41361.51
5499,Ana Liz Camargo,carolinasantos@example.net,2025-01-14,Insta,4,87782.11
5500,Eloá Novaes,otaviopires@example.net,2024-11-01,Instagram,3,64168.39
5501,Sra. Ayla Machado,gabrielly81@example.com,2024-10-29,Instagram,10,51993.04
5502,Melina Freitas,fogacagabriel@example.com,2024-05-20,Instagram,4,127402.97
5503,Srta. Isabella Alves,araujocecilia@example.net,2025-10-02,Instagram,3,73884.42
5504,Sr. Marcos Vinicius Pereira,thalessilva@example.net,2025-04-25,Instagram,4,42780.99
5505,Ryan Pastor,fernandada-paz@example.net,2024-04-04,Instagram,1,31674.01
5506,Ana Moreira,ana-clara06@example.com,2024-01-03,Instagram,12,26275.86
5507,Dra. Laís Fogaça,brunaoliveira@example.org,2025-06-25,Instagram,2,15259.22
5508,Dr. Antônio Ribeiro,xgarcia@example.org,2024-01-09,Instagram,11,69160.45
5509,Joana Gonçalves,apollomelo@example.net,2025-09-26,Instagram,8,29498.3
5510,Luna Lima,luiz-otaviomachado@example.org,2025-01-17,Instagram,1,91461.13
5511,Eduarda Jesus,teixeirajose-miguel@example.net,2025-11-01,Instagram,10,29590.09
5512,Maria Isis Viana,camposluiza@example.net,2025-07-03,Insta,2,28395.53
5513,Dante Alves,luizaabreu@example.net,2025-10-06,Instagram,5,44002.23
5514,Ana Lívia Pastor,andre81@example.net,2025-06-10,Instagram,6,58672.58
5515,Ana Julia Aragão,joao-gabrielmonteiro@example.net,2025-02-13,Insta,4,19683.07
5516,Eloá Moura,ferreirasabrina@example.com,2024-04-18,Instagram,9,13062.89
5517,Rebeca Monteiro,barrosagatha@example.net,2025-05-28,Instagram,1,88579.8
5518,Nicole Carvalho,imontenegro@example.org,2025-02-23,Instagram,2,14609.63
5519,Lucas Gabriel Lima,bdas-neves@example.org,2024-11-21,Instagram,3,50380.9
5520,Milena Costa,eloa69@example.net,2025-02-02,Instagram,3,18265.94
5521,Enzo Cassiano,fogacaisaque@example.org,2024-05-31,Instagram,2,34938.59
5522,Dr. Isaque Siqueira,uda-paz@example.net,2024-10-13,Instagram,1,60513.23
5523,Emanuella Fogaça,aragaomaya@example.com,2024-03-15,Instagram,7,152295.4
5524,Otávio Martins,sabrina67@example.org,2024-10-17,Instagram,9,13473.18
5525,Sr. Yuri Cardoso,mendoncamaysa@example.com,2024-12-01,Instagram,6,35604.83
5526,Milena da Paz,mmachado@example.org,2025-09-09,Instagram,7,138511.34
5527,Dr. Yan das Neves,stellada-costa@example.com,2025-01-15,Instagram,12,614040.47
5528,Olivia Sá,cavalcanticlara@example.org,2025-10-17,Instagram,11,264578.94
5529,Bruno Pimenta,davisampaio@example.com,2025-12-02,Instagram,2,73418.34
5530,Paulo Porto,cassianogiovanna@example.com,2024-01-28,Instagram,9,64524.0
5531,Caio Nunes,kpacheco@example.org,2025-02-26,Instagram,2,48036.75
5532,Léo da Costa,cunhaeduardo@example.org,2024-07-24,Instagram,9,25062.61
5533,Pietra Novais,brunoduarte@example.net,2025-09-05,Instagram,2,102649.11
5534,Vitória Cardoso,ofreitas@example.org,2024-12-25,Instagram,11,28738.63
5535,Dr. Felipe Lima,cauecarvalho@example.net,2024-02-14,Instagram,4,32270.37
5536,Kamilly Vasconcelos,eda-cunha@example.net,2024-05-18,Instagram,12,65465.74
5537,Danilo Cirino,isispastor@example.net,2025-04-19,Instagram,2,53120.33
5538,Fernanda da Rocha,joaquim73@example.net,2024-02-15,IG,9,124708.17
5539,Davi Lucas Carvalho,enzomacedo@example.net,2024-09-24,Instagram,7,10234.97
5540,Sophia Lopes,antony39@example.net,2025-09-20,Instagram,9,24499.79
5541,Pedro Lucas Freitas,diasaylla@example.com,2024-01-17,Instagram,2,121904.96
5542,Dra. Sabrina Silveira,kvasconcelos@example.org,2025-05-05,Instagram,5,104600.19
5543,Letícia Costela,cardosoana-julia@example.org,2025-04-20,Instagram,8,17864.74
5544,Liam Costela,thales81@example.org,2024-08-11,Instagram,6,74154.62
5545,Sra. Sabrina Fogaça,pastorjoao-miguel@example.com,2024-03-07,Instagram,1,64807.03
5546,Benicio Pinto,olivia03@example.com,2024-02-29,Instagram,1,95032.75
5547,Maria Fernanda Machado,lara29@example.com,2025-12-03,Instagram,8,20884.29
5548,Guilherme Oliveira,jesusstella@example.com,2025-04-21,Instagram,12,45000.23
5549,Alana Moreira,aylla06@example.net,2024-09-22,Instagram,1,23017.89
5550,Ian Vasconcelos,vitor10@example.net,2025-08-22,Instagram,2,24239.16
5551,Antony da Rosa,mariahvasconcelos@example.net,2024-03-01,Instagram,6,69773.15
5552,Olívia da Luz,ceciliada-mota@example.net,2024-03-17,Instagram,6,76742.36
5553,Danilo Abreu,mouradiego@example.net,2024-05-06,Instagram,5,27891.21
5554,Maria Vitória Pimenta,cunhaleonardo@example.net,2025-06-26,Instagram,4,83854.68
5555,Isabelly Freitas,nduarte@example.net,2024-10-16,Instagram,5,239048.39
5556,Theodoro Porto,britofelipe@example.com,2025-03-27,Instagram,12,18901.01
5557,Sra. Ana Carolina Correia,maria-cecilia56@example.org,2024-05-31,Instagram,2,41895.27
5558,Ayla Jesus,lorenzo62@example.com,2025-07-07,Instagram,6,127896.53
5559,Dr. João Miguel Leão,andrecavalcanti@example.org,2025-07-27,Instagram,7,81339.76
5560,Luigi Santos,heloisa92@example.org,2024-10-19,Instagram,8,175365.0
5561,Isadora Nunes,anthony71@example.com,2024-05-14,Instagram,7,88408.63
5562,Juan da Conceição,helena60@example.net,2025-03-19,Instagram,1,74665.72
5563,Dr. Ravy Rodrigues,silveiracarlos-eduardo@example.com,2024-06-19,Instagram,7,46919.61
5564,Josué Oliveira,aragaoluisa@example.net,2024-03-31,Instagram,1,83595.05
5565,Sr. Matteo Correia,joao-felipe14@example.net,2025-03-10,Instagram,3,773295.99
5566,Srta. Emanuelly Abreu,lucasda-rocha@example.net,2025-01-07,Instagram,4,50626.1
5567,Ryan Fernandes,yazevedo@example.net,2025-07-12,Instagram,3,44166.71
5568,Lucca Lopes,enzo-gabriel85@example.com,2024-07-19,Instagram,11,97761.06
5569,Gael Cunha,luaragoncalves@example.com,2024-05-26,Instagram,5,22515.7
5570,Srta. Cecilia Moreira,davi-luiz56@example.net,2025-03-26,Instagram,9,151390.88
5571,Sr. Pedro Lucas Ramos,riosevelyn@example.net,2025-05-09,Instagram,6,28226.04
5572,Eloá Nunes,santosbella@example.org,2024-10-19,Instagram,5,89491.12
5573,Sra. Emanuelly Cavalcante,pachecoigor@example.net,2024-11-11,Instagram,11,64969.7
5574,Bella Rezende,liam99@example.net,2024-03-14,Instagram,5,118327.77
5575,Theodoro Camargo,henry40@example.org,2024-12-03,Instagram,6,37239.94
5576,Théo Fonseca,loliveira@example.org,2025-11-27,Instagram,9,22968.96
5577,Bárbara da Paz,juliaduarte@example.org,2024-03-08,Instagram,12,33735.49
5578,Dante Castro,caldeiramanuella@example.com,2025-02-08,Instagram,3,71033.46
5579,Dom Aragão,ana-liz69@example.net,2024-01-11,Instagram,11,69697.83
5580,Stephany Gonçalves,nfonseca@example.com,2024-08-14,Instagram,4,23442.28
5581,Ana Sophia Sales,maria-fernandacirino@example.net,2025-06-24,Instagram,6,98034.37
5582,Josué Ribeiro,qmarques@example.com,2025-02-07,Instagram,11,53418.41
5583,Bella Leão,yago91@example.com,2024-02-16,Instagram,7,86006.57
5584,Dom Silveira,novaisbenjamim@example.org,2024-11-18,Instagram,5,44467.72
5585,Gabriel Araújo,joao-guilherme31@example.com,2024-02-15,Instagram,4,35960.33
5586,Yasmin Vargas,ravyda-rocha@example.org,2024-09-20,Instagram,4,126799.84
5587,Isis Silva,siqueirajose@example.org,2025-06-30,Instagram,11,217547.39
5588,Dra. Isis Gonçalves,isabelmendes@example.org,2024-06-21,Instagram,6,115075.32
5589,Isabelly Vasconcelos,antoniocarvalho@example.com,2024-11-20,Instagram,2,39041.44
5590,José Castro,stellalima@example.com,2024-12-31,Instagram,12,56355.64
5591,Pietro Melo,talves@example.org,2025-09-06,Instagram,9,1313377.55
5592,Fernanda Rezende,tporto@example.com,2024-03-13,Instagram,2,45777.41
5593,Sra. Olivia da Rosa,nogueiramelina@example.com,2025-01-28,Instagram,2,27727.19
5594,Breno Aparecida,vrezende@example.org,2024-01-18,Instagram,2,28171.61
5595,Benjamim Almeida,pedro-henriquesampaio@example.org,2024-02-24,Instagram,12,22124.79
5596,Sr. Antony Sales,scasa-grande@example.com,2024-05-23,Instagram,11,74980.43
5597,Luiz Felipe da Mota,luanaferreira@example.com,2025-05-22,Instagram,11,25862.38
5598,Pedro Henrique Souza,luiz-henriquemendonca@example.com,2024-01-24,Instagram,9,16547.67
5599,Dra. Isabel Pacheco,leo38@example.net,2025-11-13,Instagram,9,30629.34
5600,Yuri Cavalcante,giovannaramos@example.org,2024-10-30,Instagram,12,70755.17
5601,Eloah Vasconcelos,pnovaes@example.com,2025-02-12,Anúncio,1,12465.03
5602,Alícia Mendes,da-motaluiz-miguel@example.net,2025-12-28,Anúncio,2,146804.18
5603,Luiz Gustavo Marques,emanuelmoreira@example.net,2024-09-19,Anúncio,7,10478.25
5604,Maria Eduarda Pacheco,diegobarros@example.net,2024-12-29,Anúncio,9,106485.7
5605,Ester Rocha,rezendemateus@example.com,2024-02-02,Anúncio,9,119619.59
5606,Leonardo Santos,dsilveira@example.com,2025-02-10,Anúncio,9,51992.5
5607,Ravy Rezende,monteiromaria-luiza@example.com,2024-05-15,Anúncio,1,30381.4
5608,Yuri Vasconcelos,alexia99@example.net,2024-01-09,Anúncio,2,12229.64
5609,Fernanda Viana,maria-alice68@example.com,2025-04-26,Anúncio,11,23130.09
5610,Sra. Carolina Vargas,da-costazoe@example.org,2024-03-30,Anúncio,12,91665.78
5611,Dr. Brayan Pimenta,alana54@example.net,2024-02-28,Anúncio,7,17484.84
5612,Enrico Freitas,barbara13@example.org,2024-05-28,Anúncio,7,44326.09
5613,Srta. Lunna Pimenta,ferreiraana-beatriz@example.org,2024-03-24,Anúncio,1,12364.86
5614,Maria Sophia Costela,henry10@example.net,2025-03-14,Anúncio,7,68398.83
5615,Sara das Neves,heitor36@example.org,2024-06-28,Anúncio,11,31790.9
5616,Maria Alice Siqueira,fariasbento@example.com,2025-04-17,Anúncio,5,203270.14
5617,Samuel da Costa,jcasa-grande@example.org,2025-01-26,Anúncio,7,54156.14
5618,Davi Luiz Leão,ymontenegro@example.com,2024-09-06,Anúncio,5,78763.84
5619,Gael Henrique Rocha,pedroporto@example.net,2024-05-03,Anúncio,1,83384.62
5620,Davi Miguel Moreira,macedodavi-lucas@example.net,2025-04-18,Anúncio,11,12976.36
5621,Heloísa Fogaça,luisa52@example.org,2025-01-14,Anúncio,5,24955.04
5622,Enrico Macedo,lavinia37@example.org,2025-05-23,Anúncio,1,14731.12
5623,Caio das Neves,rhavicaldeira@example.org,2025-01-03,Anúncio,8,41890.97
5624,Sarah Guerra,rodrigoaragao@example.com,2025-07-27,Anúncio,11,82535.62
5625,Sra. Joana Rocha,alvesravy@example.net,2025-01-28,Anúncio,8,65990.44
5626,Thomas Almeida,larada-rosa@example.net,2025-08-05,Anúncio,11,71815.03
5627,Sr. Arthur Miguel Aparecida,davi-luizmontenegro@example.org,2025-01-28,Anúncio,10,30698.41
5628,Breno Santos,benicio81@example.com,2025-11-27,Anúncio,2,18506.15
5629,Davi Luiz Moreira,lavinia16@example.net,2025-09-06,Anúncio,2,26622.01
5630,Olivia Nascimento,yramos@example.net,2024-06-18,Anúncio,6,18319.63
5631,Francisco Teixeira,da-pazmaria-liz@example.org,2025-05-29,Anúncio,2,158278.9
5632,Davi Lucas Almeida,marcos-vinicius47@example.com,2024-03-20,Anúncio,2,20188.43
5633,Gustavo das Neves,jose-pedro10@example.com,2025-10-18,Anúncio,6,34353.58
5634,Sr. Augusto Almeida,isabela01@example.org,2024-08-31,Anúncio,9,107685.49
5635,Lavínia Camargo,joaquimda-costa@example.com,2024-12-10,Anúncio,12,45466.59
5636,Dr. Rafael Oliveira,joao-felipe07@example.org,2024-01-12,Anúncio,12,55312.47
5637,Carolina Rocha,eduardalima@example.net,2025-09-17,Anúncio,7,11444.75
5638,Caroline Ribeiro,mendoncagabriela@example.org,2025-11-16,Anúncio,8,156068.83
5639,Dra. Sara Silva,bmendonca@example.com,2024-12-04,Anuncio,8,96958.9
5640,Sra. Maria Eduarda Azevedo,melissamendes@example.com,2024-04-29,Anúncio,10,103376.61
5641,Ana Vitória Cardoso,stellabarros@example.net,2025-05-03,Anúncio,6,26205.56
5642,Heloisa Pimenta,oramos@example.org,2024-07-22,Anúncio,4,75407.2
5643,João Lucas Montenegro,ccamara@example.com,2025-11-26,Anúncio,5,125854.25
5644,Sr. José Dias,melissa68@example.org,2024-08-03,Anúncio,10,41532.71
5645,Mirella Silveira,alanacamargo@example.net,2025-02-13,Anúncio,4,58486.88
5646,Ana Monteiro,tvasconcelos@example.net,2024-01-28,Anúncio,3,148995.88
5647,Ana Cecília da Cruz,ferreiramaria-vitoria@example.com,2025-12-22,Anúncio,1,38878.41
5648,Luísa Pinto,heitorvargas@example.net,2025-02-13,Anúncio,10,39765.29
5649,Lunna da Costa,isilveira@example.org,2025-12-09,Anúncio,3,211026.73
5650,Dr. Leandro Peixoto,ravypacheco@example.org,2024-07-25,Anúncio,5,57299.74
5651,Anna Liz Rocha,theodoro06@example.org,2025-01-15,Anúncio,11,24143.36
5652,Luara Leão,ialbuquerque@example.org,2024-01-11,Anúncio,12,52083.61
5653,Sra. Ana Vitória Vargas,matteo78@example.net,2025-07-02,Anúncio,9,57762.89
5654,Francisco Araújo,elisa55@example.org,2024-04-13,Anúncio,5,247584.29
5655,Luiza da Mata,brayan78@example.net,2024-10-28,Anúncio,5,37301.92
5656,Maria Sophia Marques,gsampaio@example.net,2025-04-16,Anúncio,10,123700.5
5657,Eloah Ramos,heitorteixeira@example.org,2024-02-17,Anúncio,10,204804.2
5658,Srta. Mirella Vasconcelos,antonyda-mota@example.org,2025-07-12,Anúncio,10,34414.78
5659,Luana Monteiro,camposluiz-felipe@example.com,2025-07-30,Anúncio,6,77464.93
5660,Bianca Sales,qfonseca@example.com,2025-01-18,Anúncio,10,58207.91
5661,Alice da Mota,almeidaana-livia@example.net,2025-03-02,Anúncio,10,27413.99
5662,Maria Luísa Mendes,moreiralarissa@example.com,2024-02-24,Anúncio,4,127370.47
5663,Dom Lopes,anada-rosa@example.com,2024-11-16,Anúncio,7,24461.32
5664,José Pedro Nunes,fmelo@example.org,2025-08-28,Anúncio,8,55387.64
5665,Dante Montenegro,xmartins@example.org,2024-02-21,Anúncio,9,55719.26
5666,Joaquim Castro,maria-fernanda04@example.net,2025-12-21,Anúncio,12,178396.02
5667,Henry Gabriel Viana,martinssamuel@example.org,2024-12-18,Anúncio,9,14134.23
5668,Marcos Vinicius Ribeiro,hvargas@example.net,2024-01-08,Anúncio,4,11641.56
5669,Rafaela Ribeiro,dante30@example.com,2024-08-26,Anúncio,11,42465.19
5670,Théo Brito,nmacedo@example.net,2024-12-31,Anúncio,12,169702.19
5671,Dra. Cecília da Luz,koliveira@example.com,2025-11-25,Anúncio,6,14016.82
5672,Alícia da Paz,caldeiramatheus@example.org,2025-05-12,Anúncio,5,147141.59
5673,Thomas Lima,samuel23@example.org,2025-02-16,Anúncio,10,37040.74
5674,Luiz Henrique Sales,gfreitas@example.net,2025-12-01,Anúncio,1,16241.22
5675,Enzo Martins,enrico70@example.org,2024-07-21,Anúncio,7,63643.79
5676,João Gabriel da Costa,mda-mata@example.net,2024-09-25,Anúncio,5,34142.03
5677,Luiz Gustavo Garcia,bda-rocha@example.net,2025-06-30,Anúncio,1,56100.53
5678,Sr. Mateus Carvalho,fernando23@example.org,2025-02-24,Anúncio,5,59965.78
5679,Lucca da Luz,portodavi-luiz@example.org,2024-05-21,Anúncio,11,19362.74
5680,Amanda Porto,benjamingarcia@example.org,2025-06-16,anuncio,4,30343.9
5681,Bella da Cruz,lrezende@example.org,2024-06-28,Anúncio,9,66800.72
5682,Arthur Gabriel Fonseca,luiz-gustavobarbosa@example.net,2025-02-02,Anuncio,8,31864.13
5683,João Castro,cviana@example.net,2025-09-08,Anúncio,8,115444.64
5684,Luiz Otávio Costa,joao-gabriel56@example.org,2024-07-05,ANÚNCIO,3,39119.9
5685,Nicolas Caldeira,ana-livia42@example.com,2025-06-24,Anuncio,8,187831.42
5686,Srta. Yasmin da Mota,ana-vitoria37@example.com,2025-09-12,Anúncio,4,24440.79
5687,Daniela Guerra,emillyaraujo@example.net,2024-08-08,Anúncio,8,25250.62
5688,João Gabriel Pimenta,benicio23@example.org,2024-05-05,Anúncio,11,125461.77
5689,Luiz Felipe Novais,raul58@example.org,2025-09-15,Anúncio,2,90495.53
5690,Srta. Lívia Ramos,nicolemoreira@example.org,2024-11-30,Anúncio,2,86652.68
5691,Sr. Thales Dias,monteironicole@example.org,2024-08-03,Anúncio,11,25353.25
5692,Milena Cunha,valentim42@example.com,2024-01-06,Anúncio,6,19549.06
5693,João Lucas Santos,fmonteiro@example.com,2024-05-03,Anúncio,11,40923.65
5694,João Pedro Vasconcelos,heloisa49@example.org,2025-01-07,Anúncio,3,49137.71
5695,Leandro Lima,caue06@example.org,2025-08-18,Anúncio,5,52329.97
5696,Yasmin Moraes,heloisada-rosa@example.net,2025-01-01,Anúncio,9,7669.25
5697,Carolina Sousa,zfonseca@example.com,2024-07-06,Anúncio,10,196154.76
5698,Theo Martins,claricerezende@example.com,2025-11-01,Anúncio,11,104217.65
5699,Maria Helena Almeida,carvalhojoaquim@example.org,2024-09-17,Anúncio,9,12333.22
5700,Apollo Martins,eloahda-cunha@example.com,2024-04-10,Anúncio,9,129192.01
5701,Srta. Maya Aparecida,saluara@example.org,2025-11-14,Anúncio,6,242848.65
5702,Hellena Casa Grande,maria-helena07@example.net,2024-10-07,Anuncio,10,58537.88
5703,Miguel Carvalho,gustavo-henrique74@example.org,2024-12-15,Anúncio,8,207131.49
5704,Matteo Vasconcelos,cunhajoao@example.com,2025-08-19,Anúncio,4,64297.44
5705,Igor Souza,thales98@example.net,2024-07-15,Anúncio,10,198592.74
5706,João Felipe Cassiano,knovais@example.com,2025-01-16,Anúncio,12,56985.85
5707,Joaquim Lima,vianamelina@example.net,2025-09-16,Anúncio,9,36671.01
5708,Oliver Silveira,barbara49@example.net,2024-06-19,Anúncio,11,29079.96
5709,Sra. Maria Marques,cavalcantimanuela@example.net,2025-10-06,Anúncio,2,134627.23
5710,Cauê Monteiro,joao-pedro71@example.net,2024-05-01,Anúncio,9,82591.17
5711,Davi Lucca Casa Grande,benicio23@example.net,2025-09-07,Anúncio,12,16224.39
5712,Matteo Rios,maria-lauragomes@example.org,2024-10-05,Anúncio,3,77504.55
5713,Maria Luísa da Mata,vargasyuri@example.org,2025-01-27,Anúncio,11,77957.87
5714,Mathias Fernandes,gael-henrique12@example.net,2025-01-29,Anúncio,11,43206.34
5715,Isabel Montenegro,camposarthur-gabriel@example.com,2024-05-11,Anúncio,11,13759.24
5716,Davi Luiz Santos,sophiasilva@example.net,2024-04-18,Anúncio,2,152696.28
5717,Arthur Miguel Mendes,camila95@example.org,2025-05-16,Anuncio,8,15718.49
5718,Catarina Macedo,emendonca@example.com,2025-08-15,Anúncio,11,78167.09
5719,Gustavo Pinto,anna-lizsampaio@example.com,2024-03-23,Anúncio,8,86835.28
5720,Ian Porto,ucorreia@example.org,2025-06-16,Anúncio,5,117010.99
5721,Sra. Stephany Cunha,vvargas@example.net,2024-08-16,Anúncio,7,48735.78
5722,Bruno Ferreira,aparecidaapollo@example.org,2025-02-24,Anúncio,2,76575.06
5723,Agatha Mendonça,ksa@example.org,2025-01-19,Anúncio,11,3274.61
5724,Gael Pires,rebeca69@example.net,2025-06-10,Anúncio,2,106302.69
5725,Manuela Cunha,xazevedo@example.com,2025-01-24,Anúncio,5,41781.07
5726,Isadora Camargo,fogacaluiz-miguel@example.org,2024-02-24,Anúncio,8,46047.59
5727,Evelyn Azevedo,bcamara@example.net,2024-07-08,Anúncio,1,33767.44
5728,Maria Cecília Aragão,npinto@example.org,2024-10-08,Anúncio,10,97297.28
5729,Milena da Conceição,cardosomaria-laura@example.org,2025-02-10,Anúncio,4,91120.21
5730,Bryan Sousa,pietra50@example.org,2024-04-15,Anúncio,5,68369.47
5731,Mirella Rios,benjamim82@example.com,2024-08-24,Anúncio,7,85207.76
5732,Allana Abreu,melokevin@example.org,2024-02-05,Anúncio,8,68575.58
5733,Rhavi Barros,joaquimmoreira@example.net,2024-08-12,Anúncio,12,44656.48
5734,Luiz Felipe Cirino,aylanunes@example.com,2025-01-07,Anúncio,2,9256.45
5735,Davi Lucca da Costa,domduarte@example.net,2025-11-06,Anúncio,8,35233.9
5736,Stella Silveira,hferreira@example.com,2024-04-21,Anúncio,8,131037.49
5737,Dr. Arthur Costa,matteoalbuquerque@example.net,2024-01-16,Anúncio,4,17356.73
5738,Zoe Araújo,mabreu@example.com,2024-09-23,Anúncio,12,97679.34
5739,Ravi Lucca Fernandes,cavalcantealana@example.org,2025-03-04,Anúncio,6,13766.44
5740,Apollo Aragão,omoraes@example.net,2025-03-04,Anúncio,4,116111.68
5741,Sabrina Rezende,pietra75@example.com,2024-08-31,Anúncio,2,128861.98
5742,Ágatha Fernandes,pastorcamila@example.net,2024-01-22,Anúncio,10,64591.14
5743,Kevin Farias,da-rochaluna@example.org,2025-10-24,Anúncio,11,139134.64
5744,Matteo Jesus,isabel27@example.org,2025-01-01,Anúncio,4,116041.15
5745,Mariane Fernandes,nogueirajosue@example.com,2025-07-06,Anúncio,3,46484.53
5746,Srta. Ana Cecília das Neves,vitor-hugoteixeira@example.net,2024-10-07,Anúncio,3,26512.89
5747,Sr. José Pedro Guerra,heitormendonca@example.com,2025-08-20,Anúncio,3,38008.86
5748,Gael da Rocha,allanacaldeira@example.com,2025-07-13,Anúncio,8,49070.68
5749,Sra. Melissa da Cunha,macedolarissa@example.net,2024-02-25,Anúncio,4,40644.2
5750,Maria Cecília Nascimento,maite49@example.org,2024-01-29,Anúncio,4,100251.6
5751,Benjamim Gonçalves,pmarques@example.org,2024-03-31,Anúncio,12,15887.03
5752,Lavínia Borges,ppinto@example.net,2025-08-13,Anúncio,12,70223.08
5753,Milena Nascimento,pedro77@example.org,2024-06-30,Anúncio,5,99403.26
5754,Emanuel da Mota,henrylopes@example.net,2024-10-07,Anúncio,1,40803.84
5755,Luiz Henrique Rocha,valentimda-cruz@example.com,2025-02-14,Anúncio,7,52783.6
5756,Alice da Mata,sabreu@example.org,2025-04-03,Anúncio,11,7181.49
5757,Gabriela Gomes,davi-luiz87@example.com,2024-10-29,Anúncio,12,39324.69
5758,Emanuelly Lopes,carlos-eduardovasconcelos@example.org,2024-11-16,Anúncio,9,57983.71
5759,Eduarda Melo,carolinevasconcelos@example.com,2024-08-17,anuncio,2,22937.44
5760,Diego Fonseca,lmendes@example.org,2024-02-24,Anúncio,7,114730.22
5761,Josué Abreu,novaescarolina@example.com,2024-03-31,Anúncio,11,48499.93
5762,Sofia Oliveira,ian53@example.org,2025-10-03,Anúncio,5,27676.75
5763,Sra. Emilly Fernandes,bgarcia@example.org,2025-12-09,Anúncio,12,25126.36
5764,Ágatha Viana,fariasmariane@example.net,2025-08-15,Anúncio,12,104101.96
5765,Nicolas Rezende,sampaionoah@example.org,2024-07-30,Anúncio,5,86492.28
5766,João Felipe Barbosa,jadefernandes@example.net,2024-04-22,Anúncio,6,30889.62
5767,Davi Lucas Pastor,luara84@example.net,2025-01-05,Anúncio,4,50252.38
5768,Melina Silveira,valves@example.com,2024-02-25,Anúncio,11,95284.77
5769,Paulo Aparecida,monteiroyago@example.com,2025-10-21,Anúncio,4,66849.14
5770,João Lucas Viana,thalesmacedo@example.org,2025-06-30,Anúncio,7,68049.04
5771,João Lucas Siqueira,siqueiramariah@example.com,2025-12-07,Anúncio,12,42925.52
5772,Gael Henrique Gomes,qbarros@example.net,2025-09-08,Anúncio,9,32916.59
5773,Maria Helena da Costa,llopes@example.org,2024-10-16,Anúncio,11,92428.17
5774,Dr. Samuel da Rosa,sousaaylla@example.com,2024-08-05,Anúncio,12,72393.02
5775,Dr. Paulo Campos,amandateixeira@example.net,2025-08-22,Anúncio,1,78335.25
5776,Sra. Lorena Azevedo,luigi78@example.com,2025-02-20,Anúncio,4,66792.11
5777,Benício da Cunha,silveiramilena@example.net,2025-09-25,Anúncio,1,197364.63
5778,Emanuella Leão,valentimrodrigues@example.net,2024-08-14,Anúncio,1,30425.11
5779,Bryan Porto,joao-gabrielcostela@example.net,2025-01-26,Anúncio,2,13420.89
5780,Vinicius Castro,diasbenicio@example.org,2024-11-27,Anúncio,4,26099.36
5781,Camila Cunha,anthony-gabrielda-rocha@example.net,2024-04-25,Anúncio,3,161502.78
5782,Thomas da Luz,larissa77@example.org,2025-01-23,Anúncio,8,26048.41
5783,Dr. Daniel Siqueira,srezende@example.com,2024-02-18,Anúncio,3,13601.76
5784,Alana da Rocha,lara89@example.org,2024-09-21,Anúncio,3,62993.5
5785,Antonella Brito,vrodrigues@example.com,2025-01-19,Anúncio,2,57118.0
5786,Dr. Murilo Mendonça,zsa@example.com,2024-03-29,Anúncio,10,103258.85
5787,Marina Gomes,eda-cunha@example.com,2025-06-18,Anúncio,11,28017.81
5788,Luiz Gustavo Cardoso,montenegrocaroline@example.net,2024-05-01,Anúncio,12,68560.93
5789,Pedro Henrique das Neves,aurora21@example.com,2025-05-29,Anúncio,1,44793.59
5790,Sr. João Pedro Oliveira,imoura@example.net,2024-01-14,Anúncio,12,26612.22
5791,Sarah Mendonça,maria-helenafonseca@example.com,2025-04-30,Anúncio,10,256809.62
5792,Sra. Cecília Cavalcante,lopeseduardo@example.net,2024-10-10,Anúncio,6,21373.87
5793,Dra. Maria Cecília Sales,leaoluigi@example.net,2025-07-17,Anúncio,10,95484.13
5794,Nina Viana,saralopes@example.net,2025-02-04,Anúncio,12,43122.55
5795,Arthur Gabriel Araújo,imendes@example.com,2024-09-25,Anúncio,5,40654.2
5796,Marina Costa,da-cruzluan@example.org,2025-04-12,Anúncio,3,40265.44
5797,Josué Araújo,felipenogueira@example.net,2024-10-01,Anúncio,9,28291.12
5798,Isaque da Costa,barroshenrique@example.org,2024-09-08,Anúncio,12,41083.22
5799,Julia Rios,guerradaniela@example.com,2024-10-28,anuncio,9,39791.26
5800,Yasmin Duarte,rebeca75@example.com,2025-05-16,Anúncio,7,57709.47
5801,João Vitor Fogaça,isabelcaldeira@example.com,2025-03-09,Anúncio,1,137580.36
5802,João Guilherme Correia,dpereira@example.com,2025-10-22,Anúncio,9,71663.3
5803,Dr. Vicente Cunha,diogo79@example.net,2024-01-01,Anúncio,9,72678.32
5804,Theodoro Marques,ribeirorodrigo@example.com,2024-04-09,Anúncio,11,206096.59
5805,Dr. Otávio Pinto,qda-cruz@example.org,2024-12-25,Anúncio,9,36445.69
5806,Maria Santos,qrios@example.org,2025-04-16,ANÚNCIO,6,62937.78
5807,Yasmin Casa Grande,hellena01@example.net,2024-02-21,Anúncio,2,98758.94
5808,Brenda Vasconcelos,qcardoso@example.com,2024-07-20,Anúncio,7,35739.77
5809,Lorena Porto,tleao@example.org,2025-12-21,Anúncio,5,43280.08
5810,Fernanda Gonçalves,joao-guilherme68@example.com,2024-08-16,Anúncio,11,148211.47
5811,Ryan Pastor,bcorreia@example.com,2024-09-25,Anúncio,9,41276.65
5812,Ana Julia Borges,cardosomaya@example.org,2024-06-05,Anúncio,12,119321.51
5813,Ana Laura Rocha,jose-miguel03@example.net,2024-01-10,Anúncio,6,33909.37
5814,Mirella Castro,cardosojosue@example.com,2024-07-13,Anúncio,7,20602.53
5815,Ana Vitória Oliveira,portoyan@example.com,2024-04-09,Anúncio,4,66531.9
5816,Sra. Eloá das Neves,lara22@example.org,2024-09-26,Anúncio,4,12759.25
5817,Matteo Fernandes,njesus@example.net,2024-05-31,Anúncio,11,31650.99
5818,Heitor Rocha,brayan82@example.com,2024-10-12,Anúncio,8,39803.58
5819,Davi Lucca Gomes,aylada-costa@example.net,2024-06-30,Anúncio,6,90837.13
5820,Ayla da Mota,da-costacaue@example.net,2025-10-22,Anúncio,4,88901.44
5821,Luara Dias,davi-lucca42@example.org,2024-07-18,Anúncio,1,34620.45
5822,João Miguel Moura,mateus50@example.com,2024-04-29,Anúncio,7,32466.99
5823,Léo Albuquerque,thalescirino@example.net,2025-06-25,Anúncio,5,13373.92
5824,Ravi Lucca Alves,viniciusda-mata@example.org,2025-08-04,Anúncio,1,23536.92
5825,Guilherme Borges,pintoapollo@example.com,2025-02-05,Anúncio,1,91505.87
5826,Aylla Rios,ravyrocha@example.com,2024-08-30,Anúncio,10,47456.77
5827,Dra. Isabella Cardoso,omelo@example.net,2025-08-22,Anúncio,8,80021.28
5828,Samuel Lopes,caroline47@example.com,2025-04-16,Anúncio,11,10174.69
5829,Pedro Lucas Cardoso,efogaca@example.org,2024-09-26,Anúncio,11,75323.07
5830,Dr. Leonardo Novais,da-pazmaria-helena@example.org,2024-10-04,Anúncio,12,52499.34
5831,Mathias Jesus,vcaldeira@example.net,2024-01-02,Anúncio,11,21943.77
5832,Henrique Vargas,vitorcavalcanti@example.com,2024-02-02,Anúncio,10,55344.86
5833,Srta. Cecilia Azevedo,dante13@example.com,2024-03-22,Anúncio,5,71742.28
5834,Josué Nunes,lopeslevi@example.com,2024-06-12,Anúncio,4,30807.93
5835,Ágatha Pimenta,mirella24@example.com,2025-10-29,Anúncio,5,191241.6
5836,Esther Cunha,cardosocaio@example.org,2025-08-12,Anúncio,12,68264.38
5837,Brenda Sales,casa-grandeluisa@example.com,2024-01-23,Anúncio,11,20495.6
5838,Isabelly Nunes,ana-vitoria71@example.com,2024-01-09,Anúncio,4,22634.65
5839,Bryan Vieira,leaomarcelo@example.org,2025-02-19,Anúncio,2,83939.04
5840,Matteo Rezende,felipe00@example.net,2024-09-22,Anúncio,5,91458.33
5841,José Correia,nda-cunha@example.com,2025-07-27,Anúncio,11,37133.14
5842,João Vitor da Cunha,lorenzosouza@example.net,2025-12-07,Anúncio,9,32029.83
5843,Ayla da Cunha,levisales@example.net,2024-12-26,Anúncio,5,26846.83
5844,Benjamin Martins,lucasmacedo@example.com,2024-04-21,Anúncio,3,35056.78
5845,Dra. Isabella Dias,maria-eduardamoraes@example.org,2025-10-05,Anúncio,7,40490.9
5846,Sofia Machado,maria-luisa10@example.net,2024-10-26,Anúncio,4,27634.23
5847,Gabriel Nogueira,pedro-henrique00@example.org,2024-10-22,Anúncio,9,102868.39
5848,Ana Clara Araújo,ocunha@example.org,2025-05-11,Anúncio,3,113454.46
5849,Dr. Renan Machado,alice65@example.net,2024-09-18,Anúncio,10,111795.5
5850,Bárbara Mendes,ana-luizamartins@example.net,2024-06-02,Anúncio,2,21881.7
5851,Isaque da Rocha,laura33@example.org,2025-06-08,Anúncio,2,47607.51
5852,Sra. Maria Flor Fogaça,smoura@example.org,2024-04-27,Anúncio,9,118474.87
5853,Dr. Noah Sousa,brendacampos@example.com,2024-01-23,Anúncio,5,43271.46
5854,Dr. Gustavo Dias,moraesemanuelly@example.org,2024-12-29,Anúncio,12,12183.17
5855,Sra. Maria Laura Nunes,tfogaca@example.net,2024-01-20,Anúncio,6,31710.32
5856,Dr. Luan Vieira,calbuquerque@example.net,2025-07-18,Anúncio,9,104741.88
5857,Henry Machado,leandro29@example.com,2025-12-11,Anúncio,5,123935.84
5858,Sra. Stella da Cunha,felipealbuquerque@example.net,2025-11-16,Anúncio,9,76558.09
5859,Francisco Cardoso,francisco45@example.com,2024-03-31,Anuncio,2,47342.65
5860,Maria Eduarda Silveira,mariaramos@example.org,2025-11-03,Anúncio,6,39942.33
5861,Ryan Gonçalves,raparecida@example.org,2024-03-06,Anúncio,8,84058.65
5862,Diego Lima,paulo02@example.net,2024-09-06,Anúncio,3,21888.52
5863,Ana Clara Nogueira,camaramariah@example.org,2024-02-18,Anúncio,1,33547.6
5864,Diego Campos,pintomurilo@example.com,2025-08-13,Anúncio,11,64632.54
5865,Clarice das Neves,leandrocavalcante@example.net,2024-05-25,Anúncio,12,314182.03
5866,Maria Eduarda Andrade,silvaana-laura@example.net,2025-04-12,Anúncio,2,42325.68
5867,Catarina Novais,benjamim76@example.net,2025-06-25,Anúncio,11,39996.2
5868,Luísa Costa,nogueiramaria-helena@example.net,2024-09-26,Anúncio,11,115949.56
5869,Juan Sá,dguerra@example.net,2025-07-17,Anúncio,9,24864.98
5870,Amanda Aragão,jmontenegro@example.com,2024-08-15,Anúncio,9,18765.14
5871,Murilo Lopes,mgarcia@example.com,2024-03-31,Anúncio,5,31660.15
5872,Dra. Hellena Lopes,rodriguesana-luiza@example.org,2024-11-25,Anúncio,8,22148.63
5873,Maria Luísa Montenegro,eduardasiqueira@example.org,2025-05-16,Anúncio,3,36826.74
5874,Lunna Farias,brunaviana@example.net,2024-01-23,Anúncio,1,30747.17
5875,Eloah Oliveira,lvieira@example.com,2025-07-31,Anúncio,6,30320.02
5876,Clara Costela,beatrizmachado@example.net,2024-06-19,Anúncio,4,131940.06
5877,Ryan da Cruz,julia89@example.net,2025-04-24,Anúncio,9,48831.43
5878,Renan Araújo,maria-helena23@example.net,2024-03-08,Anúncio,4,59691.02
5879,Isabella da Cunha,lorena66@example.org,2024-10-02,Anúncio,5,16335.25
5880,Luiz Gustavo Brito,helena18@example.org,2024-11-29,Anúncio,4,61327.14
5881,Sophie Gonçalves,milenanovaes@example.com,2024-12-02,Anúncio,10,81667.4
5882,Dra. Stephany Sampaio,kpimenta@example.com,2024-07-03,Anúncio,10,51048.01
5883,José Miguel Almeida,eloahbarros@example.net,2025-01-16,ANÚNCIO,9,10920.26
5884,Luna Leão,da-conceicaoana-clara@example.com,2024-07-06,Anuncio,9,35644.36
5885,Vitor Hugo da Conceição,guilhermenogueira@example.org,2024-04-13,Anúncio,5,47949.02
5886,Ana Campos,vpacheco@example.org,2024-03-21,Anúncio,8,13114.38
5887,Ravy Leão,carvalhonicolas@example.com,2025-10-06,Anúncio,9,73842.11
5888,Isadora Pires,borgeslevi@example.org,2024-03-19,Anúncio,5,129654.26
5889,Breno Gomes,gaelmontenegro@example.com,2024-10-06,Anúncio,10,63331.2
5890,Arthur Abreu,rodrigopacheco@example.org,2024-06-16,Anúncio,4,44096.06
5891,Sr. Henrique Barbosa,ryangoncalves@example.net,2025-03-10,Anúncio,4,61656.34
5892,Helena Rocha,da-rochaanthony@example.net,2024-08-31,Anúncio,4,47205.7
5893,Emanuelly Barros,maria-vitoriaaparecida@example.org,2024-07-14,Anúncio,2,56170.86
5894,Davi Novaes,lmendes@example.org,2025-12-03,Anúncio,3,35015.94
5895,Fernando Pinto,arthur-miguel31@example.net,2025-12-29,Anúncio,5,18810.39
5896,Raquel Porto,isabelly90@example.org,2024-03-20,Anúncio,12,37783.32
5897,Srta. Bella Rezende,martinsfernanda@example.com,2025-05-03,Anúncio,5,26893.24
5898,Erick da Rocha,sofia34@example.org,2025-10-03,Anúncio,5,33976.6
5899,Rafaela Camargo,diogo54@example.net,2025-12-05,Anúncio,10,59169.83
5900,Liz Lopes,camargomaria-flor@example.net,2024-07-23,Anúncio,4,176313.31
5901,Yuri Machado,carvalhomaria-sophia@example.org,2025-07-13,Anúncio,12,8662.77
5902,Ester Andrade,caue09@example.org,2024-08-16,Anúncio,2,34836.06
5903,Stephany Albuquerque,alexiapires@example.net,2025-03-14,Anúncio,11,228382.19
5904,Bruna Cavalcanti,lucas-gabrielcamargo@example.com,2025-01-07,Anúncio,10,28908.45
5905,Alice Alves,paulo24@example.net,2025-05-13,ANÚNCIO,11,31311.81
5906,Yago da Conceição,claracirino@example.net,2025-10-20,Anúncio,12,16294.85
5907,Maria Isis Castro,juan02@example.org,2024-03-07,Anúncio,3,85135.52
5908,Daniel Brito,kmartins@example.com,2024-05-24,Anúncio,11,80536.15
5909,Sra. Eloah Moura,lucas-gabrielgomes@example.com,2025-02-19,Anúncio,5,84750.89
5910,Amanda Brito,guerramaite@example.net,2024-09-08,Anúncio,6,87074.86
5911,Daniel Lopes,vvieira@example.net,2025-02-02,Anúncio,10,72644.32
5912,Catarina Peixoto,cavalcantiantonella@example.org,2025-07-12,Anúncio,11,106021.3
5913,Sr. Thiago Gonçalves,lucca67@example.org,2025-05-08,Anúncio,6,72120.03
5914,Enzo Gabriel Cavalcante,pimentaana-clara@example.org,2025-06-28,Anúncio,9,66571.73
5915,Maitê Costela,da-pazapollo@example.com,2024-04-09,Anúncio,6,137363.06
5916,Breno Pereira,dom05@example.org,2024-01-18,Anúncio,7,33959.43
5917,Luna Vieira,andre84@example.net,2025-09-20,Anúncio,5,48440.26
5918,Sr. Yan da Rocha,cmendonca@example.org,2024-11-18,Anúncio,6,61042.35
5919,Theo Montenegro,luiza79@example.com,2025-03-23,Anúncio,2,85649.97
5920,André Novais,beniciorezende@example.com,2024-02-11,Anúncio,7,86886.48
5921,Júlia Ribeiro,bruno58@example.org,2025-05-14,ANÚNCIO,9,20261.73
5922,Dr. André Barros,ccastro@example.org,2024-02-29,Anúncio,1,45471.39
5923,Melina da Cruz,agathacirino@example.net,2025-07-15,Anúncio,11,52142.64
5924,Dante Sales,jose-pedroalbuquerque@example.com,2024-02-04,Anúncio,8,41158.42
5925,Caleb Sá,davi-lucascorreia@example.com,2024-02-18,Anúncio,6,21263.13
5926,Paulo Costa,bnascimento@example.org,2024-08-29,Anúncio,5,5994.14
5927,Ana Cecília Fonseca,cavalcantiana-julia@example.org,2024-05-16,Anúncio,7,44840.97
5928,Luara Azevedo,rochamaria-isis@example.net,2025-12-17,Anúncio,6,10866.08
5929,Sra. Olívia Barbosa,marquescarlos-eduardo@example.net,2024-11-18,Anúncio,8,19448.68
5930,Júlia Nogueira,lunna96@example.net,2024-12-02,Anúncio,8,21854.2
5931,Maria Luiza Correia,castrothomas@example.org,2024-01-27,Anúncio,7,51470.61
5932,Amanda das Neves,yasmin13@example.net,2024-12-23,Anúncio,8,44763.0
5933,Stephany Campos,camposguilherme@example.com,2024-02-06,Anúncio,2,44545.29
5934,Dr. Theo Vieira,cmartins@example.com,2025-03-18,Anúncio,12,78588.64
5935,Lucca Cardoso,isabelly01@example.com,2025-12-15,Anúncio,1,59447.8
5936,Eduardo Vieira,machadolavinia@example.com,2024-08-18,Anúncio,12,90625.41
5937,Sr. Rodrigo Martins,cardosoleandro@example.net,2025-08-01,Anúncio,12,295638.27
5938,André da Cunha,raul47@example.net,2025-11-30,Anúncio,2,17110.66
5939,Pedro Lucas Marques,aylacorreia@example.net,2025-12-02,Anúncio,11,41076.37
5940,Bento Pinto,luiz-otavio84@example.net,2025-06-12,Anúncio,6,20528.14
5941,Olívia Viana,eloahsantos@example.net,2025-09-18,Anúncio,3,103059.45
5942,Emanuella Marques,mateuscunha@example.net,2024-09-04,Anúncio,6,156580.32
5943,Sra. Olivia Rodrigues,castrothomas@example.org,2025-02-17,Anúncio,5,39892.94
5944,Isabelly Oliveira,brios@example.org,2025-04-11,Anúncio,11,52522.49
5945,Dra. Vitória das Neves,ida-paz@example.com,2024-05-20,Anúncio,5,29866.43
5946,Davi Luiz Rocha,lda-cruz@example.net,2024-08-05,Anúncio,3,69228.0
5947,Liam Silveira,rvieira@example.com,2024-09-11,Anúncio,1,36243.39
5948,Isaque Pereira,novaeslara@example.net,2024-02-07,Anúncio,1,39809.96
5949,Maria Luiza Cavalcante,maria-juliada-cruz@example.com,2024-11-22,Anúncio,5,28092.65
5950,Isaac das Neves,gomeslevi@example.org,2025-07-12,Anúncio,10,48314.59
5951,Noah Lima,samuelda-mata@example.org,2025-04-01,Anúncio,5,33656.48
5952,João Sales,franciscofreitas@example.com,2025-03-16,Anúncio,1,56839.71
5953,Srta. Jade Sales,luiz-gustavo63@example.com,2025-03-03,Anúncio,12,27309.28
5954,Vinícius Novais,ncirino@example.org,2024-01-13,Anúncio,7,95805.41
5955,Dr. Arthur Gabriel da Paz,vitor55@example.net,2024-01-02,Anúncio,9,123957.81
5956,Leandro Costela,amanda21@example.org,2024-04-15,Anúncio,2,195882.28
5957,Ravi Lucca Fernandes,vinicius49@example.com,2025-10-20,Anúncio,11,16981.09
5958,Laura Cavalcante,piressophia@example.net,2025-09-09,Anúncio,3,64505.74
5959,Felipe Pires,gabriela38@example.org,2025-02-13,Anúncio,6,156752.8
5960,Sr. Enrico Pinto,camposjoana@example.com,2024-09-29,Anúncio,1,124294.28
5961,Emanuella da Cunha,lda-paz@example.net,2025-11-29,Anúncio,5,70142.88
5962,Sarah Macedo,thiagomacedo@example.net,2024-02-07,Anúncio,9,41641.2
5963,Lorenzo Cunha,wfreitas@example.net,2024-02-26,Anúncio,6,35185.64
5964,Bárbara Fonseca,andrearaujo@example.com,2025-03-13,Anúncio,11,179190.48
5965,Sr. José Pedro Freitas,mourapedro-lucas@example.com,2025-01-27,Anúncio,11,49912.77
5966,Emanuelly Rodrigues,calebefernandes@example.com,2025-12-14,ANÚNCIO,3,34354.12
5967,Eloá da Luz,matteo10@example.net,2025-07-28,Anúncio,2,20786.42
5968,Ayla Carvalho,jade43@example.net,2025-11-08,Anúncio,6,53462.1
5969,Yasmin Porto,tcavalcante@example.org,2025-05-24,Anúncio,5,44240.24
5970,Srta. Ana Sophia da Mata,balbuquerque@example.com,2025-10-30,Anúncio,10,42894.08
5971,Dra. Maria Julia Camargo,garciajulia@example.org,2025-04-28,Anúncio,11,52217.84
5972,Sra. Luana Pereira,casa-grandedavi-lucas@example.net,2025-01-14,Anúncio,4,166008.83
5973,Ana Carolina Gomes,antony61@example.com,2025-02-15,Anúncio,2,72102.27
5974,Antonella Ferreira,caldeirahenrique@example.org,2025-10-11,Anúncio,1,40060.09
5975,Sr. Davi Miguel Siqueira,enricoleao@example.org,2024-03-02,Anúncio,3,31930.05
5976,José Miguel Teixeira,cirinomaria-luisa@example.org,2025-02-06,Anúncio,2,49699.82
5977,Ágatha Leão,joao-felipecamargo@example.org,2024-10-04,Anúncio,8,161167.3
5978,Yuri Gonçalves,da-luzagatha@example.com,2025-04-11,Anúncio,10,25283.49
5979,Marcelo Andrade,zpinto@example.com,2025-03-02,Anúncio,3,91738.41
5980,Milena Montenegro,luan00@example.net,2024-10-09,Anúncio,9,63829.23
5981,João Pedro Barros,vitor-hugo24@example.com,2025-04-30,Anúncio,11,209553.02
5982,Renan Câmara,pcavalcante@example.net,2025-01-20,Anúncio,10,109510.58
5983,Mariana Azevedo,emilly28@example.net,2024-04-28,Anúncio,3,70976.4
5984,Dr. Rafael Duarte,bsampaio@example.org,2025-03-24,Anúncio,6,95147.81
5985,Sarah Cavalcante,benjaminfernandes@example.com,2024-01-15,Anúncio,5,48907.75
5986,Pietra Oliveira,mribeiro@example.net,2025-08-13,Anúncio,5,23038.96
5987,Giovanna Gomes,blopes@example.com,2025-10-15,Anúncio,9,45722.78
5988,Carlos Eduardo Aparecida,pedro-henrique94@example.net,2024-02-14,Anúncio,11,28378.06
5989,Zoe Caldeira,anthony43@example.net,2024-06-20,Anúncio,10,9935.86
5990,Isaac Fernandes,bsousa@example.org,2024-03-16,Anúncio,2,41400.03
5991,Maria Alice Vargas,opinto@example.com,2025-07-03,Anúncio,2,96420.02
5992,Alice Pinto,wcunha@example.com,2024-02-10,Anúncio,9,97212.61
5993,Nina Gonçalves,mendoncabeatriz@example.org,2025-01-23,ANÚNCIO,6,62019.05
5994,Caio Araújo,montenegroamanda@example.org,2024-10-01,Anúncio,6,59456.37
5995,Eloah Ribeiro,gabriellydas-neves@example.net,2025-06-16,Anúncio,5,231226.79
5996,Cauã Moura,vianajose-pedro@example.com,2025-03-25,Anúncio,2,41855.97
5997,Dr. Bento Montenegro,ravi-lucca56@example.com,2025-01-25,Anúncio,5,99662.01
5998,Lucca Castro,samuel77@example.net,2025-01-02,Anúncio,3,60724.54
5999,Luísa Andrade,asilveira@example.net,2025-07-05,Anúncio,5,39820.1
6000,Dr. Raul Câmara,jda-cunha@example.net,2024-12-10,Anúncio,8,37816.38
6001,Sra. Daniela Farias,cavalcanteluigi@example.com,2024-10-24,Anúncio,10,112718.52
6002,Dra. Lavínia Leão,lvieira@example.net,2024-01-15,Anúncio,7,66517.48
6003,Bryan Ribeiro,xduarte@example.org,2024-06-29,Anúncio,11,32853.42
6004,Rhavi Pastor,yannunes@example.net,2024-09-18,Anúncio,10,24912.85
6005,Lunna Castro,isabellamonteiro@example.com,2025-02-14,Anúncio,3,251890.32
6006,Ana Júlia Casa Grande,camarapietra@example.com,2025-04-18,Anúncio,10,111230.51
6007,Arthur Miguel Macedo,araujovinicius@example.org,2025-11-28,Anúncio,8,24464.24
6008,Sr. Davi Lucas da Paz,kamillynunes@example.net,2024-07-06,Anúncio,1,67694.82
6009,Dr. Liam Câmara,davi-miguel39@example.com,2025-01-25,Anúncio,12,32121.41
6010,Isadora Farias,aliceleao@example.org,2025-06-20,Anúncio,1,87685.3
6011,Davi Lucca Silveira,ksouza@example.org,2024-08-02,Anúncio,1,21566.57
6012,Bento Moraes,joao-miguel06@example.org,2025-01-27,Anúncio,9,18872.99
6013,João Jesus,azevedosara@example.net,2024-10-23,Anúncio,4,24129.99
6014,Valentina Monteiro,manuelacasa-grande@example.net,2024-10-08,Anúncio,9,149351.85
6015,Mateus Ferreira,pedro-henriquesales@example.net,2024-02-05,Anúncio,5,508843.42
6016,João Pedro Caldeira,mendesenzo-gabriel@example.com,2024-01-14,anuncio,4,77776.76
6017,Joaquim Costa,davimontenegro@example.com,2024-07-21,Anúncio,2,19118.0
6018,João Miguel Borges,theo66@example.org,2025-10-19,Anúncio,11,62641.58
6019,Emilly Rocha,piresmiguel@example.org,2024-05-02,Anúncio,1,108475.45
6020,Ravy Novaes,siqueiraliam@example.net,2024-02-05,Anuncio,11,31574.15
6021,Arthur Gabriel Pacheco,kamillymendonca@example.net,2025-03-13,Anúncio,2,23540.21
6022,Sra. Sara Marques,pmarques@example.com,2025-11-24,Anúncio,12,8857.45
6023,Dr. Marcos Vinicius das Neves,cecilia45@example.net,2024-02-02,Anúncio,6,108193.29
6024,Gustavo Henrique da Cunha,pimentabianca@example.net,2025-06-11,Anúncio,9,50911.44
6025,Guilherme Fogaça,caldeiracarlos-eduardo@example.org,2024-03-04,Anúncio,1,45561.03
6026,Gabrielly Oliveira,esther33@example.org,2024-03-22,Anúncio,7,30364.44
6027,Catarina Correia,marcos-viniciusrezende@example.org,2025-11-06,Anúncio,9,64953.76
6028,Luiz Otávio Rocha,das-nevesraquel@example.com,2025-05-09,Anúncio,1,51368.31
6029,Sr. Ravi Almeida,fernandada-cunha@example.org,2025-02-03,Anúncio,8,54641.18
6030,Cecilia Vieira,yalbuquerque@example.com,2024-04-12,Anúncio,11,103386.35
6031,Cauê Dias,souzaana-cecilia@example.com,2025-02-02,Anúncio,4,5745.06
6032,Pietra Lopes,heitorleao@example.com,2024-02-05,Anúncio,3,78852.25
6033,Isabelly Sousa,joao-gabriel79@example.com,2024-10-06,Anúncio,6,31063.4
6034,Benjamim Cavalcanti,caue69@example.com,2025-05-11,Anúncio,2,273988.8
6035,Eloá Ferreira,bernardocastro@example.org,2025-02-08,Anúncio,12,50813.91
6036,Sra. Sofia Pinto,mariamartins@example.org,2025-04-20,Anúncio,7,27218.99
6037,Marcelo Nogueira,stellada-luz@example.net,2024-03-09,Anúncio,1,53655.99
6038,Antonella Pastor,elisa16@example.net,2025-06-22,Anúncio,10,14927.04
6039,Sra. Ana Lívia Souza,ana-sophia64@example.com,2025-11-23,Anúncio,9,46905.8
6040,Isis Vargas,joao-pedro39@example.org,2025-10-16,Anúncio,9,14149.61
6041,José Pedro Barbosa,lucca42@example.net,2024-02-20,Anúncio,2,21575.33
6042,Maria Flor Monteiro,bianca47@example.org,2024-02-27,Anúncio,6,15284.28
6043,Theodoro Pastor,fteixeira@example.net,2025-01-08,Anúncio,9,28169.24
6044,Manuella Teixeira,camposana-julia@example.com,2025-01-14,Anúncio,11,52223.26
6045,Ana Clara Souza,laviniamendonca@example.org,2025-09-09,Anúncio,9,52400.14
6046,Manuela Aparecida,milenasampaio@example.org,2024-09-17,ANÚNCIO,5,44338.51
6047,Leonardo Rios,martinsmaria-sophia@example.net,2025-01-08,Anúncio,7,140622.41
6048,Thales da Costa,lavinia03@example.org,2024-05-10,Anúncio,6,50190.62
6049,Beatriz Câmara,apollo79@example.net,2025-11-15,Anúncio,3,37997.45
6050,Caio Gomes,clara75@example.org,2024-03-13,Anúncio,1,94828.18
6051,Manuella da Paz,milenasilva@example.net,2025-10-13,Anuncio,1,69276.04
6052,Davi Lucas Teixeira,rmendonca@example.net,2025-10-03,anuncio,10,57005.6
6053,Sr. Luiz Gustavo Rodrigues,limaheloisa@example.net,2024-01-29,Anúncio,8,66942.25
6054,Ana Lívia Ferreira,maria-helena15@example.com,2025-07-06,Anúncio,11,179123.47
6055,Maria Vitória Barros,jleao@example.net,2024-08-24,Anúncio,8,97550.36
6056,Augusto Nunes,laurasouza@example.org,2024-05-25,Anúncio,10,102381.28
6057,Isis Jesus,fernandesester@example.com,2024-10-11,Anúncio,4,55023.59
6058,Noah Camargo,camaraoliver@example.net,2025-10-28,Anúncio,1,42938.94
6059,Dr. Gabriel Cirino,vicentefreitas@example.org,2024-10-09,Anúncio,2,64366.27
6060,Clarice Freitas,zpereira@example.org,2024-06-08,Anúncio,12,163017.9
6061,Carolina Barros,liznunes@example.com,2025-01-14,Anúncio,12,2195.9
6062,Sra. Maria Julia Pacheco,tnovaes@example.net,2024-10-17,Anúncio,2,191217.4
6063,Sofia Pires,msousa@example.org,2024-01-11,Anúncio,8,100088.13
6064,Mariana Câmara,ferreiralorenzo@example.com,2024-04-27,Anúncio,7,189156.33
6065,Ana Júlia da Luz,heloisaoliveira@example.org,2024-01-10,Anúncio,6,146827.53
6066,Luiz Felipe Nunes,limatheodoro@example.org,2025-01-13,Anúncio,2,78180.61
6067,André Campos,maria-sophiada-paz@example.com,2025-03-27,Anúncio,2,16208.37
6068,Alexia Camargo,ngomes@example.org,2025-05-21,Anúncio,10,50563.87
6069,Ayla Oliveira,dda-cruz@example.net,2024-05-13,Anúncio,3,88083.28
6070,Allana Moura,cecilia36@example.org,2025-07-30,Anúncio,9,70411.33
6071,Clarice Cavalcanti,apollojesus@example.org,2024-10-18,Anúncio,8,18033.55
6072,Dr. Ravy Costela,mariane75@example.com,2024-01-28,Anúncio,12,226532.4
6073,Lavínia Cavalcante,davi-lucca04@example.org,2025-10-30,Anúncio,1,38284.12
6074,Srta. Helena Souza,maria-isiscostela@example.org,2025-05-03,Anúncio,11,40438.49
6075,Davi Lucas das Neves,liviada-rosa@example.net,2025-02-04,Anúncio,3,39804.75
6076,Gabrielly Souza,jose-miguel35@example.com,2024-01-23,Anúncio,12,11191.01
6077,Danilo Novais,apolloda-cruz@example.net,2024-01-08,ANÚNCIO,4,113330.51
6078,Paulo Rocha,mirella62@example.net,2025-02-06,Anúncio,11,44906.67
6079,Lucas Gabriel Costa,santosgustavo@example.org,2025-09-25,Anúncio,12,50983.38
6080,Elisa Montenegro,martinsmaria-vitoria@example.net,2025-03-31,Anúncio,1,57004.68
6081,Gustavo Henrique Porto,ylima@example.com,2024-01-04,Anúncio,12,29279.45
6082,Matteo Rezende,maria-luiza28@example.org,2025-03-24,Anúncio,7,110102.68
6083,Isadora Castro,lduarte@example.net,2024-09-02,Anúncio,3,25630.46
6084,Lucca Albuquerque,murilorodrigues@example.com,2024-03-13,Anúncio,7,61133.93
6085,Ana Julia Silva,agathaalves@example.org,2025-08-04,anuncio,3,36851.17
6086,Maria Cecília Cunha,miguel13@example.org,2025-02-13,Anúncio,5,35509.03
6087,Sra. Manuela Cardoso,vsales@example.com,2025-05-26,Anuncio,7,36886.53
6088,Beatriz Pacheco,calebe30@example.com,2024-04-12,Anúncio,8,44539.49
6089,Sarah Marques,marquesdavi-luiz@example.org,2024-03-09,Anúncio,11,29076.15
6090,Sra. Luísa Cassiano,ana89@example.org,2025-01-08,Anúncio,2,20683.98
6091,Maria Alice Castro,nataliamontenegro@example.org,2025-01-16,Anúncio,11,106706.35
6092,Brayan Duarte,da-motamaria-helena@example.com,2025-02-16,Anúncio,8,64213.41
6093,Maria Sophia da Mata,da-cruzisabelly@example.net,2025-06-10,Anúncio,2,74035.47
6094,Nicolas Fogaça,wjesus@example.org,2025-04-11,Anúncio,7,87660.04
6095,Eloah Carvalho,kcaldeira@example.net,2025-04-21,Anúncio,2,86452.32
6096,Dr. Apollo Cardoso,vinicius94@example.org,2024-04-19,Anúncio,7,9707.99
6097,Jade Sousa,maria-cecilia76@example.com,2024-10-23,Anúncio,8,27052.44
6098,Isaac Nogueira,ofernandes@example.com,2025-02-27,Anúncio,4,94015.86
6099,Arthur Gabriel Santos,sampaioemilly@example.net,2025-01-11,Anúncio,1,44156.81
6100,Dr. Pedro Miguel Moraes,joao-miguelcostela@example.net,2024-07-28,Anúncio,6,284854.24
6101,Dra. Maria Clara Sá,hadassaalbuquerque@example.org,2025-11-13,Anúncio,5,31828.5
6102,Larissa Borges,maria-claraalves@example.com,2024-03-25,Anúncio,8,57936.9
6103,Bianca Novais,raul60@example.net,2025-12-08,Anúncio,9,41139.43
6104,Sabrina Nascimento,macedojoao-gabriel@example.org,2025-07-11,Anúncio,8,10699.28
6105,Cecilia Alves,paulonovaes@example.net,2025-02-25,Anúncio,11,8934.22
6106,Bernardo Castro,teixeiraleticia@example.com,2024-03-17,Anúncio,11,129298.56
6107,Mariane Câmara,bcastro@example.org,2025-02-05,Anúncio,1,77692.88
6108,Melina Câmara,theodoro83@example.com,2024-02-20,Anúncio,2,105838.77
6109,Dr. Rodrigo Abreu,gporto@example.net,2025-11-03,Anúncio,7,66229.54
6110,Agatha Ferreira,uribeiro@example.com,2024-07-13,Anúncio,11,74614.57
6111,Gael Pastor,emendonca@example.org,2024-10-09,Anúncio,2,56568.72
6112,Dr. Matteo Machado,ryanbarbosa@example.com,2025-03-24,Anúncio,9,64029.53
6113,André Pastor,vitor-hugo68@example.net,2024-01-11,Anúncio,10,106028.17
6114,Sabrina Souza,carlos-eduardosa@example.com,2025-01-24,Anúncio,5,38561.49
6115,Sarah Lima,araujolorenzo@example.com,2025-05-19,Anúncio,10,68424.79
6116,Calebe Carvalho,lavinialeao@example.org,2024-05-13,Anúncio,10,16431.1
6117,Dr. Thales Vasconcelos,rodriguesbenicio@example.net,2024-04-04,Anúncio,5,34595.87
6118,Sr. Leandro Albuquerque,vasconcelosana-beatriz@example.com,2024-12-19,Anúncio,10,162569.12
6119,Levi Pereira,uvargas@example.org,2025-01-21,Anúncio,11,23870.92
6120,Apollo Barbosa,andrademanuella@example.org,2024-11-08,Anúncio,2,114125.44
6121,Sofia Dias,heloisa73@example.net,2024-07-21,Anúncio,11,20961.68
6122,Theo da Paz,isadorasa@example.net,2024-10-17,Anúncio,7,38113.2
6123,Arthur Gabriel Novaes,gustavo-henrique31@example.net,2024-08-04,Anúncio,1,135601.46
6124,Luiza Oliveira,emonteiro@example.net,2024-06-14,Anúncio,10,201256.41
6125,Diego Caldeira,apolloferreira@example.com,2024-12-05,Anúncio,1,14015.17
6126,Vitor Hugo Porto,luiz-fernando51@example.org,2024-10-06,Anúncio,6,77108.75
6127,Asafe Costa,ana-clara09@example.com,2024-11-05,Anúncio,3,47227.19
6128,João Miguel Azevedo,ana-sophianunes@example.com,2024-01-01,Anúncio,5,15109.28
6129,Ana Carolina Siqueira,joao-lucasda-cruz@example.net,2025-05-03,anuncio,10,49873.42
6130,Melissa Rocha,ymartins@example.com,2024-01-27,Anúncio,4,67207.64
6131,Mathias Cavalcante,diego34@example.org,2024-05-12,Anúncio,6,22786.79
6132,Hadassa Nunes,nnovaes@example.net,2025-07-28,Anúncio,7,165874.33
6133,Laura da Rocha,asafemoura@example.org,2025-12-17,Anúncio,9,130950.3
6134,Fernanda Jesus,lorenzosales@example.net,2025-12-24,Anúncio,5,25589.53
6135,Gabrielly Porto,asantos@example.org,2025-02-23,Anúncio,10,106880.96
6136,Maria Helena da Cruz,anthonymelo@example.org,2024-06-22,Anúncio,8,60362.49
6137,Dr. Bruno Novaes,isaac33@example.org,2025-08-23,Anúncio,11,63807.19
6138,Ravy Moraes,varaujo@example.com,2025-04-02,Anúncio,4,37707.48
6139,Maria Luiza Machado,lbarbosa@example.org,2025-12-19,Anúncio,5,254132.19
6140,Dra. Catarina Teixeira,da-conceicaodante@example.org,2025-01-28,Anúncio,8,86569.25
6141,Melina Dias,cda-mata@example.com,2025-01-15,Anúncio,11,100254.71
6142,Ester da Costa,costelalara@example.org,2024-01-25,Anúncio,8,13242.59
6143,Maysa Mendonça,mcamargo@example.net,2024-05-03,Anúncio,10,29597.72
6144,João Felipe Teixeira,lribeiro@example.com,2025-04-14,Anúncio,9,22580.94
6145,Dr. Ravi Lucca Azevedo,jadeda-paz@example.net,2025-12-26,Anúncio,11,180633.48
6146,Pietra da Luz,gabriel45@example.org,2024-12-08,Anúncio,12,15909.31
6147,Maria Alice Teixeira,danielamacedo@example.net,2024-01-17,Anúncio,2,46229.28
6148,Kaique Rocha,aylacarvalho@example.net,2024-10-09,Anúncio,10,51339.01
6149,Ana Julia Santos,moreiraemanuelly@example.org,2024-03-16,Anúncio,11,104957.54
6150,Daniel Dias,pmelo@example.org,2025-11-25,Anúncio,12,104656.27
6151,Manuella Barbosa,maria-clara64@example.net,2024-03-26,Anúncio,8,44323.91
6152,Sabrina Andrade,dante68@example.org,2024-03-10,anuncio,9,69346.2
6153,Ísis Costa,davi-luizpacheco@example.org,2024-11-23,Anúncio,5,32327.11
6154,Pedro Henrique Duarte,cavalcantimaria-vitoria@example.com,2025-01-24,Anúncio,8,391882.28
6155,Mariane Aragão,ana-clarasouza@example.net,2025-05-21,Anúncio,10,36916.6
6156,Dr. Guilherme Sales,noahvasconcelos@example.net,2024-09-16,Anúncio,12,174967.58
6157,Clarice da Cruz,eloah24@example.com,2025-10-08,Anúncio,1,57717.56
6158,Ana Júlia Fernandes,diasbarbara@example.net,2025-02-26,Anúncio,7,76842.42
6159,Vitória Porto,isiscorreia@example.net,2024-01-27,Anúncio,7,28394.6
6160,Alana Porto,lucas-gabrielda-mata@example.net,2024-01-20,Anúncio,11,17923.36
6161,Srta. Nicole Borges,qcamargo@example.net,2024-12-02,Anúncio,7,46257.24
6162,Dra. Maria Julia Vargas,ninapires@example.com,2024-11-08,anuncio,5,513322.56
6163,Nicole Sousa,maria-luisa62@example.org,2024-11-19,Anúncio,7,21031.27
6164,Olivia Alves,catarinarezende@example.com,2024-02-02,Anúncio,9,207476.56
6165,Melina Sá,juliamoura@example.org,2024-01-30,Anúncio,1,14314.1
6166,Esther Campos,luiz-henriquesilveira@example.net,2024-02-04,Anúncio,9,153268.66
6167,Caleb Vargas,pietrocarvalho@example.net,2025-06-02,Anúncio,6,270498.23
6168,Srta. Maria Júlia Cirino,rodrigo94@example.net,2025-02-28,Anúncio,12,30725.2
6169,Theodoro Fonseca,carolina54@example.org,2024-03-23,Anúncio,10,10980.37
6170,Eloah Dias,enzo-gabrielda-luz@example.org,2024-11-01,Anúncio,2,51881.84
6171,Igor Ferreira,bcamara@example.org,2025-11-12,Anúncio,7,48164.45
6172,Thiago Cassiano,mmelo@example.com,2024-02-09,Anúncio,7,54590.64
6173,Liz Pimenta,das-nevesmaite@example.net,2024-04-29,Anuncio,8,40606.72
6174,Maria Helena Fonseca,bbrito@example.net,2024-10-02,Anúncio,8,77899.4
6175,Maya Rezende,franciscocorreia@example.org,2024-06-03,Anúncio,9,10182.96
6176,Sra. Ana Liz Moura,icavalcanti@example.com,2024-04-07,Anúncio,6,71387.22
6177,Luara Gomes,otto47@example.com,2025-12-07,Anúncio,8,120512.12
6178,Vinicius Nascimento,ottoalmeida@example.net,2025-06-28,Anúncio,11,85339.22
6179,Luiz Miguel Nogueira,hcavalcanti@example.net,2025-05-29,Anúncio,8,247851.21
6180,Lavínia Gonçalves,nrios@example.com,2025-11-03,Anuncio,8,73781.12
6181,Breno Gonçalves,ryanalmeida@example.net,2024-04-28,Anúncio,9,18575.0
6182,Mathias Aparecida,melolevi@example.net,2025-10-03,Anúncio,11,54709.0
6183,Clarice Moraes,da-costaoliver@example.net,2025-12-16,Anúncio,4,86964.01
6184,Luana Pereira,moraesalice@example.net,2025-02-19,Anúncio,9,61705.43
6185,Larissa Oliveira,piresfernando@example.com,2025-10-13,Anúncio,11,292803.3
6186,José Miguel Rezende,bernardoda-conceicao@example.org,2025-08-08,Anúncio,11,100949.86
6187,Carlos Eduardo Gomes,xda-costa@example.com,2024-08-08,Anúncio,4,18449.46
6188,Emanuelly Sá,sabrinada-mota@example.com,2024-08-20,ANÚNCIO,9,62336.95
6189,Dr. Brayan da Rocha,nascimentobianca@example.com,2025-04-20,Anúncio,9,35233.04
6190,Maria Flor Cassiano,claricebarbosa@example.org,2025-01-29,Anúncio,3,35675.13
6191,Agatha Moraes,sara61@example.org,2024-09-29,Anúncio,12,53467.53
6192,Maria Vitória Souza,sousadante@example.org,2024-01-27,Anúncio,12,63233.96
6193,Alana da Rocha,bpastor@example.net,2024-01-13,Anúncio,2,22232.68
6194,Pedro Miguel da Luz,murilo89@example.org,2024-02-27,Anúncio,5,21782.51
6195,Sra. Catarina das Neves,diogo06@example.com,2024-10-13,Anúncio,2,60570.62
6196,Rebeca Nogueira,antonella73@example.org,2024-01-16,Anúncio,1,37640.51
6197,Pedro Ferreira,cavalcantiyan@example.org,2024-03-31,Anúncio,2,21802.56
6198,Vinicius Oliveira,ceciliada-mata@example.net,2025-12-02,Anúncio,3,77390.32
6199,Anthony Gabriel Marques,azevedoarthur@example.net,2024-11-17,Anúncio,2,58460.98
6200,Eloá Pimenta,benicio23@example.net,2025-11-04,Anúncio,7,99335.37
6201,Amanda Ferreira,limaluara@example.com,2024-04-30,Anúncio,4,61026.44
6202,José Nogueira,ravi-lucca33@example.org,2024-09-09,Anuncio,9,13977.75
6203,Anna Liz da Cunha,woliveira@example.com,2025-04-17,Anúncio,5,106471.61
6204,Dr. Benício Cavalcante,anasa@example.net,2025-12-22,Anúncio,10,30410.96
6205,Emanuel Abreu,nataliarios@example.net,2025-05-08,Anúncio,4,53415.67
6206,Luiz Henrique Viana,calebemoraes@example.net,2025-10-12,Anuncio,4,42059.71
6207,Maria Carvalho,macedoheloisa@example.net,2024-01-28,Anúncio,6,71972.19
6208,Dante Castro,bpereira@example.org,2024-07-28,ANÚNCIO,2,173975.6
6209,Sr. Luan Teixeira,mendesrafael@example.net,2025-09-28,Anúncio,2,77982.25
6210,João Lucas Souza,da-conceicaoana-carolina@example.org,2025-01-13,Anúncio,1,86135.08
6211,Josué Sales,emanuellyaparecida@example.net,2024-04-15,Anúncio,5,143081.31
6212,Ryan da Cunha,ycassiano@example.org,2024-04-15,Anúncio,2,41294.35
6213,Heloísa Montenegro,ana-carolina03@example.com,2025-06-22,Anúncio,1,68616.37
6214,Maria Júlia Fogaça,otto99@example.net,2024-04-07,Anúncio,5,14268.8
6215,Eduardo Siqueira,sabrina03@example.org,2024-12-29,Anúncio,2,87616.13
6216,Vicente Jesus,gael48@example.com,2024-04-24,Anúncio,2,67914.79
6217,Isabelly Cardoso,moraesantonella@example.org,2024-05-13,Anúncio,2,48528.79
6218,Sr. João Gabriel Rios,gribeiro@example.com,2024-10-08,Anúncio,2,77483.85
6219,Ana Dias,novaisjose@example.org,2024-03-11,Anúncio,3,109084.47
6220,Raquel Cavalcante,araujocaua@example.com,2025-04-08,Anúncio,5,13883.89
6221,João Pedro da Cunha,soliveira@example.org,2024-04-13,Anúncio,5,120555.67
6222,Bianca Sales,melojosue@example.com,2025-06-17,Anúncio,9,53200.33
6223,Anthony Alves,theofogaca@example.com,2025-01-12,Anúncio,10,42280.31
6224,Sofia Sales,sofia65@example.net,2024-09-01,Anúncio,3,27599.5
6225,Giovanna Mendes,agatha96@example.com,2025-03-09,Anúncio,6,27970.87
6226,Alana Macedo,pedro-lucasgoncalves@example.com,2024-10-15,Anúncio,6,78345.98
6227,Srta. Lavínia Vieira,gda-luz@example.org,2024-02-17,Anúncio,12,24672.16
6228,Cauê Nogueira,correialuiza@example.net,2024-08-01,Anúncio,1,198216.53
6229,Giovanna Montenegro,eduardacardoso@example.net,2025-01-14,Anúncio,6,49434.7
6230,Larissa Abreu,pedro93@example.com,2024-03-01,Anúncio,2,55370.04
6231,Murilo Almeida,isabelapereira@example.net,2025-06-01,Anúncio,3,11037.59
6232,Dr. Pedro Lucas Freitas,lorenaleao@example.net,2024-09-08,Anúncio,10,27086.09
6233,Benjamim Cunha,limamatteo@example.com,2024-05-11,ANÚNCIO,8,11549.23
6234,Stephany Azevedo,jdias@example.com,2024-01-05,Anúncio,11,36878.61
6235,Ana Lívia da Cruz,ryan76@example.com,2024-02-19,Anúncio,2,21463.59
6236,Théo da Conceição,antoniocostela@example.net,2024-06-04,Anúncio,4,117128.3
6237,Sr. Luiz Otávio Carvalho,haparecida@example.net,2024-09-16,Anúncio,7,14771.03
6238,Manuella Correia,maria-helenada-costa@example.com,2024-04-03,Anúncio,3,39252.42
6239,Srta. Ayla Barros,mariana47@example.com,2025-01-25,Anúncio,6,181220.02
6240,Samuel Costa,cmartins@example.com,2024-05-03,Anúncio,8,134325.55
6241,Ana Cecília Oliveira,imarques@example.org,2025-11-21,Anúncio,5,23822.62
6242,Luana Fonseca,kfernandes@example.com,2025-02-06,Anúncio,3,45999.52
6243,Isabel Pimenta,xbrito@example.org,2025-07-23,Anúncio,2,30205.34
6244,Gabriela Vargas,asafe57@example.org,2024-10-26,Anúncio,1,40984.44
6245,Ágatha Siqueira,aragaorafaela@example.net,2024-05-11,Anúncio,3,92204.75
6246,Juan Camargo,bdias@example.net,2024-11-16,Anúncio,9,29107.3
6247,Lara Cunha,melolorenzo@example.org,2024-10-19,Anúncio,9,47273.67
6248,Sarah Ribeiro,dribeiro@example.org,2025-03-15,Anúncio,1,59135.67
6249,Mariana Oliveira,gomesantonella@example.net,2025-10-18,anuncio,7,136056.68
6250,Emilly da Conceição,tda-cruz@example.org,2024-06-04,Anúncio,5,15277.81
6251,Arthur Gabriel da Luz,lunna86@example.com,2024-02-26,Anúncio,3,52127.67
6252,Diogo Gomes,maria-liz28@example.org,2025-05-19,Anúncio,3,9957.58
6253,Cecília Vargas,cavalcantemariane@example.net,2024-01-01,Anúncio,5,39728.34
6254,Yasmin Moraes,lucas49@example.net,2025-07-21,Anúncio,8,39254.0
6255,Ana Luiza Pinto,oalves@example.net,2025-05-28,Anúncio,7,31088.39
6256,Carlos Eduardo Silveira,bruna53@example.com,2025-08-15,Anúncio,12,20309.7
6257,Srta. Ana Liz Santos,paulo76@example.org,2024-02-22,Anúncio,10,41334.47
6258,Vinícius Duarte,isis70@example.com,2024-05-10,Anúncio,7,34945.68
6259,Pedro Henrique Sá,thomas81@example.com,2025-01-29,Anúncio,1,77145.2
6260,Sra. Agatha Abreu,souzayago@example.org,2024-08-16,Anúncio,3,25681.89
6261,Maria Eduarda Jesus,cassianorhavi@example.org,2025-09-01,Anúncio,4,307139.13
6262,Otávio das Neves,macedomaria-vitoria@example.org,2024-11-24,Anúncio,10,104019.36
6263,Maria Sophia Moura,luiz-gustavosiqueira@example.net,2024-10-31,Anúncio,2,200772.05
6264,Luísa Souza,leandro73@example.net,2024-04-26,ANÚNCIO,10,23594.28
6265,José Pedro Pastor,voliveira@example.net,2025-02-04,Anúncio,4,54909.72
6266,Marcelo Camargo,msales@example.com,2024-08-31,Anúncio,12,55368.13
6267,Luna da Mota,xsiqueira@example.net,2024-11-17,Anúncio,8,251667.64
6268,Isabelly Rios,dazevedo@example.net,2024-07-02,Anúncio,4,23865.8
6269,Sr. Diego Fogaça,vieiralorena@example.net,2025-03-05,Anúncio,4,36439.69
6270,Natália Campos,mathias60@example.net,2025-08-25,Anúncio,10,124499.33
6271,Renan da Rocha,asafeda-cunha@example.org,2024-01-12,Anúncio,9,170008.98
6272,Luiz Fernando Garcia,aparecidaana-beatriz@example.org,2024-05-30,Anúncio,10,46444.99
6273,Carlos Eduardo Jesus,dmonteiro@example.com,2025-04-21,Anúncio,10,30000.73
6274,Rhavi Vasconcelos,macedohenry@example.org,2025-05-13,Anúncio,7,29936.64
6275,Nina Caldeira,nlopes@example.net,2024-07-20,Anúncio,1,40807.87
6276,Sr. Noah Vieira,luiz-henrique72@example.net,2024-07-14,Anúncio,11,99086.52
6277,Dra. Amanda Sales,otto88@example.net,2025-06-12,Anúncio,4,61610.81
6278,Ryan Silveira,zmartins@example.org,2025-02-02,Anúncio,8,69771.53
6279,Pedro Lucas Andrade,ceciliadas-neves@example.org,2024-10-02,Anúncio,1,40084.76
6280,Miguel Porto,davi-luizdias@example.net,2024-02-01,Anúncio,5,59227.43
6281,Otto da Mata,vcardoso@example.com,2025-04-04,Anúncio,11,3205.83
6282,João Miguel Gomes,kmoraes@example.net,2024-07-19,Anúncio,1,16182.69
6283,Gustavo Lopes,goncalveshenrique@example.com,2025-02-13,Anúncio,1,41989.22
6284,Dra. Marcela Andrade,isabelazevedo@example.org,2025-05-24,Anúncio,12,50847.05
6285,Arthur Sampaio,fcamara@example.org,2024-11-28,Anúncio,7,14419.78
6286,Benjamin Silva,cgomes@example.com,2024-06-17,Anúncio,5,119491.49
6287,Luna da Paz,duarteravi-lucca@example.net,2024-05-18,Anúncio,6,62990.74
6288,Emanuelly da Mota,iansales@example.com,2025-05-12,Anúncio,1,98350.34
6289,Lara Câmara,pietro28@example.net,2025-10-04,Anúncio,10,120784.43
6290,Ana Sophia Martins,fonsecadavi-luiz@example.org,2025-12-13,Anúncio,6,139765.51
6291,Ana Beatriz Farias,lcamara@example.org,2025-07-28,Anúncio,7,11375.5
6292,Marcos Vinicius Vasconcelos,wnovais@example.net,2025-03-01,Anúncio,8,60465.32
6293,Maria Isis da Rocha,brenda52@example.com,2025-09-14,Anuncio,3,50877.53
6294,Levi Campos,macedoantonio@example.net,2024-10-02,Anúncio,5,40640.73
6295,Dr. Theo Albuquerque,levi95@example.org,2025-09-27,Anúncio,1,46976.87
6296,Maria Liz Nascimento,sda-mata@example.org,2024-11-01,Anúncio,8,24760.07
6297,Gabriel Fernandes,lrezende@example.com,2025-02-24,Anúncio,10,66017.77
6298,Maria Laura Peixoto,isabellyda-cruz@example.com,2024-04-15,Anúncio,9,70480.04
6299,Amanda Andrade,lramos@example.com,2024-12-28,Anúncio,5,21746.04
6300,Manuella Azevedo,erick79@example.com,2024-08-28,ANÚNCIO,10,15551.68
6301,Sra. Ana Vitória Pacheco,maria-lauramoreira@example.com,2024-09-15,Anúncio,1,58807.62
6302,Lívia Cunha,cavalcantimaria@example.org,2025-02-26,Anúncio,11,127892.48
6303,José Farias,riosdavi-lucca@example.net,2025-09-27,Anúncio,12,64702.8
6304,Mariana Sales,henry-gabrielcosta@example.com,2025-08-16,Anúncio,8,26149.58
6305,Aurora Gonçalves,fernanda15@example.org,2024-09-02,Anúncio,10,20447.52
6306,Sra. Lívia da Cruz,joao-miguelcardoso@example.net,2025-06-02,Anúncio,9,16458.82
6307,Rael Aparecida,abreuheitor@example.com,2025-01-27,Anúncio,12,126707.96
6308,Bianca Cavalcante,nbarbosa@example.net,2024-09-02,Anúncio,4,106804.19
6309,Júlia Aparecida,thales74@example.net,2025-10-16,Anúncio,4,15869.9
6310,Bárbara Carvalho,hmoraes@example.com,2024-04-09,Anúncio,9,69348.09
6311,Isadora Albuquerque,moreiraarthur-miguel@example.com,2025-07-30,Anúncio,9,87311.45
6312,Ágatha Pastor,fariasnicole@example.org,2024-05-16,Anúncio,6,19827.4
6313,Bárbara da Mata,correiapedro@example.com,2025-10-05,Anúncio,8,61228.56
6314,Srta. Manuela Andrade,salescalebe@example.com,2025-05-24,Anúncio,11,8950.56
6315,Hellena Fernandes,lpastor@example.org,2024-11-29,Anúncio,3,166583.58
6316,Ester Caldeira,davi-miguelbrito@example.com,2024-02-14,Anúncio,3,125687.58
6317,Sra. Liz Leão,carvalhodom@example.org,2024-04-23,Anúncio,12,35949.05
6318,Pedro Machado,qvasconcelos@example.org,2024-04-12,Anúncio,4,17887.7
6319,Bruna Cassiano,sabrina36@example.org,2025-06-24,Anúncio,4,17667.7
6320,Raul da Mata,aurora91@example.org,2025-03-14,Anúncio,8,84553.9
6321,Alana Pacheco,alexandreda-cruz@example.org,2024-05-20,Anúncio,4,41818.19
6322,José Pedro Souza,afreitas@example.net,2024-09-16,Anúncio,10,46499.2
6323,Dr. Dante Teixeira,wgoncalves@example.com,2024-08-01,Anúncio,1,106477.96
6324,Aylla Cunha,da-pazcatarina@example.org,2025-04-03,Anúncio,12,20683.92
6325,Isaac Montenegro,pda-rocha@example.org,2024-08-19,Anuncio,9,27764.24
6326,Júlia Fogaça,mourahelena@example.org,2025-06-30,Anúncio,3,55486.12
6327,Dra. Luna Correia,jose-miguelcamara@example.org,2025-05-04,Anúncio,3,86771.17
6328,Clara da Mata,qgomes@example.org,2024-06-08,Anúncio,8,64138.28
6329,Noah Brito,emanuellavasconcelos@example.com,2024-08-13,Anúncio,3,316480.81
6330,Isis Duarte,gcampos@example.net,2025-01-28,Anúncio,12,37457.64
6331,Lorenzo Montenegro,samueldas-neves@example.org,2025-10-16,Anúncio,9,103667.47
6332,Hellena Freitas,agatha27@example.net,2024-03-06,Anúncio,10,16436.12
6333,Maria Nunes,pastorluiz-felipe@example.org,2024-09-09,Anúncio,2,109324.39
6334,Maria Isis Freitas,mpimenta@example.org,2025-02-27,Anúncio,3,77718.92
6335,Dr. Diego Marques,ksales@example.org,2024-08-14,Anúncio,12,33682.88
6336,Oliver Nascimento,enzocavalcanti@example.com,2024-07-16,Anúncio,10,29723.56
6337,Sr. José Miguel Campos,catarinafernandes@example.net,2024-11-02,Anúncio,12,46643.22
6338,Ana Beatriz Castro,oliviaalmeida@example.org,2024-05-02,Anúncio,6,76273.55
6339,Sara Barros,leaojose-pedro@example.net,2025-03-01,Anúncio,1,45611.66
6340,Luiz Miguel Almeida,helenaribeiro@example.net,2025-09-24,Anúncio,6,148557.89
6341,João Felipe Marques,emanuellarios@example.org,2025-10-18,Anúncio,4,89065.97
6342,Calebe Ramos,thales91@example.org,2024-12-05,Anúncio,3,29624.86
6343,Srta. Ester da Costa,mouralorena@example.net,2024-07-20,Anúncio,3,100542.56
6344,Sra. Nina Oliveira,limalavinia@example.net,2024-09-27,Anúncio,5,112548.97
6345,Jade Melo,oramos@example.org,2024-05-28,Anúncio,3,22347.11
6346,Calebe Barros,da-rochaalexandre@example.net,2025-02-26,Anúncio,10,59574.31
6347,Thomas da Cunha,maria-helenanovais@example.org,2024-03-22,Anúncio,3,49200.99
6348,Allana Vieira,ramoszoe@example.com,2024-08-09,Anúncio,3,54176.3
6349,Olívia Viana,pedro-miguel34@example.org,2024-04-16,Anúncio,4,119889.02
6350,Luan Cunha,jose-pedrocarvalho@example.com,2024-05-11,Anúncio,1,13072.19
6351,Luiz Miguel Teixeira,cmendes@example.org,2025-04-17,Anúncio,4,30275.48
6352,Mirella da Cunha,maite50@example.org,2025-12-25,Anúncio,6,69926.55
6353,Vicente Moura,marcelo11@example.com,2025-04-20,Anúncio,10,26873.72
6354,Luana Lopes,da-conceicaogabriela@example.org,2024-06-09,Anúncio,1,52243.32
6355,Heloísa Pacheco,xsilva@example.net,2024-10-15,Anúncio,11,56308.87
6356,Ágatha Montenegro,luiz-gustavo04@example.com,2025-03-18,Anúncio,5,22701.15
6357,Sr. Léo Ribeiro,maite70@example.com,2025-09-16,Anúncio,7,21398.64
6358,Isabelly Rodrigues,sarafernandes@example.org,2025-05-18,Anúncio,8,26685.65
6359,Benjamim Cassiano,ana-luiza61@example.com,2024-03-29,anuncio,6,41394.19
6360,Dra. Olívia Pastor,juliana77@example.net,2025-03-02,Anúncio,12,13978.98
6361,Ana Lívia Moreira,tcunha@example.com,2024-05-05,Anúncio,3,13619.15
6362,Srta. Heloisa Oliveira,amanda59@example.org,2024-09-21,Anúncio,1,29365.59
6363,Srta. Bruna Silva,luna23@example.net,2025-11-30,Anúncio,7,105412.51
6364,Sr. Caio Pinto,maria-clara37@example.com,2025-10-04,Anúncio,12,22563.99
6365,Mariana Carvalho,mrocha@example.net,2024-06-20,Anúncio,2,13861.65
6366,Maria Helena Fogaça,marina79@example.org,2025-05-29,Anúncio,8,28138.66
6367,Sra. Daniela Vieira,asafeaparecida@example.net,2024-08-18,Anúncio,1,7241.9
6368,Dra. Camila Almeida,britothomas@example.org,2024-01-05,Anúncio,12,19315.73
6369,Maria Luísa Rios,dpeixoto@example.com,2025-09-04,Anúncio,2,16382.47
6370,Liam Barros,mariana59@example.com,2025-08-13,Anúncio,5,27034.53
6371,José Pacheco,nunesisabella@example.com,2024-07-20,Anúncio,7,25933.07
6372,Anthony Gabriel Ribeiro,abreuvinicius@example.net,2025-07-03,Anúncio,6,28609.92
6373,Dr. Fernando da Mata,luiz-fernandomendes@example.net,2024-01-18,Anúncio,5,17243.51
6374,Laís Silveira,wlima@example.net,2025-01-22,Anúncio,7,195017.52
6375,Carolina Pinto,pietra30@example.com,2025-12-15,Anúncio,4,33083.22
6376,Rafael Campos,vcassiano@example.com,2025-07-16,Anúncio,4,8616.79
6377,Fernando Rezende,theocostela@example.org,2025-02-12,Anúncio,1,23086.53
6378,Sr. Pedro Martins,manuela77@example.com,2024-09-15,Anúncio,3,19109.57
6379,José Silveira,hellenavargas@example.com,2025-06-03,Anúncio,9,77643.98
6380,Rafaela Duarte,costeladavi-miguel@example.org,2025-12-09,Anúncio,10,80989.51
6381,Pedro Lucas Peixoto,da-cunhaalexandre@example.com,2024-05-02,Anúncio,1,38342.01
6382,Ana Vitória Pires,ninaalves@example.com,2024-01-28,Anúncio,10,46057.38
6383,Arthur Miguel Mendes,isabel66@example.net,2024-09-23,Anúncio,5,72808.03
6384,Júlia Melo,fernandomarques@example.org,2025-01-10,Anuncio,6,11805.71
6385,João Vitor Vargas,emillygomes@example.com,2024-06-10,Anúncio,10,9761.06
6386,Isabelly Viana,cunhaleandro@example.com,2025-03-10,Anúncio,10,93048.21
6387,Mathias Oliveira,joao-pedro55@example.net,2024-07-30,Anúncio,2,28204.36
6388,Maria Helena Mendonça,antonellasiqueira@example.org,2025-12-15,Anúncio,6,11385.08
6389,Ayla Souza,ribeiromelina@example.org,2024-06-27,Anúncio,9,96092.3
6390,Heloisa Rezende,maria-eduarda64@example.net,2025-07-28,Anúncio,8,26721.09
6391,Ana Sophia Cirino,qborges@example.net,2025-11-29,Anúncio,7,108953.91
6392,Dra. Gabrielly Ribeiro,prios@example.org,2024-12-30,Anúncio,4,41005.16
6393,Maria Laura Cavalcanti,zfarias@example.net,2024-05-07,Anúncio,8,18269.37
6394,José Miguel Câmara,pachecoantonella@example.org,2025-10-03,Anúncio,2,71870.23
6395,Maitê Gonçalves,bcunha@example.org,2024-10-11,Anúncio,1,183698.34
6396,Maria Júlia Costa,tcasa-grande@example.org,2025-01-25,Anúncio,3,151576.3
6397,Luiz Henrique Rocha,gomesvalentim@example.org,2024-01-28,Anúncio,10,34934.0
6398,Sophia Martins,da-rosamelissa@example.org,2024-09-02,Anúncio,6,24608.7
6399,Gustavo Sousa,matteo73@example.net,2025-01-31,Anúncio,11,62198.82
6400,Maria Clara Castro,kpires@example.net,2025-05-03,Anúncio,4,31916.52
6401,Dr. Pedro Lucas Marques,dsampaio@example.com,2025-11-18,Anúncio,3,50955.48
6402,Dr. Valentim Pastor,melofelipe@example.org,2025-02-17,Anúncio,4,459055.7
6403,Dra. Maria Isis Pereira,duarteana@example.net,2024-07-02,Anúncio,6,92017.85
6404,Emilly Mendes,aragaojose-miguel@example.net,2025-02-01,Anúncio,1,72601.22
6405,Henrique Vasconcelos,cunhajose-miguel@example.com,2024-02-10,Anúncio,1,38667.85
6406,Evelyn Melo,laura02@example.org,2024-03-31,Anúncio,8,35801.5
6407,Pedro Henrique Teixeira,dom57@example.com,2024-09-04,Anúncio,11,50016.71
6408,Davi Luiz Sousa,mouravitor@example.org,2024-01-13,Anúncio,5,51708.91
6409,Dra. Maria Fernanda Azevedo,julia17@example.com,2024-02-13,Anúncio,7,35467.59
6410,Maria Clara Fernandes,leonardocamara@example.net,2024-01-05,Anúncio,12,104139.97
6411,Dr. Davi Lucca Sales,mariane06@example.org,2024-04-24,Anúncio,10,22593.08
6412,Dom Vargas,agathavasconcelos@example.net,2025-08-15,Anúncio,2,8325.78
6413,Henry Gabriel da Costa,joao-pedro87@example.net,2024-09-04,Anúncio,10,79500.15
6414,Sara Caldeira,mathias59@example.net,2025-10-12,Anúncio,6,38903.3
6415,Letícia Mendonça,julianamoura@example.net,2025-09-29,Anúncio,4,71711.61
6416,Theo da Mata,rda-mota@example.com,2025-09-14,Anúncio,3,46767.25
6417,Sr. Rafael Rodrigues,raquelda-cruz@example.org,2024-05-16,Anúncio,7,22891.37
6418,Davi Novaes,carlos-eduardo88@example.org,2024-08-28,Anúncio,7,39512.85
6419,Pietra Dias,tsousa@example.com,2024-12-02,Anúncio,9,76083.64
6420,Lucca Nogueira,rezendeapollo@example.com,2024-11-02,Anúncio,4,20708.16
6421,Alexia Caldeira,novaislaura@example.com,2024-02-16,Anúncio,4,34494.85
6422,Rebeca da Luz,melina61@example.net,2024-06-05,Anúncio,12,8880.45
6423,Pietro Nascimento,mgarcia@example.com,2025-03-13,Anúncio,2,15044.41
6424,Laís Gomes,ryan33@example.com,2025-04-21,Anúncio,6,41384.18
6425,Melina da Mota,mda-conceicao@example.com,2024-09-14,Anúncio,7,12428.85
6426,Clara Cassiano,gcavalcante@example.org,2024-07-22,Anúncio,5,20475.63
6427,Ana Vitória Ferreira,cirinopedro-henrique@example.com,2025-02-19,Anúncio,11,66733.69
6428,Gustavo Novaes,sda-cruz@example.com,2025-04-11,Anúncio,11,198719.93
6429,Lorenzo Cavalcante,peixotoamanda@example.org,2025-05-16,Anúncio,7,19720.39
6430,Sr. José Melo,laraalves@example.net,2025-08-03,Anúncio,4,49539.81
6431,Mariane Castro,da-matadaniela@example.net,2025-02-17,Anúncio,5,120720.32
6432,Milena da Costa,bgarcia@example.net,2024-09-24,Anúncio,7,86193.73
6433,Luiza Pacheco,pereirafrancisco@example.com,2024-09-02,Anúncio,12,3398.46
6434,Ryan Silveira,heloisalopes@example.com,2024-01-20,Anúncio,2,125619.91
6435,Pedro Lucas Ramos,sabrina74@example.net,2024-10-22,Anúncio,8,54715.76
6436,Dra. Manuella Rezende,marcela13@example.org,2025-09-17,Anúncio,3,24978.69
6437,Zoe da Cunha,vinicius96@example.org,2025-03-18,Anúncio,9,69435.47
6438,Isabelly Nunes,luiz-miguel57@example.com,2025-02-23,anuncio,7,13783.34
6439,Pietra Mendes,renan72@example.org,2024-05-25,Anúncio,7,20018.56
6440,Henry Montenegro,olivia77@example.com,2025-02-25,Anúncio,9,156574.19
6441,Ana Sophia Viana,novaesrafaela@example.com,2024-04-23,Anúncio,2,55304.55
6442,Dr. Thales Pastor,josesiqueira@example.org,2024-08-27,Anúncio,7,59243.95
6443,Ana Cecília Porto,araujoayla@example.net,2025-02-18,Anúncio,10,72467.43
6444,Liam da Paz,ian73@example.com,2024-01-26,Anúncio,4,82360.9
6445,Dr. João Miguel Andrade,davi-luiz93@example.com,2024-08-03,Anúncio,4,37077.74
6446,Francisco da Rocha,qcardoso@example.net,2024-02-21,Anúncio,5,62228.88
6447,Bella Carvalho,ravi-luccada-cruz@example.org,2024-04-11,Anúncio,5,55602.89
6448,Maitê da Costa,esthervieira@example.org,2024-09-05,anuncio,11,82390.63
6449,Sra. Olivia Dias,oliveiraisabela@example.org,2025-05-03,Anúncio,6,36754.15
6450,Ester Siqueira,peixotoisis@example.org,2024-06-28,Anúncio,9,51141.98
6451,Rebeca Novais,oteixeira@example.com,2024-01-12,Anúncio,7,83705.74
6452,Olivia Montenegro,maria-lauracorreia@example.com,2024-10-09,Anúncio,12,37712.17
6453,Isadora Aragão,omarques@example.net,2024-05-23,Anúncio,6,65048.16
6454,Sophie Silveira,luizagomes@example.com,2025-07-08,Anúncio,4,23065.94
6455,Theo Ribeiro,zmontenegro@example.com,2025-08-12,Anúncio,4,25856.74
6456,Sr. Benjamin Rodrigues,agatha50@example.com,2025-04-17,Anúncio,10,24702.81
6457,Srta. Maria Liz Castro,rodriguesenrico@example.org,2025-03-08,Anúncio,2,177849.71
6458,Isabel Santos,juanguerra@example.com,2025-05-30,Anúncio,10,48399.03
6459,Pietro Moreira,catarinada-rocha@example.com,2024-09-22,Anúncio,10,67478.45
6460,Antony Farias,emanuel56@example.com,2025-04-02,Anúncio,3,59476.99
6461,Bernardo Marques,ndias@example.net,2024-10-24,Anúncio,4,15963.4
6462,Melina Cavalcante,ana-vitoria81@example.net,2024-10-31,Anúncio,3,15712.91
6463,Natália Rios,montenegromelissa@example.com,2025-07-16,Anúncio,7,32319.12
6464,Thales Farias,murilo80@example.com,2025-07-18,Anúncio,9,41029.09
6465,Matteo Fernandes,bcasa-grande@example.net,2024-10-10,Anúncio,2,80033.2
6466,Léo Andrade,ssousa@example.org,2025-11-07,Anúncio,7,64349.53
6467,Sr. Gabriel Aparecida,apereira@example.com,2025-01-23,Anúncio,12,24007.5
6468,Benício Vasconcelos,sophiecaldeira@example.com,2024-12-19,Anúncio,3,41581.26
6469,Isabelly Novaes,bviana@example.org,2025-01-01,anuncio,11,77539.47
6470,Stephany Farias,manuellanunes@example.net,2025-07-09,Anúncio,4,60422.37
6471,Daniel da Paz,ana-luizabarros@example.org,2025-12-02,Anúncio,11,12050.58
6472,Bella Mendes,andrelima@example.net,2025-05-01,Anúncio,6,179778.26
6473,Arthur Miguel Moura,sofia30@example.com,2024-08-27,Anúncio,7,60515.64
6474,Joana Rodrigues,laisvasconcelos@example.net,2025-01-09,Anúncio,10,73172.89
6475,Otávio Macedo,miguelnascimento@example.com,2024-07-31,Anúncio,12,81020.16
6476,Maitê Rios,zaparecida@example.com,2025-04-04,Anúncio,8,11922.59
6477,Maria Fernanda Ferreira,manuela35@example.com,2025-12-31,Anúncio,3,49471.48
6478,Alexandre Dias,qmendes@example.org,2025-09-15,Anúncio,1,13053.56
6479,Sr. Juan Aparecida,bellasales@example.net,2024-12-06,Anúncio,6,24633.21
6480,Sarah Novaes,alvesvalentina@example.com,2024-08-28,Anúncio,6,122288.09
6481,Dr. Dom Cunha,maria-vitoria84@example.com,2024-11-19,anuncio,9,494499.07
6482,Clarice Aparecida,cassianoalicia@example.org,2024-08-07,Anúncio,7,64913.52
6483,João Pedro Barros,dante74@example.net,2025-12-24,Anúncio,11,57187.23
6484,Danilo Guerra,halbuquerque@example.net,2024-05-09,Anúncio,9,22044.98
6485,Paulo Vargas,borgescaroline@example.net,2025-08-02,Anúncio,12,189618.19
6486,Dr. Pedro Henrique Borges,alicealmeida@example.net,2024-10-20,Anúncio,9,9903.06
6487,Pedro Lucas Ribeiro,caleb00@example.com,2025-04-03,Anúncio,2,62679.6
6488,Dr. Arthur Gabriel Ramos,jose-pedropires@example.com,2025-10-27,Anúncio,10,58867.13
6489,Nathan Oliveira,rezendehadassa@example.com,2025-02-22,Anúncio,11,95226.45
6490,Lorena Pinto,brendalopes@example.net,2025-03-10,Anúncio,12,234653.33
6491,Sr. Henry Gabriel Viana,jcunha@example.org,2024-01-21,Anúncio,5,37072.62
6492,Lavínia Mendonça,lucasda-rosa@example.com,2024-03-18,Anúncio,10,174643.77
6493,Sr. Ryan Andrade,ravyferreira@example.org,2025-01-23,Anúncio,12,22832.42
6494,Francisco da Luz,joana63@example.net,2024-09-18,Anúncio,11,42380.92
6495,Ana Carolina Vargas,siqueirabernardo@example.com,2025-03-05,Anúncio,4,13708.82
6496,Sr. Yan Almeida,isis86@example.com,2024-09-28,Anúncio,4,129654.14
6497,Eloah Dias,da-rosaantonio@example.net,2024-04-19,Anúncio,5,25419.05
6498,Maria Flor Camargo,karagao@example.net,2025-07-23,Anúncio,12,37261.91
6499,Melissa Costela,monteiroarthur@example.net,2025-08-31,Anúncio,8,296042.34
6500,Bruna Gonçalves,jnascimento@example.org,2025-12-02,Anúncio,6,41234.39
6501,Antony da Conceição,gabrielly91@example.net,2024-05-08,Anúncio,7,17692.32
6502,Yan Brito,caue16@example.com,2024-08-03,Anúncio,7,35508.17
6503,Dr. Nicolas Gomes,estermacedo@example.org,2024-07-09,Anuncio,10,67723.44
6504,Eduardo Ferreira,lauracaldeira@example.org,2025-11-01,Anúncio,9,23119.76
6505,Maria Luiza Pastor,lgoncalves@example.org,2025-02-26,Anúncio,7,102545.84
6506,Maria Monteiro,mariana45@example.org,2025-10-27,Anúncio,5,50699.73
6507,Ana Liz Pires,dcampos@example.org,2025-10-03,Anúncio,12,17326.4
6508,Hellena Borges,maya16@example.org,2024-06-10,Anúncio,5,64868.08
6509,Erick Garcia,da-luzthiago@example.com,2024-10-30,Anúncio,4,32055.84
6510,Oliver Farias,da-luzvinicius@example.org,2024-10-20,Anúncio,9,70808.09
6511,Sr. Pedro da Luz,catarina82@example.net,2024-12-19,Anúncio,4,68092.05
6512,Laura Siqueira,theo19@example.org,2025-12-29,Anúncio,7,43215.02
6513,Ravi Novais,da-cunhanatalia@example.com,2024-04-18,Anúncio,11,166575.36
6514,Catarina Almeida,agathacorreia@example.com,2025-07-03,Anúncio,7,50437.73
6515,Matteo Duarte,ana-liviacavalcanti@example.com,2024-05-28,Anúncio,12,30127.38
6516,Maria Vitória Abreu,qda-paz@example.net,2025-06-06,Anúncio,7,33643.36
6517,Leonardo Lopes,vitor-hugo02@example.com,2024-05-09,Anúncio,10,30306.72
6518,Srta. Esther Fogaça,alexiacassiano@example.com,2025-01-15,Anúncio,10,117682.31
6519,Dr. Matheus Borges,joao-pedrolopes@example.net,2025-04-14,anuncio,8,71597.72
6520,Caio Costela,joaquim55@example.org,2024-11-02,Anúncio,4,18409.77
6521,Luiz Gustavo da Mata,eloavargas@example.org,2025-12-01,Anúncio,3,41503.37
6522,Maitê Abreu,isadora88@example.net,2025-05-12,Anúncio,10,24453.32
6523,Thomas da Mota,apollomacedo@example.org,2024-04-06,Anúncio,9,83164.85
6524,Ana Sophia Cassiano,ncorreia@example.com,2024-09-19,Anúncio,9,55946.19
6525,Francisco Ribeiro,marianamoura@example.org,2024-08-05,Anúncio,10,54916.57
6526,Srta. Clarice Jesus,ccastro@example.org,2024-07-21,Anúncio,5,37082.27
6527,Eduardo Jesus,manuelamachado@example.net,2024-05-16,Anúncio,7,88578.85
6528,Maysa da Rocha,vpimenta@example.net,2024-04-27,Anúncio,9,36804.31
6529,Camila Pacheco,helena87@example.net,2025-09-18,Anúncio,6,82601.61
6530,Sra. Laís Pacheco,amandada-mata@example.net,2025-12-22,Anúncio,8,44580.74
6531,Evelyn Viana,costalara@example.com,2024-04-08,Anúncio,7,7713.47
6532,Dr. Emanuel Siqueira,gjesus@example.com,2025-07-18,Anúncio,6,17378.07
6533,Dra. Alana Rodrigues,raul66@example.com,2024-05-28,Anúncio,7,15646.91
6534,Sarah Costela,beniciocorreia@example.org,2025-01-12,Anúncio,4,44486.73
6535,Camila Silva,heitormendes@example.com,2024-05-05,Anúncio,11,302983.4
6536,Alice Fernandes,ana-juliaaparecida@example.org,2024-07-01,Anúncio,2,262542.76
6537,Yasmin Câmara,murilocaldeira@example.net,2024-10-17,Anúncio,12,42501.15
6538,Sr. Théo Almeida,goncalvesisis@example.com,2025-05-12,Anúncio,2,32432.94
6539,Alexia Castro,laviniacarvalho@example.net,2024-12-07,Anúncio,1,35180.6
6540,Dante Peixoto,melissamoura@example.net,2025-08-03,Anúncio,9,140066.0
6541,Dra. Maria Clara Correia,camargodaniela@example.com,2024-02-26,Anúncio,6,79477.66
6542,Isabella Nunes,gnogueira@example.com,2025-02-10,Anúncio,6,7602.74
6543,Isabelly da Luz,diasenzo-gabriel@example.org,2024-03-03,Anúncio,5,26479.43
6544,Maria Flor Vasconcelos,galbuquerque@example.com,2024-03-10,Anúncio,9,141642.52
6545,Isaac Silva,dfogaca@example.com,2024-08-01,Anúncio,12,4044.01
6546,Ana Carolina Casa Grande,lrezende@example.org,2024-03-02,Anúncio,9,21152.89
6547,Thales Novaes,joao-vitorfernandes@example.org,2025-07-06,Anúncio,7,297016.88
6548,Clara Lima,vieirasamuel@example.com,2025-01-04,Anúncio,1,101953.84
6549,Oliver Cardoso,araujosofia@example.com,2025-03-29,Anúncio,10,104842.14
6550,Breno Duarte,lpimenta@example.com,2024-02-01,Anúncio,10,137525.09
6551,Allana Gonçalves,sabrinaazevedo@example.org,2024-05-25,Anúncio,7,58469.79
6552,Pietra Ramos,leo68@example.com,2025-01-13,Anuncio,2,138421.2
6553,Maria Fernanda Aragão,larissanovaes@example.org,2024-02-17,Anúncio,3,17267.46
6554,Elisa Camargo,bryan73@example.com,2024-04-09,Anúncio,1,52386.3
6555,Benjamim Moura,rbarros@example.org,2024-01-13,Anuncio,4,93819.06
6556,Allana Correia,pereiraleonardo@example.org,2025-10-19,Anúncio,2,194525.81
6557,Luigi Vieira,zcavalcanti@example.org,2024-11-02,Anúncio,9,125583.66
6558,Alana Pires,alicemonteiro@example.com,2024-01-26,Anúncio,5,63689.54
6559,Lunna Rezende,hpinto@example.net,2024-11-25,Anúncio,1,90207.98
6560,Vitória Pimenta,davi-lucasda-conceicao@example.org,2025-10-01,Anúncio,2,98603.24
6561,Heloísa Nascimento,fariasluiz-fernando@example.org,2024-04-30,Anúncio,8,47090.2
6562,Giovanna Cavalcanti,mariarios@example.net,2024-06-04,Anúncio,4,52253.9
6563,Luan da Cunha,camargoana-carolina@example.net,2025-12-15,Anúncio,10,17575.0
6564,Isadora Novaes,mariana54@example.org,2025-09-07,Anúncio,1,67021.87
6565,Antonella Montenegro,tviana@example.com,2025-01-27,Anúncio,6,24490.31
6566,Juliana Marques,araujomaria-laura@example.net,2024-04-27,Anúncio,11,29876.31
6567,Emanuella Sousa,liz36@example.com,2024-05-22,Anúncio,1,133760.22
6568,Stephany da Costa,xferreira@example.net,2025-09-12,Anúncio,3,41634.97
6569,Maria Clara Ramos,da-motabarbara@example.net,2025-04-20,Anúncio,8,50673.7
6570,Vitor Hugo Monteiro,breno07@example.net,2024-09-04,Anúncio,3,434210.92
6571,Ana Beatriz Pimenta,siqueiramarcos-vinicius@example.org,2024-01-15,Anúncio,12,158269.96
6572,Clara Brito,vieirarafael@example.com,2024-03-23,Anúncio,6,221362.67
6573,Sarah Abreu,matheus33@example.org,2025-05-29,Anúncio,6,58371.35
6574,Dr. Otto da Luz,camargocalebe@example.org,2025-04-01,Anúncio,5,29025.12
6575,Nathan Alves,pintomurilo@example.org,2024-09-10,Anúncio,3,95506.61
6576,Sr. André Lopes,luiz-fernandogomes@example.org,2025-02-22,Anúncio,10,12231.86
6577,Giovanna Barbosa,rsouza@example.org,2025-06-19,ANÚNCIO,12,391222.91
6578,Maria Liz da Conceição,igorgarcia@example.org,2025-03-28,Anúncio,8,49279.36
6579,Benjamim Novaes,mateuscaldeira@example.org,2024-06-06,Anúncio,12,93010.55
6580,Renan Barros,mcampos@example.net,2025-11-19,Anúncio,8,55724.89
6581,Liam Martins,caleb51@example.net,2024-01-14,Anúncio,11,156322.09
6582,Maria Cecília Alves,peixotoantonio@example.org,2025-02-01,anuncio,4,24201.2
6583,Dr. Pedro Lucas da Conceição,levi63@example.com,2024-05-24,Anúncio,10,89127.43
6584,Maria Eduarda Borges,plopes@example.com,2025-05-13,Anúncio,9,84345.83
6585,João Camargo,benjamincassiano@example.net,2025-02-04,Anúncio,6,23128.35
6586,Vinicius Viana,gmendes@example.org,2024-05-04,Anúncio,3,92955.01
6587,Maria Vitória Duarte,kalmeida@example.com,2025-01-03,Anúncio,9,78456.38
6588,Eloah Correia,maite77@example.com,2025-01-11,Anúncio,5,34569.41
6589,Kevin Pacheco,freitasmaria-julia@example.org,2024-10-24,anuncio,6,81334.97
6590,Maitê Correia,jose-miguelsilva@example.com,2024-01-24,Anúncio,10,54938.32
6591,Sabrina Sales,luan61@example.com,2024-05-12,Anúncio,6,58731.79
6592,Nicole Moreira,guerratheo@example.org,2025-12-03,Anúncio,12,130840.4
6593,Bianca Dias,borgesdavi-luiz@example.com,2024-04-29,Anúncio,2,37669.05
6594,João Camargo,anasampaio@example.net,2024-11-24,Anúncio,2,26183.25
6595,Luiz Otávio das Neves,nmacedo@example.org,2024-07-20,Anúncio,6,58310.88
6596,Gabrielly Macedo,sousamaria-isis@example.net,2025-06-21,Anúncio,3,56935.41
6597,Caleb Oliveira,rodriguesjulia@example.com,2025-02-14,Anúncio,7,98936.73
6598,Luna das Neves,caue85@example.com,2025-05-19,Anúncio,12,86996.23
6599,Srta. Evelyn da Cunha,camposfernando@example.com,2025-03-24,Anúncio,11,44570.96
6600,Aurora Martins,gomesgustavo-henrique@example.org,2025-01-02,Anúncio,12,77562.66
6601,Ana Carolina Camargo,rochajose@example.com,2025-11-26,Anúncio,3,24518.57
6602,Vitor Câmara,riosrebeca@example.net,2025-05-10,Anúncio,11,21926.97
6603,Aurora Marques,bentoda-cruz@example.com,2025-04-30,Anúncio,6,142252.54
6604,Maria Helena Fogaça,ada-luz@example.org,2025-05-01,Anúncio,9,70720.18
6605,Benício Rios,amanda26@example.net,2024-11-30,Anúncio,8,36737.54
6606,Pedro Lucas Novaes,amandabarbosa@example.org,2025-03-28,Anúncio,1,86790.16
6607,Lara Costela,luiz-felipe41@example.org,2025-03-02,Anúncio,11,95401.4
6608,Renan Dias,isabela62@example.com,2025-10-02,Anúncio,2,27130.54
6609,Clara Cardoso,daviramos@example.com,2025-12-12,Anúncio,10,103302.79
6610,Davi Lucas Souza,vieiraemanuel@example.com,2024-12-15,Anúncio,2,97138.79
6611,Joana Guerra,camararafaela@example.net,2025-02-28,Anúncio,3,65675.98
6612,Sr. Lucca Pimenta,renanda-mota@example.net,2024-07-17,Anúncio,12,49446.84
6613,Maria Júlia Dias,davi-luccasa@example.com,2025-08-31,Anúncio,2,49113.06
6614,Otávio da Cunha,marcos-vinicius31@example.com,2025-05-16,ANÚNCIO,4,56011.79
6615,Levi Albuquerque,xandrade@example.com,2025-10-28,Anúncio,3,50861.72
6616,Laura Caldeira,salespaulo@example.com,2025-03-02,Anúncio,9,38304.74
6617,Bella Câmara,lais31@example.net,2025-05-14,ANÚNCIO,11,52510.15
6618,Theo Nogueira,portomaria-sophia@example.net,2024-02-25,Anúncio,2,43843.71
6619,Luna Machado,haragao@example.net,2025-03-04,Anúncio,2,22939.64
6620,Heloísa Albuquerque,heitor54@example.net,2024-09-23,Anúncio,11,144388.72
6621,Samuel das Neves,pda-costa@example.com,2025-01-05,Anúncio,3,21622.59
6622,Srta. Maria Fernanda Rezende,bda-cruz@example.net,2024-08-15,Anúncio,5,16238.97
6623,Ana Beatriz Brito,xmontenegro@example.com,2024-07-15,Anúncio,7,107965.23
6624,Luiz Miguel da Costa,riosmaria-sophia@example.com,2025-08-11,Anúncio,12,31602.88
6625,José Miguel Abreu,maria-juliaalmeida@example.org,2025-02-01,Anúncio,10,88487.53
6626,Srta. Stella Duarte,knovais@example.net,2024-06-17,Anúncio,9,117693.83
6627,Juliana Ramos,sousaelisa@example.org,2025-06-29,Anúncio,5,84882.47
6628,Alícia Duarte,benicio95@example.com,2024-02-12,Anúncio,9,83014.49
6629,Daniela Montenegro,mouravitor@example.com,2024-07-19,Anúncio,12,68521.77
6630,Srta. Maria Julia Gonçalves,goncalvesnoah@example.net,2024-08-23,Anúncio,7,37213.91
6631,Emanuella da Paz,limagabriel@example.org,2024-04-21,Anúncio,4,43360.64
6632,Manuella da Mata,salesgiovanna@example.org,2025-08-29,Anúncio,9,29966.96
6633,Sra. Sophie Ramos,moraessophia@example.net,2025-04-19,Anúncio,12,33045.31
6634,Dra. Ana Júlia Gonçalves,felipeteixeira@example.org,2025-04-16,Anúncio,4,41313.37
6635,Dante Marques,joao-lucas82@example.org,2025-02-23,Anúncio,5,23024.44
6636,Isaque Barros,bellagomes@example.com,2024-09-24,Anúncio,3,74248.48
6637,Cecilia Ferreira,salespaulo@example.net,2025-04-08,Anúncio,4,56836.23
6638,Dr. Davi Lima,maria-clarasampaio@example.org,2025-06-04,Anúncio,12,98426.71
6639,Caleb Correia,luiz-fernando77@example.org,2025-01-22,Anúncio,7,15358.19
6640,Guilherme Dias,sda-conceicao@example.com,2024-12-04,Anúncio,6,61329.77
6641,Fernando Viana,rochaana-luiza@example.net,2024-05-25,Anúncio,10,106163.42
6642,Anthony Gabriel Pereira,leo07@example.net,2024-02-18,Anúncio,1,13821.72
6643,Rodrigo da Luz,freitasnicole@example.com,2024-01-24,Anúncio,5,49476.32
6644,João Pedro Casa Grande,carlos-eduardo59@example.org,2025-05-18,Anúncio,5,90872.07
6645,Luísa Câmara,vargasemanuella@example.com,2024-09-02,Anúncio,6,30099.63
6646,Dra. Rebeca Monteiro,isabelada-rocha@example.net,2025-05-14,Anúncio,12,49538.41
6647,Samuel Costela,wpacheco@example.com,2025-01-04,Anúncio,2,34001.38
6648,Henry Moreira,limadiego@example.org,2024-11-14,Anúncio,10,9897.57
6649,Clarice Barros,auroracaldeira@example.org,2025-03-18,Anúncio,12,32445.97
6650,Ana Sophia da Costa,carlos-eduardocaldeira@example.org,2024-04-25,Anúncio,5,49786.55
6651,Luísa Correia,caio24@example.com,2025-12-13,Anúncio,5,83194.58
6652,Lara Moura,gustavo-henrique23@example.org,2024-08-18,ANÚNCIO,9,55334.53
6653,Srta. Emilly da Conceição,bernardonovais@example.com,2025-07-01,Anúncio,4,24725.25
6654,Vinicius Sá,maria-julia09@example.com,2024-06-13,Anúncio,5,109507.11
6655,Cauã da Cruz,halbuquerque@example.com,2024-12-01,Anúncio,7,54253.8
6656,Maysa Moreira,maria-luizapinto@example.org,2024-12-30,Anúncio,6,20516.59
6657,Henry Gabriel Camargo,jsousa@example.org,2024-07-30,Anúncio,4,19340.55
6658,Marcos Vinicius Rezende,moreiraanthony-gabriel@example.net,2024-09-02,Anúncio,6,82362.82
6659,Giovanna Machado,freitasheitor@example.net,2024-11-05,Anúncio,2,46113.43
6660,Breno Machado,vitor-hugo98@example.net,2025-08-24,Anúncio,10,31459.26
6661,Vitor Hugo Abreu,liviaporto@example.com,2024-12-31,Anúncio,6,23267.76
6662,Maysa Sousa,yasmincampos@example.org,2024-02-21,Anúncio,5,40033.18
6663,Gustavo Henrique Machado,riostheodoro@example.net,2024-05-20,Anúncio,4,19663.39
6664,Miguel Cavalcante,emanuelly54@example.org,2025-12-19,Anúncio,1,104347.24
6665,Raquel Albuquerque,duarteravi-lucca@example.com,2024-02-22,Anúncio,4,28089.58
6666,Sr. Gustavo da Luz,riosjosue@example.net,2025-03-31,Anúncio,4,37553.78
6667,Felipe Nunes,pietraduarte@example.org,2024-05-16,Anúncio,6,19752.23
6668,Vitor da Mota,lmendes@example.net,2024-11-02,Anúncio,10,75859.83
6669,Luigi Moraes,wsousa@example.org,2024-09-08,Anúncio,8,21754.26
6670,Ana Lívia Freitas,svargas@example.org,2025-12-11,Anúncio,7,30367.56
6671,Sr. Henrique Souza,machadoarthur-gabriel@example.com,2025-01-29,Anúncio,2,75834.22
6672,Maria Vitória Rodrigues,paraujo@example.net,2024-06-14,Anúncio,5,118349.87
6673,Sra. Hadassa Teixeira,fernandobrito@example.net,2025-03-02,Anúncio,7,69787.05
6674,Pedro Sampaio,caldeirabrenda@example.com,2024-02-10,Anúncio,2,15915.59
6675,Srta. Amanda Peixoto,marianacostela@example.net,2025-10-30,Anúncio,5,75284.06
6676,Gabriel da Cunha,da-conceicaomariah@example.com,2024-08-30,Anúncio,7,14657.79
6677,Ana Vitória Martins,vasconcelospedro@example.com,2025-09-28,Anúncio,7,40573.51
6678,Hadassa Alves,zbrito@example.net,2025-08-02,Anúncio,9,31257.94
6679,Cecilia Aragão,da-pazester@example.net,2024-04-28,Anúncio,10,14632.24
6680,Augusto Mendes,gaelgoncalves@example.org,2025-11-27,Anúncio,5,64027.1
6681,Pietro Sales,jose-miguel46@example.net,2025-12-24,Anúncio,5,85835.59
6682,Rhavi da Cruz,eloahvieira@example.com,2025-07-30,Anúncio,10,30818.62
6683,Otávio Farias,beniciofarias@example.net,2024-11-18,Anúncio,9,52764.15
6684,Matheus Macedo,cardosobenicio@example.com,2025-04-18,Anúncio,12,20711.79
6685,Arthur Gabriel Pinto,maria-liz89@example.org,2024-02-16,Anúncio,7,19344.8
6686,Levi Sampaio,antonio81@example.net,2025-10-26,Anúncio,7,111449.56
6687,Maria Vitória Nogueira,agatha56@example.com,2024-05-23,Anúncio,10,66567.56
6688,Sra. Zoe Vasconcelos,siqueiramaite@example.com,2025-05-20,Anúncio,2,22832.43
6689,Francisco Andrade,vicente05@example.org,2025-07-27,Anúncio,6,58965.76
6690,Dr. Otto Mendes,antony92@example.org,2025-12-04,Anúncio,4,227390.01
6691,Matteo Ramos,mdias@example.net,2025-08-14,Anúncio,12,60917.09
6692,Isabelly Andrade,barbosapietro@example.com,2025-08-09,Anúncio,10,30966.63
6693,Anna Liz da Rosa,ferreirastephany@example.org,2025-05-12,Anúncio,9,59805.4
6694,Pietra Almeida,da-cunhayago@example.com,2025-02-13,Anúncio,1,59687.23
6695,Dr. Valentim da Cunha,aragaoapollo@example.org,2024-01-24,Anúncio,8,34771.14
6696,Arthur Miguel Almeida,julia45@example.com,2025-12-07,Anúncio,4,74096.47
6697,Nicole Gomes,ana-carolinasiqueira@example.net,2024-11-16,Anúncio,12,18092.37
6698,Marcela Cavalcante,joana04@example.net,2025-07-23,Anúncio,1,47173.03
6699,Cecília da Paz,ilima@example.com,2024-09-23,Anúncio,10,33931.49
6700,Mariana Araújo,correiasofia@example.org,2024-11-22,Anúncio,5,17343.15
6701,Sra. Luísa Sousa,borgesnatalia@example.org,2024-11-27,Anúncio,12,23504.25
6702,Cauê Vieira,lfogaca@example.net,2025-12-22,Anúncio,9,12834.16
6703,Maria Fernanda Araújo,freitasbella@example.net,2024-05-16,Anúncio,10,87465.7
6704,Leandro da Costa,fernandesaugusto@example.com,2025-01-01,Anúncio,10,43965.67
6705,Theo da Cunha,piresluana@example.net,2024-04-04,Anúncio,2,10983.54
6706,Rodrigo Mendes,xcorreia@example.org,2024-12-25,Anúncio,4,58697.27
6707,Ana Cecília Sales,levisampaio@example.org,2025-01-26,Anúncio,8,29854.91
6708,Raul Guerra,karaujo@example.com,2024-03-23,Anúncio,3,165305.98
6709,Marcos Vinicius Brito,qmoraes@example.com,2025-05-07,Anúncio,3,23498.25
6710,Mateus Pastor,xda-paz@example.net,2025-08-17,Anúncio,11,379469.22
6711,Emilly da Cunha,enzo-gabriel83@example.org,2025-08-08,Anúncio,3,29635.3
6712,Ana Lívia Borges,liviapires@example.org,2025-05-29,Anúncio,4,41954.21
6713,João Lucas Vargas,msilva@example.net,2024-03-26,Anúncio,8,16266.84
6714,Raul Souza,francisco44@example.net,2025-03-13,Anúncio,4,40488.72
6715,Lorena Almeida,oliveiraana-luiza@example.com,2025-05-07,Anúncio,4,69421.04
6716,Dr. Nathan da Costa,amandanovais@example.net,2025-06-23,Anúncio,2,46859.55
6717,Sabrina Novais,ramosmaria-liz@example.org,2025-05-15,Anúncio,7,61341.12
6718,Maria Laura Rios,zleao@example.com,2025-03-18,Anúncio,6,37184.46
6719,Olivia Costela,cmoura@example.com,2025-05-28,Anúncio,8,88882.07
6720,João Guilherme Casa Grande,henry-gabriel91@example.net,2025-09-05,Anúncio,12,28496.97
6721,Camila Lima,stephanyoliveira@example.com,2025-02-09,Anúncio,1,150184.83
6722,Pedro Miguel Lopes,blopes@example.net,2024-03-29,Anúncio,11,147660.31
6723,Ana Laura Sales,pastorisaque@example.net,2025-08-07,ANÚNCIO,4,31826.91
6724,Luiz Otávio Castro,ida-cunha@example.com,2025-04-10,Anúncio,11,51222.15
6725,Giovanna Camargo,llopes@example.com,2025-04-28,Anúncio,3,109453.98
6726,Vinícius Vieira,laura75@example.net,2024-07-20,Anúncio,8,15477.22
6727,Apollo Pires,luiza39@example.net,2024-04-01,Anúncio,2,51073.86
6728,Maria Vitória Mendonça,ribeiroana-julia@example.com,2025-07-10,Anúncio,10,27282.16
6729,Pietra Mendes,da-matabernardo@example.com,2024-01-28,Anúncio,3,13991.75
6730,Nina Araújo,emanuellasouza@example.org,2024-10-11,Anúncio,12,83919.33
6731,Srta. Maria Cecília Freitas,theo94@example.org,2025-01-05,Anúncio,9,51606.22
6732,Zoe Duarte,iduarte@example.com,2024-01-10,Anúncio,1,141827.62
6733,Helena Mendonça,vitor84@example.com,2025-02-25,Anúncio,9,68529.28
6734,Dr. Renan Gomes,pcostela@example.com,2024-03-12,Anúncio,12,18523.84
6735,Sra. Ester Abreu,benjamim95@example.org,2024-06-07,Anúncio,6,75477.28
6736,Rael Castro,esiqueira@example.org,2025-12-26,Anúncio,9,11942.98
6737,Cecília Melo,uoliveira@example.net,2025-02-03,Anúncio,1,39516.24
6738,Sara Araújo,levi66@example.org,2025-12-03,Anúncio,11,16556.27
6739,Nicolas Lima,vianamarcelo@example.com,2024-12-24,Anúncio,1,241426.76
6740,Lorena da Luz,allanacosta@example.net,2025-07-28,Anúncio,1,48975.9
6741,Sr. Benjamin Mendes,bcaldeira@example.com,2024-01-22,Anúncio,2,197946.92
6742,Rhavi Monteiro,hrodrigues@example.com,2024-07-18,Anúncio,3,14541.09
6743,João Lucas Mendonça,leaoalicia@example.net,2024-07-11,Anúncio,12,61264.02
6744,Daniel Gomes,lizpacheco@example.com,2024-02-09,Anúncio,7,68114.25
6745,Ravy Cavalcanti,luiz-gustavo50@example.org,2025-11-19,Anúncio,12,89803.01
6746,Ana Sophia Ferreira,epimenta@example.net,2025-01-03,Anúncio,11,116374.88
6747,Rhavi Pinto,oliveraragao@example.com,2025-02-23,Anúncio,4,76360.93
6748,Ana Clara Almeida,costapedro@example.net,2025-01-12,Anúncio,12,31697.78
6749,Antony Casa Grande,maria-luizada-rosa@example.org,2024-06-13,Anúncio,2,91015.24
6750,Pedro Oliveira,agathapinto@example.com,2025-10-28,Anúncio,5,104451.37
6751,Yuri Abreu,sampaiogabrielly@example.net,2025-04-15,Anúncio,5,41678.48
6752,Maria Pimenta,camposluiz-fernando@example.net,2024-03-14,Anúncio,7,11610.62
6753,Otto da Luz,da-cruzdavi-luiz@example.org,2024-11-26,Anúncio,8,100897.12
6754,Daniela Novaes,gpeixoto@example.com,2024-01-01,Anúncio,2,27771.66
6755,Maria Alice Pastor,gael12@example.org,2025-04-20,Anúncio,4,23901.07
6756,Igor Nunes,freitashelena@example.com,2025-01-13,Anúncio,1,78319.22
6757,Marina Ramos,leandro39@example.com,2025-10-13,Anúncio,9,796544.88
6758,Gustavo Henrique Silveira,rfogaca@example.net,2025-11-15,anuncio,1,59861.87
6759,Emanuel Moura,helena37@example.net,2024-02-27,Anúncio,5,177563.73
6760,Isabella das Neves,caue30@example.net,2024-02-21,Anúncio,4,51634.83
6761,Pietro Melo,emanuelmarques@example.net,2025-10-10,Anúncio,2,131307.74
6762,Breno Guerra,elisaaparecida@example.com,2025-01-07,Anúncio,6,29332.91
6763,Sr. Emanuel Lima,mpinto@example.org,2024-12-03,Anúncio,3,29153.36
6764,Leandro Rocha,maria-florcasa-grande@example.com,2025-02-10,Anúncio,2,21815.84
6765,Nicole Teixeira,ppastor@example.net,2024-11-30,Anúncio,10,17410.27
6766,Valentina Nunes,emanuel28@example.com,2025-03-09,Anúncio,6,124564.59
6767,Eloah Montenegro,qmendes@example.com,2025-11-17,Anúncio,6,91868.62
6768,Maria Isis Pimenta,aragaoana-beatriz@example.org,2025-03-03,Anúncio,9,40415.36
6769,Maria Helena Santos,gabrielapinto@example.com,2024-08-11,Anúncio,12,59821.82
6770,Sr. João Miguel Brito,maria-vitoria31@example.net,2024-05-17,Anúncio,1,383578.45
6771,Ana Julia Casa Grande,da-pazasafe@example.com,2025-12-01,Anúncio,6,91823.3
6772,Anthony Marques,nunesdavi-miguel@example.org,2025-02-15,Anúncio,7,22874.91
6773,Lara da Cruz,maria-alicearaujo@example.org,2025-02-07,Anúncio,9,123944.64
6774,Maria Clara Macedo,da-rochaisabela@example.org,2024-01-19,Anúncio,6,86132.86
6775,Dr. Arthur Barros,estercostela@example.org,2025-10-24,Anúncio,7,143525.32
6776,Anna Liz Alves,silveiraayla@example.net,2024-12-03,Anúncio,4,25255.79
6777,Léo Gonçalves,fcamara@example.org,2025-12-31,Anúncio,5,31783.96
6778,Ana Laura Sales,silveiradavi-lucca@example.net,2024-04-14,Anúncio,9,25713.0
6779,Sra. Kamilly Nunes,franciscomachado@example.com,2024-08-15,Anúncio,1,114777.95
6780,Ana Monteiro,anthony-gabrielcirino@example.org,2024-05-15,Anúncio,2,50149.78
6781,Dra. Melina Cunha,pcunha@example.net,2024-09-24,Anúncio,6,42089.85
6782,Ana Clara Barros,britoamanda@example.net,2025-12-10,Anúncio,11,22983.99
6783,Noah Castro,novaeslevi@example.org,2024-10-20,Anúncio,8,78996.77
6784,Dra. Joana Albuquerque,leaoeduardo@example.org,2025-08-17,Anúncio,4,59634.87
6785,Maria Helena Farias,leticia60@example.org,2025-06-19,Anúncio,3,27058.13
6786,Luara Barros,theo58@example.net,2024-07-23,Anúncio,12,47112.45
6787,João Guilherme Melo,azevedobento@example.org,2025-02-15,Anúncio,9,24100.11
6788,Lucca Aragão,diasryan@example.org,2025-09-05,Anúncio,2,64839.2
6789,Srta. Lunna Pimenta,jaraujo@example.com,2025-03-07,Anúncio,9,26872.17
6790,Esther Sampaio,maya79@example.com,2024-06-26,ANÚNCIO,4,20098.98
6791,Ana Julia Duarte,milena56@example.org,2025-09-13,Anúncio,7,93504.76
6792,Dr. Luiz Fernando Albuquerque,lucca24@example.com,2025-02-01,anuncio,4,35473.04
6793,Benjamin Gomes,melissa61@example.net,2025-12-13,Anúncio,9,11581.37
6794,Maitê da Luz,sousarafaela@example.org,2025-04-06,Anúncio,9,72085.86
6795,Sara Caldeira,da-rosagael@example.com,2024-11-16,Anúncio,10,72510.99
6796,Léo Novais,barbosamelina@example.net,2024-11-05,Anúncio,4,29412.7
6797,Dr. Samuel Aparecida,isadoramendonca@example.net,2025-09-26,Anúncio,8,48330.81
6798,Maria Helena Duarte,da-luzvitor-hugo@example.net,2025-12-14,Anúncio,2,52410.07
6799,Caleb da Rosa,joao-guilherme94@example.org,2024-10-17,Anúncio,5,31453.02
6800,Sra. Sabrina Vieira,mourastephany@example.org,2024-04-10,Anúncio,9,28310.1
6801,Sra. Ana Clara Azevedo,josue37@example.net,2024-01-23,Anúncio,5,36412.83
6802,Maria Vitória Vargas,julianamoraes@example.com,2024-08-12,Anúncio,6,40811.64
6803,Melina Aparecida,joao-pedro41@example.com,2024-08-28,Anúncio,10,51552.48
6804,Dra. Sofia Camargo,kaique07@example.com,2024-10-29,Anúncio,5,51807.11
6805,Zoe Barros,arezende@example.org,2024-03-29,Anúncio,10,24619.08
6806,Yasmin Barbosa,pedro-lucas65@example.net,2024-12-24,ANÚNCIO,12,50623.93
6807,Daniela Rios,maria-helenagoncalves@example.com,2025-11-12,Anúncio,4,32409.12
6808,Srta. Ana Julia Dias,joaquim71@example.com,2024-05-31,Anúncio,9,179918.24
6809,Arthur Vieira,alopes@example.org,2025-04-27,Anúncio,8,34080.37
6810,Sra. Marcela Sá,santosstella@example.org,2024-01-22,Anúncio,7,9828.39
6811,Pietro Melo,luiz-henrique84@example.com,2025-03-28,Anúncio,8,7842.88
6812,Dr. Pedro Henrique Caldeira,emendes@example.org,2025-11-07,Anúncio,2,101214.09
6813,Mariane Mendonça,franciscopereira@example.net,2024-07-11,Anúncio,8,165259.83
6814,Felipe Novaes,ana-clarapastor@example.org,2025-08-08,Anúncio,10,155946.62
6815,Gustavo Albuquerque,henryfonseca@example.org,2024-02-17,Anúncio,7,44924.74
6816,Emanuelly Souza,maria-vitoria83@example.org,2024-09-09,Anúncio,7,35060.6
6817,Nicole da Mota,mouragustavo@example.org,2024-01-04,Anúncio,12,34269.44
6818,Ana Clara Ferreira,allana76@example.net,2024-09-07,Anúncio,9,86306.5
6819,Dra. Ágatha Alves,cavalcantilucas@example.com,2024-08-02,Anúncio,8,30006.11
6820,Caroline Araújo,kamillybrito@example.net,2025-05-03,Anúncio,3,59384.47
6821,Vitor Hugo Andrade,elisamendonca@example.net,2024-07-20,Anúncio,10,105143.92
6822,Bernardo Guerra,calebesousa@example.net,2025-08-13,Anúncio,3,48589.11
6823,Isabella Marques,camaraesther@example.com,2024-07-18,Anúncio,10,64973.68
6824,Maria Pinto,diasjosue@example.com,2024-05-24,Anúncio,7,51410.32
6825,Maria Flor Sá,lopesjulia@example.org,2024-12-26,Anúncio,7,59898.04
6826,Maria Luiza Ferreira,msouza@example.com,2025-04-06,Anúncio,11,24932.6
6827,Davi Lucca Vasconcelos,ryan68@example.com,2025-10-02,Anúncio,10,100066.31
6828,Diego Araújo,luiz-henriqueduarte@example.com,2025-08-05,Anúncio,2,15725.92
6829,Sr. Yan Almeida,rpimenta@example.org,2025-01-14,Anúncio,5,61732.16
6830,Maysa Novais,pcostela@example.net,2025-12-12,Anúncio,6,34636.94
6831,Aylla Nascimento,aliciacampos@example.org,2024-07-22,Anúncio,2,59930.45
6832,André Lopes,iduarte@example.com,2025-12-31,Anúncio,12,46837.59
6833,Laura da Costa,benjamimsa@example.org,2024-09-29,Anúncio,2,98391.95
6834,Pedro Araújo,ana-sophiarezende@example.net,2024-06-24,Anúncio,10,219999.73
6835,Agatha Santos,yandrade@example.com,2024-09-27,Anúncio,10,49445.04
6836,Isabelly Melo,anthony44@example.com,2025-02-19,Anúncio,8,35352.41
6837,Ana Júlia Porto,ryan04@example.com,2024-12-07,Anúncio,12,30756.01
6838,Davi Lucas Mendonça,castromaria-alice@example.com,2024-01-29,Anúncio,10,19912.85
6839,Léo Camargo,anthonyrodrigues@example.org,2024-09-08,Anúncio,4,65905.3
6840,Sr. Dante Pinto,mariane54@example.com,2024-12-23,Anúncio,6,53436.58
6841,Vitor Hugo Moraes,nogueiraalexia@example.org,2025-04-11,Anúncio,3,50743.13
6842,Lorena Alves,gcastro@example.org,2025-11-20,Anúncio,8,14773.03
6843,Lunna Viana,macedoluan@example.com,2025-11-22,Anúncio,4,66131.06
6844,Sr. Francisco Albuquerque,joao-lucas85@example.org,2025-01-08,anuncio,3,49570.04
6845,Dr. Benjamin Camargo,bellacastro@example.com,2025-02-08,Anúncio,8,118994.45
6846,Anna Liz Borges,gnovaes@example.com,2025-05-07,Anúncio,9,125225.09
6847,Manuella Albuquerque,joaquim39@example.net,2025-08-23,ANÚNCIO,4,101383.21
6848,Srta. Vitória Porto,erick80@example.com,2025-06-11,Anúncio,4,15559.6
6849,Srta. Lavínia Caldeira,augustosilva@example.org,2025-05-23,Anúncio,12,42969.84
6850,Joana Pires,da-motaevelyn@example.org,2024-11-15,Anúncio,9,51624.12
6851,Dr. Heitor Cunha,maria-juliajesus@example.net,2025-09-18,Anúncio,4,217966.11
6852,Clara Viana,knovais@example.net,2025-04-11,Anúncio,3,43670.73
6853,Pietro Câmara,mpimenta@example.org,2024-04-08,Anúncio,6,7008.16
6854,Clarice Rocha,luiz-henrique39@example.org,2025-02-26,Anúncio,4,49775.75
6855,Ana Júlia Fonseca,acosta@example.org,2024-08-02,Anúncio,12,44803.6
6856,Anna Liz Cassiano,josue37@example.org,2024-05-10,Anúncio,6,38293.46
6857,Letícia Pimenta,carvalhoana-sophia@example.net,2025-04-01,Anúncio,12,48476.25
6858,Henry Lopes,spacheco@example.org,2025-03-27,Anúncio,10,109161.78
6859,Letícia Costela,rferreira@example.net,2025-11-21,Anúncio,4,23283.79
6860,Bryan Ribeiro,ana-vitoria94@example.com,2025-12-10,Anúncio,4,32412.57
6861,Bárbara Freitas,sayasmin@example.net,2024-10-16,Anúncio,5,25940.09
6862,Sr. Juan Garcia,henriquenascimento@example.com,2024-04-22,Anúncio,6,25755.01
6863,Pietra Jesus,rhavirocha@example.org,2024-03-25,Anúncio,7,9587.6
6864,Gael Henrique Albuquerque,leonardo33@example.org,2025-12-08,Anúncio,8,64007.49
6865,Dra. Valentina Pires,gustavo-henriqueribeiro@example.net,2024-10-07,Anúncio,9,47068.19
6866,Alana Vargas,ayllaalves@example.net,2024-08-29,Anúncio,1,104589.18
6867,Dra. Daniela Monteiro,da-luzanthony@example.org,2025-03-13,Anúncio,11,22538.58
6868,Joaquim Vasconcelos,bgarcia@example.net,2024-02-02,Anúncio,8,76404.17
6869,Ravi Lucca Aparecida,jrezende@example.com,2025-03-30,Anúncio,5,12190.39
6870,Enrico Martins,maria-liz89@example.com,2025-09-23,Anúncio,1,7383.36
6871,Gabriela Jesus,fogacanoah@example.com,2025-05-26,Anúncio,9,88322.96
6872,Vinícius Araújo,nathancorreia@example.org,2024-10-22,Anúncio,3,57619.61
6873,Natália Alves,pereiravitoria@example.org,2024-03-09,Anúncio,11,48273.27
6874,Ravi Monteiro,piresmaria-flor@example.com,2024-06-07,Anúncio,10,35532.1
6875,Vinicius Sales,gcarvalho@example.org,2024-06-27,Anúncio,5,39225.12
6876,Sofia Ribeiro,zcorreia@example.com,2024-09-29,Anúncio,3,32757.76
6877,Emanuella Montenegro,limayasmin@example.net,2024-03-21,Anúncio,12,72664.13
6878,Alexia Albuquerque,zvasconcelos@example.net,2025-02-12,Anúncio,4,17219.73
6879,Valentina Azevedo,mariahpastor@example.org,2024-09-15,Anúncio,8,31947.02
6880,Enrico Freitas,yasminrocha@example.com,2024-12-27,Anúncio,3,76240.72
6881,Luna Montenegro,limazoe@example.org,2024-07-13,Anúncio,4,62311.2
6882,Milena Peixoto,levipires@example.com,2024-11-20,Anúncio,8,33918.27
6883,Rafael Pereira,nalbuquerque@example.org,2025-05-17,Anúncio,6,66435.72
6884,Bento Moura,viniciusnovais@example.net,2024-02-21,Anúncio,6,46256.68
6885,Yago Ferreira,theo87@example.net,2025-01-06,Anúncio,2,32022.49
6886,Ana Clara da Mata,matheusda-cunha@example.com,2025-03-11,Anúncio,8,26480.78
6887,Dr. Raul Sousa,hellenaaraujo@example.org,2025-04-14,Anúncio,10,22555.08
6888,Henrique Azevedo,limalavinia@example.net,2025-10-27,Anúncio,3,43202.81
6889,Sra. Letícia Araújo,maria-laura43@example.net,2025-07-10,Anúncio,9,67494.2
6890,Vinícius Monteiro,sampaiootavio@example.com,2025-06-06,Anúncio,4,57559.51
6891,Emanuella Ramos,rodrigo71@example.org,2025-09-17,Anúncio,5,20502.28
6892,Valentina Moura,salmeida@example.org,2025-10-21,Anúncio,12,23053.29
6893,Dr. Ryan Nogueira,da-costalunna@example.org,2025-08-26,Anúncio,7,39370.79
6894,Srta. Larissa Cavalcante,mendescamila@example.com,2025-03-08,Anúncio,9,45541.25
6895,João Gabriel Mendes,thiago33@example.org,2025-08-29,Anúncio,2,94456.86
6896,Ísis Castro,ucamara@example.org,2024-08-15,Anúncio,6,159073.43
6897,Dr. Nicolas Lopes,beniciomoura@example.com,2025-11-19,Anúncio,7,17711.15
6898,Pedro Lucas Moreira,isadora40@example.org,2024-04-18,Anúncio,6,109006.9
6899,Dr. Pietro da Rocha,igomes@example.org,2024-05-29,Anúncio,4,139867.86
6900,Raquel Moraes,leticia52@example.com,2024-04-07,Anúncio,4,26242.99
6901,Dr. Dom da Luz,lavinia67@example.org,2025-07-07,Anúncio,11,14704.93
6902,Emanuelly Oliveira,martinslorenzo@example.org,2024-11-04,Anúncio,4,36101.61
6903,Sra. Olivia Pimenta,caio60@example.org,2025-06-05,Anúncio,2,37700.6
6904,Dr. Cauã da Conceição,lunasilva@example.org,2025-01-06,Anúncio,10,77355.82
6905,Maria Luísa Rios,renanpimenta@example.org,2024-10-12,Anúncio,12,38320.28
6906,Vitor Gabriel Rios,jcarvalho@example.com,2025-10-08,Anúncio,10,74739.31
6907,Isis Lima,kcirino@example.com,2024-11-02,Anúncio,7,168937.0
6908,Aurora Araújo,eloahguerra@example.com,2025-03-11,Anúncio,10,13866.09
6909,Juliana Ramos,novaisana-livia@example.org,2025-09-10,ANÚNCIO,8,26546.86
6910,Anna Liz Santos,lorenzo62@example.com,2024-05-17,Anúncio,5,76575.04
6911,Luiz Otávio Abreu,dandrade@example.net,2024-10-12,Anúncio,9,72703.95
6912,Dom Lima,yda-paz@example.net,2024-03-28,Anúncio,8,30762.66
6913,Pedro Henrique Barbosa,brayan91@example.org,2025-01-24,Anúncio,10,89613.31
6914,Cauê Lopes,qfogaca@example.net,2025-07-17,Anúncio,5,50929.05
6915,Dr. Lucca das Neves,brenoaragao@example.org,2024-01-31,Anúncio,3,19166.57
6916,Stella da Mata,pcardoso@example.net,2024-02-04,Anúncio,4,27216.89
6917,Letícia Teixeira,anthonyramos@example.com,2025-06-08,Anúncio,6,59054.95
6918,Davi Lucca Fernandes,mrodrigues@example.org,2025-05-15,Anúncio,8,26157.92
6919,Fernanda Castro,jesusisabella@example.com,2024-10-11,Anúncio,7,65643.82
6920,Bianca Aparecida,oaraujo@example.net,2024-09-11,Anúncio,3,89860.18
6921,Maria Luiza Sá,camposmaya@example.org,2024-07-10,Anúncio,3,66963.65
6922,José Abreu,elisaandrade@example.org,2024-02-05,Anúncio,12,271096.61
6923,Júlia Cavalcanti,maria-cecilialeao@example.com,2025-01-08,Anúncio,7,85765.96
6924,Leonardo Oliveira,julia52@example.com,2025-03-10,Anúncio,6,12883.49
6925,Maria Alice Araújo,matheus47@example.com,2025-09-15,Anúncio,4,34906.32
6926,Julia Barros,jesusarthur@example.org,2025-01-24,Anúncio,8,159342.22
6927,Maria Fernanda Sampaio,matheus88@example.net,2024-04-02,Anúncio,9,43518.9
6928,Manuela Fogaça,kdias@example.net,2024-07-31,Anúncio,12,17545.44
6929,Bento da Luz,rochacatarina@example.com,2025-07-13,Anúncio,8,54838.6
6930,Vinícius Sousa,rafaelaragao@example.org,2025-03-11,Anúncio,1,105842.65
6931,Kamilly Siqueira,asaferibeiro@example.org,2025-07-02,Anúncio,4,33228.82
6932,Catarina Pereira,tmarques@example.com,2024-10-20,Anúncio,3,97688.78
6933,João Pedro da Conceição,joao-vitorpastor@example.net,2024-02-08,Anúncio,2,77697.75
6934,Luiz Felipe Rocha,bmoura@example.com,2025-10-05,Anúncio,11,29689.22
6935,Dra. Larissa Santos,da-rochamaria-julia@example.com,2024-09-03,Anúncio,7,211124.44
6936,João Porto,rsilveira@example.net,2024-02-18,Anúncio,4,20244.25
6937,Clarice Viana,ana-carolinacaldeira@example.net,2025-02-19,Anúncio,6,96476.67
6938,Nicolas Machado,almeidabenicio@example.net,2025-06-10,Anúncio,11,50781.65
6939,Melina Novais,ana29@example.net,2024-12-11,Anúncio,4,31892.36
6940,Josué Azevedo,qporto@example.org,2025-03-08,Anúncio,5,40894.72
6941,Davi Lucas Montenegro,laviniafogaca@example.net,2024-10-22,Anúncio,7,30733.9
6942,Dr. Benicio Vargas,alicemoreira@example.net,2025-08-06,Anúncio,8,11765.3
6943,Alexandre Fernandes,maria-isis99@example.net,2025-07-12,Anúncio,3,94650.05
6944,Luiz Miguel Vargas,raul45@example.com,2025-05-23,Anúncio,10,38663.92
6945,Sr. Diogo Vargas,allanacostela@example.com,2024-01-12,Anúncio,9,86343.63
6946,Benjamin Silva,bsales@example.net,2025-01-09,Anúncio,4,83137.41
6947,Oliver Rezende,diegosiqueira@example.org,2025-07-14,Anúncio,11,34597.93
6948,Luísa Pimenta,rhavi57@example.net,2024-06-10,Anúncio,11,97582.2
6949,Dra. Juliana Duarte,souzamaria-julia@example.org,2024-06-22,Anuncio,10,22773.56
6950,Dra. Camila Cassiano,diogoporto@example.org,2025-10-13,Anúncio,11,33771.45
6951,Fernando Gonçalves,kevin18@example.org,2025-08-28,Anúncio,1,26001.36
6952,Dr. João Vargas,gnovaes@example.net,2025-12-21,Anúncio,9,29302.45
6953,Ravi Porto,faragao@example.org,2024-12-28,Anúncio,12,89793.07
6954,Sr. Pedro Miguel Alves,asafe62@example.com,2024-03-15,Anúncio,8,6332.13
6955,Helena Cirino,lguerra@example.com,2024-01-05,Anúncio,8,87295.01
6956,Dra. Gabriela Cardoso,cfarias@example.org,2025-05-12,Anúncio,11,47186.81
6957,Thales Pereira,da-cunhamariane@example.org,2025-08-08,Anúncio,1,92398.4
6958,Sophie Pinto,lunnapereira@example.net,2024-10-30,Anúncio,1,222526.86
6959,Sabrina Ribeiro,luan39@example.net,2024-10-29,Anúncio,10,29647.23
6960,Maya Correia,znunes@example.org,2025-08-27,Anúncio,3,39957.08
6961,Letícia Fonseca,vitor-gabriel19@example.net,2024-04-27,Anúncio,1,60699.86
6962,Heloisa Montenegro,marcela92@example.net,2024-02-06,Anúncio,7,24664.07
6963,Murilo Casa Grande,britolarissa@example.com,2025-11-30,Anúncio,1,79702.86
6964,Levi Pereira,lucas74@example.com,2025-01-24,Anúncio,7,86470.33
6965,Sabrina Brito,bianca33@example.org,2025-07-03,Anúncio,4,30000.21
6966,Pietro Oliveira,diegovieira@example.net,2025-11-21,Anúncio,1,38083.95
6967,Kaique Monteiro,hadassa19@example.com,2025-08-03,Anúncio,6,42456.24
6968,Srta. Nicole Garcia,carlos-eduardo21@example.org,2024-12-01,Anúncio,5,65544.32
6969,Augusto Cavalcante,bmoura@example.com,2025-03-31,anuncio,12,9984.52
6970,Maria Alice Moreira,xaraujo@example.org,2025-03-21,Anúncio,12,20736.28
6971,Sr. Davi Lucas Duarte,oliviarezende@example.org,2025-10-29,Anúncio,2,47278.47
6972,Mariah Correia,pimentaandre@example.com,2024-03-26,Anúncio,11,69307.74
6973,Thales Gomes,luigisiqueira@example.net,2025-05-05,Anúncio,9,79134.42
6974,Eloah Santos,rda-paz@example.com,2025-09-13,Anúncio,12,44117.51
6975,Felipe Gonçalves,mdias@example.org,2024-09-10,Anúncio,6,108862.68
6976,Luiz Fernando Castro,noah87@example.org,2025-05-14,Anúncio,1,52452.86
6977,Amanda Macedo,maite93@example.net,2024-06-14,Anúncio,6,33161.61
6978,Leonardo Rezende,theodoro94@example.org,2024-02-20,Anúncio,5,74483.81
6979,Maria Flor Ribeiro,ana-vitoria96@example.org,2024-01-15,anuncio,7,26700.23
6980,Julia Rios,agathaabreu@example.net,2025-01-17,Anúncio,3,172330.11
6981,Srta. Sabrina Machado,fogacamanuella@example.org,2024-01-30,Anúncio,7,13548.9
6982,Maria Sophia Moura,anthony70@example.com,2025-02-23,Anúncio,12,33880.89
6983,Brenda Nogueira,ceciliaborges@example.net,2024-09-22,Anúncio,5,74495.4
6984,Arthur Correia,rezendesophia@example.com,2024-01-04,Anúncio,11,19295.17
6985,Caroline Almeida,lfogaca@example.org,2024-05-27,Anúncio,2,36523.28
6986,João Lucas Sousa,kamilly61@example.net,2025-06-06,Anúncio,5,86889.78
6987,Maria Luiza Siqueira,yrodrigues@example.org,2024-09-24,Anúncio,1,37765.27
6988,Lucas Gabriel Aragão,ravy40@example.org,2025-05-27,Anúncio,5,57807.55
6989,Francisco Gonçalves,caroline76@example.net,2025-08-07,Anúncio,11,23838.49
6990,Ravi Freitas,xramos@example.com,2025-07-23,Anúncio,8,11864.32
6991,Dr. Gael Silveira,maria-lizmendes@example.com,2025-04-17,Anúncio,11,20383.86
6992,Bento Fernandes,lopesraquel@example.com,2025-06-12,Anúncio,2,18700.25
6993,Alícia Vieira,rodrigoda-cruz@example.org,2025-02-09,Anúncio,3,206427.05
6994,Letícia Lima,isaacdas-neves@example.net,2024-11-29,ANÚNCIO,7,77725.44
6995,Alícia Leão,garciabruna@example.org,2024-02-04,Anúncio,1,26503.35
6996,Hellena Vieira,duartenicolas@example.com,2025-12-09,Anúncio,5,82970.1
6997,Yago Peixoto,mendoncasarah@example.org,2025-08-27,ANÚNCIO,5,177742.58
6998,Maria Vitória Cassiano,davioliveira@example.net,2025-04-17,Anúncio,6,195334.92
6999,Brenda Fogaça,mendeshenry-gabriel@example.org,2025-03-28,Anúncio,5,118557.4
7000,Maria Laura Campos,dpereira@example.org,2025-02-13,Anúncio,2,36597.74
7001,Natália Araújo,dante41@example.org,2024-02-24,Anúncio,5,35557.17
7002,Olivia Macedo,mrocha@example.org,2024-08-10,Anúncio,2,23560.44
7003,Larissa Jesus,kandrade@example.net,2024-08-26,Anúncio,2,26911.36
7004,Ana Julia Novaes,nda-mata@example.com,2025-07-20,Anúncio,3,12680.11
7005,Dom Cassiano,arthur-miguelmoraes@example.net,2025-03-02,Anúncio,2,5296.46
7006,Ágatha Moreira,maria-isis79@example.net,2024-10-08,Anúncio,2,62308.29
7007,Sofia Cassiano,pedro75@example.net,2024-08-17,Anúncio,7,64550.01
7008,Vitória Sousa,rnascimento@example.com,2025-09-07,Anúncio,6,36109.61
7009,Pietro da Cunha,ravi-luccaalbuquerque@example.org,2025-07-14,Anúncio,4,23578.4
7010,Maysa Azevedo,theo75@example.net,2025-08-05,Anúncio,7,64005.31
7011,Sr. Danilo Correia,hadassamachado@example.org,2024-10-06,Anúncio,6,73217.46
7012,Dra. Aurora Azevedo,giovanna78@example.org,2024-12-12,Anúncio,6,16914.77
7013,Antony Nascimento,sophiecirino@example.com,2025-02-11,Anúncio,6,135367.06
7014,Lorena Pereira,ramosrhavi@example.com,2024-05-01,ANÚNCIO,5,147630.78
7015,Otto Vieira,daniel94@example.net,2024-09-12,Anúncio,3,164165.1
7016,Eloah Ribeiro,heitorfreitas@example.net,2024-12-23,Anúncio,8,178695.7
7017,Isabela Melo,vieirapietro@example.org,2025-04-16,Anúncio,1,40966.16
7018,Ana Luiza Fonseca,moraesdom@example.net,2024-11-16,Anúncio,7,74784.48
7019,Mateus Pacheco,alvesyuri@example.com,2024-04-04,Anúncio,9,18963.97
7020,Ana Julia da Rosa,tsiqueira@example.com,2024-10-28,Anúncio,10,99095.35
7021,Julia Araújo,zoe15@example.org,2025-01-18,Anúncio,1,179736.15
7022,Heloisa Pimenta,leonardo78@example.net,2025-04-02,Anúncio,3,31575.77
7023,Brayan Pinto,luaravieira@example.net,2025-09-07,Anúncio,1,83887.3
7024,Ana Júlia Almeida,drocha@example.net,2024-05-31,Anúncio,9,96071.14
7025,Stephany Barbosa,ana-liz16@example.net,2025-02-03,Anúncio,8,126061.64
7026,Maria Julia Brito,mendesmaria-flor@example.net,2024-10-22,Anúncio,8,59301.24
7027,João Lucas Castro,jesusmaria-isis@example.org,2025-04-28,Anúncio,3,28831.17
7028,Ana Fernandes,leandro40@example.com,2025-09-21,Anúncio,7,57205.23
7029,Pietra Mendonça,maria-sophia24@example.org,2024-12-10,Anúncio,8,37639.71
7030,Igor Araújo,enzofonseca@example.org,2025-08-30,Anúncio,10,120462.54
7031,Dra. Maria Sophia Borges,lferreira@example.net,2024-01-02,Anúncio,11,43854.66
7032,Maya Cavalcanti,ana-luizapimenta@example.com,2025-10-19,Anúncio,11,87808.47
7033,Nina Leão,guilherme94@example.net,2025-07-16,Anúncio,1,35285.23
7034,Sr. Fernando Fonseca,peixotobreno@example.org,2024-03-21,Anúncio,5,139692.54
7035,Davi Luiz Guerra,otavioda-luz@example.net,2025-04-20,Anúncio,1,86106.76
7036,Diogo Macedo,wsampaio@example.com,2025-01-08,Anúncio,3,48218.88
7037,Vitor Duarte,lucas68@example.org,2025-12-05,Anúncio,7,51829.84
7038,Luiz Miguel Sousa,vinicius34@example.com,2024-07-28,Anúncio,12,52867.26
7039,Emilly Borges,rebecaporto@example.org,2025-03-05,Anúncio,1,35517.2
7040,Dante Dias,maria-liz69@example.com,2025-01-13,Anúncio,1,39008.78
7041,Léo Caldeira,zoeteixeira@example.com,2024-05-23,Anúncio,11,119153.18
7042,Sr. Emanuel Costela,afonseca@example.net,2025-08-06,Anúncio,7,198657.07
7043,Thales da Cruz,martinsantonella@example.org,2025-06-09,Anúncio,6,63178.94
7044,Sr. Henry Casa Grande,ravy42@example.org,2025-01-25,ANÚNCIO,9,24465.38
7045,Srta. Marcela Sousa,kvieira@example.com,2025-11-13,Anúncio,9,16107.09
7046,Dr. Enzo Novaes,mendoncamiguel@example.org,2025-10-30,Anúncio,2,113078.87
7047,Sr. Anthony Gabriel Leão,aylla58@example.org,2025-08-09,Anúncio,8,53426.93
7048,Valentim Cavalcante,bryan78@example.org,2024-04-03,Anúncio,5,133325.29
7049,Maria Helena Cirino,cecilia87@example.net,2025-10-06,Anúncio,2,117679.78
7050,Gabriel Siqueira,xalmeida@example.com,2024-07-30,Anúncio,10,25706.69
7051,Luiz Miguel Montenegro,nsilveira@example.com,2025-02-09,Anúncio,4,85022.05
7052,Vinicius Araújo,clarice82@example.net,2025-12-08,Anúncio,9,5664.9
7053,Otto Casa Grande,enzojesus@example.com,2024-05-30,Anúncio,1,31732.45
7054,Sr. Benício Barros,miguel27@example.net,2024-05-07,Anúncio,10,44089.12
7055,Henrique da Rosa,da-pazlivia@example.com,2025-09-05,anuncio,12,84124.73
7056,Dr. Yago Moraes,vcunha@example.com,2024-01-08,Anúncio,12,142531.46
7057,Isaac Macedo,halbuquerque@example.org,2024-04-19,ANÚNCIO,1,70724.71
7058,Sra. Isadora Montenegro,valentinapacheco@example.net,2024-08-16,Anúncio,10,25911.35
7059,Srta. Emanuelly Santos,pietroribeiro@example.net,2025-06-05,Anúncio,2,67128.15
7060,Luísa Machado,mathias76@example.com,2024-12-13,Anúncio,8,38183.1
7061,Lucas Gabriel Camargo,beatrizgomes@example.org,2024-10-05,Anúncio,7,396281.91
7062,Eduardo Albuquerque,alanavargas@example.com,2025-10-24,Anúncio,11,94219.03
7063,João Felipe Cardoso,ncampos@example.net,2025-06-20,Anúncio,2,112356.9
7064,Pietro Barbosa,uaparecida@example.com,2025-03-21,Anúncio,12,67754.46
7065,Gabriela Pereira,carolina10@example.com,2024-08-26,Anúncio,6,75673.87
7066,Vitória Costa,joao-miguelbarbosa@example.com,2025-09-10,Anúncio,4,34311.85
7067,Valentim Siqueira,talbuquerque@example.net,2024-06-17,Anúncio,7,58353.07
7068,Ryan Montenegro,maya10@example.org,2025-11-14,Anúncio,12,115555.31
7069,Esther Porto,fonsecafernanda@example.net,2024-06-23,ANÚNCIO,10,45601.71
7070,Dr. Felipe Dias,rodrigueshadassa@example.net,2025-08-11,Anúncio,8,88508.28
7071,Brayan Carvalho,antonellacavalcante@example.net,2025-10-21,Anúncio,12,16359.94
7072,Ísis Pimenta,rochaagatha@example.net,2024-05-27,Anúncio,9,61033.7
7073,Maria Isis Teixeira,mouradavi-miguel@example.org,2024-05-29,Anúncio,1,29108.26
7074,Raul Brito,luiz-fernando36@example.org,2024-02-15,Anúncio,9,108073.02
7075,Noah Moraes,montenegrobrenda@example.net,2024-08-27,Anúncio,11,172376.92
7076,Sofia da Paz,yago37@example.org,2024-12-31,Anúncio,10,28433.79
7077,Gael Henrique Cavalcanti,tvieira@example.net,2024-02-19,Anúncio,9,14665.31
7078,Sabrina Leão,pietrovasconcelos@example.org,2024-03-29,Anúncio,9,26934.11
7079,Dra. Ana Vitória Rodrigues,da-rosaravi-lucca@example.net,2024-10-26,Anúncio,11,19572.15
7080,Isaque Aparecida,fnunes@example.com,2024-04-23,Anúncio,3,50935.42
7081,Sophie Silva,luiz-gustavo18@example.org,2025-07-04,Anúncio,4,39426.2
7082,Ana Beatriz Azevedo,dda-mota@example.org,2024-08-12,Anúncio,9,28112.92
7083,Ayla Silva,gustavo-henriquecampos@example.org,2024-01-27,Anúncio,12,91119.76
7084,Maria Alice Pinto,ydas-neves@example.org,2024-04-04,Anúncio,1,32139.43
7085,Benjamin Cardoso,heitorcarvalho@example.org,2024-07-31,Anúncio,2,167244.15
7086,Vitória Camargo,wviana@example.org,2024-03-29,Anúncio,7,346252.0
7087,Felipe Santos,joao-lucasmonteiro@example.com,2024-05-19,Anúncio,5,20719.07
7088,Ísis Novaes,barrossophia@example.com,2024-05-12,Anúncio,8,53802.08
7089,Eloah Alves,bcunha@example.com,2024-10-23,Anúncio,9,24880.02
7090,Mateus Ferreira,mariacavalcante@example.com,2025-01-14,Anúncio,5,51648.37
7091,Yuri Nunes,albuquerquecatarina@example.org,2025-03-14,Anúncio,1,33671.95
7092,Asafe Almeida,marquesluiz-miguel@example.com,2025-10-17,Anúncio,7,17698.82
7093,Henry Gabriel Gonçalves,leonardocorreia@example.net,2025-04-29,Anúncio,6,7017.16
7094,Allana Barbosa,manuelaandrade@example.org,2024-05-06,Anúncio,2,65333.99
7095,Caleb Peixoto,anthony14@example.com,2024-11-16,Anúncio,6,28898.46
7096,Maria Julia Barros,isisandrade@example.com,2025-05-30,Anúncio,8,61158.77
7097,Cecília Mendonça,brayanpires@example.net,2025-01-31,Anúncio,9,128816.99
7098,Luiz Otávio Aragão,lopesnicolas@example.net,2024-04-15,Anúncio,10,31326.99
7099,Marcela da Conceição,noahfonseca@example.org,2025-07-15,Anúncio,4,100344.75
7100,Murilo Santos,lauracardoso@example.com,2024-05-05,Anúncio,10,120268.06
7101,Arthur Miguel das Neves,gabriela17@example.org,2024-08-30,Anúncio,5,158859.75
7102,Luiz Miguel Rios,siqueiracamila@example.org,2025-06-02,Anúncio,9,119206.42
7103,Henry Ribeiro,bentopastor@example.com,2025-12-04,Anúncio,2,117456.26
7104,Gabriela Araújo,ana-beatrizabreu@example.com,2025-10-03,Anúncio,7,110131.78
7105,Caleb Porto,camilanunes@example.net,2025-12-04,Anúncio,10,29070.81
7106,Mariah Leão,rhavi39@example.org,2024-10-07,Anúncio,11,36155.12
7107,Matheus Câmara,maria-luisa43@example.org,2024-11-05,Anúncio,10,97928.18
7108,Beatriz Pastor,mirella00@example.org,2024-04-10,Anúncio,4,140178.33
7109,Letícia Caldeira,rcasa-grande@example.com,2024-12-06,Anúncio,11,17064.18
7110,Maria Cecília Aparecida,silvaana-luiza@example.com,2025-07-10,Anúncio,3,54476.11
7111,Isabella Ramos,da-mataheloisa@example.com,2024-02-09,Anúncio,8,64510.62
7112,Antony Câmara,ester58@example.net,2024-08-09,Anúncio,6,61408.15
7113,Lavínia Gomes,lorenzo01@example.net,2025-10-29,Anúncio,12,6503.81
7114,Antônio Carvalho,luccaabreu@example.org,2024-04-25,Anúncio,7,72341.0
7115,Marcela Caldeira,guerraarthur-gabriel@example.net,2024-07-23,Anúncio,6,19020.08
7116,Ryan Vargas,benicio75@example.org,2025-11-05,Anúncio,11,37461.9
7117,Dra. Elisa Gomes,omelo@example.com,2024-08-30,Anúncio,11,148990.91
7118,João Lucas Guerra,goncalvesliam@example.net,2025-08-20,Anúncio,4,47131.55
7119,Théo Pires,matteo96@example.com,2024-07-14,Anúncio,2,42919.97
7120,Zoe Souza,kviana@example.org,2024-06-20,Anúncio,5,70456.11
7121,Alexandre da Cunha,bbarros@example.org,2024-04-28,Anúncio,9,13800.35
7122,Maitê da Conceição,mariah64@example.org,2024-02-05,Anúncio,6,87453.4
7123,João Vitor Viana,maria-isiscamargo@example.net,2024-10-21,Anúncio,12,33388.24
7124,Maysa da Rocha,pedro-henrique14@example.com,2025-05-18,Anúncio,9,26796.64
7125,Maria Eduarda Fogaça,novaiscaua@example.org,2025-01-03,Anúncio,1,186969.61
7126,Antony Lima,ana-laura73@example.com,2024-10-15,Anúncio,4,276626.63
7127,Jade Carvalho,isales@example.net,2024-05-11,Anúncio,6,55258.82
7128,Gustavo Jesus,andradebenicio@example.net,2025-04-26,Anúncio,2,55168.74
7129,Eduarda da Luz,danilo81@example.com,2024-06-17,Anúncio,10,151017.9
7130,Sra. Letícia Macedo,cassianomiguel@example.com,2024-01-19,Anúncio,9,60503.42
7131,Pedro Lucas da Rocha,mendoncadante@example.com,2025-11-29,Anúncio,6,34683.28
7132,Enzo Cavalcanti,lucca55@example.org,2025-11-11,Anúncio,12,52540.72
7133,Anna Liz Correia,francisco76@example.org,2024-05-18,Anúncio,1,93468.45
7134,Yago Alves,ana-clara17@example.com,2024-06-05,Anúncio,2,422656.76
7135,Arthur Gabriel Brito,cda-cruz@example.net,2025-02-15,Anúncio,3,17627.37
7136,Luiz Fernando Vargas,lucas81@example.com,2024-10-30,Anúncio,5,16602.0
7137,Gustavo Cunha,opinto@example.org,2025-10-01,Anúncio,1,71119.15
7138,Yago Castro,qrezende@example.com,2024-10-29,Anúncio,7,89630.92
7139,Bianca Carvalho,vianagiovanna@example.com,2024-03-22,Anúncio,2,20462.83
7140,Lara Silveira,ymendes@example.com,2025-01-26,Anúncio,11,46899.02
7141,Maria Alice Garcia,biancaaragao@example.net,2024-03-07,Anúncio,7,52948.27
7142,Luiz Gustavo Araújo,rezendeana-laura@example.org,2024-11-15,Anúncio,9,25213.9
7143,Daniela Fogaça,lalbuquerque@example.net,2025-02-13,Anúncio,2,156423.89
7144,Théo Lopes,albuquerquejoao-pedro@example.net,2025-11-14,Anúncio,11,29203.23
7145,Dr. Cauê da Cunha,sarahrocha@example.org,2024-07-19,Anúncio,4,167688.03
7146,Dr. Diego Albuquerque,marcelorocha@example.net,2025-04-01,Anúncio,3,137942.11
7147,Maria Luísa Fernandes,nascimentojoaquim@example.net,2024-01-01,Anúncio,7,23036.3
7148,Ana Carolina Vasconcelos,marcelo83@example.net,2025-09-19,Anúncio,2,125868.8
7149,Lucca Correia,lopesmariana@example.org,2024-08-08,Anúncio,9,16088.65
7150,Vitor Hugo Câmara,da-conceicaosara@example.com,2024-06-07,Anúncio,1,29508.61
7151,Cauã Sousa,eporto@example.com,2024-02-29,Anúncio,4,93176.98
7152,Cecília Sampaio,pachecojoaquim@example.net,2025-07-14,Anúncio,11,18723.93
7153,Lucas Albuquerque,lbrito@example.com,2024-02-01,Anúncio,4,58629.48
7154,Luiz Gustavo Mendonça,ana-laura54@example.org,2025-03-11,Anúncio,11,22025.42
7155,Bruna das Neves,ninamarques@example.com,2024-08-06,Anúncio,8,100107.71
7156,Giovanna Novaes,samuel15@example.net,2025-05-16,Anúncio,2,546678.83
7157,Dr. Thales Lima,maria-eduarda92@example.net,2025-11-30,Anúncio,9,45055.93
7158,Emilly Sousa,kda-conceicao@example.net,2024-07-04,Anúncio,4,23172.36
7159,Helena Cavalcante,rafael70@example.org,2025-03-12,Anúncio,8,34584.78
7160,Anna Liz Oliveira,duartejulia@example.com,2024-09-18,Anúncio,12,282098.41
7161,Sr. João Azevedo,ana-lizcorreia@example.org,2025-01-05,Anúncio,7,89139.41
7162,Maria Laura Moreira,kaiqueoliveira@example.net,2024-02-18,Anúncio,10,29486.64
7163,Maria Isis Sales,ramoslorena@example.org,2024-05-11,Anúncio,8,41109.73
7164,Sr. Cauã Melo,castrovitor-gabriel@example.org,2025-07-21,Anúncio,11,31748.6
7165,Paulo Souza,luisada-cunha@example.net,2024-08-30,Anúncio,12,46030.16
7166,Helena Martins,sophieaparecida@example.org,2024-01-01,ANÚNCIO,8,131331.34
7167,Breno Moura,matheus41@example.org,2024-08-11,Anúncio,3,11750.56
7168,Dr. Dante Lopes,juliacampos@example.org,2025-04-16,Anúncio,7,59733.77
7169,João Pedro Martins,bcavalcante@example.com,2025-12-06,Anúncio,12,105844.1
7170,José Miguel Martins,wvieira@example.org,2025-09-07,Anúncio,5,139462.17
7171,Sra. Luana Campos,ayla56@example.com,2025-06-21,Anúncio,3,18605.48
7172,Evelyn Azevedo,vasconcelosisabela@example.net,2025-11-01,Anúncio,10,54908.68
7173,Lunna Pastor,jadeguerra@example.org,2025-04-08,Anúncio,10,104139.81
7174,Allana Albuquerque,pietro83@example.org,2025-01-11,Anúncio,7,27419.69
7175,Kaique Novaes,maria-julia81@example.com,2025-01-22,Anúncio,5,4785.2
7176,Dr. Anthony Moreira,rochavinicius@example.org,2025-11-13,Anúncio,10,65470.1
7177,Ana Carolina Sá,alexiada-paz@example.com,2024-01-02,Anúncio,3,76507.52
7178,Srta. Valentina Viana,luanaazevedo@example.com,2025-01-09,Anúncio,10,23288.85
7179,João Sales,zandrade@example.net,2025-06-30,Anúncio,10,22798.93
7180,Helena Teixeira,fcosta@example.com,2024-01-22,Anúncio,1,68627.06
7181,Evelyn Sales,moreiraenzo-gabriel@example.org,2025-08-13,Anúncio,2,394126.6
7182,Catarina Teixeira,nathanmoreira@example.net,2025-08-30,Anúncio,2,123104.77
7183,Leandro Fernandes,rezenderaul@example.org,2025-01-13,Anuncio,4,68040.4
7184,Valentina Viana,yurinunes@example.org,2025-08-18,Anúncio,12,69012.64
7185,Anna Liz Guerra,mariana64@example.net,2024-03-27,Anúncio,5,34219.42
7186,Rhavi Costa,znovais@example.org,2025-11-12,Anúncio,6,15411.91
7187,Igor Siqueira,irezende@example.net,2024-01-28,Anúncio,4,108664.14
7188,Ryan Sampaio,novaisdom@example.com,2024-01-21,Anúncio,6,54060.17
7189,Sr. Francisco Fonseca,bernardocavalcanti@example.org,2025-01-14,Anúncio,6,48471.81
7190,Miguel Mendonça,jesuscaua@example.net,2025-06-03,Anúncio,11,32215.19
7191,Joaquim Montenegro,diogo78@example.com,2025-05-08,Anúncio,1,62495.68
7192,Alice Cassiano,mdas-neves@example.org,2025-01-28,Anúncio,6,89017.58
7193,Eduarda Jesus,sofia81@example.org,2025-07-12,Anúncio,12,27017.92
7194,Sr. Josué Pastor,leaomaria-luisa@example.net,2025-03-04,Anúncio,5,158713.66
7195,Erick Moura,liviapimenta@example.net,2025-09-04,Anúncio,11,53187.98
7196,Vitor Hugo Farias,danilovasconcelos@example.net,2024-03-09,Anúncio,3,37025.75
7197,Francisco Viana,hramos@example.org,2025-12-15,Anúncio,10,117654.0
7198,Otávio Oliveira,theo95@example.org,2025-09-26,Anúncio,1,21713.33
7199,Stella Siqueira,ryanvasconcelos@example.org,2025-10-07,Anúncio,11,227747.87
7200,Pedro Lucas Cavalcante,nina61@example.net,2024-09-13,Anúncio,11,25881.92
7201,Luigi Lopes,raviaragao@example.net,2025-11-15,Anúncio,11,25260.11
7202,Sara Novaes,azevedoalana@example.com,2024-03-26,Anúncio,10,8327.92
7203,Ana Carolina Barros,eduardo28@example.org,2024-02-14,Anúncio,6,25924.01
7204,Juan Macedo,castrobreno@example.net,2024-10-09,Anúncio,9,46325.69
7205,Otto Cardoso,agatha74@example.net,2025-11-04,Anúncio,9,68391.68
7206,Dr. Francisco Cunha,pnogueira@example.net,2025-12-02,Anúncio,10,66959.37
7207,Ana Lívia Mendes,jose-pedromachado@example.com,2024-12-25,Anúncio,9,54460.55
7208,Amanda Santos,mteixeira@example.net,2025-06-17,Anúncio,2,61233.8
7209,Luísa Porto,santosrhavi@example.com,2025-01-22,Anúncio,6,41030.05
7210,Ana Julia Lima,maria-julia41@example.net,2024-03-08,Anúncio,6,104594.09
7211,Isis Ramos,kamillyguerra@example.net,2025-04-04,Anúncio,10,233118.99
7212,Josué Melo,lara18@example.com,2024-03-30,Anúncio,4,71849.74
7213,Sr. Luigi Mendes,tmendes@example.com,2025-04-06,Anúncio,1,11895.54
7214,Maria Cecília Nunes,yurifernandes@example.net,2024-06-07,Anúncio,4,49683.83
7215,Noah Barbosa,lunnada-rocha@example.com,2024-06-25,Anúncio,4,55985.27
7216,Eloah Correia,sandrade@example.org,2025-04-20,Anúncio,3,226528.1
7217,João Felipe Duarte,cirinoclara@example.com,2024-11-29,Anúncio,2,104797.36
7218,Ana Liz Cassiano,mendespietra@example.org,2025-08-19,Anúncio,2,63785.4
7219,Lívia Vieira,goncalveshenrique@example.net,2025-04-24,Anúncio,9,23986.13
7220,Igor Macedo,wcostela@example.org,2024-07-21,Anúncio,10,175331.38
7221,Lavínia Abreu,nicolesilveira@example.org,2025-07-07,Anúncio,2,16733.65
7222,Heitor Mendonça,fernando26@example.net,2024-02-06,Anúncio,11,110148.06
7223,Alexia Moraes,udias@example.org,2025-06-03,Anúncio,4,29129.2
7224,Vinicius Jesus,pimentamaria-eduarda@example.org,2024-09-29,Anúncio,6,55718.26
7225,Sarah Costela,emanuelda-costa@example.org,2024-07-27,Anúncio,4,163264.56
7226,Liz Andrade,maria-juliavieira@example.com,2025-01-13,Anúncio,2,26204.51
7227,Lavínia Cirino,bryan16@example.com,2025-10-15,Anúncio,9,216577.67
7228,Maria Clara Fonseca,maria-laura48@example.com,2024-06-20,Anúncio,6,66939.75
7229,Dom Novais,albuquerquemaya@example.net,2025-12-31,Anúncio,7,59375.4
7230,Srta. Manuela Gonçalves,fernandesana-vitoria@example.com,2025-02-21,Anúncio,10,67782.33
7231,Vicente Silva,igor09@example.com,2024-06-16,Anúncio,11,59616.93
7232,Arthur Souza,hgarcia@example.com,2025-05-01,Anúncio,8,101172.8
7233,Ana Lívia Ribeiro,mathias17@example.com,2025-06-03,Anúncio,5,42543.6
7234,Alícia Sales,ana-beatrizda-rocha@example.net,2025-01-18,Anúncio,12,49423.9
7235,Dr. Ravi Sampaio,moraesenzo-gabriel@example.com,2024-03-19,Anúncio,11,30526.11
7236,Ian Teixeira,cpinto@example.com,2025-08-07,Anúncio,6,42871.17
7237,Lívia Vieira,vinicius60@example.com,2025-08-03,Anúncio,7,25903.21
7238,Esther da Mata,laraalmeida@example.com,2025-06-27,Anúncio,5,82030.58
7239,Isaac Moura,ana-luizapereira@example.net,2025-06-20,Anúncio,2,34726.34
7240,Maya Pastor,ugarcia@example.org,2024-09-26,Anúncio,2,336887.29
7241,Bruna Moraes,usa@example.net,2024-12-24,Anúncio,7,42667.94
7242,Ana Carolina da Paz,da-rochaasafe@example.org,2025-04-10,Anúncio,10,41296.74
7243,Heloisa das Neves,vda-luz@example.org,2024-04-12,Anúncio,7,63292.99
7244,Mathias Campos,manuellapimenta@example.org,2025-03-02,Anúncio,11,53653.35
7245,Emanuel Rezende,augustopeixoto@example.net,2024-03-05,Anúncio,7,34388.09
7246,Sra. Laís Cunha,rodriguesluan@example.org,2025-09-02,Anúncio,8,84792.09
7247,João Guilherme Silva,bianca79@example.net,2024-03-12,Anúncio,8,17252.63
7248,Ana Aparecida,vcirino@example.com,2025-07-03,Anuncio,4,28594.66
7249,Raquel Cardoso,danilogarcia@example.net,2024-05-23,Anúncio,11,10743.05
7250,Otto Ferreira,mmoura@example.com,2025-10-31,Anúncio,12,84793.76
7251,Srta. Maria Eduarda Caldeira,da-pazgael-henrique@example.org,2025-04-07,Anúncio,7,70528.89
7252,Raquel Marques,fgarcia@example.net,2024-11-02,Anúncio,11,44786.31
7253,Sr. Davi Lucas Silveira,vitor-hugopeixoto@example.com,2024-01-25,Anúncio,6,107911.14
7254,Helena Martins,pastorlaura@example.com,2025-03-04,Anúncio,5,64166.87
7255,Dr. Rael Pacheco,cardosobento@example.net,2024-09-24,Anúncio,9,94441.56
7256,Lucas Gabriel da Luz,castrostephany@example.net,2025-07-24,Anúncio,12,47544.59
7257,Lara da Rosa,sarahcarvalho@example.com,2025-07-20,Anúncio,1,20767.29
7258,Melissa Guerra,isaque36@example.com,2025-04-29,Anúncio,12,42007.89
7259,Júlia Vargas,mmontenegro@example.net,2024-06-29,Anúncio,6,135590.29
7260,Alexia Moreira,bmoreira@example.org,2024-04-18,Anúncio,4,42875.61
7261,Anna Liz da Rosa,nogueirarhavi@example.com,2024-12-28,Anúncio,1,75611.1
7262,Ana Carolina Souza,caue44@example.com,2024-11-19,Anúncio,11,28641.07
7263,Lara Cirino,caragao@example.org,2025-04-18,Anúncio,10,66237.86
7264,Dr. João Gabriel Fernandes,maria-luizanovais@example.com,2025-01-18,Anúncio,5,84312.89
7265,Bento Pereira,thiago72@example.net,2024-12-26,Anúncio,11,137748.89
7266,Kamilly Araújo,fdias@example.net,2024-12-13,Anúncio,5,115612.85
7267,Davi da Cunha,pabreu@example.com,2025-01-02,Anúncio,2,64789.84
7268,Eloá Novais,da-conceicaoana-sophia@example.com,2025-09-20,Anúncio,10,82843.92
7269,Bruna Rocha,novaisesther@example.net,2024-04-16,Anúncio,9,24068.73
7270,Pietra Marques,silveiramaria-isis@example.com,2024-01-11,Anúncio,10,155090.01
7271,Cauê Correia,luiz-felipeduarte@example.com,2024-05-23,Anúncio,4,32781.7
7272,Pietra Sales,isabel31@example.com,2024-08-02,Anúncio,12,128184.05
7273,Ana Lívia Moreira,acirino@example.com,2025-03-07,Anúncio,9,102096.38
7274,Sra. Vitória Jesus,guerraravi-lucca@example.org,2025-08-29,Anúncio,2,151773.09
7275,Maria Júlia Costela,da-costaantonio@example.org,2025-05-18,Anúncio,1,78636.54
7276,Nicolas Cardoso,pietra64@example.org,2025-12-30,Anúncio,11,65622.92
7277,Isis Guerra,zfonseca@example.com,2024-01-01,Anúncio,4,6243.09
7278,Raquel Machado,vasconcelosana-sophia@example.org,2024-04-30,Anúncio,4,36618.98
7279,Letícia da Mata,theonunes@example.net,2024-02-20,Anúncio,6,35701.17
7280,Dr. Cauã Cardoso,rezendemaria-flor@example.com,2025-04-11,Anúncio,12,85233.53
7281,Benicio Nogueira,barbosaluiz-gustavo@example.net,2024-10-29,Anúncio,12,68421.79
7282,Isadora da Cunha,sophiaalbuquerque@example.org,2024-08-03,Anúncio,7,85873.28
7283,Elisa Almeida,thales65@example.org,2024-08-04,Anúncio,12,129143.46
7284,Luiz Gustavo Guerra,apinto@example.net,2025-10-05,Anúncio,9,38089.38
7285,Arthur Miguel Barros,pedro-henriquecorreia@example.org,2024-02-13,anuncio,3,11449.45
7286,Sr. Kaique Albuquerque,joaquim57@example.com,2024-08-05,Anúncio,8,29684.96
7287,Juliana Sales,maria-eduardalima@example.net,2024-12-31,Anúncio,4,35636.52
7288,Ayla Rezende,maria-luizamachado@example.net,2024-10-18,Anúncio,4,73048.94
7289,Fernanda da Costa,rhavifarias@example.com,2025-04-29,Anúncio,4,55018.94
7290,Luana Cassiano,borgesvitor-gabriel@example.com,2025-03-04,Anúncio,6,114926.57
7291,Dr. Matteo Garcia,leaoluiz-fernando@example.net,2025-07-26,Anúncio,2,31929.09
7292,Sra. Ana Júlia Siqueira,eda-paz@example.org,2025-08-30,Anúncio,11,37888.62
7293,Breno Nascimento,davi-lucas73@example.net,2024-10-10,Anúncio,6,17845.77
7294,Nicolas Freitas,otavioda-cunha@example.net,2025-09-15,Anúncio,4,36524.63
7295,Maria Eduarda Sampaio,alexia61@example.org,2025-03-21,Anúncio,3,31611.44
7296,Ana Liz Câmara,juliana72@example.com,2025-09-11,Anúncio,8,14682.07
7297,Kevin Rocha,barbosaolivia@example.net,2024-11-29,Anúncio,12,17152.4
7298,Thomas Pereira,da-rosaotto@example.com,2024-01-15,Anúncio,9,19594.89
7299,Lucca Porto,luiz-miguel56@example.org,2025-04-07,Anúncio,2,59717.39
7300,Mariana Souza,monteironina@example.org,2025-11-30,Anúncio,2,70618.47
7301,Thiago da Paz,vvieira@example.org,2025-11-01,Anúncio,6,93013.28
7302,José Miguel Vasconcelos,martinsyago@example.net,2024-04-02,Anúncio,2,33269.99
7303,Theodoro Sousa,arthur-miguel58@example.org,2024-12-21,Anúncio,1,34812.17
7304,Joana Aragão,ana-vitoria46@example.net,2025-09-20,Anúncio,2,56220.63
7305,Sr. Davi Lucca Araújo,bpimenta@example.net,2024-10-22,Anúncio,8,11748.94
7306,Marina Caldeira,pintocecilia@example.net,2025-01-10,Anúncio,1,42383.33
7307,Helena Porto,vcassiano@example.org,2025-12-29,Anúncio,1,48265.05
7308,Igor Campos,sophie46@example.com,2024-12-15,Anúncio,2,17156.2
7309,José da Mata,agathaalmeida@example.net,2024-04-30,ANÚNCIO,7,61129.87
7310,Dr. Antony Araújo,ottocaldeira@example.net,2024-01-22,Anúncio,3,96272.66
7311,Sr. Ravy Novais,ada-cruz@example.com,2024-11-26,Anúncio,5,40290.28
7312,Esther Pacheco,andraderhavi@example.com,2025-01-08,Anúncio,1,36843.44
7313,Giovanna Cirino,hellenacasa-grande@example.org,2025-10-25,Anúncio,12,70947.03
7314,Dr. Léo Santos,giovanna28@example.com,2025-07-19,Anúncio,1,108436.79
7315,Sara Freitas,wvieira@example.net,2024-02-05,Anúncio,2,50419.18
7316,Ísis Sales,raulpeixoto@example.org,2025-08-08,Anúncio,8,43469.45
7317,Lavínia Costela,alvesclara@example.org,2024-02-09,Anúncio,12,52776.86
7318,Sofia Moraes,livia87@example.net,2024-01-08,Anúncio,3,53218.51
7319,Vinícius Albuquerque,maria-luisa28@example.org,2025-01-26,Anúncio,8,37778.28
7320,Melissa Moreira,apollorodrigues@example.org,2025-01-17,Anúncio,7,58999.03
7321,Marina Fonseca,isis07@example.com,2024-08-07,Anúncio,10,101097.32
7322,Dr. Emanuel Rios,gabriela70@example.org,2024-11-25,Anúncio,4,19643.81
7323,Pietro Brito,hfogaca@example.com,2025-10-25,Anúncio,7,41954.18
7324,Sr. Yuri Andrade,bernardomendonca@example.com,2025-04-21,Anúncio,9,65883.86
7325,Carolina Aparecida,isabelly90@example.com,2024-08-28,Anúncio,5,146142.22
7326,Gustavo Henrique Pacheco,piresisabelly@example.com,2025-11-04,Anúncio,5,8533.81
7327,Isis Mendes,ncorreia@example.org,2024-04-10,Anúncio,9,38106.23
7328,Dom da Rosa,vitor-gabriel07@example.org,2024-04-19,Anúncio,7,63929.99
7329,Beatriz Oliveira,ibarros@example.net,2024-05-31,Anúncio,8,65925.01
7330,Agatha Campos,cirinodanilo@example.org,2024-05-31,Anúncio,12,32650.46
7331,Rebeca Cirino,sousaisabela@example.net,2024-02-10,Anúncio,4,25085.03
7332,Isis Cardoso,obarros@example.com,2024-08-02,Anúncio,5,50489.78
7333,Mariah da Mota,bazevedo@example.com,2025-01-27,Anúncio,10,31724.04
7334,Dra. Hellena Ferreira,luisafernandes@example.com,2024-05-24,ANÚNCIO,11,52813.97
7335,Sr. Apollo Nogueira,heitorrodrigues@example.org,2024-03-03,Anúncio,5,61803.05
7336,André Barbosa,obarros@example.net,2025-04-02,Anúncio,12,127779.6
7337,Felipe Borges,liam90@example.org,2024-10-24,Anúncio,3,187036.3
7338,Laís Azevedo,tgarcia@example.net,2025-04-04,Anúncio,7,33420.2
7339,Gustavo Henrique Andrade,zalves@example.com,2024-06-13,Anúncio,6,25533.47
7340,Isaac Brito,imendonca@example.org,2025-06-20,Anúncio,9,15745.16
7341,Kaique Garcia,alana71@example.org,2025-12-07,Anúncio,9,19092.43
7342,Ana Julia Vieira,baraujo@example.com,2024-06-23,Anúncio,6,285122.36
7343,Isabela Mendonça,imoura@example.net,2025-03-25,Anúncio,2,158862.19
7344,Brayan da Cunha,nogueiraisaac@example.org,2025-06-27,Anúncio,2,168236.32
7345,Raul Castro,montenegrotheo@example.com,2025-01-24,Anúncio,2,104149.92
7346,Yasmin Silveira,silveiragustavo-henrique@example.net,2024-07-18,Anúncio,7,40430.45
7347,Rafael Araújo,heloisa47@example.net,2024-05-18,Anúncio,2,18836.35
7348,Mariane Sousa,valentina57@example.com,2025-03-30,Anúncio,12,173748.79
7349,Alícia Câmara,isabellypires@example.com,2024-12-12,anuncio,3,16004.39
7350,Sra. Lara Vargas,fpereira@example.org,2025-08-25,Anúncio,3,18133.85
7351,Helena Souza,smoura@example.net,2024-02-21,Anúncio,7,96626.54
7352,Sra. Luara Castro,caionascimento@example.org,2024-01-19,Anúncio,6,84545.08
7353,Levi Cunha,viniciuscunha@example.org,2024-09-18,Anúncio,9,98016.68
7354,Yago Cavalcanti,vianamaria-fernanda@example.org,2024-12-07,Anúncio,4,60028.01
7355,Apollo Cassiano,dvargas@example.com,2025-03-25,Anúncio,5,30071.66
7356,Dr. Pietro Ferreira,luarada-rocha@example.net,2024-03-08,Anúncio,9,43494.87
7357,Otávio Costela,carolinabarros@example.org,2025-02-20,Anúncio,12,31422.11
7358,Cecília Porto,cauacorreia@example.com,2025-08-05,Anúncio,2,44903.02
7359,Elisa Borges,ycavalcanti@example.org,2025-10-17,Anúncio,6,34184.62
7360,Isadora Alves,vianavalentim@example.net,2025-10-10,Anúncio,9,65073.59
7361,Alice Nascimento,fsales@example.org,2025-01-10,Anúncio,9,33326.37
7362,Léo Montenegro,da-rosaana-julia@example.net,2025-10-10,Anúncio,2,39714.64
7363,Bento Gonçalves,maria-fernanda72@example.org,2025-01-21,Anúncio,7,62710.82
7364,Davi Luiz Macedo,sampaiojade@example.net,2024-02-12,Anúncio,11,52115.7
7365,Alexandre Nunes,ribeiromaria@example.com,2025-12-07,Anúncio,12,83495.79
7366,Isabel Freitas,enzo-gabrielfarias@example.org,2024-01-02,Anuncio,8,68446.61
7367,Rafaela Costa,ecamargo@example.org,2024-07-13,Anúncio,12,95773.34
7368,Alana Gonçalves,pmoura@example.com,2024-01-27,Anúncio,7,35961.71
7369,Otto Sousa,guilherme47@example.org,2025-01-25,anuncio,9,27657.71
7370,Dr. Paulo Novaes,matheus74@example.org,2025-02-07,Anúncio,3,11536.79
7371,Sr. Liam Marques,igarcia@example.net,2025-03-24,Anúncio,10,52574.08
7372,Rebeca Silva,osa@example.net,2024-03-25,Anúncio,7,35172.15
7373,Maria Fernanda Borges,ypires@example.org,2024-01-10,Anúncio,8,51494.72
7374,Enrico Rios,maria-luizasousa@example.org,2024-06-27,Anúncio,7,19316.68
7375,João Rocha,pimentaclarice@example.net,2024-01-29,Anúncio,9,56101.81
7376,Ana Liz Rocha,pvieira@example.org,2024-01-20,Anúncio,5,79579.14
7377,Sr. Mateus Siqueira,joao-miguelcamara@example.org,2024-06-26,Anúncio,3,28101.0
7378,Lorena Mendonça,vcassiano@example.net,2025-12-30,ANÚNCIO,11,92766.55
7379,Mariah Barbosa,fonsecacatarina@example.net,2025-07-28,Anúncio,2,88831.37
7380,Heloísa da Conceição,fernando62@example.net,2024-09-12,Anúncio,9,63627.66
7381,Allana Lopes,agathasousa@example.net,2024-09-22,Anúncio,5,95133.97
7382,Lorenzo Silveira,dgoncalves@example.net,2025-11-01,Anúncio,3,11507.37
7383,Apollo Oliveira,ferreiraenzo@example.net,2025-04-10,Anúncio,6,61834.62
7384,Helena da Luz,yannunes@example.org,2025-08-25,Anúncio,12,28054.82
7385,Isadora Duarte,dmoura@example.net,2025-09-14,Anúncio,6,48528.67
7386,Sara Macedo,alicemendonca@example.org,2024-04-15,Anúncio,3,15806.21
7387,José Pedro Brito,ymartins@example.org,2024-01-10,Anúncio,6,23656.36
7388,Vitor Gabriel Mendonça,rodrigo09@example.com,2024-06-29,Anúncio,12,30384.15
7389,Theo da Rosa,murilocarvalho@example.com,2025-02-24,Anúncio,8,114703.28
7390,Isabela Siqueira,rebeca70@example.net,2025-10-16,Anúncio,11,94076.34
7391,Dra. Emanuella Pacheco,gustavo-henrique62@example.net,2024-08-01,Anúncio,3,61494.29
7392,Dra. Ana Cecília Novais,cecilia48@example.org,2025-09-04,Anúncio,2,25463.88
7393,Cecilia Macedo,ocostela@example.org,2025-04-10,Anúncio,5,175696.68
7394,Lucca Moreira,cardosomaria-flor@example.com,2025-04-05,Anúncio,2,62703.12
7395,Heloisa da Mata,da-cunhagustavo-henrique@example.net,2025-05-20,Anúncio,1,36333.71
7396,Isis da Luz,vlima@example.net,2025-01-07,Anúncio,8,55211.02
7397,Davi Lucca da Rosa,zpimenta@example.net,2025-04-19,Anúncio,1,30899.94
7398,Sr. Noah Pastor,davi-luizmendes@example.com,2025-07-20,Anúncio,5,97023.95
7399,Ravi Caldeira,esthersales@example.net,2025-02-21,Anúncio,2,25802.16
7400,Yuri da Rosa,vicente70@example.net,2024-01-23,Anúncio,6,63333.45
7401,Lunna Abreu,fogacalunna@example.com,2025-01-06,Anúncio,3,46408.08
7402,Lívia Santos,mendoncakamilly@example.com,2025-02-25,Anúncio,2,87129.52
7403,Vitor Marques,ian38@example.net,2025-09-22,Anúncio,1,53327.07
7404,Dante Cavalcanti,clopes@example.com,2024-01-03,Anúncio,11,246230.24
7405,Isabela Costa,allana82@example.net,2024-01-28,Anúncio,4,20475.73
7406,José Miguel Fonseca,allanasa@example.net,2024-09-16,Anúncio,8,50119.93
7407,Bárbara Gomes,ribeiromarcos-vinicius@example.com,2025-07-28,Anúncio,2,40772.62
7408,Leonardo Caldeira,slima@example.com,2024-12-16,Anúncio,12,18671.7
7409,Nicolas Caldeira,gael-henrique19@example.net,2024-07-29,Anúncio,7,31169.32
7410,Arthur Gabriel Rezende,da-rochamaria-eduarda@example.org,2025-05-03,Anúncio,12,68718.79
7411,Anna Liz Pires,nataliarezende@example.org,2025-01-02,Anúncio,7,39316.18
7412,Dr. João Miguel Novais,rochagael-henrique@example.org,2025-02-11,Anuncio,6,162162.6
7413,Olívia Barbosa,luisamendonca@example.net,2024-10-30,Anúncio,4,101385.46
7414,Lorenzo Gomes,mathias90@example.net,2025-05-26,Anúncio,10,24058.8
7415,Rael da Paz,mariah94@example.org,2024-01-09,Anúncio,11,5887.84
7416,Agatha Ribeiro,benjaminvieira@example.net,2024-01-01,Anúncio,11,86662.37
7417,Eduarda Cavalcante,guerravicente@example.org,2025-04-25,Anúncio,5,94002.64
7418,Maria Julia Duarte,benicio29@example.org,2024-01-15,Anúncio,9,57559.19
7419,Mariah da Cunha,jose65@example.net,2024-08-24,Anúncio,4,111392.41
7420,Caroline Moura,cavalcanterenan@example.net,2024-09-15,Anúncio,1,56067.56
7421,Luiza Leão,juliaaparecida@example.org,2025-03-08,Anúncio,6,66204.63
7422,Alexia Fonseca,riosisaque@example.net,2025-07-03,Anúncio,8,52816.95
7423,Sophia Albuquerque,sampaiothales@example.org,2025-08-12,Anúncio,10,72925.92
7424,Lucas Gabriel Correia,jnascimento@example.net,2024-07-09,Anúncio,8,144478.79
7425,Valentina Sousa,kpires@example.net,2024-04-10,Anúncio,3,17637.42
7426,Daniela Aragão,antoniomarques@example.org,2025-12-14,Anúncio,6,20342.2
7427,Vitor Hugo Azevedo,voliveira@example.org,2024-01-25,Anúncio,2,49620.35
7428,Gustavo Santos,pgarcia@example.com,2025-08-06,Anúncio,2,27470.27
7429,Daniel Fonseca,davi-miguel51@example.net,2024-01-12,Anúncio,5,30384.16
7430,Ana Liz Machado,vasconcelosjose@example.com,2024-12-17,Anúncio,11,33045.66
7431,Srta. Eloah Sales,leonardo86@example.org,2025-03-27,Anúncio,10,58520.83
7432,Sr. Leandro Pacheco,heloisacosta@example.net,2024-12-10,Anúncio,10,34866.93
7433,Ágatha Mendonça,ayla59@example.org,2025-02-06,Anúncio,10,40642.72
7434,Diego Vargas,rhavifonseca@example.com,2024-01-15,Anúncio,6,73393.48
7435,Sofia Ferreira,gcassiano@example.net,2024-04-04,Anúncio,11,75472.07
7436,João Guerra,pietrapereira@example.org,2025-01-30,Anúncio,10,99551.18
7437,Anna Liz Ribeiro,ferreiraaurora@example.net,2025-08-17,Anúncio,6,649744.25
7438,Maria Clara Costela,sampaiokaique@example.net,2025-01-27,Anúncio,1,376972.92
7439,Aurora da Mata,vieiraana-cecilia@example.org,2024-12-30,Anúncio,11,14364.55
7440,Nina Nunes,levi02@example.com,2025-12-21,Anúncio,1,52372.38
7441,Sophia Pimenta,da-motabella@example.com,2024-10-02,Anúncio,1,35202.04
7442,Anna Liz Barbosa,melolorenzo@example.net,2024-09-29,Anuncio,11,108462.08
7443,Lucca Viana,stella74@example.net,2024-02-12,Anúncio,9,19333.72
7444,Asafe Aparecida,lauracirino@example.net,2025-07-12,Anúncio,4,43573.55
7445,Maria Laura Ferreira,monteiroleo@example.org,2024-02-08,anuncio,5,24510.17
7446,Antônio Fogaça,falmeida@example.net,2024-03-23,Anúncio,10,182991.54
7447,Laura Costela,maite52@example.net,2024-02-01,Anúncio,2,51767.63
7448,Carolina Farias,evelyn68@example.org,2024-05-02,Anúncio,4,24893.27
7449,Dra. Juliana Lima,abreugustavo-henrique@example.com,2024-11-08,Anúncio,6,50013.71
7450,Dra. Brenda Cardoso,gabriellycassiano@example.com,2024-01-24,Anuncio,5,97481.43
7451,Srta. Laís Pinto,maria-sophia00@example.org,2024-10-18,Anúncio,6,23899.7
7452,Sr. Asafe Gonçalves,tcarvalho@example.net,2024-12-13,Anúncio,2,54752.5
7453,Otávio Aragão,maria-julia72@example.com,2024-03-06,Anúncio,9,213613.03
7454,Pietra Mendonça,maria-cecilia63@example.org,2024-01-31,Anúncio,1,31750.38
7455,Yasmin Cunha,lunna28@example.net,2024-08-06,Anúncio,2,22576.55
7456,Calebe Viana,andradelara@example.org,2025-04-02,Anúncio,5,46827.43
7457,Raul das Neves,montenegroarthur@example.com,2025-03-04,Anúncio,6,57816.02
7458,Augusto Rocha,levicorreia@example.org,2024-03-16,Anúncio,8,31068.32
7459,Dr. Luiz Felipe Marques,paulovasconcelos@example.com,2024-02-23,Anúncio,9,17210.74
7460,Ester Montenegro,wgarcia@example.com,2024-04-28,Anúncio,10,88055.71
7461,Dr. Luiz Felipe Carvalho,nicole68@example.com,2025-09-22,Anúncio,1,34650.17
7462,Ágatha Fonseca,silveiraleticia@example.com,2025-11-03,Anúncio,10,58182.44
7463,Theodoro Mendes,isadoradas-neves@example.net,2025-01-12,Anúncio,5,26052.96
7464,Brenda Câmara,aragaocaue@example.org,2025-10-12,Anúncio,9,33671.3
7465,Dr. José Pedro Guerra,carolina33@example.com,2024-03-19,Anúncio,1,24763.64
7466,Sophia Ferreira,viniciusporto@example.net,2025-04-07,Anúncio,4,74762.92
7467,Laura da Paz,sabreu@example.org,2025-04-01,Anúncio,3,26157.09
7468,Dra. Luana Freitas,fariashelena@example.org,2024-11-16,Anúncio,2,12072.06
7469,Rodrigo Aparecida,vpereira@example.net,2025-06-05,Anúncio,9,33898.92
7470,Benício Moreira,pastorisabel@example.net,2024-12-08,Anúncio,3,16103.05
7471,Gael Henrique Nascimento,pfonseca@example.net,2025-09-08,Anúncio,2,33354.98
7472,Dr. João Lucas Castro,sabrinacaldeira@example.net,2024-03-22,Anúncio,2,37271.17
7473,Josué Ramos,aliciabarbosa@example.net,2024-01-10,Anúncio,5,75351.04
7474,Natália Martins,barrosraquel@example.org,2024-09-24,Anúncio,6,81158.36
7475,Marcos Vinicius Macedo,mda-rocha@example.com,2024-03-18,Anúncio,1,24410.04
7476,João Nogueira,pastorraquel@example.com,2024-04-22,Anúncio,9,8614.59
7477,Daniela Macedo,da-luzpietro@example.net,2024-01-27,Anúncio,11,241216.88
7478,Júlia Melo,noah47@example.com,2024-11-01,Anúncio,2,23707.46
7479,Dra. Yasmin Pacheco,mirellaleao@example.org,2025-06-05,Anúncio,3,40436.53
7480,Ayla Sampaio,ymarques@example.com,2025-02-01,Anúncio,2,39563.74
7481,Sra. Valentina Rocha,nogueiraana@example.org,2024-09-08,Anúncio,11,44782.35
7482,Oliver Porto,luan17@example.net,2024-01-07,Anuncio,2,61050.97
7483,Srta. Ana Duarte,davi-luccacarvalho@example.com,2025-01-05,Anúncio,3,78667.53
7484,Léo Dias,dda-rosa@example.org,2024-08-16,Anúncio,12,131589.07
7485,Yasmin Sá,barbara95@example.net,2024-06-05,Anúncio,4,25862.7
7486,Mariana Oliveira,evelyn91@example.net,2024-11-18,Anúncio,5,81133.29
7487,Oliver Moreira,da-conceicaobernardo@example.com,2024-04-16,Anúncio,11,34752.23
7488,Isabella Machado,henriqueviana@example.net,2024-08-11,Anúncio,3,123104.44
7489,Dra. Isabella Ferreira,henrique23@example.net,2025-10-29,Anúncio,12,97563.77
7490,Luan Pacheco,nathancavalcanti@example.com,2025-03-06,Anúncio,8,14606.63
7491,Dra. Ana Laura Souza,aliciaferreira@example.com,2025-12-22,Anúncio,12,48187.34
7492,Ana Vitória Caldeira,zcavalcanti@example.net,2025-03-18,Anúncio,6,40506.62
7493,Júlia Vargas,brendacaldeira@example.com,2024-02-26,Anúncio,4,32006.68
7494,Carolina Moraes,icosta@example.com,2025-04-13,Anúncio,11,116526.64
7495,Srta. Daniela Costela,martinstheo@example.net,2025-09-15,Anúncio,3,91347.98
7496,Davi Lucca Moura,aparecidagabrielly@example.org,2025-10-20,Anúncio,4,13522.78
7497,Raquel Gomes,ana-carolinada-mota@example.org,2025-01-31,ANÚNCIO,7,40051.49
7498,João Lucas Rodrigues,labreu@example.net,2024-03-12,Anúncio,4,56142.04
7499,Sra. Giovanna da Cruz,isabella41@example.net,2025-03-28,Anúncio,12,25861.15
7500,Emanuelly Pastor,zandrade@example.org,2024-03-27,Anúncio,4,78260.67
7501,Sr. Calebe Fonseca,da-matarafael@example.com,2024-02-01,Anúncio,4,28144.37
7502,Renan Cardoso,giovannamontenegro@example.com,2024-05-16,Anúncio,9,79428.03
7503,João Siqueira,stella52@example.com,2024-02-26,Anúncio,8,122263.19
7504,Diego Silveira,brendada-paz@example.net,2024-11-13,Anúncio,2,37606.0
7505,Daniela Cavalcante,brayan55@example.org,2025-11-13,Anúncio,5,62036.14
7506,Nathan Barbosa,camaraarthur-gabriel@example.org,2025-04-09,Anúncio,4,38551.02
7507,Luiz Otávio Rezende,maria-juliafonseca@example.net,2025-05-04,Anúncio,5,15762.91
7508,Gael Henrique da Mata,montenegromariane@example.org,2025-07-28,Anúncio,1,67580.09
7509,Dr. Henry Gabriel Câmara,emanuelly56@example.org,2024-06-06,Anúncio,10,29508.76
7510,Maria Eduarda Pastor,mouraleandro@example.net,2025-02-10,Anúncio,7,61209.73
7511,Gustavo Henrique Pimenta,hda-rosa@example.com,2025-05-17,Anúncio,10,87980.31
7512,Ana Cecília Aparecida,eloah73@example.org,2024-07-28,Anúncio,11,52229.8
7513,Agatha Marques,jadepires@example.com,2024-10-01,Anúncio,4,18906.13
7514,João Pedro Albuquerque,theodoro75@example.org,2025-05-09,Anúncio,9,29643.8
7515,Rafael Dias,fariasjulia@example.net,2025-08-01,Anúncio,2,43204.69
7516,Manuella Viana,pietra99@example.net,2024-09-12,Anúncio,4,128415.07
7517,Srta. Maria Laura Duarte,fpastor@example.net,2025-03-16,Anúncio,10,83081.49
7518,Dra. Catarina Castro,luccada-rocha@example.org,2025-04-12,Anúncio,8,30302.23
7519,José da Costa,araujoisabelly@example.org,2025-10-31,Anúncio,8,12437.09
7520,Srta. Bella Andrade,enunes@example.org,2025-07-15,Anúncio,1,18614.17
7521,Srta. Maria Helena Teixeira,carolinapastor@example.org,2024-05-03,Anúncio,10,86311.79
7522,Ayla da Rosa,carlos-eduardocassiano@example.net,2025-03-16,Anúncio,3,66898.39
7523,Bianca Carvalho,pedrocastro@example.net,2025-11-24,Anúncio,8,142144.38
7524,Bárbara da Mata,silvajoao@example.net,2024-09-24,Anúncio,3,31483.47
7525,Lucas da Rosa,joao-vitorda-luz@example.net,2025-06-27,Anúncio,4,219370.63
7526,Daniela Cavalcante,rhavi02@example.org,2025-01-22,Anúncio,3,141450.68
7527,Srta. Ana Laura Albuquerque,britomateus@example.org,2024-11-07,Anúncio,4,27827.21
7528,Valentina Pereira,yasminribeiro@example.net,2025-02-09,anuncio,6,42966.62
7529,João Ribeiro,brendaaraujo@example.net,2024-10-28,Anúncio,1,12940.79
7530,Rebeca Nunes,silvaravi-lucca@example.com,2024-08-08,Anúncio,2,103758.27
7531,Enrico Pereira,gabrielly17@example.com,2025-06-24,Anúncio,10,23672.3
7532,João Lucas Sousa,joana76@example.com,2025-01-18,Anúncio,9,193808.9
7533,Vitor Gabriel Sá,lmarques@example.com,2025-11-05,anuncio,9,84398.27
7534,Marcos Vinicius Azevedo,andre83@example.org,2024-01-05,Anúncio,9,92162.78
7535,Nina Aparecida,goncalvessamuel@example.org,2025-07-01,Anúncio,6,106034.48
7536,Ana Laura Cardoso,hcorreia@example.net,2024-04-06,Anúncio,1,31603.47
7537,Dr. Ravy Silveira,lauraazevedo@example.com,2025-06-24,Anúncio,4,14596.84
7538,Srta. Mariane Cirino,anaduarte@example.net,2025-09-19,Anúncio,4,47068.1
7539,Ísis Oliveira,csantos@example.com,2025-07-13,Anúncio,8,32232.34
7540,Yago Silveira,ana-claracorreia@example.net,2025-02-24,Anúncio,7,90754.14
7541,Benício da Mota,mcavalcante@example.org,2024-03-14,Anúncio,6,99001.9
7542,Francisco Castro,matteomoreira@example.net,2025-11-26,Anúncio,3,38988.64
7543,Gael Henrique Montenegro,luiz-gustavo23@example.com,2024-08-15,Anúncio,11,88232.08
7544,Ana Gomes,maria-vitoriarodrigues@example.org,2024-01-16,Anúncio,12,51727.64
7545,Lavínia Aparecida,da-motaana-clara@example.org,2024-01-02,anuncio,2,40221.59
7546,Leonardo Fernandes,leopastor@example.org,2025-06-06,Anúncio,8,14823.98
7547,Léo Gomes,brocha@example.net,2025-08-21,Anúncio,7,113899.62
7548,Hellena Oliveira,ceciliaandrade@example.com,2025-07-28,Anúncio,11,14587.42
7549,Eduarda Sales,matteoramos@example.com,2025-02-02,Anúncio,2,45703.47
7550,Daniel Fogaça,carolinenovaes@example.net,2025-03-20,Anúncio,7,37833.46
7551,Gustavo Henrique Silva,pmoraes@example.net,2025-10-15,Anúncio,4,85041.25
7552,Sr. Antônio Fernandes,beniciopacheco@example.net,2025-04-11,Anúncio,9,142351.16
7553,Sra. Manuela Novais,kfonseca@example.com,2024-09-04,Anúncio,2,90781.13
7554,Thomas Sampaio,catarinamendes@example.org,2025-11-18,Anúncio,9,20347.18
7555,Fernando Sousa,arthurabreu@example.com,2025-11-30,ANÚNCIO,12,75277.41
7556,Otto Azevedo,tpereira@example.net,2025-03-18,Anuncio,6,228779.97
7557,Matteo Rodrigues,dda-paz@example.net,2025-02-07,Anúncio,2,128597.18
7558,Marcela Cavalcante,da-mataagatha@example.org,2025-11-07,Anúncio,9,81216.74
7559,Sra. Maria Helena Fonseca,novaisgiovanna@example.net,2025-07-08,Anúncio,10,25776.77
7560,Davi Miguel Marques,souzaluiz-felipe@example.com,2024-03-11,Anúncio,10,36676.73
7561,Léo Porto,gustavo10@example.com,2025-11-24,Anúncio,4,26844.95
7562,Dr. Felipe Rezende,diego26@example.net,2025-05-26,Anúncio,5,98047.6
7563,Melissa Leão,vianavinicius@example.org,2025-06-06,Anúncio,8,36954.05
7564,Sra. Maria Liz da Rosa,pandrade@example.org,2024-10-10,Anúncio,4,18103.42
7565,Juliana Cavalcante,aylla32@example.org,2024-01-05,Anúncio,5,105103.22
7566,Luiza da Mata,joao-lucasjesus@example.net,2024-07-02,Anúncio,8,25361.89
7567,Juan Câmara,dante37@example.org,2024-08-19,Anúncio,5,32488.35
7568,Sr. João Felipe Correia,aparecidadavi-lucca@example.com,2024-11-22,ANÚNCIO,9,36743.93
7569,Maria Sophia Nascimento,bentopinto@example.net,2025-05-09,Anúncio,4,33507.88
7570,Sr. Breno Souza,luanfonseca@example.org,2024-11-17,Anúncio,3,13994.57
7571,Sra. Kamilly Pastor,cda-paz@example.net,2024-09-19,Anúncio,10,44098.74
7572,Ana Liz Lopes,orezende@example.net,2024-06-13,Anúncio,8,62046.33
7573,Lavínia da Paz,nataliajesus@example.net,2025-06-30,Anúncio,5,9090.19
7574,Arthur Miguel Martins,marquessabrina@example.org,2025-07-15,Anúncio,2,70944.79
7575,Srta. Ana Lívia Siqueira,caldeirajoao-gabriel@example.com,2024-09-13,Anúncio,1,38946.18
7576,Vinicius Vargas,freitasheloisa@example.net,2024-05-20,Anuncio,1,43866.6
7577,Letícia Cardoso,camargonicole@example.com,2024-05-22,Anúncio,6,57420.03
7578,Antônio Alves,theo91@example.org,2025-04-11,Anúncio,3,130407.5
7579,Ana Liz Macedo,matheussales@example.org,2025-07-03,Anúncio,3,82617.33
7580,Sra. Emanuella Alves,oliver06@example.com,2025-07-13,Anúncio,9,98940.65
7581,João Barros,diogoaraujo@example.com,2025-09-19,Anúncio,1,90758.06
7582,João Guilherme Rodrigues,domalves@example.com,2025-06-19,Anúncio,4,112286.71
7583,Sr. Henrique Borges,rebeca87@example.net,2024-12-18,anuncio,3,69228.32
7584,Sr. Mathias Leão,vargaslorena@example.com,2024-06-28,Anúncio,8,168387.77
7585,Sr. João Felipe Camargo,rebeca35@example.org,2024-09-21,Anúncio,10,28786.63
7586,Dr. Antônio Nunes,isaque42@example.com,2024-07-12,Anuncio,8,218075.39
7587,Ana Júlia Rodrigues,davi-luccafernandes@example.org,2024-02-27,Anúncio,9,8221.26
7588,Maria Julia Camargo,fariasjoaquim@example.org,2024-03-28,Anúncio,3,71137.47
7589,Pedro Henrique Cavalcanti,qbrito@example.org,2024-01-08,Anúncio,7,68409.27
7590,Sr. João Camargo,goncalvesgustavo-henrique@example.net,2024-05-05,Anúncio,8,283625.16
7591,Lunna Albuquerque,melina25@example.com,2025-08-23,Anúncio,5,46247.76
7592,Davi Sampaio,monteiromurilo@example.com,2025-01-21,Anúncio,2,28701.77
7593,Francisco Casa Grande,macedojoao-vitor@example.com,2024-10-02,Anúncio,6,94027.27
7594,Srta. Ísis Ramos,aurora24@example.org,2024-06-04,Anúncio,4,16847.85
7595,Stella Lopes,sousaliz@example.net,2025-02-21,Anúncio,8,57663.17
7596,Carolina Dias,ravyjesus@example.org,2025-12-07,Anúncio,8,43980.04
7597,Anthony Gabriel Pacheco,dompastor@example.org,2024-09-02,Anúncio,8,45864.53
7598,Sra. Ana Liz Alves,cavalcantemarcela@example.net,2025-09-02,Anúncio,7,26437.26
7599,Davi Luiz Ribeiro,pietramoreira@example.com,2025-11-09,Anúncio,7,48726.99
7600,Breno Farias,kaique54@example.net,2025-07-15,Anúncio,5,154234.77
7601,Kaique Santos,caio26@example.com,2025-02-22,Anúncio,12,27220.17
7602,Erick Mendes,sophiasantos@example.com,2024-07-27,Anúncio,7,83649.95
7603,Maria Júlia Lopes,agatha11@example.org,2024-01-19,Anúncio,3,99540.79
7604,Sr. Enzo Gabriel Nunes,maria-helenacasa-grande@example.com,2025-06-04,Anúncio,6,118797.83
7605,Antony Sousa,emonteiro@example.com,2025-11-22,Anúncio,6,49808.96
7606,Stella da Conceição,dmarques@example.net,2025-04-30,Anúncio,10,157737.69
7607,Anthony Monteiro,moraesjoao-felipe@example.com,2024-01-21,Anúncio,7,198085.39
7608,Theodoro Pimenta,elisabarros@example.net,2024-03-25,Anúncio,8,42692.68
7609,Srta. Esther Souza,fogacamaria@example.net,2024-10-05,ANÚNCIO,7,87053.99
7610,Benjamin Novais,theovieira@example.com,2025-12-22,Anúncio,2,18105.85
7611,Antonella Santos,kramos@example.org,2024-02-19,Anúncio,4,82230.13
7612,Pietro Cassiano,igor26@example.net,2024-08-08,Anúncio,5,109984.91
7613,Ana Laura Rodrigues,bpastor@example.org,2025-01-29,Anúncio,1,31831.52
7614,Antônio Novaes,alexandre39@example.org,2024-03-07,Anúncio,6,55348.33
7615,Dra. Emilly Ribeiro,egoncalves@example.org,2024-03-10,Anúncio,2,21577.49
7616,Alícia Vasconcelos,zda-conceicao@example.org,2024-02-09,Anúncio,12,175243.17
7617,Luiz Felipe Aparecida,sgoncalves@example.com,2025-01-02,Anúncio,1,7485.56
7618,Sabrina Lima,vieiracarolina@example.com,2024-07-14,Anúncio,1,8262.01
7619,Vinicius Ramos,rezendebrayan@example.com,2024-01-23,Anúncio,11,138411.23
7620,Benjamim Novaes,caioleao@example.net,2025-01-01,Anúncio,11,12483.73
7621,Ester Fonseca,salesmirella@example.org,2025-05-30,ANÚNCIO,8,14132.89
7622,Dr. Pedro da Rocha,eduardo99@example.net,2025-04-15,Anúncio,9,67926.58
7623,Bernardo Cardoso,otavio61@example.com,2025-04-27,Anúncio,11,146110.06
7624,Marcelo Albuquerque,bryanmacedo@example.com,2025-01-28,Anúncio,12,113027.12
7625,Dante Teixeira,sousaana-luiza@example.net,2025-07-10,Anúncio,3,14738.54
7626,Giovanna Jesus,qmoreira@example.net,2024-02-05,Anúncio,4,33270.48
7627,Isaac Carvalho,machadoluisa@example.com,2024-05-01,Anúncio,2,26910.31
7628,Ayla Campos,clopes@example.com,2025-05-10,Anúncio,7,19139.79
7629,Sr. Asafe da Mota,marinafernandes@example.net,2024-08-23,Anúncio,3,45301.11
7630,Cauã Farias,pfogaca@example.net,2024-06-05,Anúncio,2,107490.34
7631,Felipe Pinto,caua83@example.net,2024-01-16,Anúncio,8,14482.57
7632,Ana Carolina Costa,cunhalais@example.com,2025-09-17,Anúncio,9,59162.21
7633,Paulo Macedo,isabela75@example.org,2025-08-25,Anúncio,10,128677.56
7634,Sr. Levi da Cruz,marina43@example.net,2024-02-04,Anúncio,11,144976.89
7635,Theo Abreu,cavalcantedanilo@example.com,2024-07-28,anuncio,3,19167.3
7636,Ana Clara Teixeira,costelamarina@example.net,2024-05-18,Anúncio,12,28384.86
7637,Alexandre Camargo,da-cruzjoao-pedro@example.org,2024-05-12,Anúncio,10,43732.23
7638,Clarice da Costa,gael60@example.net,2024-06-21,Anúncio,6,65488.79
7639,Amanda Oliveira,fferreira@example.net,2024-07-22,Anúncio,8,70174.12
7640,Yasmin Vieira,ian66@example.org,2025-05-13,Anúncio,5,52933.75
7641,Allana Monteiro,tda-luz@example.com,2025-12-04,Anúncio,4,70686.47
7642,Ana Julia da Mota,aliciasouza@example.net,2024-01-26,Anúncio,4,86587.49
7643,Sra. Ana Vitória Lopes,josesales@example.org,2024-08-12,Anúncio,10,38872.82
7644,Melina Cardoso,bcaldeira@example.com,2025-04-14,Anúncio,1,44904.66
7645,Arthur Miguel Cavalcante,valmeida@example.org,2024-07-30,Anúncio,10,74696.71
7646,Liz Vieira,ufogaca@example.com,2024-05-01,Anúncio,4,55016.91
7647,Cecília Borges,hadassa88@example.com,2024-04-14,Anúncio,8,83559.3
7648,Henrique Correia,wda-mota@example.org,2025-02-26,Anúncio,6,36178.11
7649,Ana Luiza Nascimento,cavalcantiravi-lucca@example.net,2024-04-02,Anúncio,6,34325.35
7650,Pedro Lucas Jesus,vianaana-julia@example.com,2024-02-26,Anúncio,2,99249.49
7651,Henry Gabriel Siqueira,lunnada-conceicao@example.com,2025-06-15,Anúncio,7,84107.29
7652,Ana Carolina Pinto,moraesbella@example.com,2024-08-29,Anúncio,7,17839.82
7653,Sr. Ravi Lucca Pereira,luisa63@example.org,2025-10-06,Anúncio,2,120320.59
7654,Helena Rezende,luiz-miguel90@example.org,2024-12-27,Anúncio,7,95898.44
7655,João Pedro Pastor,mariahnascimento@example.com,2024-03-20,Anúncio,2,16269.47
7656,Guilherme da Rocha,qsilveira@example.org,2024-05-02,Anúncio,2,28228.54
7657,Sr. Emanuel Camargo,zmendonca@example.net,2025-09-27,Anúncio,12,38326.28
7658,Vicente Pereira,faparecida@example.org,2024-03-16,Anúncio,3,80259.14
7659,Mariane Dias,rmontenegro@example.org,2024-08-06,Anúncio,6,46851.83
7660,Sra. Caroline Sousa,laura58@example.org,2024-07-28,Anúncio,12,184650.16
7661,Helena Novais,theodoro04@example.net,2025-12-20,Anúncio,10,167349.51
7662,Lucca Almeida,isisguerra@example.org,2025-12-08,Anúncio,4,100433.54
7663,Fernanda Souza,gabriela69@example.org,2025-05-02,Anúncio,8,28133.72
7664,Bárbara da Cunha,sofia60@example.org,2024-06-03,Anúncio,3,110869.86
7665,Maria Luiza Vieira,rael28@example.net,2024-04-22,Anúncio,12,43926.56
7666,Breno Ferreira,augustomendes@example.org,2024-02-03,Anúncio,8,54199.52
7667,Bella Pinto,vieiraana@example.net,2024-02-04,Anúncio,2,53816.35
7668,Sara Moreira,ealmeida@example.com,2025-11-10,Anúncio,9,25320.21
7669,Théo Santos,rhavida-mota@example.com,2025-03-02,Anúncio,6,40641.55
7670,Felipe Pereira,theodoroferreira@example.com,2024-05-06,Anúncio,7,91978.64
7671,Thomas Costela,maysanovais@example.net,2025-07-10,Anúncio,4,18128.65
7672,Kevin Rezende,tsa@example.com,2024-02-13,Anúncio,4,149227.09
7673,Luiz Fernando Alves,odas-neves@example.net,2025-01-13,Anúncio,9,48089.48
7674,Augusto Costa,dante07@example.net,2024-05-04,Anúncio,10,74120.45
7675,Melissa Machado,bruna00@example.com,2024-11-16,Anúncio,9,82020.39
7676,Liam Mendes,dsilva@example.net,2024-05-29,Anúncio,7,22751.6
7677,Matteo Machado,pedro-henriquegomes@example.org,2024-03-23,Anúncio,4,76885.22
7678,Fernando da Cunha,fda-mota@example.com,2025-10-30,ANÚNCIO,12,38742.4
7679,Pedro Henrique Sousa,kaiquepimenta@example.com,2025-10-25,ANÚNCIO,4,52943.46
7680,Maria Vitória Santos,ramosyan@example.net,2024-12-25,Anúncio,9,60000.35
7681,Srta. Julia Rezende,larada-rosa@example.net,2025-07-14,Anúncio,3,102150.59
7682,Sr. Pedro Miguel Moura,manuellarodrigues@example.com,2024-05-09,Anúncio,2,48082.74
7683,Sra. Olívia Costa,teixeirahellena@example.org,2024-10-07,Anúncio,9,31209.82
7684,Matteo Alves,monteirothomas@example.org,2024-05-26,Anúncio,9,54676.2
7685,Maria Flor das Neves,silveiradante@example.org,2024-02-18,Anúncio,9,163515.75
7686,Dra. Daniela Duarte,grocha@example.org,2024-10-27,Anúncio,2,84660.49
7687,Luísa Peixoto,ccardoso@example.net,2025-06-11,Anúncio,10,30347.72
7688,Renan Mendes,vgarcia@example.com,2025-06-11,Anúncio,1,19122.86
7689,Davi Luiz Câmara,maria-julia14@example.com,2024-11-11,Anúncio,12,30809.06
7690,Gael Machado,anthony-gabriel28@example.net,2024-11-14,Anúncio,3,21870.01
7691,Otto Fogaça,lfernandes@example.net,2025-03-01,Anúncio,3,19943.51
7692,Marcos Vinicius Mendes,hellena27@example.com,2025-11-04,Anúncio,5,74059.9
7693,Luigi Rocha,arthur34@example.net,2024-04-01,Anúncio,3,75710.71
7694,Sophia Sá,manuelafonseca@example.net,2024-10-13,Anúncio,8,23641.84
7695,Dr. Isaac Guerra,lucca20@example.net,2025-10-14,ANÚNCIO,11,43882.64
7696,Pedro Lucas Andrade,theo47@example.com,2025-01-27,Anúncio,3,32922.04
7697,Sr. Anthony Azevedo,xgomes@example.net,2025-07-20,Anúncio,5,794253.61
7698,Eloah Machado,da-matarhavi@example.net,2024-11-27,Anúncio,2,66665.44
7699,Luísa Silveira,rafaelamachado@example.org,2025-10-26,Anúncio,9,37240.13
7700,Sr. João Gabriel Rezende,rael02@example.net,2025-10-03,Anúncio,7,87423.74
7701,Nina Silva,isisdias@example.com,2024-11-14,Anúncio,5,148402.36
7702,Felipe da Mota,cassianovalentim@example.net,2024-01-03,Anúncio,4,13732.78
7703,Kevin Sampaio,hmoraes@example.com,2025-02-07,Anúncio,8,122195.32
7704,Dra. Ana Clara Nogueira,mguerra@example.com,2024-05-10,Anúncio,4,60525.53
7705,Emanuella Mendonça,ana-lizmacedo@example.com,2024-06-07,ANÚNCIO,3,42330.0
7706,Daniel Ferreira,dnovaes@example.org,2024-10-31,Anúncio,5,122548.74
7707,Zoe Barros,joana16@example.org,2024-11-17,Anúncio,7,16861.11
7708,Samuel Cunha,fmelo@example.org,2025-09-12,Anúncio,7,133183.53
7709,Dra. Sabrina Costa,da-rochaasafe@example.net,2024-01-18,Anúncio,9,400050.25
7710,Helena Barbosa,goncalveslais@example.com,2024-07-21,Anúncio,5,30849.8
7711,Srta. Mariana Cavalcante,isabella98@example.net,2025-03-21,Anúncio,12,15227.17
7712,Dra. Marina Mendes,vcavalcanti@example.org,2025-03-14,Anúncio,4,161146.18
7713,Cecilia Cirino,maria-fernanda92@example.org,2024-08-08,Anúncio,5,18449.07
7714,Thales Guerra,cmacedo@example.net,2024-04-21,Anúncio,2,26289.37
7715,Bella Gonçalves,oborges@example.com,2024-07-06,Anúncio,3,33005.79
7716,Maria Alice Marques,brendamarques@example.net,2025-10-05,Anúncio,3,54184.29
7717,Sr. Gael Dias,milenaaraujo@example.org,2024-06-25,Anúncio,10,102409.34
7718,Esther da Rocha,camaraluisa@example.org,2024-12-23,Anúncio,1,76265.52
7719,Luigi da Mata,allanamendes@example.org,2025-11-11,Anúncio,5,21948.29
7720,Luiz Felipe Dias,luiz-miguelazevedo@example.net,2024-03-11,Anúncio,9,40543.5
7721,Lucas Gabriel Barros,yborges@example.net,2025-09-19,Anúncio,5,23879.64
7722,Rael Alves,emarques@example.net,2025-06-10,Anúncio,3,64173.13
7723,Fernanda Camargo,gaelvieira@example.com,2024-12-17,Anúncio,7,57902.17
7724,Levi da Cruz,matheusguerra@example.com,2025-11-17,Anúncio,12,35013.02
7725,Luiz Fernando Duarte,camaraeloah@example.org,2024-02-12,Anúncio,4,241498.8
7726,Erick Siqueira,andradeguilherme@example.org,2025-09-07,Anúncio,12,12396.99
7727,Dr. Nathan Machado,davi-miguel49@example.net,2024-05-06,Anúncio,9,35461.16
7728,Maria Alice Oliveira,cmelo@example.org,2024-09-06,Anúncio,10,37263.05
7729,Rhavi Abreu,liz82@example.com,2024-03-13,Anuncio,5,73432.24
7730,Fernanda Cirino,azevedovitor@example.org,2024-12-26,Anúncio,9,60221.7
7731,Dr. Léo Gomes,isabelamelo@example.net,2024-04-15,Anúncio,12,377974.85
7732,Sophie Rodrigues,luizamontenegro@example.com,2024-06-18,Anúncio,7,30079.25
7733,Otto Pires,ana-livia49@example.net,2024-02-03,anuncio,9,19858.87
7734,Arthur Ribeiro,wcorreia@example.org,2024-07-29,Anúncio,3,12002.37
7735,Melissa Teixeira,joao-lucasporto@example.org,2024-04-11,ANÚNCIO,6,13274.34
7736,Alícia da Mota,ana-beatrizcasa-grande@example.net,2025-04-27,Anúncio,11,46612.6
7737,Cecilia Sá,borgesluiz-fernando@example.com,2025-03-25,Anúncio,10,21442.04
7738,Julia Cunha,carlos-eduardo69@example.net,2025-04-13,Anúncio,7,38744.61
7739,Ágatha Cavalcante,oliveiraoliver@example.net,2025-04-20,Anúncio,5,26151.28
7740,Catarina Campos,carvalhoarthur-miguel@example.org,2024-03-01,Anúncio,7,60342.1
7741,Clarice Silveira,brunocaldeira@example.com,2024-05-17,Anúncio,3,43242.41
7742,Léo Pinto,ana-cecilia76@example.org,2025-06-05,Anúncio,3,40748.86
7743,Ana Liz Silveira,cmoraes@example.org,2024-12-14,Anúncio,2,96293.27
7744,Leonardo Siqueira,abreubeatriz@example.net,2025-03-19,Anúncio,8,20345.8
7745,Sra. Mariah Moreira,barrosmurilo@example.org,2024-02-01,Anúncio,8,155492.09
7746,Heitor da Costa,wabreu@example.com,2024-09-30,Anúncio,7,48933.84
7747,Gael Henrique Cirino,sousahenrique@example.org,2024-11-07,Anúncio,8,13507.39
7748,Dr. Lucas Gabriel Pinto,enricoteixeira@example.net,2025-05-02,Anúncio,4,67923.79
7749,Bianca Peixoto,zpinto@example.net,2025-10-19,anuncio,4,125693.75
7750,Bernardo da Costa,eda-rocha@example.com,2025-02-12,Anúncio,11,53569.83
7751,Maria Vitória Dias,arthur-miguelfreitas@example.net,2025-06-24,Anúncio,5,23740.68
7752,Vitor Hugo Porto,isabellaalves@example.net,2025-03-28,Anúncio,11,32573.68
7753,Breno Leão,caldeiraenzo@example.com,2025-10-17,Anúncio,10,113889.04
7754,Helena Sousa,nalmeida@example.com,2025-08-03,Anúncio,6,8456.11
7755,Gustavo Henrique Pereira,emanuella34@example.net,2024-06-12,Anúncio,1,73363.23
7756,Giovanna Cardoso,abreujulia@example.org,2024-05-24,Anúncio,7,55454.84
7757,Marcelo Costa,nathan05@example.org,2025-10-19,Anúncio,3,38788.33
7758,Luiz Felipe Lopes,ana-lizrocha@example.net,2025-02-26,Anúncio,1,45041.97
7759,Ágatha Almeida,maya04@example.com,2024-11-17,Anúncio,1,22529.54
7760,Yuri Sampaio,ayla51@example.net,2025-05-08,Anúncio,11,32866.51
7761,Giovanna Castro,benicio57@example.net,2024-07-10,Anúncio,5,48363.72
7762,Carlos Eduardo Barros,estercosta@example.net,2025-08-01,Anúncio,4,126244.78
7763,Alexandre da Costa,salesisabela@example.com,2025-01-16,Anúncio,12,26532.66
7764,Maysa Rodrigues,pintoeloah@example.org,2025-09-19,Anúncio,3,31295.48
7765,Thiago Farias,tmoura@example.org,2025-03-28,anuncio,4,54911.3
7766,Gabriel Pereira,joao-pedro90@example.org,2024-06-23,Anúncio,1,21591.37
7767,Vitória Pastor,beatrizvasconcelos@example.net,2025-11-30,Anúncio,11,92785.89
7768,Lunna Mendes,yasminaparecida@example.org,2024-10-11,Anúncio,10,22570.47
7769,Amanda Cunha,nmelo@example.org,2025-06-28,Anúncio,12,28347.58
7770,Benjamim Freitas,pnunes@example.net,2024-06-19,Anúncio,3,68351.52
7771,Valentim Fogaça,davimarques@example.com,2024-10-22,Anúncio,2,25344.86
7772,Natália Novaes,correiatheo@example.org,2025-06-05,Anúncio,3,101612.65
7773,Dra. Marcela Sales,da-motaarthur@example.com,2025-05-05,Anúncio,7,94269.23
7774,Brayan Novaes,da-cruzhelena@example.org,2025-11-09,Anúncio,5,12866.86
7775,Ana Beatriz Abreu,da-motaolivia@example.com,2025-07-24,Anúncio,4,106001.97
7776,Cauê Silveira,matheusrios@example.com,2024-08-13,Anúncio,7,34514.03
7777,Bella Albuquerque,aylla25@example.com,2025-09-13,Anúncio,2,27240.82
7778,Matheus Casa Grande,eloah61@example.com,2025-10-26,Anúncio,11,57080.35
7779,Carlos Eduardo Cassiano,earaujo@example.org,2025-11-21,Anúncio,12,104185.94
7780,Esther Ribeiro,joaquimfarias@example.org,2025-10-11,Anúncio,3,24873.01
7781,Jade Caldeira,hlopes@example.org,2025-05-05,Anúncio,9,40666.78
7782,Leandro Moraes,levida-cunha@example.net,2025-07-22,Anúncio,10,52844.49
7783,Nathan Souza,joao-gabriel61@example.org,2025-03-31,Anúncio,9,10521.11
7784,Mathias Viana,ksilva@example.com,2024-08-10,Anúncio,2,22455.95
7785,Aurora Sampaio,abreueduardo@example.org,2025-08-08,Anúncio,4,46242.66
7786,Gustavo Henrique Câmara,camposlarissa@example.com,2024-05-28,Anúncio,8,11488.6
7787,Maria Helena Fernandes,heloisa73@example.org,2024-11-02,Anúncio,6,80425.48
7788,Yan Siqueira,hellenamontenegro@example.com,2024-08-29,Anúncio,9,20776.84
7789,Juan da Costa,alexia62@example.org,2024-04-17,Anúncio,9,58528.58
7790,Alícia Souza,qda-luz@example.net,2025-07-25,Anúncio,8,66996.92
7791,Ana Laura Dias,oliviarocha@example.net,2024-12-05,Anúncio,4,120417.36
7792,Alice Fernandes,anthony-gabriel94@example.org,2025-01-15,Anúncio,9,41344.97
7793,Ana Lívia Lopes,isabellacassiano@example.com,2025-01-01,Anúncio,12,48879.31
7794,Rebeca Cavalcanti,alvesmelissa@example.com,2025-04-30,Anúncio,1,34441.69
7795,Ravi Lucca da Paz,aragaoesther@example.net,2024-04-20,Anúncio,5,43191.12
7796,Luiz Fernando Sousa,goliveira@example.net,2024-12-31,Anúncio,4,42937.11
7797,Srta. Maria Fernanda Fernandes,fernando84@example.net,2024-06-23,Anúncio,6,173183.9
7798,Dr. Enzo Pinto,pda-cunha@example.net,2025-12-06,Anúncio,2,60250.11
7799,Sr. Davi Miguel Brito,icosta@example.net,2024-02-04,Anúncio,12,59409.84
7800,Diego da Luz,qramos@example.org,2025-10-31,Anúncio,1,73979.78
7801,Yasmin Araújo,augustocassiano@example.net,2024-02-03,Anúncio,11,58730.09
7802,Raul Cavalcanti,xdias@example.org,2024-03-05,Anúncio,6,155887.37
7803,Isabelly Silveira,joao-vitor04@example.net,2025-10-15,Anúncio,5,30817.69
7804,Dr. Valentim Sá,da-cruzheitor@example.com,2025-03-31,Anúncio,2,73530.22
7805,Dr. Davi Miguel Silveira,rafael03@example.org,2024-08-14,Anúncio,8,139841.61
7806,João Lucas Azevedo,arthur-gabrielalbuquerque@example.org,2025-02-20,Anúncio,5,86459.22
7807,Gustavo Henrique Azevedo,lais44@example.org,2024-04-13,Anúncio,1,21667.16
7808,João Miguel da Cruz,eramos@example.net,2024-02-06,Anúncio,7,9496.14
7809,Ana Freitas,joao-guilherme27@example.com,2024-01-28,Anúncio,5,17359.75
7810,Davi Lucas Lima,sousaana-laura@example.net,2024-07-01,Anúncio,8,46892.41
7811,Maria Liz Pinto,lpimenta@example.net,2024-04-22,Anúncio,7,14057.96
7812,Milena Sampaio,claraguerra@example.net,2024-10-12,Anuncio,9,50073.99
7813,Maya Ramos,eduardo13@example.com,2025-09-23,Anúncio,12,41630.28
7814,Pietro Sales,sviana@example.net,2024-09-24,Anúncio,7,24777.66
7815,Maria Helena Machado,maitesantos@example.com,2024-10-09,Anúncio,1,68975.51
7816,Henrique Nunes,bmontenegro@example.org,2024-03-12,Anúncio,3,16246.84
7817,Brenda Caldeira,melina50@example.net,2025-12-21,Anúncio,4,55422.39
7818,Sr. Davi Lucas Aparecida,azevedojoao-pedro@example.com,2024-03-29,Anúncio,5,34960.41
7819,João Miguel Casa Grande,esternunes@example.net,2024-08-25,Anúncio,12,98550.31
7820,Isaac Rezende,ottoteixeira@example.net,2025-11-14,Anúncio,2,19825.25
7821,Kevin da Conceição,henry-gabrieljesus@example.org,2024-11-21,Anúncio,8,102965.15
7822,Maria Luiza Sousa,rdas-neves@example.com,2024-08-25,Anúncio,11,13167.02
7823,Raquel Aparecida,hcamargo@example.net,2025-05-19,Anúncio,6,27491.68
7824,Luísa Azevedo,camposester@example.com,2024-01-19,anuncio,11,159101.46
7825,Mirella Cardoso,dantecosta@example.com,2024-08-11,ANÚNCIO,9,256465.67
7826,Lorenzo Ramos,pietra60@example.org,2025-02-15,Anúncio,10,37343.35
7827,Liz Cardoso,isiscavalcanti@example.net,2025-12-23,Anúncio,1,38157.1
7828,Lucca Moraes,fernanda93@example.com,2025-12-02,Anúncio,12,40815.87
7829,João Lucas Martins,bferreira@example.net,2025-03-17,Anúncio,2,73561.95
7830,Alícia Fogaça,epires@example.org,2024-08-26,Anúncio,5,52385.9
7831,Vitória da Luz,agatha00@example.org,2025-01-28,Anúncio,2,16969.32
7832,Sra. Joana Vasconcelos,luigi44@example.org,2025-11-04,Anúncio,3,37852.17
7833,Gabrielly Guerra,dlima@example.com,2025-04-14,Anúncio,3,125887.22
7834,Vitor Gabriel Sá,vviana@example.com,2024-03-31,Anúncio,11,47303.02
7835,Dante Nascimento,jesusdavi-luiz@example.net,2025-12-06,Anúncio,9,33574.65
7836,Samuel Silva,oramos@example.com,2025-10-12,Anúncio,10,18464.19
7837,Nicole da Paz,hmacedo@example.net,2024-05-20,Anúncio,10,90228.32
7838,Marcelo Sampaio,maria-eduardada-costa@example.net,2025-04-06,Anúncio,3,133023.03
7839,Cauã Porto,diaskamilly@example.com,2025-09-24,Anúncio,1,70644.72
7840,Dr. Dante Cunha,yuri55@example.net,2024-05-22,Anúncio,7,109399.69
7841,Mirella Porto,silveiramaria-clara@example.net,2025-10-28,Anúncio,11,67035.38
7842,Srta. Olívia Macedo,das-nevesevelyn@example.com,2024-04-23,Anúncio,9,31053.81
7843,Apollo Almeida,mendoncamatteo@example.org,2024-09-08,Anúncio,2,69647.69
7844,Cauã Cassiano,wcavalcanti@example.net,2025-11-12,Anúncio,3,36056.28
7845,Cauê Porto,eduardagarcia@example.com,2025-11-15,Anúncio,7,43983.64
7846,Srta. Joana Aragão,emanuelly52@example.com,2024-01-14,Anúncio,11,7704.17
7847,Theo Melo,sophia56@example.com,2025-09-16,Anúncio,3,45713.96
7848,Nathan das Neves,vitor-hugocunha@example.com,2025-05-03,Anúncio,4,21633.97
7849,Eduardo Montenegro,leandroalves@example.org,2025-09-20,Anúncio,7,83364.46
7850,Benjamim da Mota,abreularissa@example.com,2024-11-26,Anúncio,5,39130.68
7851,Maria Luiza Aparecida,ycastro@example.com,2025-12-15,Anúncio,4,96855.46
7852,Bento Rodrigues,silveiraagatha@example.net,2025-06-14,Anúncio,4,75435.28
7853,Mariah Aragão,omachado@example.com,2025-06-23,Anúncio,11,69897.63
7854,Marcelo Andrade,oliveirarhavi@example.org,2024-10-29,Anúncio,9,114720.59
7855,Luigi Gomes,luiz-henriquearaujo@example.com,2024-10-04,Anúncio,3,63636.33
7856,Srta. Mariana Siqueira,bryan69@example.com,2024-05-11,Anúncio,9,75245.06
7857,Bruna Rocha,valentina84@example.com,2024-02-02,Anúncio,4,41099.27
7858,Marcela Cardoso,isabellada-cunha@example.net,2025-10-11,Anúncio,12,14253.5
7859,Brayan Caldeira,andradeluigi@example.org,2025-02-22,Anúncio,3,12815.53
7860,Maria Flor Mendonça,csouza@example.com,2025-02-02,Anúncio,3,36177.31
7861,Noah Casa Grande,marcelobrito@example.com,2024-08-25,Anúncio,8,17733.08
7862,Ravi Lucca Dias,pereirafernanda@example.com,2025-06-07,Anúncio,9,30756.71
7863,Emanuelly Oliveira,valves@example.net,2024-10-15,Anuncio,6,23846.59
7864,Maria da Conceição,da-mataotavio@example.com,2025-08-02,Anúncio,10,151019.97
7865,Felipe Andrade,saparecida@example.org,2024-02-16,Anúncio,1,14309.93
7866,Augusto Marques,kcavalcante@example.org,2024-06-12,Anúncio,1,15872.5
7867,Nina da Cunha,natalia93@example.net,2024-07-11,Anúncio,6,7550.53
7868,Raquel da Rocha,valentinasiqueira@example.com,2024-01-14,Anúncio,4,45126.63
7869,Bryan Mendonça,psales@example.com,2025-04-11,Anúncio,10,27892.79
7870,Vitória Machado,milenateixeira@example.net,2025-05-09,Anúncio,6,95153.15
7871,Dante Caldeira,costelabenicio@example.net,2024-10-19,Anúncio,7,65529.05
7872,Sr. Dom Costela,emanuellacavalcante@example.org,2025-07-22,Anúncio,11,45040.16
7873,Ravi Lucca Monteiro,caio44@example.net,2025-11-21,Anúncio,9,23032.19
7874,Miguel Rezende,marceloda-luz@example.com,2025-06-04,Anúncio,5,64648.27
7875,Maria Liz Novaes,julia04@example.org,2025-04-18,Anúncio,2,102353.2
7876,Srta. Mariah Caldeira,vsilveira@example.com,2024-11-17,Anúncio,4,16760.3
7877,Dr. Davi Lucca Martins,matteoribeiro@example.net,2025-01-30,Anúncio,3,16760.93
7878,Olivia Araújo,isaqueda-rosa@example.net,2024-07-15,Anúncio,1,49337.23
7879,Ana Vitória Sousa,vpimenta@example.org,2024-06-09,Anúncio,1,95680.31
7880,Renan Rios,dbarbosa@example.org,2024-01-15,Anúncio,4,109995.33
7881,Mariane Ribeiro,vinicius41@example.net,2024-12-13,Anúncio,6,79045.26
7882,Srta. Julia Costa,cmartins@example.org,2024-05-26,Anúncio,10,54031.77
7883,Maria Vitória Marques,fariasantonio@example.org,2024-12-01,Anúncio,7,70744.53
7884,Dr. Enzo Gabriel da Costa,wcirino@example.com,2025-08-05,Anúncio,4,194898.88
7885,Juliana Vargas,isabella04@example.net,2024-09-16,Anúncio,5,198972.78
7886,Sr. Bryan Pacheco,guerraantonella@example.com,2024-08-12,Anúncio,8,81459.47
7887,Srta. Emanuelly Cirino,mmendonca@example.org,2024-11-14,Anúncio,6,61057.59
7888,Breno Mendonça,ian25@example.net,2024-12-27,Anúncio,6,42708.72
7889,Srta. Mirella Cavalcanti,guerraana@example.org,2024-07-03,Anúncio,2,32586.26
7890,Davi Lucca Pereira,ceciliada-cruz@example.net,2025-02-27,Anúncio,5,18889.2
7891,Brayan Novaes,yfarias@example.com,2024-01-17,Anúncio,10,39410.8
7892,Aurora Mendonça,rfreitas@example.com,2024-12-18,Anúncio,10,24133.63
7893,Emanuel Rios,emanuella88@example.org,2025-04-01,Anúncio,4,40336.94
7894,Marina Albuquerque,jpacheco@example.org,2024-11-30,Anúncio,2,71129.94
7895,João Miguel Aragão,mathiasmelo@example.net,2025-12-12,Anúncio,9,19538.88
7896,Matteo Porto,fogacaluiz-otavio@example.com,2024-04-05,Anúncio,4,107753.68
7897,Stephany Guerra,hramos@example.org,2024-11-19,anuncio,3,37677.39
7898,Alícia Mendes,lara53@example.org,2024-07-18,ANÚNCIO,10,113730.88
7899,Benicio Cirino,maria-vitoriafonseca@example.org,2025-10-13,Anúncio,11,48373.85
7900,Gabriela Sales,bribeiro@example.com,2024-04-22,Anúncio,8,6475.67
7901,Alana Pinto,brayanda-costa@example.org,2025-01-12,Anúncio,9,20121.89
7902,Aurora da Luz,henry-gabrielcunha@example.com,2024-10-27,Anúncio,8,231314.97
7903,Rael Cavalcanti,onunes@example.net,2025-10-23,Anúncio,1,34010.3
7904,Diego Rodrigues,tsilveira@example.net,2025-02-01,Anúncio,7,75644.47
7905,Lara Oliveira,vicente27@example.com,2024-11-30,Anúncio,6,13741.4
7906,Srta. Isadora Siqueira,isabelasiqueira@example.net,2025-02-19,Anúncio,4,8232.69
7907,Hadassa Casa Grande,bento72@example.net,2025-05-16,Anúncio,3,50440.74
7908,Luiz Felipe Pimenta,pireslara@example.org,2024-01-18,Anúncio,2,104424.34
7909,Sarah Alves,peixotosophie@example.net,2024-06-12,Anúncio,4,104959.37
7910,Srta. Julia Almeida,ravigoncalves@example.net,2024-06-03,Anúncio,3,67764.41
7911,Pedro Lucas Casa Grande,ana-julia52@example.org,2024-10-21,Anúncio,12,33911.75
7912,Maria Cecília Pereira,joao-gabriel67@example.org,2025-02-13,Anúncio,10,19930.66
7913,Rodrigo Cavalcanti,juancaldeira@example.com,2025-10-22,Anúncio,3,45101.11
7914,Sr. Diogo Dias,vasconcelosgael@example.com,2025-02-06,Anúncio,5,81308.48
7915,Esther Vasconcelos,luisada-cunha@example.com,2024-04-24,Anúncio,9,9448.53
7916,Bryan Santos,sfernandes@example.org,2025-01-15,Anúncio,2,65043.05
7917,Alana Nogueira,xcavalcanti@example.com,2024-10-31,Anúncio,10,83345.94
7918,Lunna Caldeira,murilopacheco@example.com,2025-03-30,Anúncio,10,18780.84
7919,Alana Sousa,maria-fernanda52@example.net,2025-03-24,Anúncio,1,30013.91
7920,Maria Luiza Gonçalves,maria-luiza11@example.net,2025-04-09,Anúncio,2,99164.22
7921,Heitor Carvalho,marquesleonardo@example.org,2025-12-29,Anúncio,2,21711.82
7922,Dra. Bárbara Pacheco,nascimentovinicius@example.com,2024-01-16,Anúncio,11,35708.73
7923,Dr. Benjamim Vasconcelos,bcunha@example.net,2025-06-25,Anúncio,3,94817.17
7924,Dra. Sophia Fernandes,garciamaria-cecilia@example.net,2025-09-07,Anúncio,10,102169.83
7925,Maria Cecília Fogaça,peixotogabrielly@example.com,2024-06-10,Anuncio,6,10794.26
7926,Melina Guerra,sousaleo@example.org,2025-06-21,anuncio,8,83175.56
7927,Marcos Vinicius da Mota,cecilia14@example.org,2024-03-02,Anúncio,9,31509.59
7928,Alana Sousa,matteo42@example.com,2025-01-24,Anúncio,7,30711.64
7929,Bella Leão,lorenacosta@example.org,2024-08-12,Anúncio,8,92406.29
7930,Nina Melo,yago22@example.org,2024-05-28,Anúncio,12,12979.28
7931,Francisco Rodrigues,joao19@example.com,2025-03-30,Anúncio,9,40178.96
7932,Théo Borges,da-conceicaotheo@example.com,2024-10-12,Anúncio,5,24557.08
7933,Cauã Marques,guilherme02@example.net,2024-04-13,Anuncio,5,70469.6
7934,Sr. Luan Albuquerque,ravycavalcante@example.com,2025-03-04,Anúncio,3,114935.01
7935,Apollo da Rosa,oliver51@example.org,2025-01-04,Anúncio,10,84192.08
7936,Dr. Guilherme Rocha,rael17@example.org,2024-01-24,Anúncio,5,125051.44
7937,Ana Luiza Garcia,matteoteixeira@example.com,2025-08-11,Anúncio,3,17535.54
7938,Pietro Pires,sampaioelisa@example.com,2025-12-19,Anúncio,12,12106.38
7939,Joaquim Porto,aylada-rosa@example.org,2024-08-28,Anúncio,1,27238.03
7940,Maria Sophia Nogueira,juanandrade@example.com,2025-12-20,Anúncio,8,70176.03
7941,Catarina Nunes,carolina80@example.org,2025-12-28,Anúncio,8,42829.56
7942,Liz Ferreira,rcampos@example.net,2024-11-28,Anúncio,12,130444.5
7943,Beatriz Sá,limaluiz-gustavo@example.com,2025-10-25,Anúncio,11,169753.11
7944,Gael Henrique Caldeira,aurora36@example.com,2025-07-11,Anúncio,1,47537.71
7945,Guilherme Cunha,ycamargo@example.org,2025-08-23,Anúncio,4,76450.23
7946,Nina Sales,helena16@example.org,2024-03-14,Anúncio,12,40037.69
7947,Alexia Dias,rodrigo37@example.net,2025-07-10,Anúncio,2,27490.92
7948,Rodrigo Sá,giovannamelo@example.org,2024-06-03,Anúncio,2,47925.44
7949,Theo Sampaio,maria-sophia06@example.net,2025-06-13,Anúncio,8,60240.32
7950,Sr. Breno Cavalcanti,marquessarah@example.net,2024-06-03,Anúncio,6,91756.2
7951,Alexandre Ribeiro,xpinto@example.com,2025-07-12,Anúncio,7,297428.55
7952,Paulo Machado,cauada-mata@example.org,2025-10-06,Anúncio,10,26027.05
7953,Marina Cavalcante,davi-luccapimenta@example.org,2025-01-01,Anúncio,4,55354.14
7954,Maria Flor Macedo,vdias@example.net,2024-11-03,Anúncio,1,83888.2
7955,Maria Isis Sales,mariane40@example.org,2024-03-29,Anúncio,4,33301.12
7956,Cecília Porto,catarina31@example.com,2024-06-03,Anúncio,7,59306.74
7957,Dr. Alexandre da Luz,bcaldeira@example.org,2025-12-24,Anúncio,11,37875.69
7958,Igor Nogueira,carlos-eduardo39@example.com,2025-05-30,Anúncio,6,51234.14
7959,Marcos Vinicius Mendes,alexia57@example.com,2025-06-30,Anúncio,11,58157.58
7960,Ana Laura Pacheco,felipe42@example.com,2025-08-06,Anúncio,1,62092.71
7961,Ana Liz Pimenta,heloisa36@example.net,2025-02-17,Anúncio,3,6492.06
7962,Srta. Helena Moraes,aurora28@example.net,2024-11-10,Anúncio,2,14169.14
7963,Gabriel Camargo,kaiquepinto@example.net,2024-09-02,Anúncio,2,40958.43
7964,Raquel Moraes,ana-luizacosta@example.com,2024-01-16,Anúncio,8,94627.01
7965,Maria Clara Pinto,pereiramaria-fernanda@example.com,2025-08-02,Anúncio,9,46157.03
7966,Isadora Moraes,olivia69@example.org,2025-09-15,Anúncio,6,61036.68
7967,Lucas Gabriel Silva,rafael76@example.org,2024-08-29,Anúncio,9,46024.66
7968,Maria Luiza Cavalcanti,ebrito@example.com,2025-01-08,Anúncio,2,21013.63
7969,Pedro Henrique Freitas,carolinepeixoto@example.com,2025-02-14,Anúncio,2,29152.95
7970,Sr. João Felipe Freitas,limaraquel@example.net,2025-04-07,Anúncio,11,402757.45
7971,Sr. João Nascimento,yda-costa@example.org,2025-04-01,Anúncio,3,29363.46
7972,Nicole Santos,raquelfarias@example.com,2024-05-05,Anúncio,5,56222.8
7973,Dra. Kamilly Campos,npacheco@example.net,2025-04-28,anuncio,8,112651.22
7974,Letícia Câmara,das-nevesisaac@example.com,2025-06-17,Anúncio,8,31653.47
7975,Brayan Fogaça,ana-luiza09@example.com,2024-01-10,Anúncio,12,111916.6
7976,Maria Julia Casa Grande,joao-pedro85@example.com,2025-03-11,Anúncio,4,28677.79
7977,Arthur Gabriel das Neves,vasconcelosester@example.org,2024-10-22,Anúncio,4,51021.03
7978,Dra. Raquel Porto,bvieira@example.org,2025-09-29,ANÚNCIO,3,49226.93
7979,Dr. Ravi Lopes,dda-conceicao@example.com,2025-11-12,Anúncio,1,154018.81
7980,Melina Oliveira,eduarte@example.net,2025-02-17,Anúncio,11,11768.5
7981,Agatha Pacheco,goncalvesdaniela@example.org,2024-10-09,Anúncio,5,51159.82
7982,Larissa Almeida,zcavalcante@example.org,2025-11-08,Anúncio,12,116629.32
7983,Nicolas Caldeira,bryan41@example.net,2024-06-30,Anúncio,9,88035.9
7984,Srta. Sara Aragão,kevincarvalho@example.org,2024-12-24,Anúncio,7,71161.13
7985,Cecília Dias,saotto@example.net,2024-09-05,Anúncio,7,137422.95
7986,André Cavalcanti,caio11@example.com,2024-04-04,Anúncio,1,32053.41
7987,Jade Rocha,ncavalcanti@example.net,2025-10-06,Anúncio,6,9343.84
7988,Luiz Felipe Freitas,jose37@example.net,2024-06-15,Anúncio,9,26178.33
7989,Arthur da Cunha,eferreira@example.net,2025-07-22,Anúncio,9,169226.32
7990,Levi Garcia,alice26@example.org,2025-06-18,Anúncio,10,32941.98
7991,Gustavo Henrique da Cruz,kamilly51@example.net,2025-04-14,Anúncio,12,76303.75
7992,Gustavo Henrique Silva,murilo08@example.org,2024-03-05,Anúncio,8,18743.11
7993,Caio Costela,camposlavinia@example.org,2024-10-10,Anúncio,9,28922.51
7994,Jade Ribeiro,bryan35@example.net,2025-10-30,Anúncio,8,46034.32
7995,Dra. Isabelly da Rocha,mendoncamaria-sophia@example.net,2024-09-15,Anúncio,9,33867.41
7996,Evelyn Costela,ravi-lucca07@example.org,2024-01-12,Anúncio,12,30713.37
7997,Clarice Brito,franciscogomes@example.net,2025-05-27,Anúncio,5,64573.59
7998,Pedro Henrique Rios,lucascamara@example.org,2025-04-29,Anúncio,4,38806.31
7999,Maria Flor Martins,rochaenzo-gabriel@example.net,2025-02-15,ANÚNCIO,3,378915.62
8000,Yago Araújo,ravynogueira@example.net,2024-09-13,Anúncio,6,141839.3
8001,Kaique Rocha,hcassiano@example.net,2024-05-27,Evento,9,58713.11
8002,Esther Moura,guerravitor-gabriel@example.org,2024-09-24,Evento,4,41637.25
8003,João Farias,sda-mata@example.org,2025-07-24,Evento,10,6630.61
8004,Alícia Rezende,felipeleao@example.net,2024-05-24,IG,7,18172.98
8005,Mariane Pereira,uda-paz@example.org,2024-06-07,Instagram,5,51855.4
8006,Sra. Sofia da Rocha,ana-ceciliapereira@example.com,2024-03-16,Evento,11,117193.96
8007,Vinicius da Mata,vitoria81@example.org,2024-10-03,Evento,10,50679.11
8008,Pietra Sousa,vicentecavalcanti@example.net,2024-08-10,Indicacao,8,23142.99
8009,Matteo Mendes,yalves@example.net,2024-08-11,Instagram,7,20110.84
8010,Esther da Conceição,pietrada-mota@example.com,2025-08-28,Instagram,11,27241.74
8011,Vitor Hugo Sousa,enzo-gabriel32@example.com,2024-07-22,Evento,1,59967.27
8012,Lunna Silveira,anthony01@example.com,2024-07-18,Evento,11,108709.39
8013,Maria Julia Silva,qmendes@example.org,2025-03-11,Evento,10,30235.36
8014,Ana Laura Dias,joao-gabrielcaldeira@example.com,2024-03-03,Instagram,3,13175.41
8015,Stephany Pinto,yago70@example.org,2025-08-02,Instagram,6,47564.73
8016,Isabela Souza,aylla41@example.net,2024-08-09,Instagram,8,20911.08
8017,Liz Ferreira,rcampos@example.net,2024-11-29,Anúncio,12,130444.5
8018,Dra. Laura Machado,fariasleandro@example.org,2025-06-26,Instagram,5,124392.46
8019,Francisco Oliveira,lunnaazevedo@example.org,2024-12-11,Evento,9,87430.26
8020,Júlia da Mata,sampaiomaria-luiza@example.org,2024-04-01,Evento,8,23895.86
8021,Sophia Araújo,tleao@example.org,2024-08-19,Instagram,7,63605.06
8022,Ravi Lucca Fernandes,vinicius49@example.com,2025-10-21,Anúncio,11,16981.09
8023,Hadassa Nunes,nnovaes@example.net,2025-07-29,Anúncio,7,165874.33
8024,Anthony Gabriel Pacheco,dompastor@example.org,2024-09-03,Anúncio,8,45864.53
8025,Sr. Vitor Peixoto,ufogaca@example.net,2025-05-04,Indicação,1,48238.62
8026,Caroline da Rocha,freitasdanilo@example.com,2024-02-27,Instagram,7,31069.47
8027,Catarina Nunes,carolina80@example.org,2025-12-29,Anúncio,8,42829.56
8028,Pedro Miguel Almeida,milena87@example.net,2024-12-07,Instagram,9,13471.99
8029,Sr. Diogo Araújo,heloisa18@example.com,2025-09-07,Indicação,7,242339.51
8030,Pedro Miguel da Conceição,rebecapereira@example.net,2025-12-12,Instagram,6,39818.84
8031,Srta. Catarina Mendes,mariahgoncalves@example.net,2025-04-12,Indicação,10,19812.64
8032,Alexia Moreira,bmoreira@example.org,2024-04-19,Anuncio,4,42875.61
8033,Catarina Pereira,tmarques@example.com,2024-10-21,anuncio,3,97688.78
8034,Ana Beatriz Albuquerque,cassianoevelyn@example.net,2024-03-31,Evento,1,88815.71
8035,Davi Lucca Vasconcelos,ryan68@example.com,2025-10-03,Anúncio,10,100066.31
8036,Maria Alice Aragão,ana81@example.net,2024-07-12,Indicação,7,30135.6
8037,Giovanna Fonseca,nbarbosa@example.com,2024-10-16,Instagram,1,103609.82
8038,Théo Barros,erickda-conceicao@example.org,2024-04-20,Instagram,9,133096.98
8039,Anthony Gabriel Araújo,jose-pedrocosta@example.com,2025-01-08,Indicação,1,156504.47
8040,Carolina Macedo,ester23@example.net,2024-10-13,Indicação,1,32221.88
8041,João Cavalcante,iribeiro@example.org,2025-02-14,Evento,6,32565.37
8042,Lara da Rosa,joao-guilhermemonteiro@example.net,2025-05-02,Evento,5,250489.36
8043,Antônio Lima,da-luztheodoro@example.org,2024-04-13,Instagram,5,65228.19
8044,Rafael Garcia,salesrenan@example.org,2024-10-13,Evento,7,18349.69
8045,Nicolas Nogueira,albuquerquecamila@example.com,2025-06-28,Instagram,8,17013.37
8046,Ágatha Vieira,maria-fernandapinto@example.net,2025-06-24,Instagram,5,66517.75
8047,Gabriela da Rocha,gmendonca@example.com,2025-06-26,Indicação,8,17101.7
8048,Gustavo Sousa,matteo73@example.net,2025-02-01,Anúncio,11,62198.82
8049,Dra. Giovanna da Cunha,hda-cruz@example.net,2025-05-16,Instagram,3,54336.25
8050,Giovanna Montenegro,eduardacardoso@example.net,2025-01-15,Anúncio,6,49434.7
8051,João Miguel Abreu,unogueira@example.org,2025-07-01,Evento,8,51455.89
8052,Alícia Moraes,mathias76@example.net,2025-09-17,Instagram,2,18992.03
8053,Erick da Costa,tgarcia@example.com,2024-09-02,Instagram,10,41611.51
8054,Maria Laura Campos,dpereira@example.org,2025-02-14,Anúncio,2,36597.74
8055,Sra. Giovanna Macedo,bnovais@example.com,2025-11-29,Indicação,4,197386.75
8056,Sophie Rodrigues,luizamontenegro@example.com,2024-06-19,Anúncio,7,30079.25
8057,Sr. Bernardo Duarte,spereira@example.org,2024-07-27,Evento,1,210498.61
8058,Cauã da Cruz,halbuquerque@example.com,2024-12-02,Anúncio,7,54253.8
8059,Emanuel Rezende,augustopeixoto@example.net,2024-03-06,Anúncio,7,34388.09
8060,Sara Monteiro,ravi-luccasantos@example.com,2025-03-06,Indicação,7,41141.73
8061,Fernanda Rezende,tporto@example.com,2024-03-14,Instagram,2,45777.41
8062,Sofia da Mota,lmoura@example.net,2025-07-24,Evento,9,50652.87
8063,José Miguel Vargas,oliveiraigor@example.org,2025-03-07,Indicação,3,22754.98
8064,Léo da Luz,ana-luizacardoso@example.org,2025-06-21,Evento,7,56249.55
8065,João Farias,nunesluiza@example.org,2024-11-19,Instagram,2,84127.29
8066,Thales da Cruz,martinsantonella@example.org,2025-06-10,Anúncio,6,63178.94
8067,Ana Cecília Oliveira,imarques@example.org,2025-11-22,Anúncio,5,23822.62
8068,Benjamim Câmara,ocostela@example.com,2025-03-18,Instagram,7,116895.41
8069,Ana Júlia da Rosa,da-mataemanuella@example.com,2024-07-23,evento,11,85189.45
8070,Ana Carolina Caldeira,dom45@example.net,2025-11-05,Instagram,8,35827.38
8071,Cecilia Dias,lvargas@example.org,2024-08-04,Instagram,11,86274.33
8072,Kaique Castro,eloamoraes@example.org,2024-10-06,Indicação,8,475126.44
8073,Alícia da Cruz,ccorreia@example.net,2024-09-01,Instagram,3,127200.53
8074,Melina Albuquerque,acosta@example.net,2025-12-31,Instagram,1,34676.85
8075,Dr. Dante Cunha,yuri55@example.net,2024-05-23,Anúncio,7,109399.69
8076,Thomas Silveira,gael34@example.com,2025-10-02,EVENTO,3,10238.41
8077,Ian Cirino,melovicente@example.org,2024-01-31,Indicação,7,43665.61
8078,Samuel Lopes,caroline47@example.com,2025-04-17,Anúncio,11,10174.69
8079,Marcelo Oliveira,lunnasantos@example.org,2024-12-19,Evento,12,81370.31
8080,Maria Cecília Cavalcanti,wda-conceicao@example.com,2025-01-11,Instagram,1,99059.14
8081,Raul da Mata,aurora91@example.org,2025-03-15,Anúncio,8,84553.9
8082,Melina Souza,lcastro@example.com,2025-10-14,Instagram,9,19350.93
8083,João Miguel Barros,manuelapereira@example.com,2025-10-18,Indicação,3,121528.2
8084,Pietra Cassiano,kpereira@example.org,2024-09-19,Evento,7,42225.21
8085,Ana Cecília Fonseca,luiz-fernando81@example.net,2024-08-30,Indicação,3,19926.36
8086,Igor Nunes,freitashelena@example.com,2025-01-14,Anúncio,1,78319.22
8087,Bárbara Pires,carolinada-cruz@example.org,2025-09-17,Instagram,5,27869.73
8088,Valentina Pimenta,maria-liz49@example.net,2025-01-18,Instagram,11,60330.14
8089,Brayan Porto,camargoliam@example.com,2024-10-25,Evento,7,86762.16
8090,Dante Borges,ana-juliasantos@example.net,2025-01-29,Indicação,10,68152.81
8091,Vinicius Albuquerque,anna-liz07@example.org,2024-09-03,Instagram,12,51909.95
8092,Gael Henrique Nascimento,da-luzhelena@example.org,2025-03-09,Insta,1,71579.9
8093,Elisa Siqueira,novaesfrancisco@example.com,2025-04-30,Indicação,6,22725.74
8094,Francisco Gonçalves,caroline76@example.net,2025-08-08,Anúncio,11,23838.49
8095,Brayan Porto,vgarcia@example.net,2024-11-29,INDICAÇÃO,3,54235.95
8096,Miguel Sá,julianovaes@example.net,2024-11-08,Indicação,7,55658.04
8097,Diogo Monteiro,nicolasmoreira@example.net,2025-06-16,Indicação,7,38789.64
8098,Pedro Machado,qvasconcelos@example.org,2024-04-13,Anúncio,4,17887.7
8099,Gabrielly Macedo,sousamaria-isis@example.net,2025-06-22,Anúncio,3,56935.41
8100,Vicente Caldeira,alexiacavalcanti@example.org,2025-03-19,Evento,9,23762.32
8101,Lunna Cassiano,gael18@example.com,2025-06-28,Indicação,2,50807.12
8102,Matteo Pimenta,kamillyda-cruz@example.org,2025-08-26,Indicação,6,68408.23
8103,Antony Gonçalves,dnovaes@example.org,2024-06-28,Evento,7,82739.41
8104,Helena Barbosa,goncalveslais@example.com,2024-07-22,Anúncio,5,30849.8
8105,Ana Clara Almeida,costapedro@example.net,2025-01-13,Anúncio,12,31697.78
8106,Bento das Neves,antonio77@example.net,2024-06-11,Instagram,2,14358.81
8107,Gustavo Henrique Teixeira,andrearaujo@example.org,2025-07-15,Instagram,8,22754.39
8108,Luiz Gustavo Caldeira,ferreiramarcelo@example.com,2024-10-23,Evento,1,237080.69
8109,Felipe Pereira,emillysampaio@example.com,2024-10-16,Instagram,9,101499.43
8110,Stella Caldeira,wbarros@example.net,2025-03-19,Evento,7,44066.67
8111,Yuri Mendonça,da-rosaana-julia@example.com,2024-05-07,Indicação,8,30651.22
8112,Vicente Borges,smarques@example.net,2024-07-17,Instagram,8,184917.84
8113,Enrico Fonseca,teixeiraalicia@example.com,2024-10-20,Evento,12,33751.93
8114,Ana Cecília Barbosa,pedro-henriquemendes@example.org,2024-03-13,Indicação,3,26183.22
8115,João Lucas Silveira,lsiqueira@example.com,2024-06-28,Instagram,1,49454.84
8116,Lunna Abreu,eduardo88@example.com,2024-12-20,Instagram,12,39140.75
8117,Marcela Cavalcante,da-mataagatha@example.org,2025-11-08,Anúncio,9,81216.74
8118,Hadassa Moraes,joanacamargo@example.com,2025-11-07,Indicação,5,50960.5
8119,Erick Camargo,breno31@example.com,2025-11-22,Indicação,11,43866.95
8120,Luiz Gustavo Marques,emanuelmoreira@example.net,2024-09-20,Anúncio,7,10478.25
8121,Vitor Hugo Cavalcante,mendoncapedro@example.com,2025-04-18,Evento,11,277934.41
8122,Laís Gomes,ryan33@example.com,2025-04-22,Anúncio,6,41384.18
8123,Ravy Cavalcanti,luiz-gustavo50@example.org,2025-11-20,Anúncio,12,89803.01
8124,Clarice Brito,mcorreia@example.com,2025-05-06,Evento,7,43009.26
8125,Lucas Gabriel Alves,mjesus@example.com,2024-04-18,Instagram,5,13159.37
8126,Sr. Pedro Lucas da Mata,gael-henrique06@example.net,2024-06-08,Evento,9,14442.07
8127,Maria Sophia Rodrigues,benjaminda-rocha@example.com,2025-10-05,Evento,5,49090.07
8128,Antony Câmara,ester58@example.net,2024-08-10,Anúncio,6,61408.15
8129,Joana Rios,danielda-paz@example.org,2025-01-14,Instagram,9,41148.81
8130,Melina Moreira,gustavo45@example.com,2025-01-23,Instagram,2,8033.64
8131,Ágatha Montenegro,liviada-mota@example.org,2024-08-27,Instagram,1,45111.38
8132,Thomas Costela,stelladuarte@example.com,2025-01-06,Indicação,4,70443.39
8133,Dr. Leandro Câmara,castrocalebe@example.org,2025-09-26,Instagram,9,17578.72
8134,Hellena Borges,maya16@example.org,2024-06-11,Anúncio,5,64868.08
8135,Luísa Albuquerque,maria-fernanda02@example.org,2025-12-04,Instagram,9,92705.89
8136,Zoe Ramos,esa@example.org,2024-08-18,Instagram,2,50048.82
8137,Pietro Duarte,brayan91@example.com,2025-04-05,Evento,5,147947.56
8138,Diego Caldeira,apolloferreira@example.com,2024-12-06,Anúncio,1,14015.17
8139,Davi Pereira,fariasravy@example.org,2024-07-20,Instagram,12,187074.44
8140,Thomas da Mota,apollomacedo@example.org,2024-04-07,Anúncio,9,83164.85
8141,Maitê Abreu,isadora88@example.net,2025-05-13,Anúncio,10,24453.32
8142,Maria Fernanda Araújo,freitasbella@example.net,2024-05-17,Anúncio,10,87465.7
8143,Srta. Pietra Montenegro,jose33@example.net,2025-02-02,Evento,8,26281.48
8144,Julia Araújo,zoe15@example.org,2025-01-19,anuncio,1,179736.15
8145,Sr. Joaquim Gomes,fnovaes@example.net,2025-12-27,Evento,9,21077.12
8146,Pedro Henrique Sousa,nicolefreitas@example.net,2025-05-26,Evento,1,89880.1
8147,Guilherme Vasconcelos,rebeca35@example.net,2025-12-16,Indicação,11,38895.13
8148,Isabelly Marques,henrysilva@example.org,2024-01-25,Evento,9,28480.56
8149,Sra. Ana Clara Azevedo,josue37@example.net,2024-01-24,Anúncio,5,36412.83
8150,Mariah Barros,ijesus@example.org,2024-11-06,Insta,12,7192.09
8151,Sofia Casa Grande,da-costamarcela@example.com,2024-06-14,Evento,9,67996.76
8152,Sra. Sophia Nogueira,isaacfogaca@example.net,2024-07-26,Instagram,7,85713.71
8153,Alexandre Duarte,duarteluiz-henrique@example.com,2024-08-13,Instagram,1,18740.68
8154,Josué Costela,anthony-gabrielcavalcante@example.org,2025-06-25,Instagram,6,57161.91
8155,Sr. Levi Cirino,macedoana-laura@example.com,2025-12-26,Instagram,4,54752.79
8156,Luigi Mendonça,gribeiro@example.net,2025-01-07,Evento,10,79119.47
8157,Dra. Gabriela Cardoso,cfarias@example.org,2025-05-13,Anúncio,11,47186.81
8158,Dr. Arthur Gabriel Ramos,jose-pedropires@example.com,2025-10-28,Anúncio,10,58867.13
8159,Maria Luiza Lopes,arthur-gabriel61@example.net,2024-10-08,Indicação,6,398162.98
8160,Ana Carolina Ribeiro,joao96@example.org,2025-11-05,Indicação,4,34428.68
