cliente_id,mes,valor
1,2024-12-01,150
1,2025-01-01,150
1,2025-02-01,150
1,2025-03-01,150
1,2025-04-01,150
1,2025-05-01,150
1,2025-06-01,150
1,2025-07-01,150
1,2025-08-01,150
1,2025-09-01,150
2,2024-03-01,150
2,2024-04-01,150
2,2024-05-01,150
2,2024-06-01,150
2,2024-07-01,150
2,2024-08-01,150
2,2024-09-01,150
2,2024-10-01,150
2,2024-11-01,150
2,2024-12-01,150
2,2025-01-01,150
2,2025-02-01,150
2,2025-03-01,150
2,2025-04-01,150
2,2025-05-01,150
2,2025-06-01,150
2,2025-07-01,150
2,2025-08-01,150
2,2025-09-01,150
2,2025-10-01,150
2,2025-11-01,150
2,2025-12-01,150
3,2024-05-01,150
3,2024-06-01,150
3,2024-07-01,150
3,2024-08-01,150
3,2024-09-01,150
3,2024-10-01,150
3,2024-11-01,150
3,2024-12-01,150
3,2025-01-01,150
3,2025-02-01,150
3,2025-03-01,150
3,2025-04-01,150
3,2025-05-01,150
3,2025-06-01,150
3,2025-07-01,150
3,2025-08-01,150
3,2025-09-01,150
3,2025-10-01,150
3,2025-11-01,150
3,2025-12-01,150
4,2024-12-01,150
5,2024-01-01,150
6,2024-04-01,150
6,2024-05-01,150
6,2024-06-01,150
6,2024-07-01,150
6,2024-08-01,150
6,2024-09-01,150
6,2024-10-01,150
6,2024-11-01,150
6,2024-12-01,150
6,2025-01-01,150
6,2025-02-01,150
6,2025-03-01,150
6,2025-04-01,150
6,2025-05-01,150
6,2025-06-01,150
6,2025-07-01,150
6,2025-08-01,150
6,2025-09-01,150
6,2025-10-01,150
6,2025-11-01,150
6,2025-12-01,150
7,2025-05-01,150
7,2025-06-01,150
7,2025-07-01,150
7,2025-08-01,150
7,2025-09-01,150
7,2025-10-01,150
7,2025-11-01,150
7,2025-12-01,150
8,2025-09-01,350
8,2025-10-01,350
8,2025-11-01,350
8,2025-12-01,350
9,2024-09-01,150
9,2024-10-01,150
9,2024-11-01,150
9,2024-12-01,150
9,2025-01-01,150
9,2025-02-01,150
9,2025-03-01,150
9,2025-04-01,150
9,2025-05-01,150
9,2025-06-01,150
9,2025-07-01,150
9,2025-08-01,150
9,2025-09-01,150
9,2025-10-01,150
9,2025-11-01,150
9,2025-12-01,150
10,2024-01-01,350
10,2024-02-01,350
10,2024-03-01,350
10,2024-04-01,350
10,2024-05-01,350
10,2024-06-01,350
10,2024-07-01,350
10,2024-08-01,350
10,2024-09-01,350
10,2024-10-01,350
10,2024-11-01,350
10,2024-12-01,350
10,2025-01-01,350
10,2025-02-01,350
10,2025-03-01,350
10,2025-04-01,350
10,2025-05-01,350
10,2025-06-01,350
10,2025-07-01,350
10,2025-08-01,350
10,2025-09-01,350
10,2025-10-01,350
10,2025-11-01,350
10,2025-12-01,350
11,2025-03-01,150
11,2025-04-01,150
12,2024-03-01,800
12,2024-04-01,800
12,2024-05-01,800
12,2024-06-01,800
12,2024-07-01,800
12,2024-08-01,800
12,2024-09-01,800
12,2024-10-01,800
12,2024-11-01,800
12,2024-12-01,800
12,2025-01-01,800
12,2025-02-01,800
12,2025-03-01,800
12,2025-04-01,800
12,2025-05-01,800
12,2025-06-01,800
12,2025-07-01,800
12,2025-08-01,800
12,2025-09-01,800
12,2025-10-01,800
12,2025-11-01,800
12,2025-12-01,800
13,2024-11-01,150
13,2024-12-01,150
13,2025-01-01,150
13,2025-02-01,150
13,2025-03-01,150
13,2025-04-01,150
13,2025-05-01,150
13,2025-06-01,150
13,2025-07-01,150
13,2025-08-01,150
13,2025-09-01,150
13,2025-10-01,150
13,2025-11-01,150
13,2025-12-01,150
14,2024-06-01,150
14,2024-07-01,150
14,2024-08-01,150
14,2024-09-01,150
14,2024-10-01,150
14,2024-11-01,150
14,2024-12-01,150
14,2025-01-01,150
14,2025-02-01,150
14,2025-03-01,150
14,2025-04-01,150
14,2025-05-01,150
14,2025-06-01,150
14,2025-07-01,150
14,2025-08-01,150
14,2025-09-01,150
14,2025-10-01,150
14,2025-11-01,150
14,2025-12-01,150
15,2025-09-01,350
15,2025-10-01,350
15,2025-11-01,350
15,2025-12-01,350
16,2024-02-01,350
16,2024-03-01,350
16,2024-04-01,350
16,2024-05-01,350
16,2024-06-01,350
16,2024-07-01,350
16,2024-08-01,350
16,2024-09-01,350
16,2024-10-01,350
16,2024-11-01,350
16,2024-12-01,350
16,2025-01-01,350
16,2025-02-01,350
16,2025-03-01,350
16,2025-04-01,350
16,2025-05-01,350
16,2025-06-01,350
16,2025-07-01,350
16,2025-08-01,350
16,2025-09-01,350
16,2025-10-01,350
16,2025-11-01,350
16,2025-12-01,350
17,2025-05-01,150
17,2025-06-01,150
17,2025-07-01,150
17,2025-08-01,150
17,2025-09-01,150
17,2025-10-01,150
17,2025-11-01,150
17,2025-12-01,150
18,2024-04-01,800
18,2024-05-01,800
18,2024-06-01,800
18,2024-07-01,800
19,2024-02-01,350
19,2024-03-01,350
20,2024-03-01,800
20,2024-04-01,800
20,2024-05-01,800
20,2024-06-01,800
20,2024-07-01,800
20,2024-08-01,800
20,2024-09-01,800
20,2024-10-01,800
20,2024-11-01,800
20,2024-12-01,800
20,2025-01-01,800
20,2025-02-01,800
20,2025-03-01,800
20,2025-04-01,800
20,2025-05-01,800
20,2025-06-01,800
20,2025-07-01,800
20,2025-08-01,800
20,2025-09-01,800
20,2025-10-01,800
20,2025-11-01,800
20,2025-12-01,800
21,2025-06-01,150
21,2025-07-01,150
21,2025-08-01,150
21,2025-09-01,150
21,2025-10-01,150
21,2025-11-01,150
21,2025-12-01,150
22,2024-12-01,350
22,2025-01-01,350
22,2025-02-01,350
22,2025-03-01,350
22,2025-04-01,350
22,2025-05-01,350
22,2025-06-01,350
22,2025-07-01,350
22,2025-08-01,350
22,2025-09-01,350
22,2025-10-01,350
22,2025-11-01,350
22,2025-12-01,350
23,2024-04-01,350
23,2024-05-01,350
23,2024-06-01,350
23,2024-07-01,350
23,2024-08-01,350
23,2024-09-01,350
23,2024-10-01,350
23,2024-11-01,350
23,2024-12-01,350
23,2025-01-01,350
23,2025-02-01,350
23,2025-03-01,350
23,2025-04-01,350
23,2025-05-01,350
23,2025-06-01,350
23,2025-07-01,350
23,2025-08-01,350
23,2025-09-01,350
23,2025-10-01,350
23,2025-11-01,350
23,2025-12-01,350
24,2024-07-01,350
24,2024-08-01,350
24,2024-09-01,350
24,2024-10-01,350
24,2024-11-01,350
24,2024-12-01,350
24,2025-01-01,350
24,2025-02-01,350
24,2025-03-01,350
24,2025-04-01,350
24,2025-05-01,350
24,2025-06-01,350
24,2025-07-01,350
24,2025-08-01,350
24,2025-09-01,350
25,2025-12-01,350
26,2024-12-01,150
27,2024-03-01,150
27,2024-04-01,150
27,2024-05-01,150
27,2024-06-01,150
27,2024-07-01,150
27,2024-08-01,150
27,2024-09-01,150
27,2024-10-01,150
27,2024-11-01,150
27,2024-12-01,150
27,2025-01-01,150
27,2025-02-01,150
27,2025-03-01,150
27,2025-04-01,150
27,2025-05-01,150
27,2025-06-01,150
27,2025-07-01,150
27,2025-08-01,150
27,2025-09-01,150
27,2025-10-01,150
27,2025-11-01,150
27,2025-12-01,150
28,2025-10-01,150
28,2025-11-01,150
29,2024-05-01,150
29,2024-06-01,150
29,2024-07-01,150
29,2024-08-01,150
29,2024-09-01,150
29,2024-10-01,150
29,2024-11-01,150
29,2024-12-01,150
29,2025-01-01,150
29,2025-02-01,150
29,2025-03-01,150
29,2025-04-01,150
29,2025-05-01,150
29,2025-06-01,150
29,2025-07-01,150
29,2025-08-01,150
29,2025-09-01,150
29,2025-10-01,150
29,2025-11-01,150
29,2025-12-01,150
30,2024-08-01,150
30,2024-09-01,150
30,2024-10-01,150
30,2024-11-01,150
30,2024-12-01,150
30,2025-01-01,150
30,2025-02-01,150
30,2025-03-01,150
30,2025-04-01,150
30,2025-05-01,150
30,2025-06-01,150
31,2025-02-01,150
31,2025-03-01,150
31,2025-04-01,150
31,2025-05-01,150
31,2025-06-01,150
31,2025-07-01,150
31,2025-08-01,150
31,2025-09-01,150
31,2025-10-01,150
31,2025-11-01,150
31,2025-12-01,150
32,2024-01-01,150
32,2024-02-01,150
32,2024-03-01,150
32,2024-04-01,150
32,2024-05-01,150
32,2024-06-01,150
32,2024-07-01,150
32,2024-08-01,150
32,2024-09-01,150
32,2024-10-01,150
32,2024-11-01,150
32,2024-12-01,150
32,2025-01-01,150
32,2025-02-01,150
32,2025-03-01,150
32,2025-04-01,150
32,2025-05-01,150
32,2025-06-01,150
32,2025-07-01,150
32,2025-08-01,150
32,2025-09-01,150
32,2025-10-01,150
32,2025-11-01,150
32,2025-12-01,150
33,2025-12-01,150
34,2025-01-01,800
34,2025-02-01,800
34,2025-03-01,800
34,2025-04-01,800
34,2025-05-01,800
34,2025-06-01,800
34,2025-07-01,800
34,2025-08-01,800
34,2025-09-01,800
34,2025-10-01,800
34,2025-11-01,800
34,2025-12-01,800
35,2025-01-01,350
35,2025-02-01,350
35,2025-03-01,350
35,2025-04-01,350
35,2025-05-01,350
35,2025-06-01,350
35,2025-07-01,350
35,2025-08-01,350
35,2025-09-01,350
35,2025-10-01,350
35,2025-11-01,350
35,2025-12-01,350
36,2024-01-01,800
36,2024-02-01,800
36,2024-03-01,800
37,2025-02-01,150
37,2025-03-01,150
37,2025-04-01,150
37,2025-05-01,150
37,2025-06-01,150
37,2025-07-01,150
37,2025-08-01,150
37,2025-09-01,150
37,2025-10-01,150
37,2025-11-01,150
37,2025-12-01,150
38,2025-05-01,150
38,2025-06-01,150
38,2025-07-01,150
38,2025-08-01,150
38,2025-09-01,150
38,2025-10-01,150
38,2025-11-01,150
38,2025-12-01,150
39,2025-07-01,350
39,2025-08-01,350
39,2025-09-01,350
39,2025-10-01,350
39,2025-11-01,350
39,2025-12-01,350
40,2025-07-01,150
40,2025-08-01,150
40,2025-09-01,150
40,2025-10-01,150
40,2025-11-01,150
40,2025-12-01,150
41,2025-09-01,150
41,2025-10-01,150
41,2025-11-01,150
41,2025-12-01,150
42,2024-08-01,350
42,2024-09-01,350
42,2024-10-01,350
42,2024-11-01,350
42,2024-12-01,350
42,2025-01-01,350
42,2025-02-01,350
42,2025-03-01,350
42,2025-04-01,350
42,2025-05-01,350
42,2025-06-01,350
42,2025-07-01,350
42,2025-08-01,350
42,2025-09-01,350
42,2025-10-01,350
42,2025-11-01,350
42,2025-12-01,350
43,2025-01-01,150
43,2025-02-01,150
43,2025-03-01,150
43,2025-04-01,150
43,2025-05-01,150
43,2025-06-01,150
43,2025-07-01,150
43,2025-08-01,150
43,2025-09-01,150
43,2025-10-01,150
43,2025-11-01,150
43,2025-12-01,150
44,2025-06-01,150
44,2025-07-01,150
44,2025-08-01,150
44,2025-09-01,150
44,2025-10-01,150
44,2025-11-01,150
44,2025-12-01,150
45,2025-01-01,150
45,2025-02-01,150
45,2025-03-01,150
46,2024-10-01,150
46,2024-11-01,150
46,2024-12-01,150
46,2025-01-01,150
46,2025-02-01,150
46,2025-03-01,150
46,2025-04-01,150
46,2025-05-01,150
46,2025-06-01,150
46,2025-07-01,150
46,2025-08-01,150
46,2025-09-01,150
46,2025-10-01,150
46,2025-11-01,150
46,2025-12-01,150
47,2024-03-01,800
47,2024-04-01,800
47,2024-05-01,800
47,2024-06-01,800
47,2024-07-01,800
47,2024-08-01,800
47,2024-09-01,800
47,2024-10-01,800
47,2024-11-01,800
47,2024-12-01,800
47,2025-01-01,800
47,2025-02-01,800
47,2025-03-01,800
47,2025-04-01,800
47,2025-05-01,800
47,2025-06-01,800
47,2025-07-01,800
47,2025-08-01,800
47,2025-09-01,800
47,2025-10-01,800
47,2025-11-01,800
47,2025-12-01,800
48,2025-07-01,150
48,2025-08-01,150
48,2025-09-01,150
48,2025-10-01,150
48,2025-11-01,150
48,2025-12-01,150
49,2025-11-01,150
49,2025-12-01,150
50,2024-06-01,150
50,2024-07-01,150
50,2024-08-01,150
50,2024-09-01,150
50,2024-10-01,150
50,2024-11-01,150
50,2024-12-01,150
50,2025-01-01,150
50,2025-02-01,150
50,2025-03-01,150
50,2025-04-01,150
51,2024-04-01,150
51,2024-05-01,150
51,2024-06-01,150
51,2024-07-01,150
51,2024-08-01,150
51,2024-09-01,150
51,2024-10-01,150
51,2024-11-01,150
51,2024-12-01,150
51,2025-01-01,150
51,2025-02-01,150
51,2025-03-01,150
51,2025-04-01,150
51,2025-05-01,150
51,2025-06-01,150
51,2025-07-01,150
51,2025-08-01,150
51,2025-09-01,150
51,2025-10-01,150
51,2025-11-01,150
51,2025-12-01,150
52,2025-10-01,350
52,2025-11-01,350
52,2025-12-01,350
53,2024-05-01,150
53,2024-06-01,150
53,2024-07-01,150
53,2024-08-01,150
53,2024-09-01,150
53,2024-10-01,150
53,2024-11-01,150
53,2024-12-01,150
53,2025-01-01,150
53,2025-02-01,150
53,2025-03-01,150
53,2025-04-01,150
53,2025-05-01,150
53,2025-06-01,150
53,2025-07-01,150
53,2025-08-01,150
53,2025-09-01,150
53,2025-10-01,150
53,2025-11-01,150
53,2025-12-01,150
54,2024-02-01,150
54,2024-03-01,150
54,2024-04-01,150
54,2024-05-01,150
54,2024-06-01,150
54,2024-07-01,150
54,2024-08-01,150
54,2024-09-01,150
54,2024-10-01,150
54,2024-11-01,150
54,2024-12-01,150
54,2025-01-01,150
54,2025-02-01,150
54,2025-03-01,150
54,2025-04-01,150
54,2025-05-01,150
54,2025-06-01,150
54,2025-07-01,150
54,2025-08-01,150
54,2025-09-01,150
54,2025-10-01,150
54,2025-11-01,150
54,2025-12-01,150
55,2025-05-01,350
55,2025-06-01,350
55,2025-07-01,350
55,2025-08-01,350
55,2025-09-01,350
55,2025-10-01,350
55,2025-11-01,350
55,2025-12-01,350
56,2025-05-01,350
56,2025-06-01,350
56,2025-07-01,350
56,2025-08-01,350
56,2025-09-01,350
56,2025-10-01,350
56,2025-11-01,350
56,2025-12-01,350
57,2025-06-01,150
57,2025-07-01,150
57,2025-08-01,150
57,2025-09-01,150
57,2025-10-01,150
57,2025-11-01,150
57,2025-12-01,150
58,2025-06-01,350
58,2025-07-01,350
58,2025-08-01,350
58,2025-09-01,350
58,2025-10-01,350
58,2025-11-01,350
58,2025-12-01,350
59,2025-11-01,150
59,2025-12-01,150
60,2024-02-01,150
60,2024-03-01,150
60,2024-04-01,150
60,2024-05-01,150
60,2024-06-01,150
60,2024-07-01,150
60,2024-08-01,150
60,2024-09-01,150
60,2024-10-01,150
60,2024-11-01,150
60,2024-12-01,150
60,2025-01-01,150
60,2025-02-01,150
60,2025-03-01,150
60,2025-04-01,150
60,2025-05-01,150
60,2025-06-01,150
60,2025-07-01,150
60,2025-08-01,150
60,2025-09-01,150
60,2025-10-01,150
60,2025-11-01,150
60,2025-12-01,150
61,2024-04-01,350
61,2024-05-01,350
61,2024-06-01,350
61,2024-07-01,350
61,2024-08-01,350
61,2024-09-01,350
61,2024-10-01,350
61,2024-11-01,350
61,2024-12-01,350
61,2025-01-01,350
61,2025-02-01,350
61,2025-03-01,350
61,2025-04-01,350
61,2025-05-01,350
61,2025-06-01,350
61,2025-07-01,350
61,2025-08-01,350
61,2025-09-01,350
61,2025-10-01,350
61,2025-11-01,350
61,2025-12-01,350
62,2025-11-01,150
62,2025-12-01,150
63,2025-01-01,800
63,2025-02-01,800
63,2025-03-01,800
63,2025-04-01,800
63,2025-05-01,800
63,2025-06-01,800
63,2025-07-01,800
63,2025-08-01,800
63,2025-09-01,800
63,2025-10-01,800
63,2025-11-01,800
63,2025-12-01,800
64,2025-03-01,350
64,2025-04-01,350
64,2025-05-01,350
64,2025-06-01,350
64,2025-07-01,350
64,2025-08-01,350
64,2025-09-01,350
64,2025-10-01,350
64,2025-11-01,350
64,2025-12-01,350
65,2024-11-01,150
65,2024-12-01,150
65,2025-01-01,150
65,2025-02-01,150
65,2025-03-01,150
65,2025-04-01,150
65,2025-05-01,150
65,2025-06-01,150
65,2025-07-01,150
65,2025-08-01,150
65,2025-09-01,150
65,2025-10-01,150
65,2025-11-01,150
65,2025-12-01,150
66,2024-11-01,150
66,2024-12-01,150
66,2025-01-01,150
66,2025-02-01,150
66,2025-03-01,150
66,2025-04-01,150
66,2025-05-01,150
66,2025-06-01,150
66,2025-07-01,150
66,2025-08-01,150
66,2025-09-01,150
66,2025-10-01,150
66,2025-11-01,150
66,2025-12-01,150
67,2025-09-01,350
67,2025-10-01,350
67,2025-11-01,350
67,2025-12-01,350
68,2024-06-01,150
68,2024-07-01,150
68,2024-08-01,150
68,2024-09-01,150
68,2024-10-01,150
68,2024-11-01,150
68,2024-12-01,150
68,2025-01-01,150
68,2025-02-01,150
68,2025-03-01,150
68,2025-04-01,150
68,2025-05-01,150
68,2025-06-01,150
68,2025-07-01,150
68,2025-08-01,150
68,2025-09-01,150
68,2025-10-01,150
68,2025-11-01,150
68,2025-12-01,150
69,2024-03-01,150
69,2024-04-01,150
69,2024-05-01,150
69,2024-06-01,150
69,2024-07-01,150
69,2024-08-01,150
69,2024-09-01,150
69,2024-10-01,150
69,2024-11-01,150
69,2024-12-01,150
69,2025-01-01,150
69,2025-02-01,150
69,2025-03-01,150
69,2025-04-01,150
69,2025-05-01,150
69,2025-06-01,150
69,2025-07-01,150
69,2025-08-01,150
69,2025-09-01,150
69,2025-10-01,150
69,2025-11-01,150
69,2025-12-01,150
70,2024-04-01,350
70,2024-05-01,350
70,2024-06-01,350
70,2024-07-01,350
70,2024-08-01,350
70,2024-09-01,350
70,2024-10-01,350
70,2024-11-01,350
70,2024-12-01,350
70,2025-01-01,350
70,2025-02-01,350
70,2025-03-01,350
70,2025-04-01,350
70,2025-05-01,350
70,2025-06-01,350
70,2025-07-01,350
70,2025-08-01,350
70,2025-09-01,350
70,2025-10-01,350
70,2025-11-01,350
70,2025-12-01,350
71,2024-04-01,150
71,2024-05-01,150
71,2024-06-01,150
71,2024-07-01,150
71,2024-08-01,150
71,2024-09-01,150
71,2024-10-01,150
71,2024-11-01,150
71,2024-12-01,150
71,2025-01-01,150
71,2025-02-01,150
71,2025-03-01,150
71,2025-04-01,150
71,2025-05-01,150
71,2025-06-01,150
71,2025-07-01,150
71,2025-08-01,150
71,2025-09-01,150
71,2025-10-01,150
71,2025-11-01,150
71,2025-12-01,150
72,2024-07-01,150
72,2024-08-01,150
72,2024-09-01,150
72,2024-10-01,150
72,2024-11-01,150
72,2024-12-01,150
72,2025-01-01,150
72,2025-02-01,150
72,2025-03-01,150
72,2025-04-01,150
72,2025-05-01,150
72,2025-06-01,150
72,2025-07-01,150
72,2025-08-01,150
72,2025-09-01,150
72,2025-10-01,150
72,2025-11-01,150
72,2025-12-01,150
73,2024-04-01,150
73,2024-05-01,150
73,2024-06-01,150
73,2024-07-01,150
73,2024-08-01,150
73,2024-09-01,150
73,2024-10-01,150
73,2024-11-01,150
73,2024-12-01,150
73,2025-01-01,150
73,2025-02-01,150
73,2025-03-01,150
73,2025-04-01,150
73,2025-05-01,150
73,2025-06-01,150
73,2025-07-01,150
73,2025-08-01,150
73,2025-09-01,150
73,2025-10-01,150
73,2025-11-01,150
73,2025-12-01,150
74,2024-01-01,150
74,2024-02-01,150
74,2024-03-01,150
74,2024-04-01,150
74,2024-05-01,150
74,2024-06-01,150
74,2024-07-01,150
74,2024-08-01,150
74,2024-09-01,150
74,2024-10-01,150
74,2024-11-01,150
74,2024-12-01,150
74,2025-01-01,150
74,2025-02-01,150
74,2025-03-01,150
74,2025-04-01,150
74,2025-05-01,150
74,2025-06-01,150
74,2025-07-01,150
74,2025-08-01,150
74,2025-09-01,150
74,2025-10-01,150
74,2025-11-01,150
74,2025-12-01,150
75,2024-02-01,150
75,2024-03-01,150
75,2024-04-01,150
75,2024-05-01,150
75,2024-06-01,150
75,2024-07-01,150
75,2024-08-01,150
75,2024-09-01,150
75,2024-10-01,150
75,2024-11-01,150
75,2024-12-01,150
75,2025-01-01,150
75,2025-02-01,150
75,2025-03-01,150
75,2025-04-01,150
75,2025-05-01,150
75,2025-06-01,150
75,2025-07-01,150
75,2025-08-01,150
75,2025-09-01,150
75,2025-10-01,150
75,2025-11-01,150
75,2025-12-01,150
76,2025-05-01,150
76,2025-06-01,150
76,2025-07-01,150
76,2025-08-01,150
76,2025-09-01,150
76,2025-10-01,150
76,2025-11-01,150
76,2025-12-01,150
77,2025-01-01,150
77,2025-02-01,150
77,2025-03-01,150
77,2025-04-01,150
77,2025-05-01,150
77,2025-06-01,150
77,2025-07-01,150
77,2025-08-01,150
77,2025-09-01,150
77,2025-10-01,150
77,2025-11-01,150
77,2025-12-01,150
78,2025-10-01,150
78,2025-11-01,150
78,2025-12-01,150
79,2025-09-01,150
79,2025-10-01,150
79,2025-11-01,150
79,2025-12-01,150
80,2024-02-01,350
81,2025-11-01,800
81,2025-12-01,800
82,2024-03-01,800
83,2024-04-01,350
83,2024-05-01,350
83,2024-06-01,350
83,2024-07-01,350
83,2024-08-01,350
83,2024-09-01,350
83,2024-10-01,350
83,2024-11-01,350
83,2024-12-01,350
83,2025-01-01,350
83,2025-02-01,350
83,2025-03-01,350
83,2025-04-01,350
83,2025-05-01,350
83,2025-06-01,350
83,2025-07-01,350
83,2025-08-01,350
83,2025-09-01,350
83,2025-10-01,350
83,2025-11-01,350
83,2025-12-01,350
84,2024-12-01,350
84,2025-01-01,350
84,2025-02-01,350
84,2025-03-01,350
84,2025-04-01,350
84,2025-05-01,350
84,2025-06-01,350
84,2025-07-01,350
84,2025-08-01,350
84,2025-09-01,350
84,2025-10-01,350
84,2025-11-01,350
85,2025-04-01,150
85,2025-05-01,150
85,2025-06-01,150
85,2025-07-01,150
85,2025-08-01,150
85,2025-09-01,150
85,2025-10-01,150
85,2025-11-01,150
85,2025-12-01,150
86,2024-07-01,350
86,2024-08-01,350
86,2024-09-01,350
86,2024-10-01,350
86,2024-11-01,350
86,2024-12-01,350
86,2025-01-01,350
86,2025-02-01,350
86,2025-03-01,350
86,2025-04-01,350
86,2025-05-01,350
86,2025-06-01,350
86,2025-07-01,350
86,2025-08-01,350
86,2025-09-01,350
86,2025-10-01,350
86,2025-11-01,350
86,2025-12-01,350
87,2024-04-01,150
87,2024-05-01,150
87,2024-06-01,150
87,2024-07-01,150
87,2024-08-01,150
87,2024-09-01,150
87,2024-10-01,150
87,2024-11-01,150
87,2024-12-01,150
87,2025-01-01,150
87,2025-02-01,150
87,2025-03-01,150
87,2025-04-01,150
87,2025-05-01,150
87,2025-06-01,150
87,2025-07-01,150
87,2025-08-01,150
87,2025-09-01,150
87,2025-10-01,150
87,2025-11-01,150
87,2025-12-01,150
88,2025-01-01,350
88,2025-02-01,350
88,2025-03-01,350
88,2025-04-01,350
88,2025-05-01,350
88,2025-06-01,350
88,2025-07-01,350
88,2025-08-01,350
88,2025-09-01,350
88,2025-10-01,350
88,2025-11-01,350
88,2025-12-01,350
89,2024-10-01,350
89,2024-11-01,350
89,2024-12-01,350
89,2025-01-01,350
89,2025-02-01,350
89,2025-03-01,350
89,2025-04-01,350
89,2025-05-01,350
89,2025-06-01,350
89,2025-07-01,350
89,2025-08-01,350
89,2025-09-01,350
89,2025-10-01,350
89,2025-11-01,350
89,2025-12-01,350
90,2025-05-01,350
90,2025-06-01,350
90,2025-07-01,350
91,2024-08-01,150
91,2024-09-01,150
92,2025-11-01,350
92,2025-12-01,350
93,2025-01-01,350
93,2025-02-01,350
93,2025-03-01,350
93,2025-04-01,350
93,2025-05-01,350
93,2025-06-01,350
93,2025-07-01,350
93,2025-08-01,350
93,2025-09-01,350
93,2025-10-01,350
93,2025-11-01,350
93,2025-12-01,350
94,2025-04-01,150
94,2025-05-01,150
94,2025-06-01,150
94,2025-07-01,150
94,2025-08-01,150
94,2025-09-01,150
94,2025-10-01,150
94,2025-11-01,150
94,2025-12-01,150
95,2024-07-01,350
95,2024-08-01,350
95,2024-09-01,350
95,2024-10-01,350
95,2024-11-01,350
95,2024-12-01,350
95,2025-01-01,350
95,2025-02-01,350
95,2025-03-01,350
95,2025-04-01,350
95,2025-05-01,350
95,2025-06-01,350
95,2025-07-01,350
95,2025-08-01,350
95,2025-09-01,350
95,2025-10-01,350
95,2025-11-01,350
95,2025-12-01,350
96,2025-07-01,800
96,2025-08-01,800
96,2025-09-01,800
97,2025-05-01,350
97,2025-06-01,350
97,2025-07-01,350
97,2025-08-01,350
97,2025-09-01,350
97,2025-10-01,350
97,2025-11-01,350
97,2025-12-01,350
98,2024-03-01,150
98,2024-04-01,150
98,2024-05-01,150
98,2024-06-01,150
98,2024-07-01,150
98,2024-08-01,150
98,2024-09-01,150
98,2024-10-01,150
98,2024-11-01,150
98,2024-12-01,150
98,2025-01-01,150
98,2025-02-01,150
98,2025-03-01,150
98,2025-04-01,150
98,2025-05-01,150
98,2025-06-01,150
98,2025-07-01,150
98,2025-08-01,150
98,2025-09-01,150
98,2025-10-01,150
98,2025-11-01,150
98,2025-12-01,150
99,2025-06-01,350
99,2025-07-01,350
99,2025-08-01,350
99,2025-09-01,350
99,2025-10-01,350
99,2025-11-01,350
99,2025-12-01,350
100,2025-12-01,350
101,2024-07-01,150
101,2024-08-01,150
101,2024-09-01,150
101,2024-10-01,150
101,2024-11-01,150
101,2024-12-01,150
101,2025-01-01,150
101,2025-02-01,150
101,2025-03-01,150
101,2025-04-01,150
101,2025-05-01,150
101,2025-06-01,150
102,2025-03-01,150
102,2025-04-01,150
102,2025-05-01,150
102,2025-06-01,150
102,2025-07-01,150
102,2025-08-01,150
102,2025-09-01,150
102,2025-10-01,150
102,2025-11-01,150
102,2025-12-01,150
103,2025-11-01,150
103,2025-12-01,150
104,2024-03-01,150
104,2024-04-01,150
104,2024-05-01,150
104,2024-06-01,150
104,2024-07-01,150
104,2024-08-01,150
104,2024-09-01,150
104,2024-10-01,150
104,2024-11-01,150
104,2024-12-01,150
104,2025-01-01,150
104,2025-02-01,150
104,2025-03-01,150
104,2025-04-01,150
104,2025-05-01,150
104,2025-06-01,150
104,2025-07-01,150
104,2025-08-01,150
104,2025-09-01,150
104,2025-10-01,150
104,2025-11-01,150
104,2025-12-01,150
105,2024-04-01,150
105,2024-05-01,150
105,2024-06-01,150
105,2024-07-01,150
105,2024-08-01,150
105,2024-09-01,150
105,2024-10-01,150
105,2024-11-01,150
105,2024-12-01,150
105,2025-01-01,150
105,2025-02-01,150
105,2025-03-01,150
105,2025-04-01,150
105,2025-05-01,150
105,2025-06-01,150
105,2025-07-01,150
105,2025-08-01,150
105,2025-09-01,150
105,2025-10-01,150
106,2025-04-01,150
106,2025-05-01,150
106,2025-06-01,150
106,2025-07-01,150
106,2025-08-01,150
106,2025-09-01,150
106,2025-10-01,150
106,2025-11-01,150
106,2025-12-01,150
107,2024-11-01,150
107,2024-12-01,150
107,2025-01-01,150
107,2025-02-01,150
107,2025-03-01,150
107,2025-04-01,150
107,2025-05-01,150
107,2025-06-01,150
107,2025-07-01,150
107,2025-08-01,150
107,2025-09-01,150
107,2025-10-01,150
107,2025-11-01,150
107,2025-12-01,150
108,2025-07-01,800
108,2025-08-01,800
108,2025-09-01,800
108,2025-10-01,800
108,2025-11-01,800
108,2025-12-01,800
109,2025-07-01,150
109,2025-08-01,150
109,2025-09-01,150
109,2025-10-01,150
109,2025-11-01,150
109,2025-12-01,150
110,2024-04-01,150
111,2025-11-01,150
111,2025-12-01,150
112,2024-11-01,150
112,2024-12-01,150
112,2025-01-01,150
112,2025-02-01,150
112,2025-03-01,150
112,2025-04-01,150
112,2025-05-01,150
112,2025-06-01,150
112,2025-07-01,150
112,2025-08-01,150
112,2025-09-01,150
112,2025-10-01,150
112,2025-11-01,150
112,2025-12-01,150
113,2025-11-01,350
113,2025-12-01,350
114,2025-07-01,150
114,2025-08-01,150
114,2025-09-01,150
115,2024-10-01,150
115,2024-11-01,150
115,2024-12-01,150
115,2025-01-01,150
115,2025-02-01,150
115,2025-03-01,150
115,2025-04-01,150
115,2025-05-01,150
115,2025-06-01,150
115,2025-07-01,150
115,2025-08-01,150
115,2025-09-01,150
115,2025-10-01,150
115,2025-11-01,150
115,2025-12-01,150
116,2025-12-01,150
117,2025-12-01,800
118,2025-04-01,350
118,2025-05-01,350
118,2025-06-01,350
118,2025-07-01,350
119,2025-03-01,350
119,2025-04-01,350
119,2025-05-01,350
119,2025-06-01,350
119,2025-07-01,350
119,2025-08-01,350
119,2025-09-01,350
119,2025-10-01,350
120,2024-01-01,350
120,2024-02-01,350
120,2024-03-01,350
120,2024-04-01,350
120,2024-05-01,350
120,2024-06-01,350
120,2024-07-01,350
120,2024-08-01,350
120,2024-09-01,350
120,2024-10-01,350
120,2024-11-01,350
120,2024-12-01,350
120,2025-01-01,350
120,2025-02-01,350
120,2025-03-01,350
120,2025-04-01,350
120,2025-05-01,350
120,2025-06-01,350
120,2025-07-01,350
120,2025-08-01,350
120,2025-09-01,350
120,2025-10-01,350
120,2025-11-01,350
120,2025-12-01,350
121,2024-12-01,350
121,2025-01-01,350
121,2025-02-01,350
121,2025-03-01,350
121,2025-04-01,350
121,2025-05-01,350
121,2025-06-01,350
122,2024-08-01,150
122,2024-09-01,150
122,2024-10-01,150
122,2024-11-01,150
122,2024-12-01,150
122,2025-01-01,150
122,2025-02-01,150
122,2025-03-01,150
122,2025-04-01,150
122,2025-05-01,150
122,2025-06-01,150
122,2025-07-01,150
122,2025-08-01,150
122,2025-09-01,150
122,2025-10-01,150
122,2025-11-01,150
122,2025-12-01,150
123,2025-08-01,800
123,2025-09-01,800
123,2025-10-01,800
124,2024-03-01,350
124,2024-04-01,350
124,2024-05-01,350
124,2024-06-01,350
124,2024-07-01,350
124,2024-08-01,350
124,2024-09-01,350
124,2024-10-01,350
124,2024-11-01,350
124,2024-12-01,350
124,2025-01-01,350
124,2025-02-01,350
124,2025-03-01,350
124,2025-04-01,350
124,2025-05-01,350
124,2025-06-01,350
124,2025-07-01,350
124,2025-08-01,350
124,2025-09-01,350
124,2025-10-01,350
124,2025-11-01,350
124,2025-12-01,350
125,2025-10-01,350
125,2025-11-01,350
125,2025-12-01,350
126,2024-03-01,800
126,2024-04-01,800
126,2024-05-01,800
126,2024-06-01,800
126,2024-07-01,800
126,2024-08-01,800
126,2024-09-01,800
126,2024-10-01,800
126,2024-11-01,800
126,2024-12-01,800
126,2025-01-01,800
126,2025-02-01,800
126,2025-03-01,800
126,2025-04-01,800
126,2025-05-01,800
126,2025-06-01,800
126,2025-07-01,800
126,2025-08-01,800
126,2025-09-01,800
126,2025-10-01,800
126,2025-11-01,800
126,2025-12-01,800
127,2024-03-01,150
127,2024-04-01,150
127,2024-05-01,150
127,2024-06-01,150
127,2024-07-01,150
127,2024-08-01,150
127,2024-09-01,150
127,2024-10-01,150
127,2024-11-01,150
127,2024-12-01,150
127,2025-01-01,150
127,2025-02-01,150
127,2025-03-01,150
127,2025-04-01,150
127,2025-05-01,150
127,2025-06-01,150
127,2025-07-01,150
127,2025-08-01,150
127,2025-09-01,150
127,2025-10-01,150
127,2025-11-01,150
127,2025-12-01,150
128,2024-06-01,150
128,2024-07-01,150
129,2024-04-01,150
129,2024-05-01,150
129,2024-06-01,150
129,2024-07-01,150
129,2024-08-01,150
129,2024-09-01,150
129,2024-10-01,150
129,2024-11-01,150
129,2024-12-01,150
130,2025-11-01,150
130,2025-12-01,150
131,2024-02-01,150
131,2024-03-01,150
131,2024-04-01,150
131,2024-05-01,150
131,2024-06-01,150
131,2024-07-01,150
132,2025-10-01,350
132,2025-11-01,350
132,2025-12-01,350
133,2024-05-01,150
133,2024-06-01,150
133,2024-07-01,150
133,2024-08-01,150
133,2024-09-01,150
133,2024-10-01,150
133,2024-11-01,150
133,2024-12-01,150
133,2025-01-01,150
133,2025-02-01,150
133,2025-03-01,150
133,2025-04-01,150
133,2025-05-01,150
133,2025-06-01,150
133,2025-07-01,150
133,2025-08-01,150
134,2025-03-01,800
134,2025-04-01,800
134,2025-05-01,800
134,2025-06-01,800
134,2025-07-01,800
134,2025-08-01,800
134,2025-09-01,800
134,2025-10-01,800
134,2025-11-01,800
134,2025-12-01,800
135,2025-09-01,150
135,2025-10-01,150
135,2025-11-01,150
135,2025-12-01,150
136,2024-05-01,350
136,2024-06-01,350
136,2024-07-01,350
136,2024-08-01,350
136,2024-09-01,350
136,2024-10-01,350
136,2024-11-01,350
136,2024-12-01,350
136,2025-01-01,350
136,2025-02-01,350
136,2025-03-01,350
136,2025-04-01,350
136,2025-05-01,350
136,2025-06-01,350
136,2025-07-01,350
136,2025-08-01,350
136,2025-09-01,350
136,2025-10-01,350
136,2025-11-01,350
136,2025-12-01,350
137,2024-05-01,150
137,2024-06-01,150
137,2024-07-01,150
137,2024-08-01,150
137,2024-09-01,150
137,2024-10-01,150
137,2024-11-01,150
137,2024-12-01,150
137,2025-01-01,150
137,2025-02-01,150
137,2025-03-01,150
137,2025-04-01,150
137,2025-05-01,150
137,2025-06-01,150
137,2025-07-01,150
137,2025-08-01,150
137,2025-09-01,150
137,2025-10-01,150
137,2025-11-01,150
137,2025-12-01,150
138,2025-03-01,150
138,2025-04-01,150
138,2025-05-01,150
138,2025-06-01,150
138,2025-07-01,150
138,2025-08-01,150
138,2025-09-01,150
138,2025-10-01,150
138,2025-11-01,150
138,2025-12-01,150
139,2024-02-01,350
139,2024-03-01,350
139,2024-04-01,350
139,2024-05-01,350
139,2024-06-01,350
139,2024-07-01,350
139,2024-08-01,350
139,2024-09-01,350
140,2025-06-01,350
140,2025-07-01,350
140,2025-08-01,350
140,2025-09-01,350
140,2025-10-01,350
140,2025-11-01,350
140,2025-12-01,350
141,2025-08-01,150
141,2025-09-01,150
141,2025-10-01,150
141,2025-11-01,150
141,2025-12-01,150
142,2025-12-01,150
143,2025-05-01,150
143,2025-06-01,150
143,2025-07-01,150
143,2025-08-01,150
143,2025-09-01,150
143,2025-10-01,150
143,2025-11-01,150
143,2025-12-01,150
144,2025-12-01,150
145,2024-11-01,800
145,2024-12-01,800
145,2025-01-01,800
145,2025-02-01,800
145,2025-03-01,800
145,2025-04-01,800
145,2025-05-01,800
145,2025-06-01,800
145,2025-07-01,800
145,2025-08-01,800
145,2025-09-01,800
145,2025-10-01,800
145,2025-11-01,800
145,2025-12-01,800
146,2024-04-01,150
147,2024-07-01,350
147,2024-08-01,350
147,2024-09-01,350
147,2024-10-01,350
147,2024-11-01,350
147,2024-12-01,350
147,2025-01-01,350
147,2025-02-01,350
147,2025-03-01,350
147,2025-04-01,350
147,2025-05-01,350
147,2025-06-01,350
147,2025-07-01,350
147,2025-08-01,350
147,2025-09-01,350
147,2025-10-01,350
147,2025-11-01,350
147,2025-12-01,350
148,2024-08-01,350
148,2024-09-01,350
148,2024-10-01,350
148,2024-11-01,350
148,2024-12-01,350
148,2025-01-01,350
148,2025-02-01,350
148,2025-03-01,350
148,2025-04-01,350
148,2025-05-01,350
148,2025-06-01,350
148,2025-07-01,350
148,2025-08-01,350
148,2025-09-01,350
148,2025-10-01,350
148,2025-11-01,350
148,2025-12-01,350
149,2025-03-01,150
149,2025-04-01,150
149,2025-05-01,150
149,2025-06-01,150
149,2025-07-01,150
149,2025-08-01,150
149,2025-09-01,150
149,2025-10-01,150
149,2025-11-01,150
149,2025-12-01,150
150,2024-11-01,150
150,2024-12-01,150
150,2025-01-01,150
150,2025-02-01,150
150,2025-03-01,150
150,2025-04-01,150
150,2025-05-01,150
150,2025-06-01,150
150,2025-07-01,150
150,2025-08-01,150
150,2025-09-01,150
150,2025-10-01,150
150,2025-11-01,150
150,2025-12-01,150
151,2024-11-01,150
151,2024-12-01,150
151,2025-01-01,150
151,2025-02-01,150
151,2025-03-01,150
151,2025-04-01,150
151,2025-05-01,150
151,2025-06-01,150
151,2025-07-01,150
151,2025-08-01,150
151,2025-09-01,150
151,2025-10-01,150
151,2025-11-01,150
151,2025-12-01,150
152,2024-06-01,350
152,2024-07-01,350
152,2024-08-01,350
152,2024-09-01,350
152,2024-10-01,350
152,2024-11-01,350
152,2024-12-01,350
152,2025-01-01,350
152,2025-02-01,350
152,2025-03-01,350
152,2025-04-01,350
152,2025-05-01,350
152,2025-06-01,350
152,2025-07-01,350
152,2025-08-01,350
152,2025-09-01,350
152,2025-10-01,350
152,2025-11-01,350
152,2025-12-01,350
153,2024-06-01,350
153,2024-07-01,350
153,2024-08-01,350
153,2024-09-01,350
153,2024-10-01,350
153,2024-11-01,350
153,2024-12-01,350
153,2025-01-01,350
153,2025-02-01,350
153,2025-03-01,350
153,2025-04-01,350
153,2025-05-01,350
153,2025-06-01,350
153,2025-07-01,350
153,2025-08-01,350
153,2025-09-01,350
153,2025-10-01,350
153,2025-11-01,350
153,2025-12-01,350
154,2025-04-01,150
154,2025-05-01,150
154,2025-06-01,150
154,2025-07-01,150
154,2025-08-01,150
154,2025-09-01,150
154,2025-10-01,150
154,2025-11-01,150
154,2025-12-01,150
155,2024-08-01,350
155,2024-09-01,350
155,2024-10-01,350
155,2024-11-01,350
155,2024-12-01,350
155,2025-01-01,350
155,2025-02-01,350
155,2025-03-01,350
155,2025-04-01,350
155,2025-05-01,350
155,2025-06-01,350
155,2025-07-01,350
155,2025-08-01,350
155,2025-09-01,350
155,2025-10-01,350
155,2025-11-01,350
155,2025-12-01,350
156,2025-10-01,150
156,2025-11-01,150
156,2025-12-01,150
157,2025-01-01,800
157,2025-02-01,800
157,2025-03-01,800
157,2025-04-01,800
157,2025-05-01,800
157,2025-06-01,800
157,2025-07-01,800
157,2025-08-01,800
157,2025-09-01,800
157,2025-10-01,800
157,2025-11-01,800
157,2025-12-01,800
158,2025-02-01,150
158,2025-03-01,150
158,2025-04-01,150
158,2025-05-01,150
158,2025-06-01,150
158,2025-07-01,150
158,2025-08-01,150
158,2025-09-01,150
158,2025-10-01,150
158,2025-11-01,150
158,2025-12-01,150
159,2025-01-01,150
159,2025-02-01,150
159,2025-03-01,150
159,2025-04-01,150
159,2025-05-01,150
159,2025-06-01,150
159,2025-07-01,150
159,2025-08-01,150
160,2024-03-01,150
160,2024-04-01,150
160,2024-05-01,150
160,2024-06-01,150
160,2024-07-01,150
160,2024-08-01,150
160,2024-09-01,150
160,2024-10-01,150
160,2024-11-01,150
160,2024-12-01,150
160,2025-01-01,150
160,2025-02-01,150
160,2025-03-01,150
160,2025-04-01,150
160,2025-05-01,150
160,2025-06-01,150
160,2025-07-01,150
160,2025-08-01,150
160,2025-09-01,150
160,2025-10-01,150
160,2025-11-01,150
160,2025-12-01,150
161,2025-09-01,350
161,2025-10-01,350
162,2024-02-01,150
162,2024-03-01,150
162,2024-04-01,150
162,2024-05-01,150
162,2024-06-01,150
162,2024-07-01,150
162,2024-08-01,150
162,2024-09-01,150
162,2024-10-01,150
162,2024-11-01,150
162,2024-12-01,150
162,2025-01-01,150
162,2025-02-01,150
162,2025-03-01,150
162,2025-04-01,150
162,2025-05-01,150
162,2025-06-01,150
162,2025-07-01,150
162,2025-08-01,150
162,2025-09-01,150
162,2025-10-01,150
163,2024-08-01,150
163,2024-09-01,150
163,2024-10-01,150
163,2024-11-01,150
163,2024-12-01,150
163,2025-01-01,150
163,2025-02-01,150
163,2025-03-01,150
163,2025-04-01,150
163,2025-05-01,150
163,2025-06-01,150
163,2025-07-01,150
163,2025-08-01,150
163,2025-09-01,150
163,2025-10-01,150
163,2025-11-01,150
163,2025-12-01,150
164,2024-02-01,350
164,2024-03-01,350
164,2024-04-01,350
164,2024-05-01,350
164,2024-06-01,350
164,2024-07-01,350
164,2024-08-01,350
164,2024-09-01,350
164,2024-10-01,350
164,2024-11-01,350
164,2024-12-01,350
164,2025-01-01,350
164,2025-02-01,350
164,2025-03-01,350
164,2025-04-01,350
164,2025-05-01,350
164,2025-06-01,350
164,2025-07-01,350
164,2025-08-01,350
164,2025-09-01,350
164,2025-10-01,350
164,2025-11-01,350
164,2025-12-01,350
165,2024-04-01,350
165,2024-05-01,350
165,2024-06-01,350
165,2024-07-01,350
165,2024-08-01,350
165,2024-09-01,350
165,2024-10-01,350
165,2024-11-01,350
165,2024-12-01,350
165,2025-01-01,350
165,2025-02-01,350
165,2025-03-01,350
165,2025-04-01,350
165,2025-05-01,350
165,2025-06-01,350
165,2025-07-01,350
165,2025-08-01,350
165,2025-09-01,350
165,2025-10-01,350
165,2025-11-01,350
165,2025-12-01,350
166,2024-03-01,150
166,2024-04-01,150
166,2024-05-01,150
166,2024-06-01,150
166,2024-07-01,150
166,2024-08-01,150
166,2024-09-01,150
166,2024-10-01,150
166,2024-11-01,150
166,2024-12-01,150
166,2025-01-01,150
166,2025-02-01,150
166,2025-03-01,150
166,2025-04-01,150
166,2025-05-01,150
166,2025-06-01,150
166,2025-07-01,150
166,2025-08-01,150
166,2025-09-01,150
166,2025-10-01,150
166,2025-11-01,150
166,2025-12-01,150
167,2024-09-01,150
167,2024-10-01,150
167,2024-11-01,150
167,2024-12-01,150
167,2025-01-01,150
167,2025-02-01,150
167,2025-03-01,150
167,2025-04-01,150
167,2025-05-01,150
167,2025-06-01,150
167,2025-07-01,150
167,2025-08-01,150
167,2025-09-01,150
167,2025-10-01,150
167,2025-11-01,150
167,2025-12-01,150
168,2024-10-01,150
168,2024-11-01,150
168,2024-12-01,150
168,2025-01-01,150
168,2025-02-01,150
168,2025-03-01,150
168,2025-04-01,150
168,2025-05-01,150
168,2025-06-01,150
168,2025-07-01,150
168,2025-08-01,150
168,2025-09-01,150
168,2025-10-01,150
168,2025-11-01,150
168,2025-12-01,150
169,2024-01-01,150
169,2024-02-01,150
169,2024-03-01,150
169,2024-04-01,150
169,2024-05-01,150
169,2024-06-01,150
169,2024-07-01,150
169,2024-08-01,150
169,2024-09-01,150
170,2024-04-01,350
170,2024-05-01,350
170,2024-06-01,350
170,2024-07-01,350
170,2024-08-01,350
170,2024-09-01,350
170,2024-10-01,350
170,2024-11-01,350
170,2024-12-01,350
170,2025-01-01,350
170,2025-02-01,350
170,2025-03-01,350
170,2025-04-01,350
170,2025-05-01,350
170,2025-06-01,350
170,2025-07-01,350
170,2025-08-01,350
170,2025-09-01,350
170,2025-10-01,350
170,2025-11-01,350
170,2025-12-01,350
171,2024-12-01,150
171,2025-01-01,150
171,2025-02-01,150
171,2025-03-01,150
171,2025-04-01,150
171,2025-05-01,150
171,2025-06-01,150
171,2025-07-01,150
171,2025-08-01,150
171,2025-09-01,150
171,2025-10-01,150
171,2025-11-01,150
171,2025-12-01,150
172,2024-05-01,150
172,2024-06-01,150
172,2024-07-01,150
172,2024-08-01,150
172,2024-09-01,150
172,2024-10-01,150
172,2024-11-01,150
172,2024-12-01,150
172,2025-01-01,150
172,2025-02-01,150
172,2025-03-01,150
172,2025-04-01,150
172,2025-05-01,150
172,2025-06-01,150
172,2025-07-01,150
172,2025-08-01,150
172,2025-09-01,150
172,2025-10-01,150
172,2025-11-01,150
172,2025-12-01,150
173,2024-06-01,800
173,2024-07-01,800
173,2024-08-01,800
173,2024-09-01,800
173,2024-10-01,800
173,2024-11-01,800
173,2024-12-01,800
173,2025-01-01,800
173,2025-02-01,800
173,2025-03-01,800
173,2025-04-01,800
173,2025-05-01,800
173,2025-06-01,800
173,2025-07-01,800
173,2025-08-01,800
173,2025-09-01,800
173,2025-10-01,800
173,2025-11-01,800
173,2025-12-01,800
174,2025-05-01,150
174,2025-06-01,150
174,2025-07-01,150
174,2025-08-01,150
174,2025-09-01,150
174,2025-10-01,150
174,2025-11-01,150
174,2025-12-01,150
175,2025-07-01,350
175,2025-08-01,350
175,2025-09-01,350
175,2025-10-01,350
175,2025-11-01,350
175,2025-12-01,350
176,2024-10-01,150
176,2024-11-01,150
176,2024-12-01,150
176,2025-01-01,150
176,2025-02-01,150
176,2025-03-01,150
176,2025-04-01,150
176,2025-05-01,150
176,2025-06-01,150
176,2025-07-01,150
176,2025-08-01,150
176,2025-09-01,150
176,2025-10-01,150
176,2025-11-01,150
176,2025-12-01,150
177,2024-09-01,150
177,2024-10-01,150
177,2024-11-01,150
177,2024-12-01,150
177,2025-01-01,150
177,2025-02-01,150
177,2025-03-01,150
177,2025-04-01,150
177,2025-05-01,150
177,2025-06-01,150
177,2025-07-01,150
177,2025-08-01,150
177,2025-09-01,150
177,2025-10-01,150
177,2025-11-01,150
177,2025-12-01,150
178,2025-07-01,150
178,2025-08-01,150
178,2025-09-01,150
178,2025-10-01,150
178,2025-11-01,150
178,2025-12-01,150
179,2025-10-01,350
179,2025-11-01,350
179,2025-12-01,350
180,2024-09-01,150
180,2024-10-01,150
180,2024-11-01,150
180,2024-12-01,150
180,2025-01-01,150
180,2025-02-01,150
180,2025-03-01,150
180,2025-04-01,150
180,2025-05-01,150
180,2025-06-01,150
180,2025-07-01,150
180,2025-08-01,150
181,2025-11-01,350
181,2025-12-01,350
182,2025-11-01,150
182,2025-12-01,150
183,2025-04-01,150
183,2025-05-01,150
183,2025-06-01,150
183,2025-07-01,150
183,2025-08-01,150
183,2025-09-01,150
183,2025-10-01,150
183,2025-11-01,150
183,2025-12-01,150
184,2025-04-01,150
184,2025-05-01,150
184,2025-06-01,150
184,2025-07-01,150
184,2025-08-01,150
184,2025-09-01,150
184,2025-10-01,150
184,2025-11-01,150
184,2025-12-01,150
185,2025-04-01,350
185,2025-05-01,350
185,2025-06-01,350
185,2025-07-01,350
185,2025-08-01,350
185,2025-09-01,350
185,2025-10-01,350
185,2025-11-01,350
185,2025-12-01,350
186,2025-07-01,350
186,2025-08-01,350
186,2025-09-01,350
186,2025-10-01,350
186,2025-11-01,350
186,2025-12-01,350
187,2025-07-01,150
187,2025-08-01,150
187,2025-09-01,150
187,2025-10-01,150
187,2025-11-01,150
187,2025-12-01,150
188,2025-10-01,350
188,2025-11-01,350
188,2025-12-01,350
189,2024-03-01,150
189,2024-04-01,150
189,2024-05-01,150
189,2024-06-01,150
189,2024-07-01,150
189,2024-08-01,150
189,2024-09-01,150
189,2024-10-01,150
189,2024-11-01,150
189,2024-12-01,150
189,2025-01-01,150
189,2025-02-01,150
189,2025-03-01,150
189,2025-04-01,150
189,2025-05-01,150
189,2025-06-01,150
189,2025-07-01,150
189,2025-08-01,150
190,2025-12-01,150
191,2025-06-01,150
191,2025-07-01,150
191,2025-08-01,150
191,2025-09-01,150
191,2025-10-01,150
191,2025-11-01,150
191,2025-12-01,150
192,2025-07-01,350
192,2025-08-01,350
192,2025-09-01,350
192,2025-10-01,350
192,2025-11-01,350
192,2025-12-01,350
193,2024-04-01,350
193,2024-05-01,350
193,2024-06-01,350
193,2024-07-01,350
193,2024-08-01,350
193,2024-09-01,350
193,2024-10-01,350
193,2024-11-01,350
193,2024-12-01,350
193,2025-01-01,350
193,2025-02-01,350
193,2025-03-01,350
193,2025-04-01,350
193,2025-05-01,350
193,2025-06-01,350
193,2025-07-01,350
193,2025-08-01,350
193,2025-09-01,350
193,2025-10-01,350
193,2025-11-01,350
193,2025-12-01,350
194,2025-12-01,350
195,2025-02-01,150
195,2025-03-01,150
195,2025-04-01,150
195,2025-05-01,150
195,2025-06-01,150
195,2025-07-01,150
195,2025-08-01,150
195,2025-09-01,150
195,2025-10-01,150
195,2025-11-01,150
195,2025-12-01,150
196,2025-11-01,150
196,2025-12-01,150
197,2025-09-01,150
197,2025-10-01,150
197,2025-11-01,150
197,2025-12-01,150
198,2024-02-01,350
198,2024-03-01,350
198,2024-04-01,350
198,2024-05-01,350
198,2024-06-01,350
198,2024-07-01,350
198,2024-08-01,350
198,2024-09-01,350
198,2024-10-01,350
198,2024-11-01,350
198,2024-12-01,350
198,2025-01-01,350
198,2025-02-01,350
198,2025-03-01,350
198,2025-04-01,350
198,2025-05-01,350
198,2025-06-01,350
198,2025-07-01,350
198,2025-08-01,350
198,2025-09-01,350
198,2025-10-01,350
198,2025-11-01,350
198,2025-12-01,350
199,2024-02-01,350
199,2024-03-01,350
199,2024-04-01,350
199,2024-05-01,350
199,2024-06-01,350
199,2024-07-01,350
199,2024-08-01,350
199,2024-09-01,350
199,2024-10-01,350
199,2024-11-01,350
199,2024-12-01,350
199,2025-01-01,350
199,2025-02-01,350
199,2025-03-01,350
199,2025-04-01,350
199,2025-05-01,350
199,2025-06-01,350
199,2025-07-01,350
199,2025-08-01,350
199,2025-09-01,350
199,2025-10-01,350
199,2025-11-01,350
199,2025-12-01,350
200,2025-05-01,150
200,2025-06-01,150
200,2025-07-01,150
200,2025-08-01,150
200,2025-09-01,150
200,2025-10-01,150
200,2025-11-01,150
200,2025-12-01,150
201,2025-08-01,150
201,2025-09-01,150
201,2025-10-01,150
201,2025-11-01,150
201,2025-12-01,150
202,2024-02-01,150
202,2024-03-01,150
202,2024-04-01,150
202,2024-05-01,150
202,2024-06-01,150
202,2024-07-01,150
202,2024-08-01,150
202,2024-09-01,150
202,2024-10-01,150
202,2024-11-01,150
202,2024-12-01,150
202,2025-01-01,150
202,2025-02-01,150
202,2025-03-01,150
202,2025-04-01,150
202,2025-05-01,150
202,2025-06-01,150
202,2025-07-01,150
202,2025-08-01,150
202,2025-09-01,150
202,2025-10-01,150
202,2025-11-01,150
202,2025-12-01,150
203,2025-10-01,350
203,2025-11-01,350
203,2025-12-01,350
204,2024-08-01,800
204,2024-09-01,800
204,2024-10-01,800
204,2024-11-01,800
204,2024-12-01,800
204,2025-01-01,800
204,2025-02-01,800
204,2025-03-01,800
204,2025-04-01,800
204,2025-05-01,800
204,2025-06-01,800
204,2025-07-01,800
204,2025-08-01,800
204,2025-09-01,800
204,2025-10-01,800
204,2025-11-01,800
204,2025-12-01,800
205,2025-03-01,150
205,2025-04-01,150
205,2025-05-01,150
205,2025-06-01,150
205,2025-07-01,150
205,2025-08-01,150
205,2025-09-01,150
205,2025-10-01,150
205,2025-11-01,150
205,2025-12-01,150
206,2024-09-01,150
206,2024-10-01,150
206,2024-11-01,150
206,2024-12-01,150
206,2025-01-01,150
206,2025-02-01,150
206,2025-03-01,150
206,2025-04-01,150
206,2025-05-01,150
206,2025-06-01,150
206,2025-07-01,150
206,2025-08-01,150
206,2025-09-01,150
206,2025-10-01,150
206,2025-11-01,150
206,2025-12-01,150
207,2025-11-01,350
207,2025-12-01,350
208,2024-11-01,350
208,2024-12-01,350
208,2025-01-01,350
208,2025-02-01,350
208,2025-03-01,350
208,2025-04-01,350
208,2025-05-01,350
208,2025-06-01,350
208,2025-07-01,350
208,2025-08-01,350
208,2025-09-01,350
208,2025-10-01,350
208,2025-11-01,350
208,2025-12-01,350
209,2025-07-01,150
209,2025-08-01,150
209,2025-09-01,150
209,2025-10-01,150
209,2025-11-01,150
209,2025-12-01,150
210,2025-01-01,150
210,2025-02-01,150
210,2025-03-01,150
210,2025-04-01,150
210,2025-05-01,150
210,2025-06-01,150
211,2024-07-01,350
211,2024-08-01,350
211,2024-09-01,350
211,2024-10-01,350
211,2024-11-01,350
211,2024-12-01,350
211,2025-01-01,350
211,2025-02-01,350
211,2025-03-01,350
211,2025-04-01,350
211,2025-05-01,350
211,2025-06-01,350
211,2025-07-01,350
211,2025-08-01,350
211,2025-09-01,350
211,2025-10-01,350
211,2025-11-01,350
211,2025-12-01,350
212,2024-06-01,150
212,2024-07-01,150
212,2024-08-01,150
212,2024-09-01,150
212,2024-10-01,150
212,2024-11-01,150
212,2024-12-01,150
212,2025-01-01,150
212,2025-02-01,150
212,2025-03-01,150
212,2025-04-01,150
212,2025-05-01,150
212,2025-06-01,150
212,2025-07-01,150
212,2025-08-01,150
212,2025-09-01,150
212,2025-10-01,150
212,2025-11-01,150
212,2025-12-01,150
213,2025-10-01,150
213,2025-11-01,150
213,2025-12-01,150
214,2025-08-01,800
214,2025-09-01,800
214,2025-10-01,800
214,2025-11-01,800
214,2025-12-01,800
215,2024-11-01,150
215,2024-12-01,150
215,2025-01-01,150
215,2025-02-01,150
215,2025-03-01,150
215,2025-04-01,150
215,2025-05-01,150
215,2025-06-01,150
215,2025-07-01,150
215,2025-08-01,150
215,2025-09-01,150
215,2025-10-01,150
215,2025-11-01,150
215,2025-12-01,150
216,2025-05-01,350
216,2025-06-01,350
217,2025-11-01,150
217,2025-12-01,150
218,2024-05-01,150
218,2024-06-01,150
218,2024-07-01,150
218,2024-08-01,150
218,2024-09-01,150
218,2024-10-01,150
218,2024-11-01,150
218,2024-12-01,150
218,2025-01-01,150
218,2025-02-01,150
218,2025-03-01,150
218,2025-04-01,150
218,2025-05-01,150
218,2025-06-01,150
218,2025-07-01,150
218,2025-08-01,150
218,2025-09-01,150
218,2025-10-01,150
218,2025-11-01,150
218,2025-12-01,150
219,2024-02-01,150
219,2024-03-01,150
219,2024-04-01,150
219,2024-05-01,150
219,2024-06-01,150
219,2024-07-01,150
219,2024-08-01,150
219,2024-09-01,150
219,2024-10-01,150
219,2024-11-01,150
219,2024-12-01,150
219,2025-01-01,150
219,2025-02-01,150
219,2025-03-01,150
219,2025-04-01,150
219,2025-05-01,150
219,2025-06-01,150
219,2025-07-01,150
219,2025-08-01,150
219,2025-09-01,150
219,2025-10-01,150
219,2025-11-01,150
219,2025-12-01,150
220,2024-08-01,350
220,2024-09-01,350
220,2024-10-01,350
220,2024-11-01,350
220,2024-12-01,350
220,2025-01-01,350
220,2025-02-01,350
220,2025-03-01,350
220,2025-04-01,350
220,2025-05-01,350
220,2025-06-01,350
220,2025-07-01,350
220,2025-08-01,350
220,2025-09-01,350
220,2025-10-01,350
220,2025-11-01,350
220,2025-12-01,350
221,2024-06-01,150
221,2024-07-01,150
221,2024-08-01,150
221,2024-09-01,150
221,2024-10-01,150
221,2024-11-01,150
221,2024-12-01,150
221,2025-01-01,150
221,2025-02-01,150
221,2025-03-01,150
221,2025-04-01,150
221,2025-05-01,150
221,2025-06-01,150
221,2025-07-01,150
221,2025-08-01,150
221,2025-09-01,150
221,2025-10-01,150
221,2025-11-01,150
221,2025-12-01,150
222,2024-07-01,150
222,2024-08-01,150
222,2024-09-01,150
222,2024-10-01,150
222,2024-11-01,150
222,2024-12-01,150
222,2025-01-01,150
222,2025-02-01,150
222,2025-03-01,150
222,2025-04-01,150
222,2025-05-01,150
222,2025-06-01,150
222,2025-07-01,150
222,2025-08-01,150
222,2025-09-01,150
222,2025-10-01,150
222,2025-11-01,150
222,2025-12-01,150
223,2025-05-01,150
223,2025-06-01,150
223,2025-07-01,150
223,2025-08-01,150
223,2025-09-01,150
223,2025-10-01,150
223,2025-11-01,150
223,2025-12-01,150
224,2024-12-01,350
224,2025-01-01,350
225,2024-04-01,150
225,2024-05-01,150
225,2024-06-01,150
225,2024-07-01,150
225,2024-08-01,150
225,2024-09-01,150
225,2024-10-01,150
225,2024-11-01,150
225,2024-12-01,150
225,2025-01-01,150
225,2025-02-01,150
225,2025-03-01,150
225,2025-04-01,150
225,2025-05-01,150
225,2025-06-01,150
225,2025-07-01,150
225,2025-08-01,150
225,2025-09-01,150
225,2025-10-01,150
225,2025-11-01,150
225,2025-12-01,150
226,2024-02-01,150
226,2024-03-01,150
226,2024-04-01,150
226,2024-05-01,150
226,2024-06-01,150
226,2024-07-01,150
226,2024-08-01,150
226,2024-09-01,150
226,2024-10-01,150
226,2024-11-01,150
226,2024-12-01,150
226,2025-01-01,150
226,2025-02-01,150
226,2025-03-01,150
226,2025-04-01,150
226,2025-05-01,150
226,2025-06-01,150
226,2025-07-01,150
226,2025-08-01,150
226,2025-09-01,150
226,2025-10-01,150
226,2025-11-01,150
226,2025-12-01,150
227,2025-03-01,350
227,2025-04-01,350
227,2025-05-01,350
227,2025-06-01,350
227,2025-07-01,350
227,2025-08-01,350
227,2025-09-01,350
227,2025-10-01,350
227,2025-11-01,350
227,2025-12-01,350
228,2025-09-01,150
228,2025-10-01,150
228,2025-11-01,150
228,2025-12-01,150
229,2024-12-01,150
229,2025-01-01,150
229,2025-02-01,150
229,2025-03-01,150
229,2025-04-01,150
229,2025-05-01,150
229,2025-06-01,150
229,2025-07-01,150
229,2025-08-01,150
229,2025-09-01,150
229,2025-10-01,150
229,2025-11-01,150
229,2025-12-01,150
230,2025-08-01,350
230,2025-09-01,350
230,2025-10-01,350
230,2025-11-01,350
230,2025-12-01,350
231,2025-03-01,350
231,2025-04-01,350
231,2025-05-01,350
231,2025-06-01,350
231,2025-07-01,350
231,2025-08-01,350
231,2025-09-01,350
231,2025-10-01,350
231,2025-11-01,350
231,2025-12-01,350
232,2024-06-01,350
232,2024-07-01,350
232,2024-08-01,350
232,2024-09-01,350
232,2024-10-01,350
232,2024-11-01,350
232,2024-12-01,350
232,2025-01-01,350
232,2025-02-01,350
232,2025-03-01,350
232,2025-04-01,350
232,2025-05-01,350
232,2025-06-01,350
232,2025-07-01,350
232,2025-08-01,350
232,2025-09-01,350
232,2025-10-01,350
232,2025-11-01,350
232,2025-12-01,350
233,2025-06-01,350
233,2025-07-01,350
233,2025-08-01,350
233,2025-09-01,350
233,2025-10-01,350
233,2025-11-01,350
233,2025-12-01,350
234,2025-06-01,350
234,2025-07-01,350
234,2025-08-01,350
234,2025-09-01,350
234,2025-10-01,350
234,2025-11-01,350
234,2025-12-01,350
235,2024-04-01,150
235,2024-05-01,150
235,2024-06-01,150
235,2024-07-01,150
235,2024-08-01,150
235,2024-09-01,150
235,2024-10-01,150
235,2024-11-01,150
235,2024-12-01,150
235,2025-01-01,150
235,2025-02-01,150
235,2025-03-01,150
235,2025-04-01,150
235,2025-05-01,150
235,2025-06-01,150
235,2025-07-01,150
235,2025-08-01,150
235,2025-09-01,150
235,2025-10-01,150
235,2025-11-01,150
235,2025-12-01,150
236,2025-05-01,800
236,2025-06-01,800
236,2025-07-01,800
236,2025-08-01,800
236,2025-09-01,800
236,2025-10-01,800
236,2025-11-01,800
236,2025-12-01,800
237,2025-03-01,350
237,2025-04-01,350
237,2025-05-01,350
238,2024-03-01,800
238,2024-04-01,800
238,2024-05-01,800
238,2024-06-01,800
238,2024-07-01,800
238,2024-08-01,800
238,2024-09-01,800
238,2024-10-01,800
238,2024-11-01,800
238,2024-12-01,800
238,2025-01-01,800
238,2025-02-01,800
238,2025-03-01,800
238,2025-04-01,800
238,2025-05-01,800
238,2025-06-01,800
238,2025-07-01,800
238,2025-08-01,800
238,2025-09-01,800
238,2025-10-01,800
238,2025-11-01,800
238,2025-12-01,800
239,2024-07-01,150
239,2024-08-01,150
239,2024-09-01,150
239,2024-10-01,150
239,2024-11-01,150
239,2024-12-01,150
239,2025-01-01,150
239,2025-02-01,150
239,2025-03-01,150
239,2025-04-01,150
239,2025-05-01,150
239,2025-06-01,150
239,2025-07-01,150
239,2025-08-01,150
239,2025-09-01,150
239,2025-10-01,150
239,2025-11-01,150
239,2025-12-01,150
240,2025-03-01,150
240,2025-04-01,150
240,2025-05-01,150
240,2025-06-01,150
240,2025-07-01,150
240,2025-08-01,150
240,2025-09-01,150
240,2025-10-01,150
241,2025-03-01,350
241,2025-04-01,350
242,2024-06-01,350
242,2024-07-01,350
242,2024-08-01,350
242,2024-09-01,350
242,2024-10-01,350
242,2024-11-01,350
242,2024-12-01,350
242,2025-01-01,350
242,2025-02-01,350
242,2025-03-01,350
242,2025-04-01,350
242,2025-05-01,350
242,2025-06-01,350
242,2025-07-01,350
242,2025-08-01,350
242,2025-09-01,350
242,2025-10-01,350
242,2025-11-01,350
242,2025-12-01,350
243,2025-10-01,350
243,2025-11-01,350
243,2025-12-01,350
244,2024-07-01,150
244,2024-08-01,150
244,2024-09-01,150
244,2024-10-01,150
244,2024-11-01,150
244,2024-12-01,150
244,2025-01-01,150
244,2025-02-01,150
244,2025-03-01,150
244,2025-04-01,150
244,2025-05-01,150
244,2025-06-01,150
244,2025-07-01,150
244,2025-08-01,150
244,2025-09-01,150
244,2025-10-01,150
244,2025-11-01,150
244,2025-12-01,150
245,2025-02-01,150
245,2025-03-01,150
245,2025-04-01,150
245,2025-05-01,150
245,2025-06-01,150
245,2025-07-01,150
245,2025-08-01,150
245,2025-09-01,150
245,2025-10-01,150
245,2025-11-01,150
245,2025-12-01,150
246,2024-04-01,350
246,2024-05-01,350
246,2024-06-01,350
246,2024-07-01,350
246,2024-08-01,350
246,2024-09-01,350
246,2024-10-01,350
246,2024-11-01,350
246,2024-12-01,350
246,2025-01-01,350
246,2025-02-01,350
246,2025-03-01,350
246,2025-04-01,350
246,2025-05-01,350
246,2025-06-01,350
246,2025-07-01,350
246,2025-08-01,350
246,2025-09-01,350
246,2025-10-01,350
246,2025-11-01,350
246,2025-12-01,350
247,2024-05-01,350
247,2024-06-01,350
247,2024-07-01,350
247,2024-08-01,350
247,2024-09-01,350
247,2024-10-01,350
247,2024-11-01,350
247,2024-12-01,350
247,2025-01-01,350
247,2025-02-01,350
247,2025-03-01,350
247,2025-04-01,350
247,2025-05-01,350
247,2025-06-01,350
247,2025-07-01,350
247,2025-08-01,350
247,2025-09-01,350
247,2025-10-01,350
247,2025-11-01,350
247,2025-12-01,350
248,2024-06-01,350
248,2024-07-01,350
248,2024-08-01,350
248,2024-09-01,350
248,2024-10-01,350
248,2024-11-01,350
248,2024-12-01,350
248,2025-01-01,350
249,2025-10-01,150
249,2025-11-01,150
249,2025-12-01,150
250,2025-01-01,350
250,2025-02-01,350
250,2025-03-01,350
250,2025-04-01,350
251,2025-06-01,150
251,2025-07-01,150
251,2025-08-01,150
251,2025-09-01,150
251,2025-10-01,150
251,2025-11-01,150
251,2025-12-01,150
252,2025-06-01,150
252,2025-07-01,150
252,2025-08-01,150
252,2025-09-01,150
252,2025-10-01,150
252,2025-11-01,150
252,2025-12-01,150
253,2025-06-01,150
253,2025-07-01,150
253,2025-08-01,150
253,2025-09-01,150
253,2025-10-01,150
253,2025-11-01,150
253,2025-12-01,150
254,2024-08-01,350
254,2024-09-01,350
254,2024-10-01,350
254,2024-11-01,350
254,2024-12-01,350
254,2025-01-01,350
254,2025-02-01,350
254,2025-03-01,350
254,2025-04-01,350
254,2025-05-01,350
254,2025-06-01,350
254,2025-07-01,350
254,2025-08-01,350
254,2025-09-01,350
254,2025-10-01,350
254,2025-11-01,350
254,2025-12-01,350
255,2025-02-01,150
255,2025-03-01,150
255,2025-04-01,150
255,2025-05-01,150
255,2025-06-01,150
255,2025-07-01,150
255,2025-08-01,150
255,2025-09-01,150
255,2025-10-01,150
255,2025-11-01,150
255,2025-12-01,150
256,2024-03-01,150
256,2024-04-01,150
256,2024-05-01,150
256,2024-06-01,150
256,2024-07-01,150
256,2024-08-01,150
256,2024-09-01,150
256,2024-10-01,150
256,2024-11-01,150
256,2024-12-01,150
256,2025-01-01,150
256,2025-02-01,150
256,2025-03-01,150
256,2025-04-01,150
256,2025-05-01,150
256,2025-06-01,150
256,2025-07-01,150
256,2025-08-01,150
256,2025-09-01,150
256,2025-10-01,150
256,2025-11-01,150
256,2025-12-01,150
257,2024-05-01,150
257,2024-06-01,150
257,2024-07-01,150
257,2024-08-01,150
257,2024-09-01,150
257,2024-10-01,150
257,2024-11-01,150
257,2024-12-01,150
257,2025-01-01,150
257,2025-02-01,150
257,2025-03-01,150
257,2025-04-01,150
257,2025-05-01,150
257,2025-06-01,150
257,2025-07-01,150
257,2025-08-01,150
257,2025-09-01,150
257,2025-10-01,150
257,2025-11-01,150
257,2025-12-01,150
258,2025-01-01,150
258,2025-02-01,150
258,2025-03-01,150
258,2025-04-01,150
258,2025-05-01,150
258,2025-06-01,150
258,2025-07-01,150
258,2025-08-01,150
258,2025-09-01,150
258,2025-10-01,150
258,2025-11-01,150
258,2025-12-01,150
259,2024-07-01,150
259,2024-08-01,150
259,2024-09-01,150
259,2024-10-01,150
259,2024-11-01,150
259,2024-12-01,150
259,2025-01-01,150
259,2025-02-01,150
259,2025-03-01,150
259,2025-04-01,150
259,2025-05-01,150
259,2025-06-01,150
259,2025-07-01,150
259,2025-08-01,150
259,2025-09-01,150
259,2025-10-01,150
259,2025-11-01,150
259,2025-12-01,150
260,2024-03-01,150
260,2024-04-01,150
260,2024-05-01,150
260,2024-06-01,150
260,2024-07-01,150
260,2024-08-01,150
260,2024-09-01,150
260,2024-10-01,150
260,2024-11-01,150
260,2024-12-01,150
260,2025-01-01,150
260,2025-02-01,150
260,2025-03-01,150
260,2025-04-01,150
260,2025-05-01,150
260,2025-06-01,150
260,2025-07-01,150
260,2025-08-01,150
261,2024-12-01,150
261,2025-01-01,150
261,2025-02-01,150
261,2025-03-01,150
261,2025-04-01,150
261,2025-05-01,150
261,2025-06-01,150
261,2025-07-01,150
261,2025-08-01,150
261,2025-09-01,150
261,2025-10-01,150
261,2025-11-01,150
261,2025-12-01,150
262,2024-08-01,150
262,2024-09-01,150
262,2024-10-01,150
262,2024-11-01,150
262,2024-12-01,150
262,2025-01-01,150
262,2025-02-01,150
262,2025-03-01,150
262,2025-04-01,150
262,2025-05-01,150
262,2025-06-01,150
262,2025-07-01,150
262,2025-08-01,150
262,2025-09-01,150
262,2025-10-01,150
262,2025-11-01,150
262,2025-12-01,150
263,2024-03-01,350
263,2024-04-01,350
263,2024-05-01,350
263,2024-06-01,350
263,2024-07-01,350
263,2024-08-01,350
263,2024-09-01,350
263,2024-10-01,350
263,2024-11-01,350
263,2024-12-01,350
263,2025-01-01,350
263,2025-02-01,350
263,2025-03-01,350
263,2025-04-01,350
263,2025-05-01,350
263,2025-06-01,350
263,2025-07-01,350
263,2025-08-01,350
263,2025-09-01,350
263,2025-10-01,350
263,2025-11-01,350
263,2025-12-01,350
264,2024-04-01,150
264,2024-05-01,150
264,2024-06-01,150
264,2024-07-01,150
264,2024-08-01,150
264,2024-09-01,150
264,2024-10-01,150
264,2024-11-01,150
264,2024-12-01,150
264,2025-01-01,150
264,2025-02-01,150
264,2025-03-01,150
264,2025-04-01,150
264,2025-05-01,150
264,2025-06-01,150
264,2025-07-01,150
264,2025-08-01,150
264,2025-09-01,150
264,2025-10-01,150
264,2025-11-01,150
264,2025-12-01,150
265,2024-08-01,150
266,2025-02-01,150
267,2024-03-01,150
267,2024-04-01,150
267,2024-05-01,150
267,2024-06-01,150
267,2024-07-01,150
267,2024-08-01,150
267,2024-09-01,150
267,2024-10-01,150
267,2024-11-01,150
267,2024-12-01,150
267,2025-01-01,150
267,2025-02-01,150
267,2025-03-01,150
267,2025-04-01,150
267,2025-05-01,150
267,2025-06-01,150
267,2025-07-01,150
267,2025-08-01,150
267,2025-09-01,150
267,2025-10-01,150
267,2025-11-01,150
267,2025-12-01,150
268,2025-04-01,150
268,2025-05-01,150
268,2025-06-01,150
268,2025-07-01,150
268,2025-08-01,150
268,2025-09-01,150
268,2025-10-01,150
268,2025-11-01,150
268,2025-12-01,150
269,2024-04-01,150
269,2024-05-01,150
269,2024-06-01,150
269,2024-07-01,150
269,2024-08-01,150
269,2024-09-01,150
269,2024-10-01,150
269,2024-11-01,150
269,2024-12-01,150
269,2025-01-01,150
269,2025-02-01,150
269,2025-03-01,150
269,2025-04-01,150
269,2025-05-01,150
269,2025-06-01,150
269,2025-07-01,150
269,2025-08-01,150
269,2025-09-01,150
269,2025-10-01,150
269,2025-11-01,150
269,2025-12-01,150
270,2025-06-01,350
270,2025-07-01,350
270,2025-08-01,350
270,2025-09-01,350
270,2025-10-01,350
270,2025-11-01,350
270,2025-12-01,350
271,2024-10-01,350
271,2024-11-01,350
271,2024-12-01,350
272,2025-07-01,150
272,2025-08-01,150
272,2025-09-01,150
272,2025-10-01,150
272,2025-11-01,150
272,2025-12-01,150
273,2024-03-01,350
273,2024-04-01,350
273,2024-05-01,350
273,2024-06-01,350
273,2024-07-01,350
273,2024-08-01,350
273,2024-09-01,350
273,2024-10-01,350
273,2024-11-01,350
273,2024-12-01,350
273,2025-01-01,350
273,2025-02-01,350
273,2025-03-01,350
273,2025-04-01,350
273,2025-05-01,350
273,2025-06-01,350
273,2025-07-01,350
273,2025-08-01,350
274,2025-10-01,150
274,2025-11-01,150
274,2025-12-01,150
275,2024-03-01,800
275,2024-04-01,800
275,2024-05-01,800
275,2024-06-01,800
275,2024-07-01,800
275,2024-08-01,800
275,2024-09-01,800
275,2024-10-01,800
275,2024-11-01,800
275,2024-12-01,800
275,2025-01-01,800
275,2025-02-01,800
275,2025-03-01,800
275,2025-04-01,800
275,2025-05-01,800
275,2025-06-01,800
275,2025-07-01,800
275,2025-08-01,800
275,2025-09-01,800
275,2025-10-01,800
275,2025-11-01,800
275,2025-12-01,800
276,2024-05-01,150
276,2024-06-01,150
276,2024-07-01,150
276,2024-08-01,150
276,2024-09-01,150
276,2024-10-01,150
276,2024-11-01,150
276,2024-12-01,150
276,2025-01-01,150
276,2025-02-01,150
276,2025-03-01,150
276,2025-04-01,150
276,2025-05-01,150
276,2025-06-01,150
276,2025-07-01,150
276,2025-08-01,150
276,2025-09-01,150
276,2025-10-01,150
276,2025-11-01,150
276,2025-12-01,150
277,2024-11-01,350
277,2024-12-01,350
277,2025-01-01,350
277,2025-02-01,350
277,2025-03-01,350
277,2025-04-01,350
277,2025-05-01,350
277,2025-06-01,350
277,2025-07-01,350
277,2025-08-01,350
277,2025-09-01,350
277,2025-10-01,350
277,2025-11-01,350
277,2025-12-01,350
278,2024-12-01,350
278,2025-01-01,350
278,2025-02-01,350
278,2025-03-01,350
278,2025-04-01,350
278,2025-05-01,350
278,2025-06-01,350
278,2025-07-01,350
278,2025-08-01,350
278,2025-09-01,350
278,2025-10-01,350
278,2025-11-01,350
278,2025-12-01,350
279,2025-11-01,350
279,2025-12-01,350
280,2025-10-01,350
280,2025-11-01,350
280,2025-12-01,350
281,2024-05-01,350
282,2025-02-01,150
282,2025-03-01,150
282,2025-04-01,150
282,2025-05-01,150
282,2025-06-01,150
282,2025-07-01,150
282,2025-08-01,150
282,2025-09-01,150
282,2025-10-01,150
282,2025-11-01,150
282,2025-12-01,150
283,2024-04-01,350
283,2024-05-01,350
283,2024-06-01,350
283,2024-07-01,350
283,2024-08-01,350
283,2024-09-01,350
283,2024-10-01,350
283,2024-11-01,350
283,2024-12-01,350
283,2025-01-01,350
283,2025-02-01,350
283,2025-03-01,350
283,2025-04-01,350
283,2025-05-01,350
283,2025-06-01,350
283,2025-07-01,350
283,2025-08-01,350
283,2025-09-01,350
283,2025-10-01,350
283,2025-11-01,350
283,2025-12-01,350
284,2025-11-01,150
284,2025-12-01,150
285,2025-07-01,150
285,2025-08-01,150
285,2025-09-01,150
285,2025-10-01,150
285,2025-11-01,150
285,2025-12-01,150
286,2024-05-01,350
286,2024-06-01,350
286,2024-07-01,350
286,2024-08-01,350
286,2024-09-01,350
286,2024-10-01,350
286,2024-11-01,350
286,2024-12-01,350
286,2025-01-01,350
286,2025-02-01,350
286,2025-03-01,350
286,2025-04-01,350
286,2025-05-01,350
286,2025-06-01,350
286,2025-07-01,350
286,2025-08-01,350
286,2025-09-01,350
286,2025-10-01,350
286,2025-11-01,350
286,2025-12-01,350
287,2024-11-01,800
287,2024-12-01,800
287,2025-01-01,800
287,2025-02-01,800
287,2025-03-01,800
287,2025-04-01,800
287,2025-05-01,800
287,2025-06-01,800
287,2025-07-01,800
287,2025-08-01,800
287,2025-09-01,800
287,2025-10-01,800
287,2025-11-01,800
287,2025-12-01,800
288,2024-07-01,150
288,2024-08-01,150
288,2024-09-01,150
288,2024-10-01,150
288,2024-11-01,150
288,2024-12-01,150
288,2025-01-01,150
288,2025-02-01,150
288,2025-03-01,150
288,2025-04-01,150
288,2025-05-01,150
288,2025-06-01,150
288,2025-07-01,150
288,2025-08-01,150
288,2025-09-01,150
288,2025-10-01,150
288,2025-11-01,150
288,2025-12-01,150
289,2025-04-01,350
289,2025-05-01,350
289,2025-06-01,350
289,2025-07-01,350
289,2025-08-01,350
289,2025-09-01,350
289,2025-10-01,350
289,2025-11-01,350
289,2025-12-01,350
290,2024-12-01,350
290,2025-01-01,350
290,2025-02-01,350
290,2025-03-01,350
290,2025-04-01,350
290,2025-05-01,350
290,2025-06-01,350
290,2025-07-01,350
290,2025-08-01,350
290,2025-09-01,350
290,2025-10-01,350
290,2025-11-01,350
290,2025-12-01,350
291,2024-10-01,150
291,2024-11-01,150
291,2024-12-01,150
291,2025-01-01,150
291,2025-02-01,150
291,2025-03-01,150
291,2025-04-01,150
291,2025-05-01,150
291,2025-06-01,150
291,2025-07-01,150
291,2025-08-01,150
291,2025-09-01,150
291,2025-10-01,150
291,2025-11-01,150
291,2025-12-01,150
292,2024-10-01,150
292,2024-11-01,150
292,2024-12-01,150
292,2025-01-01,150
292,2025-02-01,150
292,2025-03-01,150
292,2025-04-01,150
292,2025-05-01,150
292,2025-06-01,150
292,2025-07-01,150
292,2025-08-01,150
292,2025-09-01,150
292,2025-10-01,150
292,2025-11-01,150
292,2025-12-01,150
293,2025-02-01,800
293,2025-03-01,800
293,2025-04-01,800
293,2025-05-01,800
293,2025-06-01,800
293,2025-07-01,800
293,2025-08-01,800
293,2025-09-01,800
293,2025-10-01,800
293,2025-11-01,800
293,2025-12-01,800
294,2025-06-01,350
294,2025-07-01,350
294,2025-08-01,350
294,2025-09-01,350
294,2025-10-01,350
294,2025-11-01,350
294,2025-12-01,350
295,2025-02-01,150
295,2025-03-01,150
296,2024-11-01,800
296,2024-12-01,800
296,2025-01-01,800
296,2025-02-01,800
296,2025-03-01,800
296,2025-04-01,800
296,2025-05-01,800
296,2025-06-01,800
296,2025-07-01,800
296,2025-08-01,800
296,2025-09-01,800
296,2025-10-01,800
296,2025-11-01,800
296,2025-12-01,800
297,2025-04-01,150
297,2025-05-01,150
297,2025-06-01,150
297,2025-07-01,150
297,2025-08-01,150
297,2025-09-01,150
297,2025-10-01,150
297,2025-11-01,150
297,2025-12-01,150
298,2025-05-01,150
298,2025-06-01,150
298,2025-07-01,150
298,2025-08-01,150
298,2025-09-01,150
298,2025-10-01,150
298,2025-11-01,150
298,2025-12-01,150
299,2024-01-01,150
299,2024-02-01,150
299,2024-03-01,150
299,2024-04-01,150
299,2024-05-01,150
299,2024-06-01,150
299,2024-07-01,150
299,2024-08-01,150
299,2024-09-01,150
299,2024-10-01,150
299,2024-11-01,150
299,2024-12-01,150
299,2025-01-01,150
299,2025-02-01,150
299,2025-03-01,150
299,2025-04-01,150
299,2025-05-01,150
299,2025-06-01,150
299,2025-07-01,150
299,2025-08-01,150
299,2025-09-01,150
299,2025-10-01,150
299,2025-11-01,150
299,2025-12-01,150
300,2025-10-01,150
300,2025-11-01,150
300,2025-12-01,150
301,2024-07-01,150
301,2024-08-01,150
301,2024-09-01,150
301,2024-10-01,150
301,2024-11-01,150
301,2024-12-01,150
301,2025-01-01,150
301,2025-02-01,150
301,2025-03-01,150
301,2025-04-01,150
301,2025-05-01,150
301,2025-06-01,150
301,2025-07-01,150
301,2025-08-01,150
301,2025-09-01,150
301,2025-10-01,150
301,2025-11-01,150
301,2025-12-01,150
302,2025-02-01,350
303,2025-12-01,800
304,2024-01-01,150
304,2024-02-01,150
304,2024-03-01,150
304,2024-04-01,150
304,2024-05-01,150
304,2024-06-01,150
304,2024-07-01,150
304,2024-08-01,150
304,2024-09-01,150
304,2024-10-01,150
304,2024-11-01,150
304,2024-12-01,150
304,2025-01-01,150
304,2025-02-01,150
304,2025-03-01,150
304,2025-04-01,150
305,2025-10-01,150
305,2025-11-01,150
305,2025-12-01,150
306,2025-09-01,350
306,2025-10-01,350
306,2025-11-01,350
306,2025-12-01,350
307,2024-08-01,150
307,2024-09-01,150
307,2024-10-01,150
307,2024-11-01,150
307,2024-12-01,150
307,2025-01-01,150
307,2025-02-01,150
307,2025-03-01,150
307,2025-04-01,150
307,2025-05-01,150
307,2025-06-01,150
307,2025-07-01,150
308,2025-09-01,800
308,2025-10-01,800
308,2025-11-01,800
308,2025-12-01,800
309,2024-12-01,350
309,2025-01-01,350
309,2025-02-01,350
309,2025-03-01,350
309,2025-04-01,350
309,2025-05-01,350
309,2025-06-01,350
309,2025-07-01,350
309,2025-08-01,350
309,2025-09-01,350
309,2025-10-01,350
309,2025-11-01,350
309,2025-12-01,350
310,2025-04-01,150
310,2025-05-01,150
310,2025-06-01,150
310,2025-07-01,150
310,2025-08-01,150
310,2025-09-01,150
310,2025-10-01,150
310,2025-11-01,150
310,2025-12-01,150
311,2025-03-01,150
311,2025-04-01,150
311,2025-05-01,150
311,2025-06-01,150
311,2025-07-01,150
311,2025-08-01,150
311,2025-09-01,150
311,2025-10-01,150
311,2025-11-01,150
311,2025-12-01,150
312,2025-08-01,350
312,2025-09-01,350
312,2025-10-01,350
312,2025-11-01,350
312,2025-12-01,350
313,2024-02-01,350
313,2024-03-01,350
313,2024-04-01,350
313,2024-05-01,350
313,2024-06-01,350
313,2024-07-01,350
313,2024-08-01,350
313,2024-09-01,350
313,2024-10-01,350
313,2024-11-01,350
313,2024-12-01,350
313,2025-01-01,350
313,2025-02-01,350
313,2025-03-01,350
313,2025-04-01,350
313,2025-05-01,350
313,2025-06-01,350
313,2025-07-01,350
313,2025-08-01,350
313,2025-09-01,350
313,2025-10-01,350
313,2025-11-01,350
313,2025-12-01,350
314,2024-09-01,150
314,2024-10-01,150
314,2024-11-01,150
314,2024-12-01,150
314,2025-01-01,150
314,2025-02-01,150
314,2025-03-01,150
314,2025-04-01,150
314,2025-05-01,150
314,2025-06-01,150
314,2025-07-01,150
314,2025-08-01,150
314,2025-09-01,150
314,2025-10-01,150
314,2025-11-01,150
314,2025-12-01,150
315,2024-04-01,150
315,2024-05-01,150
315,2024-06-01,150
315,2024-07-01,150
315,2024-08-01,150
315,2024-09-01,150
315,2024-10-01,150
315,2024-11-01,150
315,2024-12-01,150
315,2025-01-01,150
315,2025-02-01,150
315,2025-03-01,150
315,2025-04-01,150
315,2025-05-01,150
315,2025-06-01,150
315,2025-07-01,150
315,2025-08-01,150
315,2025-09-01,150
315,2025-10-01,150
315,2025-11-01,150
315,2025-12-01,150
316,2024-03-01,350
316,2024-04-01,350
316,2024-05-01,350
316,2024-06-01,350
316,2024-07-01,350
316,2024-08-01,350
317,2024-05-01,150
317,2024-06-01,150
317,2024-07-01,150
317,2024-08-01,150
317,2024-09-01,150
317,2024-10-01,150
317,2024-11-01,150
317,2024-12-01,150
317,2025-01-01,150
317,2025-02-01,150
317,2025-03-01,150
317,2025-04-01,150
318,2025-03-01,150
318,2025-04-01,150
318,2025-05-01,150
318,2025-06-01,150
318,2025-07-01,150
318,2025-08-01,150
318,2025-09-01,150
318,2025-10-01,150
318,2025-11-01,150
318,2025-12-01,150
319,2025-09-01,150
319,2025-10-01,150
319,2025-11-01,150
319,2025-12-01,150
320,2024-05-01,350
320,2024-06-01,350
320,2024-07-01,350
320,2024-08-01,350
320,2024-09-01,350
320,2024-10-01,350
320,2024-11-01,350
320,2024-12-01,350
320,2025-01-01,350
320,2025-02-01,350
320,2025-03-01,350
320,2025-04-01,350
320,2025-05-01,350
320,2025-06-01,350
320,2025-07-01,350
320,2025-08-01,350
320,2025-09-01,350
320,2025-10-01,350
320,2025-11-01,350
320,2025-12-01,350
321,2024-11-01,150
321,2024-12-01,150
321,2025-01-01,150
321,2025-02-01,150
321,2025-03-01,150
321,2025-04-01,150
321,2025-05-01,150
321,2025-06-01,150
321,2025-07-01,150
321,2025-08-01,150
321,2025-09-01,150
321,2025-10-01,150
321,2025-11-01,150
321,2025-12-01,150
322,2024-03-01,150
322,2024-04-01,150
323,2024-08-01,350
323,2024-09-01,350
323,2024-10-01,350
323,2024-11-01,350
323,2024-12-01,350
323,2025-01-01,350
323,2025-02-01,350
323,2025-03-01,350
323,2025-04-01,350
323,2025-05-01,350
323,2025-06-01,350
323,2025-07-01,350
323,2025-08-01,350
323,2025-09-01,350
323,2025-10-01,350
323,2025-11-01,350
323,2025-12-01,350
324,2024-12-01,150
324,2025-01-01,150
324,2025-02-01,150
324,2025-03-01,150
324,2025-04-01,150
325,2025-08-01,150
325,2025-09-01,150
325,2025-10-01,150
325,2025-11-01,150
325,2025-12-01,150
326,2025-09-01,150
326,2025-10-01,150
326,2025-11-01,150
326,2025-12-01,150
327,2025-08-01,150
327,2025-09-01,150
327,2025-10-01,150
327,2025-11-01,150
327,2025-12-01,150
328,2024-04-01,800
328,2024-05-01,800
328,2024-06-01,800
328,2024-07-01,800
328,2024-08-01,800
328,2024-09-01,800
328,2024-10-01,800
328,2024-11-01,800
328,2024-12-01,800
328,2025-01-01,800
328,2025-02-01,800
328,2025-03-01,800
328,2025-04-01,800
328,2025-05-01,800
328,2025-06-01,800
328,2025-07-01,800
328,2025-08-01,800
328,2025-09-01,800
328,2025-10-01,800
328,2025-11-01,800
328,2025-12-01,800
329,2025-08-01,150
329,2025-09-01,150
329,2025-10-01,150
329,2025-11-01,150
329,2025-12-01,150
330,2025-01-01,350
330,2025-02-01,350
330,2025-03-01,350
330,2025-04-01,350
330,2025-05-01,350
330,2025-06-01,350
330,2025-07-01,350
330,2025-08-01,350
330,2025-09-01,350
330,2025-10-01,350
330,2025-11-01,350
330,2025-12-01,350
331,2024-06-01,150
331,2024-07-01,150
331,2024-08-01,150
331,2024-09-01,150
331,2024-10-01,150
331,2024-11-01,150
331,2024-12-01,150
331,2025-01-01,150
331,2025-02-01,150
331,2025-03-01,150
331,2025-04-01,150
331,2025-05-01,150
331,2025-06-01,150
331,2025-07-01,150
331,2025-08-01,150
331,2025-09-01,150
331,2025-10-01,150
331,2025-11-01,150
331,2025-12-01,150
332,2024-05-01,150
332,2024-06-01,150
332,2024-07-01,150
332,2024-08-01,150
332,2024-09-01,150
332,2024-10-01,150
332,2024-11-01,150
332,2024-12-01,150
332,2025-01-01,150
332,2025-02-01,150
332,2025-03-01,150
332,2025-04-01,150
332,2025-05-01,150
332,2025-06-01,150
332,2025-07-01,150
332,2025-08-01,150
332,2025-09-01,150
332,2025-10-01,150
332,2025-11-01,150
332,2025-12-01,150
333,2024-05-01,150
333,2024-06-01,150
333,2024-07-01,150
333,2024-08-01,150
333,2024-09-01,150
333,2024-10-01,150
333,2024-11-01,150
333,2024-12-01,150
333,2025-01-01,150
333,2025-02-01,150
333,2025-03-01,150
333,2025-04-01,150
333,2025-05-01,150
333,2025-06-01,150
333,2025-07-01,150
333,2025-08-01,150
333,2025-09-01,150
333,2025-10-01,150
333,2025-11-01,150
333,2025-12-01,150
334,2024-10-01,150
334,2024-11-01,150
334,2024-12-01,150
334,2025-01-01,150
334,2025-02-01,150
334,2025-03-01,150
334,2025-04-01,150
334,2025-05-01,150
334,2025-06-01,150
334,2025-07-01,150
334,2025-08-01,150
334,2025-09-01,150
334,2025-10-01,150
334,2025-11-01,150
334,2025-12-01,150
335,2024-04-01,350
335,2024-05-01,350
335,2024-06-01,350
335,2024-07-01,350
335,2024-08-01,350
335,2024-09-01,350
335,2024-10-01,350
335,2024-11-01,350
335,2024-12-01,350
335,2025-01-01,350
335,2025-02-01,350
335,2025-03-01,350
335,2025-04-01,350
335,2025-05-01,350
335,2025-06-01,350
335,2025-07-01,350
335,2025-08-01,350
335,2025-09-01,350
335,2025-10-01,350
335,2025-11-01,350
335,2025-12-01,350
336,2025-10-01,800
336,2025-11-01,800
336,2025-12-01,800
337,2024-06-01,800
337,2024-07-01,800
337,2024-08-01,800
337,2024-09-01,800
337,2024-10-01,800
337,2024-11-01,800
337,2024-12-01,800
337,2025-01-01,800
337,2025-02-01,800
337,2025-03-01,800
337,2025-04-01,800
337,2025-05-01,800
337,2025-06-01,800
337,2025-07-01,800
337,2025-08-01,800
337,2025-09-01,800
337,2025-10-01,800
337,2025-11-01,800
337,2025-12-01,800
338,2024-06-01,150
338,2024-07-01,150
338,2024-08-01,150
339,2024-11-01,150
339,2024-12-01,150
339,2025-01-01,150
339,2025-02-01,150
339,2025-03-01,150
339,2025-04-01,150
339,2025-05-01,150
339,2025-06-01,150
339,2025-07-01,150
339,2025-08-01,150
339,2025-09-01,150
339,2025-10-01,150
339,2025-11-01,150
339,2025-12-01,150
340,2025-02-01,150
340,2025-03-01,150
340,2025-04-01,150
340,2025-05-01,150
340,2025-06-01,150
340,2025-07-01,150
340,2025-08-01,150
340,2025-09-01,150
340,2025-10-01,150
340,2025-11-01,150
340,2025-12-01,150
341,2025-01-01,350
341,2025-02-01,350
341,2025-03-01,350
341,2025-04-01,350
341,2025-05-01,350
341,2025-06-01,350
341,2025-07-01,350
341,2025-08-01,350
341,2025-09-01,350
341,2025-10-01,350
341,2025-11-01,350
341,2025-12-01,350
342,2024-03-01,150
342,2024-04-01,150
342,2024-05-01,150
342,2024-06-01,150
342,2024-07-01,150
342,2024-08-01,150
342,2024-09-01,150
342,2024-10-01,150
342,2024-11-01,150
342,2024-12-01,150
342,2025-01-01,150
342,2025-02-01,150
342,2025-03-01,150
342,2025-04-01,150
342,2025-05-01,150
342,2025-06-01,150
342,2025-07-01,150
342,2025-08-01,150
342,2025-09-01,150
342,2025-10-01,150
342,2025-11-01,150
342,2025-12-01,150
343,2025-11-01,150
343,2025-12-01,150
344,2025-11-01,800
344,2025-12-01,800
345,2024-02-01,150
345,2024-03-01,150
345,2024-04-01,150
345,2024-05-01,150
345,2024-06-01,150
345,2024-07-01,150
345,2024-08-01,150
345,2024-09-01,150
345,2024-10-01,150
345,2024-11-01,150
345,2024-12-01,150
345,2025-01-01,150
345,2025-02-01,150
345,2025-03-01,150
345,2025-04-01,150
345,2025-05-01,150
345,2025-06-01,150
345,2025-07-01,150
345,2025-08-01,150
345,2025-09-01,150
345,2025-10-01,150
345,2025-11-01,150
345,2025-12-01,150
346,2024-03-01,150
346,2024-04-01,150
346,2024-05-01,150
346,2024-06-01,150
346,2024-07-01,150
346,2024-08-01,150
346,2024-09-01,150
346,2024-10-01,150
346,2024-11-01,150
346,2024-12-01,150
346,2025-01-01,150
346,2025-02-01,150
346,2025-03-01,150
346,2025-04-01,150
346,2025-05-01,150
346,2025-06-01,150
346,2025-07-01,150
346,2025-08-01,150
346,2025-09-01,150
346,2025-10-01,150
347,2024-06-01,150
347,2024-07-01,150
347,2024-08-01,150
347,2024-09-01,150
347,2024-10-01,150
347,2024-11-01,150
347,2024-12-01,150
347,2025-01-01,150
347,2025-02-01,150
347,2025-03-01,150
347,2025-04-01,150
347,2025-05-01,150
347,2025-06-01,150
347,2025-07-01,150
347,2025-08-01,150
347,2025-09-01,150
347,2025-10-01,150
347,2025-11-01,150
347,2025-12-01,150
348,2024-11-01,150
349,2024-09-01,350
349,2024-10-01,350
349,2024-11-01,350
349,2024-12-01,350
349,2025-01-01,350
349,2025-02-01,350
349,2025-03-01,350
349,2025-04-01,350
349,2025-05-01,350
349,2025-06-01,350
349,2025-07-01,350
349,2025-08-01,350
349,2025-09-01,350
349,2025-10-01,350
349,2025-11-01,350
349,2025-12-01,350
350,2024-09-01,150
350,2024-10-01,150
350,2024-11-01,150
350,2024-12-01,150
350,2025-01-01,150
350,2025-02-01,150
350,2025-03-01,150
350,2025-04-01,150
350,2025-05-01,150
350,2025-06-01,150
350,2025-07-01,150
350,2025-08-01,150
350,2025-09-01,150
350,2025-10-01,150
350,2025-11-01,150
350,2025-12-01,150
351,2024-03-01,150
351,2024-04-01,150
351,2024-05-01,150
351,2024-06-01,150
351,2024-07-01,150
351,2024-08-01,150
351,2024-09-01,150
351,2024-10-01,150
351,2024-11-01,150
351,2024-12-01,150
351,2025-01-01,150
351,2025-02-01,150
351,2025-03-01,150
351,2025-04-01,150
351,2025-05-01,150
351,2025-06-01,150
351,2025-07-01,150
351,2025-08-01,150
351,2025-09-01,150
351,2025-10-01,150
351,2025-11-01,150
351,2025-12-01,150
352,2025-03-01,350
352,2025-04-01,350
352,2025-05-01,350
352,2025-06-01,350
352,2025-07-01,350
352,2025-08-01,350
352,2025-09-01,350
352,2025-10-01,350
352,2025-11-01,350
352,2025-12-01,350
353,2024-06-01,350
353,2024-07-01,350
353,2024-08-01,350
353,2024-09-01,350
353,2024-10-01,350
353,2024-11-01,350
353,2024-12-01,350
353,2025-01-01,350
353,2025-02-01,350
353,2025-03-01,350
353,2025-04-01,350
353,2025-05-01,350
353,2025-06-01,350
353,2025-07-01,350
353,2025-08-01,350
353,2025-09-01,350
353,2025-10-01,350
353,2025-11-01,350
353,2025-12-01,350
354,2025-10-01,350
354,2025-11-01,350
354,2025-12-01,350
355,2024-03-01,150
355,2024-04-01,150
355,2024-05-01,150
355,2024-06-01,150
355,2024-07-01,150
355,2024-08-01,150
355,2024-09-01,150
355,2024-10-01,150
355,2024-11-01,150
355,2024-12-01,150
355,2025-01-01,150
355,2025-02-01,150
355,2025-03-01,150
355,2025-04-01,150
355,2025-05-01,150
355,2025-06-01,150
355,2025-07-01,150
355,2025-08-01,150
355,2025-09-01,150
355,2025-10-01,150
355,2025-11-01,150
355,2025-12-01,150
356,2024-04-01,350
356,2024-05-01,350
356,2024-06-01,350
356,2024-07-01,350
356,2024-08-01,350
356,2024-09-01,350
356,2024-10-01,350
356,2024-11-01,350
356,2024-12-01,350
356,2025-01-01,350
356,2025-02-01,350
356,2025-03-01,350
356,2025-04-01,350
356,2025-05-01,350
356,2025-06-01,350
356,2025-07-01,350
356,2025-08-01,350
356,2025-09-01,350
356,2025-10-01,350
356,2025-11-01,350
356,2025-12-01,350
357,2025-06-01,800
357,2025-07-01,800
357,2025-08-01,800
357,2025-09-01,800
357,2025-10-01,800
357,2025-11-01,800
357,2025-12-01,800
358,2024-10-01,150
358,2024-11-01,150
358,2024-12-01,150
358,2025-01-01,150
358,2025-02-01,150
358,2025-03-01,150
358,2025-04-01,150
358,2025-05-01,150
358,2025-06-01,150
358,2025-07-01,150
358,2025-08-01,150
358,2025-09-01,150
359,2025-02-01,350
359,2025-03-01,350
359,2025-04-01,350
359,2025-05-01,350
359,2025-06-01,350
359,2025-07-01,350
359,2025-08-01,350
359,2025-09-01,350
359,2025-10-01,350
359,2025-11-01,350
359,2025-12-01,350
360,2025-08-01,150
360,2025-09-01,150
360,2025-10-01,150
361,2025-02-01,800
361,2025-03-01,800
362,2025-12-01,350
363,2024-05-01,150
363,2024-06-01,150
363,2024-07-01,150
363,2024-08-01,150
363,2024-09-01,150
363,2024-10-01,150
363,2024-11-01,150
363,2024-12-01,150
363,2025-01-01,150
363,2025-02-01,150
363,2025-03-01,150
363,2025-04-01,150
363,2025-05-01,150
363,2025-06-01,150
363,2025-07-01,150
363,2025-08-01,150
363,2025-09-01,150
363,2025-10-01,150
363,2025-11-01,150
363,2025-12-01,150
364,2024-03-01,150
364,2024-04-01,150
364,2024-05-01,150
364,2024-06-01,150
364,2024-07-01,150
364,2024-08-01,150
364,2024-09-01,150
364,2024-10-01,150
364,2024-11-01,150
364,2024-12-01,150
364,2025-01-01,150
364,2025-02-01,150
364,2025-03-01,150
364,2025-04-01,150
364,2025-05-01,150
364,2025-06-01,150
364,2025-07-01,150
364,2025-08-01,150
364,2025-09-01,150
364,2025-10-01,150
364,2025-11-01,150
364,2025-12-01,150
365,2024-10-01,350
365,2024-11-01,350
365,2024-12-01,350
365,2025-01-01,350
365,2025-02-01,350
365,2025-03-01,350
365,2025-04-01,350
365,2025-05-01,350
365,2025-06-01,350
365,2025-07-01,350
365,2025-08-01,350
365,2025-09-01,350
365,2025-10-01,350
365,2025-11-01,350
365,2025-12-01,350
366,2025-02-01,800
366,2025-03-01,800
366,2025-04-01,800
366,2025-05-01,800
366,2025-06-01,800
366,2025-07-01,800
366,2025-08-01,800
366,2025-09-01,800
366,2025-10-01,800
366,2025-11-01,800
366,2025-12-01,800
367,2024-09-01,350
367,2024-10-01,350
367,2024-11-01,350
367,2024-12-01,350
367,2025-01-01,350
367,2025-02-01,350
367,2025-03-01,350
367,2025-04-01,350
367,2025-05-01,350
367,2025-06-01,350
367,2025-07-01,350
367,2025-08-01,350
367,2025-09-01,350
367,2025-10-01,350
367,2025-11-01,350
367,2025-12-01,350
368,2024-10-01,800
368,2024-11-01,800
368,2024-12-01,800
368,2025-01-01,800
368,2025-02-01,800
368,2025-03-01,800
368,2025-04-01,800
368,2025-05-01,800
368,2025-06-01,800
368,2025-07-01,800
368,2025-08-01,800
368,2025-09-01,800
368,2025-10-01,800
368,2025-11-01,800
368,2025-12-01,800
369,2024-05-01,150
369,2024-06-01,150
369,2024-07-01,150
369,2024-08-01,150
369,2024-09-01,150
369,2024-10-01,150
369,2024-11-01,150
369,2024-12-01,150
369,2025-01-01,150
369,2025-02-01,150
369,2025-03-01,150
369,2025-04-01,150
369,2025-05-01,150
369,2025-06-01,150
369,2025-07-01,150
369,2025-08-01,150
369,2025-09-01,150
369,2025-10-01,150
369,2025-11-01,150
369,2025-12-01,150
370,2024-10-01,800
370,2024-11-01,800
370,2024-12-01,800
370,2025-01-01,800
370,2025-02-01,800
370,2025-03-01,800
370,2025-04-01,800
370,2025-05-01,800
370,2025-06-01,800
370,2025-07-01,800
370,2025-08-01,800
370,2025-09-01,800
370,2025-10-01,800
370,2025-11-01,800
370,2025-12-01,800
371,2024-05-01,150
371,2024-06-01,150
371,2024-07-01,150
372,2025-03-01,150
372,2025-04-01,150
372,2025-05-01,150
372,2025-06-01,150
372,2025-07-01,150
372,2025-08-01,150
372,2025-09-01,150
372,2025-10-01,150
372,2025-11-01,150
372,2025-12-01,150
373,2024-07-01,350
373,2024-08-01,350
373,2024-09-01,350
373,2024-10-01,350
373,2024-11-01,350
373,2024-12-01,350
373,2025-01-01,350
373,2025-02-01,350
373,2025-03-01,350
373,2025-04-01,350
373,2025-05-01,350
373,2025-06-01,350
373,2025-07-01,350
373,2025-08-01,350
373,2025-09-01,350
373,2025-10-01,350
373,2025-11-01,350
373,2025-12-01,350
374,2024-02-01,350
374,2024-03-01,350
374,2024-04-01,350
374,2024-05-01,350
374,2024-06-01,350
374,2024-07-01,350
374,2024-08-01,350
374,2024-09-01,350
374,2024-10-01,350
374,2024-11-01,350
374,2024-12-01,350
374,2025-01-01,350
374,2025-02-01,350
374,2025-03-01,350
374,2025-04-01,350
374,2025-05-01,350
374,2025-06-01,350
374,2025-07-01,350
374,2025-08-01,350
374,2025-09-01,350
374,2025-10-01,350
374,2025-11-01,350
374,2025-12-01,350
375,2024-12-01,350
375,2025-01-01,350
375,2025-02-01,350
376,2024-07-01,150
376,2024-08-01,150
376,2024-09-01,150
376,2024-10-01,150
376,2024-11-01,150
376,2024-12-01,150
376,2025-01-01,150
376,2025-02-01,150
376,2025-03-01,150
376,2025-04-01,150
377,2024-05-01,150
378,2025-01-01,350
378,2025-02-01,350
378,2025-03-01,350
378,2025-04-01,350
378,2025-05-01,350
378,2025-06-01,350
378,2025-07-01,350
378,2025-08-01,350
378,2025-09-01,350
378,2025-10-01,350
378,2025-11-01,350
378,2025-12-01,350
379,2025-02-01,150
379,2025-03-01,150
379,2025-04-01,150
379,2025-05-01,150
379,2025-06-01,150
379,2025-07-01,150
379,2025-08-01,150
379,2025-09-01,150
379,2025-10-01,150
379,2025-11-01,150
379,2025-12-01,150
380,2025-10-01,350
380,2025-11-01,350
380,2025-12-01,350
381,2025-03-01,150
381,2025-04-01,150
381,2025-05-01,150
381,2025-06-01,150
381,2025-07-01,150
381,2025-08-01,150
381,2025-09-01,150
381,2025-10-01,150
381,2025-11-01,150
381,2025-12-01,150
382,2025-05-01,150
382,2025-06-01,150
382,2025-07-01,150
382,2025-08-01,150
382,2025-09-01,150
382,2025-10-01,150
382,2025-11-01,150
383,2025-04-01,350
383,2025-05-01,350
383,2025-06-01,350
383,2025-07-01,350
383,2025-08-01,350
383,2025-09-01,350
383,2025-10-01,350
383,2025-11-01,350
383,2025-12-01,350
384,2025-04-01,150
384,2025-05-01,150
384,2025-06-01,150
384,2025-07-01,150
384,2025-08-01,150
384,2025-09-01,150
384,2025-10-01,150
384,2025-11-01,150
384,2025-12-01,150
385,2024-10-01,350
385,2024-11-01,350
385,2024-12-01,350
385,2025-01-01,350
385,2025-02-01,350
385,2025-03-01,350
385,2025-04-01,350
385,2025-05-01,350
385,2025-06-01,350
385,2025-07-01,350
385,2025-08-01,350
385,2025-09-01,350
385,2025-10-01,350
385,2025-11-01,350
385,2025-12-01,350
386,2025-04-01,150
386,2025-05-01,150
386,2025-06-01,150
386,2025-07-01,150
386,2025-08-01,150
386,2025-09-01,150
386,2025-10-01,150
386,2025-11-01,150
386,2025-12-01,150
387,2024-02-01,150
387,2024-03-01,150
387,2024-04-01,150
387,2024-05-01,150
387,2024-06-01,150
387,2024-07-01,150
387,2024-08-01,150
387,2024-09-01,150
387,2024-10-01,150
387,2024-11-01,150
387,2024-12-01,150
387,2025-01-01,150
387,2025-02-01,150
387,2025-03-01,150
387,2025-04-01,150
387,2025-05-01,150
387,2025-06-01,150
387,2025-07-01,150
387,2025-08-01,150
387,2025-09-01,150
387,2025-10-01,150
387,2025-11-01,150
387,2025-12-01,150
388,2025-12-01,150
389,2025-09-01,350
389,2025-10-01,350
389,2025-11-01,350
389,2025-12-01,350
390,2025-03-01,150
390,2025-04-01,150
390,2025-05-01,150
390,2025-06-01,150
390,2025-07-01,150
390,2025-08-01,150
390,2025-09-01,150
390,2025-10-01,150
390,2025-11-01,150
390,2025-12-01,150
391,2025-12-01,150
392,2024-05-01,150
392,2024-06-01,150
392,2024-07-01,150
392,2024-08-01,150
392,2024-09-01,150
392,2024-10-01,150
392,2024-11-01,150
392,2024-12-01,150
392,2025-01-01,150
392,2025-02-01,150
392,2025-03-01,150
392,2025-04-01,150
392,2025-05-01,150
392,2025-06-01,150
392,2025-07-01,150
392,2025-08-01,150
392,2025-09-01,150
392,2025-10-01,150
392,2025-11-01,150
392,2025-12-01,150
393,2024-08-01,350
393,2024-09-01,350
393,2024-10-01,350
393,2024-11-01,350
393,2024-12-01,350
393,2025-01-01,350
393,2025-02-01,350
393,2025-03-01,350
393,2025-04-01,350
393,2025-05-01,350
393,2025-06-01,350
393,2025-07-01,350
393,2025-08-01,350
393,2025-09-01,350
393,2025-10-01,350
393,2025-11-01,350
393,2025-12-01,350
394,2024-03-01,350
394,2024-04-01,350
394,2024-05-01,350
394,2024-06-01,350
394,2024-07-01,350
394,2024-08-01,350
394,2024-09-01,350
394,2024-10-01,350
394,2024-11-01,350
394,2024-12-01,350
394,2025-01-01,350
394,2025-02-01,350
394,2025-03-01,350
394,2025-04-01,350
394,2025-05-01,350
394,2025-06-01,350
394,2025-07-01,350
394,2025-08-01,350
394,2025-09-01,350
394,2025-10-01,350
394,2025-11-01,350
394,2025-12-01,350
395,2025-01-01,150
395,2025-02-01,150
395,2025-03-01,150
395,2025-04-01,150
395,2025-05-01,150
395,2025-06-01,150
395,2025-07-01,150
395,2025-08-01,150
395,2025-09-01,150
395,2025-10-01,150
395,2025-11-01,150
395,2025-12-01,150
396,2025-08-01,150
396,2025-09-01,150
396,2025-10-01,150
396,2025-11-01,150
396,2025-12-01,150
397,2024-05-01,800
397,2024-06-01,800
397,2024-07-01,800
397,2024-08-01,800
397,2024-09-01,800
397,2024-10-01,800
397,2024-11-01,800
397,2024-12-01,800
397,2025-01-01,800
397,2025-02-01,800
397,2025-03-01,800
397,2025-04-01,800
397,2025-05-01,800
397,2025-06-01,800
397,2025-07-01,800
397,2025-08-01,800
397,2025-09-01,800
397,2025-10-01,800
397,2025-11-01,800
397,2025-12-01,800
398,2025-01-01,800
398,2025-02-01,800
398,2025-03-01,800
398,2025-04-01,800
398,2025-05-01,800
398,2025-06-01,800
398,2025-07-01,800
398,2025-08-01,800
398,2025-09-01,800
398,2025-10-01,800
398,2025-11-01,800
398,2025-12-01,800
399,2025-03-01,350
399,2025-04-01,350
399,2025-05-01,350
399,2025-06-01,350
399,2025-07-01,350
399,2025-08-01,350
399,2025-09-01,350
399,2025-10-01,350
399,2025-11-01,350
399,2025-12-01,350
400,2024-08-01,350
400,2024-09-01,350
400,2024-10-01,350
400,2024-11-01,350
400,2024-12-01,350
400,2025-01-01,350
400,2025-02-01,350
400,2025-03-01,350
400,2025-04-01,350
400,2025-05-01,350
400,2025-06-01,350
400,2025-07-01,350
400,2025-08-01,350
400,2025-09-01,350
400,2025-10-01,350
400,2025-11-01,350
400,2025-12-01,350
401,2025-12-01,350
402,2025-02-01,350
402,2025-03-01,350
402,2025-04-01,350
402,2025-05-01,350
402,2025-06-01,350
402,2025-07-01,350
402,2025-08-01,350
402,2025-09-01,350
402,2025-10-01,350
402,2025-11-01,350
402,2025-12-01,350
403,2024-05-01,150
403,2024-06-01,150
403,2024-07-01,150
403,2024-08-01,150
403,2024-09-01,150
403,2024-10-01,150
403,2024-11-01,150
403,2024-12-01,150
403,2025-01-01,150
403,2025-02-01,150
403,2025-03-01,150
403,2025-04-01,150
403,2025-05-01,150
403,2025-06-01,150
403,2025-07-01,150
403,2025-08-01,150
403,2025-09-01,150
403,2025-10-01,150
403,2025-11-01,150
403,2025-12-01,150
404,2024-09-01,350
404,2024-10-01,350
404,2024-11-01,350
404,2024-12-01,350
404,2025-01-01,350
404,2025-02-01,350
404,2025-03-01,350
404,2025-04-01,350
404,2025-05-01,350
404,2025-06-01,350
404,2025-07-01,350
404,2025-08-01,350
404,2025-09-01,350
404,2025-10-01,350
404,2025-11-01,350
404,2025-12-01,350
405,2024-05-01,350
405,2024-06-01,350
405,2024-07-01,350
405,2024-08-01,350
405,2024-09-01,350
405,2024-10-01,350
405,2024-11-01,350
405,2024-12-01,350
405,2025-01-01,350
406,2024-03-01,800
406,2024-04-01,800
406,2024-05-01,800
406,2024-06-01,800
406,2024-07-01,800
406,2024-08-01,800
406,2024-09-01,800
406,2024-10-01,800
406,2024-11-01,800
406,2024-12-01,800
406,2025-01-01,800
406,2025-02-01,800
406,2025-03-01,800
406,2025-04-01,800
406,2025-05-01,800
406,2025-06-01,800
406,2025-07-01,800
406,2025-08-01,800
406,2025-09-01,800
406,2025-10-01,800
406,2025-11-01,800
407,2025-06-01,150
407,2025-07-01,150
407,2025-08-01,150
407,2025-09-01,150
407,2025-10-01,150
407,2025-11-01,150
407,2025-12-01,150
408,2024-08-01,150
408,2024-09-01,150
408,2024-10-01,150
408,2024-11-01,150
408,2024-12-01,150
408,2025-01-01,150
408,2025-02-01,150
408,2025-03-01,150
408,2025-04-01,150
408,2025-05-01,150
408,2025-06-01,150
408,2025-07-01,150
408,2025-08-01,150
408,2025-09-01,150
408,2025-10-01,150
408,2025-11-01,150
408,2025-12-01,150
409,2025-03-01,150
409,2025-04-01,150
409,2025-05-01,150
409,2025-06-01,150
409,2025-07-01,150
409,2025-08-01,150
409,2025-09-01,150
409,2025-10-01,150
409,2025-11-01,150
409,2025-12-01,150
410,2024-04-01,150
410,2024-05-01,150
410,2024-06-01,150
411,2025-05-01,150
411,2025-06-01,150
411,2025-07-01,150
411,2025-08-01,150
411,2025-09-01,150
411,2025-10-01,150
411,2025-11-01,150
411,2025-12-01,150
412,2025-08-01,150
412,2025-09-01,150
412,2025-10-01,150
412,2025-11-01,150
412,2025-12-01,150
413,2025-05-01,150
413,2025-06-01,150
413,2025-07-01,150
413,2025-08-01,150
413,2025-09-01,150
413,2025-10-01,150
413,2025-11-01,150
413,2025-12-01,150
414,2025-02-01,350
414,2025-03-01,350
414,2025-04-01,350
414,2025-05-01,350
414,2025-06-01,350
414,2025-07-01,350
414,2025-08-01,350
414,2025-09-01,350
414,2025-10-01,350
414,2025-11-01,350
414,2025-12-01,350
415,2025-02-01,150
415,2025-03-01,150
415,2025-04-01,150
415,2025-05-01,150
415,2025-06-01,150
415,2025-07-01,150
415,2025-08-01,150
415,2025-09-01,150
415,2025-10-01,150
415,2025-11-01,150
415,2025-12-01,150
416,2024-06-01,350
416,2024-07-01,350
416,2024-08-01,350
417,2024-08-01,800
417,2024-09-01,800
417,2024-10-01,800
417,2024-11-01,800
417,2024-12-01,800
417,2025-01-01,800
417,2025-02-01,800
417,2025-03-01,800
417,2025-04-01,800
417,2025-05-01,800
417,2025-06-01,800
417,2025-07-01,800
417,2025-08-01,800
417,2025-09-01,800
417,2025-10-01,800
417,2025-11-01,800
417,2025-12-01,800
418,2024-04-01,800
418,2024-05-01,800
418,2024-06-01,800
418,2024-07-01,800
418,2024-08-01,800
418,2024-09-01,800
418,2024-10-01,800
418,2024-11-01,800
418,2024-12-01,800
418,2025-01-01,800
418,2025-02-01,800
418,2025-03-01,800
418,2025-04-01,800
418,2025-05-01,800
418,2025-06-01,800
418,2025-07-01,800
418,2025-08-01,800
418,2025-09-01,800
418,2025-10-01,800
418,2025-11-01,800
418,2025-12-01,800
419,2024-06-01,350
419,2024-07-01,350
419,2024-08-01,350
419,2024-09-01,350
419,2024-10-01,350
419,2024-11-01,350
419,2024-12-01,350
419,2025-01-01,350
419,2025-02-01,350
419,2025-03-01,350
419,2025-04-01,350
419,2025-05-01,350
420,2024-09-01,350
420,2024-10-01,350
420,2024-11-01,350
420,2024-12-01,350
420,2025-01-01,350
420,2025-02-01,350
420,2025-03-01,350
420,2025-04-01,350
420,2025-05-01,350
420,2025-06-01,350
420,2025-07-01,350
420,2025-08-01,350
420,2025-09-01,350
420,2025-10-01,350
420,2025-11-01,350
420,2025-12-01,350
421,2025-01-01,150
421,2025-02-01,150
421,2025-03-01,150
421,2025-04-01,150
421,2025-05-01,150
421,2025-06-01,150
421,2025-07-01,150
421,2025-08-01,150
421,2025-09-01,150
421,2025-10-01,150
421,2025-11-01,150
421,2025-12-01,150
422,2025-04-01,350
422,2025-05-01,350
422,2025-06-01,350
422,2025-07-01,350
422,2025-08-01,350
422,2025-09-01,350
422,2025-10-01,350
422,2025-11-01,350
422,2025-12-01,350
423,2025-01-01,150
423,2025-02-01,150
423,2025-03-01,150
423,2025-04-01,150
423,2025-05-01,150
423,2025-06-01,150
423,2025-07-01,150
423,2025-08-01,150
423,2025-09-01,150
423,2025-10-01,150
423,2025-11-01,150
423,2025-12-01,150
424,2024-03-01,350
424,2024-04-01,350
424,2024-05-01,350
424,2024-06-01,350
424,2024-07-01,350
424,2024-08-01,350
424,2024-09-01,350
424,2024-10-01,350
424,2024-11-01,350
424,2024-12-01,350
424,2025-01-01,350
424,2025-02-01,350
424,2025-03-01,350
424,2025-04-01,350
424,2025-05-01,350
424,2025-06-01,350
424,2025-07-01,350
424,2025-08-01,350
424,2025-09-01,350
424,2025-10-01,350
424,2025-11-01,350
424,2025-12-01,350
425,2025-01-01,350
425,2025-02-01,350
425,2025-03-01,350
425,2025-04-01,350
425,2025-05-01,350
425,2025-06-01,350
425,2025-07-01,350
425,2025-08-01,350
425,2025-09-01,350
425,2025-10-01,350
425,2025-11-01,350
425,2025-12-01,350
426,2024-04-01,150
426,2024-05-01,150
426,2024-06-01,150
426,2024-07-01,150
426,2024-08-01,150
426,2024-09-01,150
426,2024-10-01,150
426,2024-11-01,150
426,2024-12-01,150
426,2025-01-01,150
426,2025-02-01,150
426,2025-03-01,150
426,2025-04-01,150
426,2025-05-01,150
426,2025-06-01,150
426,2025-07-01,150
426,2025-08-01,150
426,2025-09-01,150
426,2025-10-01,150
426,2025-11-01,150
426,2025-12-01,150
427,2024-04-01,150
427,2024-05-01,150
427,2024-06-01,150
427,2024-07-01,150
427,2024-08-01,150
427,2024-09-01,150
427,2024-10-01,150
427,2024-11-01,150
427,2024-12-01,150
427,2025-01-01,150
427,2025-02-01,150
427,2025-03-01,150
427,2025-04-01,150
428,2025-12-01,150
429,2025-09-01,150
430,2024-08-01,150
430,2024-09-01,150
430,2024-10-01,150
430,2024-11-01,150
430,2024-12-01,150
430,2025-01-01,150
430,2025-02-01,150
430,2025-03-01,150
430,2025-04-01,150
430,2025-05-01,150
430,2025-06-01,150
430,2025-07-01,150
430,2025-08-01,150
430,2025-09-01,150
430,2025-10-01,150
430,2025-11-01,150
430,2025-12-01,150
431,2024-03-01,150
431,2024-04-01,150
431,2024-05-01,150
432,2025-12-01,350
433,2024-08-01,150
433,2024-09-01,150
433,2024-10-01,150
433,2024-11-01,150
433,2024-12-01,150
433,2025-01-01,150
433,2025-02-01,150
433,2025-03-01,150
433,2025-04-01,150
433,2025-05-01,150
433,2025-06-01,150
433,2025-07-01,150
433,2025-08-01,150
433,2025-09-01,150
433,2025-10-01,150
433,2025-11-01,150
433,2025-12-01,150
434,2024-12-01,150
434,2025-01-01,150
434,2025-02-01,150
434,2025-03-01,150
434,2025-04-01,150
434,2025-05-01,150
434,2025-06-01,150
434,2025-07-01,150
434,2025-08-01,150
434,2025-09-01,150
434,2025-10-01,150
434,2025-11-01,150
434,2025-12-01,150
435,2024-02-01,150
435,2024-03-01,150
435,2024-04-01,150
435,2024-05-01,150
435,2024-06-01,150
435,2024-07-01,150
435,2024-08-01,150
435,2024-09-01,150
435,2024-10-01,150
435,2024-11-01,150
435,2024-12-01,150
435,2025-01-01,150
435,2025-02-01,150
435,2025-03-01,150
435,2025-04-01,150
435,2025-05-01,150
435,2025-06-01,150
435,2025-07-01,150
435,2025-08-01,150
435,2025-09-01,150
435,2025-10-01,150
435,2025-11-01,150
435,2025-12-01,150
436,2025-06-01,350
436,2025-07-01,350
436,2025-08-01,350
437,2025-02-01,350
437,2025-03-01,350
437,2025-04-01,350
437,2025-05-01,350
437,2025-06-01,350
438,2024-06-01,150
438,2024-07-01,150
438,2024-08-01,150
438,2024-09-01,150
438,2024-10-01,150
438,2024-11-01,150
438,2024-12-01,150
438,2025-01-01,150
438,2025-02-01,150
438,2025-03-01,150
438,2025-04-01,150
438,2025-05-01,150
438,2025-06-01,150
438,2025-07-01,150
438,2025-08-01,150
438,2025-09-01,150
438,2025-10-01,150
438,2025-11-01,150
438,2025-12-01,150
439,2024-05-01,350
439,2024-06-01,350
439,2024-07-01,350
439,2024-08-01,350
439,2024-09-01,350
439,2024-10-01,350
439,2024-11-01,350
439,2024-12-01,350
439,2025-01-01,350
439,2025-02-01,350
439,2025-03-01,350
439,2025-04-01,350
439,2025-05-01,350
439,2025-06-01,350
439,2025-07-01,350
439,2025-08-01,350
439,2025-09-01,350
439,2025-10-01,350
439,2025-11-01,350
439,2025-12-01,350
440,2024-03-01,350
440,2024-04-01,350
440,2024-05-01,350
440,2024-06-01,350
440,2024-07-01,350
440,2024-08-01,350
440,2024-09-01,350
440,2024-10-01,350
440,2024-11-01,350
440,2024-12-01,350
440,2025-01-01,350
440,2025-02-01,350
440,2025-03-01,350
440,2025-04-01,350
440,2025-05-01,350
440,2025-06-01,350
440,2025-07-01,350
440,2025-08-01,350
440,2025-09-01,350
440,2025-10-01,350
440,2025-11-01,350
440,2025-12-01,350
441,2024-08-01,150
441,2024-09-01,150
441,2024-10-01,150
441,2024-11-01,150
441,2024-12-01,150
441,2025-01-01,150
441,2025-02-01,150
441,2025-03-01,150
441,2025-04-01,150
441,2025-05-01,150
441,2025-06-01,150
441,2025-07-01,150
441,2025-08-01,150
441,2025-09-01,150
441,2025-10-01,150
441,2025-11-01,150
441,2025-12-01,150
442,2025-09-01,150
442,2025-10-01,150
442,2025-11-01,150
442,2025-12-01,150
443,2025-06-01,350
443,2025-07-01,350
443,2025-08-01,350
443,2025-09-01,350
443,2025-10-01,350
443,2025-11-01,350
443,2025-12-01,350
444,2024-08-01,150
444,2024-09-01,150
444,2024-10-01,150
445,2025-04-01,150
445,2025-05-01,150
445,2025-06-01,150
445,2025-07-01,150
445,2025-08-01,150
445,2025-09-01,150
445,2025-10-01,150
445,2025-11-01,150
445,2025-12-01,150
446,2025-03-01,150
446,2025-04-01,150
446,2025-05-01,150
446,2025-06-01,150
446,2025-07-01,150
446,2025-08-01,150
446,2025-09-01,150
446,2025-10-01,150
446,2025-11-01,150
446,2025-12-01,150
447,2025-07-01,150
447,2025-08-01,150
447,2025-09-01,150
447,2025-10-01,150
447,2025-11-01,150
447,2025-12-01,150
448,2024-03-01,150
448,2024-04-01,150
448,2024-05-01,150
448,2024-06-01,150
448,2024-07-01,150
448,2024-08-01,150
448,2024-09-01,150
448,2024-10-01,150
448,2024-11-01,150
448,2024-12-01,150
448,2025-01-01,150
448,2025-02-01,150
448,2025-03-01,150
448,2025-04-01,150
448,2025-05-01,150
448,2025-06-01,150
448,2025-07-01,150
448,2025-08-01,150
448,2025-09-01,150
448,2025-10-01,150
448,2025-11-01,150
448,2025-12-01,150
449,2025-02-01,350
449,2025-03-01,350
449,2025-04-01,350
449,2025-05-01,350
449,2025-06-01,350
449,2025-07-01,350
449,2025-08-01,350
449,2025-09-01,350
449,2025-10-01,350
449,2025-11-01,350
449,2025-12-01,350
450,2024-09-01,800
450,2024-10-01,800
450,2024-11-01,800
450,2024-12-01,800
450,2025-01-01,800
450,2025-02-01,800
450,2025-03-01,800
450,2025-04-01,800
450,2025-05-01,800
450,2025-06-01,800
450,2025-07-01,800
450,2025-08-01,800
450,2025-09-01,800
450,2025-10-01,800
450,2025-11-01,800
450,2025-12-01,800
451,2024-10-01,800
451,2024-11-01,800
451,2024-12-01,800
451,2025-01-01,800
451,2025-02-01,800
451,2025-03-01,800
451,2025-04-01,800
451,2025-05-01,800
451,2025-06-01,800
451,2025-07-01,800
451,2025-08-01,800
451,2025-09-01,800
451,2025-10-01,800
451,2025-11-01,800
451,2025-12-01,800
452,2025-06-01,350
452,2025-07-01,350
452,2025-08-01,350
452,2025-09-01,350
452,2025-10-01,350
452,2025-11-01,350
452,2025-12-01,350
453,2024-10-01,800
453,2024-11-01,800
453,2024-12-01,800
453,2025-01-01,800
453,2025-02-01,800
453,2025-03-01,800
453,2025-04-01,800
453,2025-05-01,800
453,2025-06-01,800
453,2025-07-01,800
453,2025-08-01,800
453,2025-09-01,800
453,2025-10-01,800
453,2025-11-01,800
453,2025-12-01,800
454,2024-02-01,350
455,2024-04-01,150
455,2024-05-01,150
455,2024-06-01,150
455,2024-07-01,150
455,2024-08-01,150
455,2024-09-01,150
455,2024-10-01,150
455,2024-11-01,150
455,2024-12-01,150
455,2025-01-01,150
455,2025-02-01,150
455,2025-03-01,150
455,2025-04-01,150
455,2025-05-01,150
455,2025-06-01,150
455,2025-07-01,150
455,2025-08-01,150
455,2025-09-01,150
455,2025-10-01,150
455,2025-11-01,150
455,2025-12-01,150
456,2024-06-01,350
456,2024-07-01,350
456,2024-08-01,350
456,2024-09-01,350
456,2024-10-01,350
456,2024-11-01,350
456,2024-12-01,350
456,2025-01-01,350
456,2025-02-01,350
456,2025-03-01,350
456,2025-04-01,350
456,2025-05-01,350
456,2025-06-01,350
456,2025-07-01,350
456,2025-08-01,350
456,2025-09-01,350
456,2025-10-01,350
456,2025-11-01,350
456,2025-12-01,350
457,2024-10-01,150
457,2024-11-01,150
457,2024-12-01,150
457,2025-01-01,150
457,2025-02-01,150
457,2025-03-01,150
457,2025-04-01,150
457,2025-05-01,150
457,2025-06-01,150
457,2025-07-01,150
457,2025-08-01,150
457,2025-09-01,150
457,2025-10-01,150
457,2025-11-01,150
457,2025-12-01,150
458,2025-06-01,350
458,2025-07-01,350
458,2025-08-01,350
458,2025-09-01,350
458,2025-10-01,350
458,2025-11-01,350
458,2025-12-01,350
459,2025-03-01,150
459,2025-04-01,150
459,2025-05-01,150
459,2025-06-01,150
459,2025-07-01,150
459,2025-08-01,150
459,2025-09-01,150
459,2025-10-01,150
459,2025-11-01,150
459,2025-12-01,150
460,2024-07-01,350
460,2024-08-01,350
460,2024-09-01,350
460,2024-10-01,350
460,2024-11-01,350
460,2024-12-01,350
460,2025-01-01,350
460,2025-02-01,350
461,2025-04-01,150
461,2025-05-01,150
461,2025-06-01,150
461,2025-07-01,150
461,2025-08-01,150
461,2025-09-01,150
461,2025-10-01,150
461,2025-11-01,150
461,2025-12-01,150
462,2024-08-01,150
462,2024-09-01,150
462,2024-10-01,150
462,2024-11-01,150
462,2024-12-01,150
462,2025-01-01,150
462,2025-02-01,150
462,2025-03-01,150
462,2025-04-01,150
462,2025-05-01,150
462,2025-06-01,150
462,2025-07-01,150
462,2025-08-01,150
462,2025-09-01,150
462,2025-10-01,150
462,2025-11-01,150
462,2025-12-01,150
463,2025-12-01,150
464,2024-09-01,150
464,2024-10-01,150
464,2024-11-01,150
464,2024-12-01,150
464,2025-01-01,150
464,2025-02-01,150
464,2025-03-01,150
464,2025-04-01,150
464,2025-05-01,150
464,2025-06-01,150
464,2025-07-01,150
464,2025-08-01,150
465,2025-09-01,350
465,2025-10-01,350
465,2025-11-01,350
465,2025-12-01,350
466,2025-03-01,150
466,2025-04-01,150
466,2025-05-01,150
466,2025-06-01,150
466,2025-07-01,150
467,2025-10-01,150
467,2025-11-01,150
467,2025-12-01,150
468,2025-07-01,150
468,2025-08-01,150
468,2025-09-01,150
468,2025-10-01,150
468,2025-11-01,150
468,2025-12-01,150
469,2024-11-01,150
469,2024-12-01,150
469,2025-01-01,150
469,2025-02-01,150
469,2025-03-01,150
469,2025-04-01,150
469,2025-05-01,150
469,2025-06-01,150
469,2025-07-01,150
469,2025-08-01,150
469,2025-09-01,150
469,2025-10-01,150
469,2025-11-01,150
469,2025-12-01,150
470,2025-01-01,150
470,2025-02-01,150
470,2025-03-01,150
470,2025-04-01,150
470,2025-05-01,150
470,2025-06-01,150
470,2025-07-01,150
470,2025-08-01,150
470,2025-09-01,150
470,2025-10-01,150
470,2025-11-01,150
470,2025-12-01,150
471,2025-08-01,800
471,2025-09-01,800
471,2025-10-01,800
471,2025-11-01,800
471,2025-12-01,800
472,2024-11-01,800
472,2024-12-01,800
472,2025-01-01,800
472,2025-02-01,800
472,2025-03-01,800
472,2025-04-01,800
472,2025-05-01,800
472,2025-06-01,800
472,2025-07-01,800
472,2025-08-01,800
472,2025-09-01,800
472,2025-10-01,800
472,2025-11-01,800
472,2025-12-01,800
473,2025-11-01,350
473,2025-12-01,350
474,2025-03-01,800
474,2025-04-01,800
474,2025-05-01,800
474,2025-06-01,800
474,2025-07-01,800
474,2025-08-01,800
474,2025-09-01,800
474,2025-10-01,800
474,2025-11-01,800
474,2025-12-01,800
475,2025-08-01,350
475,2025-09-01,350
475,2025-10-01,350
476,2025-01-01,800
476,2025-02-01,800
476,2025-03-01,800
476,2025-04-01,800
476,2025-05-01,800
476,2025-06-01,800
476,2025-07-01,800
476,2025-08-01,800
476,2025-09-01,800
476,2025-10-01,800
476,2025-11-01,800
476,2025-12-01,800
477,2024-04-01,350
477,2024-05-01,350
477,2024-06-01,350
477,2024-07-01,350
477,2024-08-01,350
477,2024-09-01,350
477,2024-10-01,350
477,2024-11-01,350
477,2024-12-01,350
477,2025-01-01,350
477,2025-02-01,350
477,2025-03-01,350
477,2025-04-01,350
477,2025-05-01,350
477,2025-06-01,350
477,2025-07-01,350
477,2025-08-01,350
477,2025-09-01,350
477,2025-10-01,350
477,2025-11-01,350
477,2025-12-01,350
478,2024-09-01,350
478,2024-10-01,350
478,2024-11-01,350
478,2024-12-01,350
478,2025-01-01,350
478,2025-02-01,350
478,2025-03-01,350
478,2025-04-01,350
478,2025-05-01,350
478,2025-06-01,350
478,2025-07-01,350
478,2025-08-01,350
478,2025-09-01,350
478,2025-10-01,350
478,2025-11-01,350
478,2025-12-01,350
479,2024-02-01,800
479,2024-03-01,800
479,2024-04-01,800
479,2024-05-01,800
479,2024-06-01,800
479,2024-07-01,800
479,2024-08-01,800
479,2024-09-01,800
479,2024-10-01,800
479,2024-11-01,800
479,2024-12-01,800
479,2025-01-01,800
479,2025-02-01,800
479,2025-03-01,800
479,2025-04-01,800
479,2025-05-01,800
479,2025-06-01,800
479,2025-07-01,800
479,2025-08-01,800
479,2025-09-01,800
479,2025-10-01,800
479,2025-11-01,800
479,2025-12-01,800
480,2024-07-01,350
480,2024-08-01,350
480,2024-09-01,350
480,2024-10-01,350
480,2024-11-01,350
480,2024-12-01,350
480,2025-01-01,350
480,2025-02-01,350
480,2025-03-01,350
480,2025-04-01,350
480,2025-05-01,350
480,2025-06-01,350
480,2025-07-01,350
480,2025-08-01,350
480,2025-09-01,350
480,2025-10-01,350
480,2025-11-01,350
480,2025-12-01,350
481,2024-02-01,150
481,2024-03-01,150
481,2024-04-01,150
481,2024-05-01,150
481,2024-06-01,150
481,2024-07-01,150
481,2024-08-01,150
481,2024-09-01,150
481,2024-10-01,150
481,2024-11-01,150
481,2024-12-01,150
481,2025-01-01,150
481,2025-02-01,150
481,2025-03-01,150
481,2025-04-01,150
481,2025-05-01,150
481,2025-06-01,150
481,2025-07-01,150
481,2025-08-01,150
481,2025-09-01,150
481,2025-10-01,150
481,2025-11-01,150
482,2025-09-01,150
482,2025-10-01,150
482,2025-11-01,150
483,2024-09-01,150
483,2024-10-01,150
483,2024-11-01,150
483,2024-12-01,150
483,2025-01-01,150
483,2025-02-01,150
483,2025-03-01,150
483,2025-04-01,150
483,2025-05-01,150
483,2025-06-01,150
483,2025-07-01,150
483,2025-08-01,150
483,2025-09-01,150
483,2025-10-01,150
483,2025-11-01,150
483,2025-12-01,150
484,2024-12-01,800
484,2025-01-01,800
484,2025-02-01,800
484,2025-03-01,800
484,2025-04-01,800
484,2025-05-01,800
484,2025-06-01,800
484,2025-07-01,800
484,2025-08-01,800
484,2025-09-01,800
484,2025-10-01,800
484,2025-11-01,800
484,2025-12-01,800
485,2024-05-01,150
485,2024-06-01,150
485,2024-07-01,150
485,2024-08-01,150
485,2024-09-01,150
485,2024-10-01,150
485,2024-11-01,150
485,2024-12-01,150
485,2025-01-01,150
485,2025-02-01,150
485,2025-03-01,150
485,2025-04-01,150
485,2025-05-01,150
485,2025-06-01,150
485,2025-07-01,150
485,2025-08-01,150
485,2025-09-01,150
485,2025-10-01,150
486,2025-04-01,150
486,2025-05-01,150
486,2025-06-01,150
486,2025-07-01,150
486,2025-08-01,150
486,2025-09-01,150
486,2025-10-01,150
486,2025-11-01,150
486,2025-12-01,150
487,2025-01-01,150
487,2025-02-01,150
487,2025-03-01,150
487,2025-04-01,150
487,2025-05-01,150
487,2025-06-01,150
487,2025-07-01,150
487,2025-08-01,150
487,2025-09-01,150
487,2025-10-01,150
487,2025-11-01,150
487,2025-12-01,150
488,2024-11-01,350
488,2024-12-01,350
488,2025-01-01,350
488,2025-02-01,350
488,2025-03-01,350
488,2025-04-01,350
488,2025-05-01,350
488,2025-06-01,350
488,2025-07-01,350
488,2025-08-01,350
489,2024-11-01,150
489,2024-12-01,150
489,2025-01-01,150
489,2025-02-01,150
489,2025-03-01,150
489,2025-04-01,150
489,2025-05-01,150
489,2025-06-01,150
489,2025-07-01,150
489,2025-08-01,150
489,2025-09-01,150
489,2025-10-01,150
489,2025-11-01,150
489,2025-12-01,150
490,2024-05-01,150
490,2024-06-01,150
490,2024-07-01,150
490,2024-08-01,150
490,2024-09-01,150
490,2024-10-01,150
490,2024-11-01,150
490,2024-12-01,150
490,2025-01-01,150
490,2025-02-01,150
490,2025-03-01,150
490,2025-04-01,150
490,2025-05-01,150
490,2025-06-01,150
491,2025-03-01,800
491,2025-04-01,800
491,2025-05-01,800
491,2025-06-01,800
491,2025-07-01,800
491,2025-08-01,800
491,2025-09-01,800
491,2025-10-01,800
491,2025-11-01,800
491,2025-12-01,800
492,2025-04-01,350
493,2024-06-01,350
493,2024-07-01,350
493,2024-08-01,350
493,2024-09-01,350
493,2024-10-01,350
493,2024-11-01,350
493,2024-12-01,350
493,2025-01-01,350
493,2025-02-01,350
493,2025-03-01,350
493,2025-04-01,350
493,2025-05-01,350
493,2025-06-01,350
493,2025-07-01,350
493,2025-08-01,350
493,2025-09-01,350
493,2025-10-01,350
493,2025-11-01,350
493,2025-12-01,350
494,2024-05-01,150
494,2024-06-01,150
494,2024-07-01,150
494,2024-08-01,150
494,2024-09-01,150
494,2024-10-01,150
494,2024-11-01,150
494,2024-12-01,150
494,2025-01-01,150
494,2025-02-01,150
494,2025-03-01,150
494,2025-04-01,150
494,2025-05-01,150
494,2025-06-01,150
494,2025-07-01,150
494,2025-08-01,150
494,2025-09-01,150
494,2025-10-01,150
494,2025-11-01,150
494,2025-12-01,150
495,2025-06-01,150
495,2025-07-01,150
495,2025-08-01,150
495,2025-09-01,150
495,2025-10-01,150
495,2025-11-01,150
495,2025-12-01,150
496,2025-06-01,150
496,2025-07-01,150
496,2025-08-01,150
496,2025-09-01,150
496,2025-10-01,150
496,2025-11-01,150
496,2025-12-01,150
497,2024-10-01,350
497,2024-11-01,350
497,2024-12-01,350
497,2025-01-01,350
497,2025-02-01,350
498,2025-11-01,150
498,2025-12-01,150
499,2024-02-01,150
499,2024-03-01,150
499,2024-04-01,150
499,2024-05-01,150
499,2024-06-01,150
499,2024-07-01,150
499,2024-08-01,150
499,2024-09-01,150
499,2024-10-01,150
499,2024-11-01,150
499,2024-12-01,150
499,2025-01-01,150
499,2025-02-01,150
499,2025-03-01,150
499,2025-04-01,150
499,2025-05-01,150
500,2025-05-01,150
500,2025-06-01,150
500,2025-07-01,150
500,2025-08-01,150
500,2025-09-01,150
501,2025-10-01,150
501,2025-11-01,150
501,2025-12-01,150
502,2024-03-01,800
502,2024-04-01,800
502,2024-05-01,800
502,2024-06-01,800
502,2024-07-01,800
502,2024-08-01,800
502,2024-09-01,800
502,2024-10-01,800
502,2024-11-01,800
502,2024-12-01,800
502,2025-01-01,800
502,2025-02-01,800
502,2025-03-01,800
502,2025-04-01,800
502,2025-05-01,800
502,2025-06-01,800
502,2025-07-01,800
502,2025-08-01,800
503,2024-02-01,350
503,2024-03-01,350
503,2024-04-01,350
503,2024-05-01,350
503,2024-06-01,350
504,2025-05-01,150
504,2025-06-01,150
504,2025-07-01,150
504,2025-08-01,150
504,2025-09-01,150
504,2025-10-01,150
504,2025-11-01,150
504,2025-12-01,150
505,2024-03-01,150
505,2024-04-01,150
505,2024-05-01,150
505,2024-06-01,150
505,2024-07-01,150
505,2024-08-01,150
505,2024-09-01,150
505,2024-10-01,150
505,2024-11-01,150
505,2024-12-01,150
505,2025-01-01,150
505,2025-02-01,150
505,2025-03-01,150
505,2025-04-01,150
505,2025-05-01,150
505,2025-06-01,150
505,2025-07-01,150
505,2025-08-01,150
505,2025-09-01,150
505,2025-10-01,150
505,2025-11-01,150
505,2025-12-01,150
506,2024-02-01,350
506,2024-03-01,350
506,2024-04-01,350
506,2024-05-01,350
506,2024-06-01,350
506,2024-07-01,350
506,2024-08-01,350
506,2024-09-01,350
506,2024-10-01,350
506,2024-11-01,350
506,2024-12-01,350
506,2025-01-01,350
506,2025-02-01,350
506,2025-03-01,350
506,2025-04-01,350
506,2025-05-01,350
506,2025-06-01,350
506,2025-07-01,350
506,2025-08-01,350
506,2025-09-01,350
506,2025-10-01,350
506,2025-11-01,350
506,2025-12-01,350
507,2024-11-01,150
507,2024-12-01,150
507,2025-01-01,150
507,2025-02-01,150
507,2025-03-01,150
507,2025-04-01,150
507,2025-05-01,150
507,2025-06-01,150
507,2025-07-01,150
507,2025-08-01,150
507,2025-09-01,150
507,2025-10-01,150
507,2025-11-01,150
507,2025-12-01,150
508,2025-12-01,150
509,2024-12-01,150
509,2025-01-01,150
509,2025-02-01,150
509,2025-03-01,150
509,2025-04-01,150
509,2025-05-01,150
509,2025-06-01,150
509,2025-07-01,150
510,2025-08-01,150
510,2025-09-01,150
510,2025-10-01,150
510,2025-11-01,150
510,2025-12-01,150
511,2024-04-01,350
511,2024-05-01,350
511,2024-06-01,350
511,2024-07-01,350
511,2024-08-01,350
511,2024-09-01,350
511,2024-10-01,350
511,2024-11-01,350
511,2024-12-01,350
511,2025-01-01,350
511,2025-02-01,350
511,2025-03-01,350
511,2025-04-01,350
511,2025-05-01,350
511,2025-06-01,350
511,2025-07-01,350
511,2025-08-01,350
511,2025-09-01,350
511,2025-10-01,350
511,2025-11-01,350
511,2025-12-01,350
512,2024-05-01,150
512,2024-06-01,150
512,2024-07-01,150
512,2024-08-01,150
512,2024-09-01,150
512,2024-10-01,150
512,2024-11-01,150
512,2024-12-01,150
512,2025-01-01,150
512,2025-02-01,150
512,2025-03-01,150
512,2025-04-01,150
512,2025-05-01,150
512,2025-06-01,150
512,2025-07-01,150
512,2025-08-01,150
512,2025-09-01,150
512,2025-10-01,150
512,2025-11-01,150
512,2025-12-01,150
513,2025-06-01,350
513,2025-07-01,350
513,2025-08-01,350
513,2025-09-01,350
513,2025-10-01,350
513,2025-11-01,350
513,2025-12-01,350
514,2025-02-01,150
514,2025-03-01,150
514,2025-04-01,150
514,2025-05-01,150
515,2025-12-01,150
516,2024-12-01,350
516,2025-01-01,350
516,2025-02-01,350
516,2025-03-01,350
516,2025-04-01,350
516,2025-05-01,350
516,2025-06-01,350
516,2025-07-01,350
516,2025-08-01,350
516,2025-09-01,350
516,2025-10-01,350
516,2025-11-01,350
516,2025-12-01,350
517,2024-08-01,800
517,2024-09-01,800
517,2024-10-01,800
517,2024-11-01,800
517,2024-12-01,800
518,2025-07-01,150
518,2025-08-01,150
518,2025-09-01,150
518,2025-10-01,150
518,2025-11-01,150
518,2025-12-01,150
519,2024-04-01,150
519,2024-05-01,150
519,2024-06-01,150
519,2024-07-01,150
519,2024-08-01,150
519,2024-09-01,150
519,2024-10-01,150
519,2024-11-01,150
520,2024-11-01,350
520,2024-12-01,350
520,2025-01-01,350
520,2025-02-01,350
520,2025-03-01,350
520,2025-04-01,350
520,2025-05-01,350
520,2025-06-01,350
520,2025-07-01,350
520,2025-08-01,350
520,2025-09-01,350
521,2024-04-01,150
521,2024-05-01,150
521,2024-06-01,150
521,2024-07-01,150
521,2024-08-01,150
521,2024-09-01,150
521,2024-10-01,150
521,2024-11-01,150
521,2024-12-01,150
521,2025-01-01,150
521,2025-02-01,150
521,2025-03-01,150
521,2025-04-01,150
521,2025-05-01,150
521,2025-06-01,150
522,2025-10-01,150
522,2025-11-01,150
522,2025-12-01,150
523,2025-08-01,150
523,2025-09-01,150
523,2025-10-01,150
523,2025-11-01,150
523,2025-12-01,150
524,2024-06-01,150
524,2024-07-01,150
524,2024-08-01,150
524,2024-09-01,150
524,2024-10-01,150
524,2024-11-01,150
524,2024-12-01,150
524,2025-01-01,150
524,2025-02-01,150
524,2025-03-01,150
524,2025-04-01,150
524,2025-05-01,150
524,2025-06-01,150
524,2025-07-01,150
524,2025-08-01,150
524,2025-09-01,150
524,2025-10-01,150
524,2025-11-01,150
524,2025-12-01,150
525,2024-06-01,350
525,2024-07-01,350
525,2024-08-01,350
525,2024-09-01,350
525,2024-10-01,350
525,2024-11-01,350
525,2024-12-01,350
525,2025-01-01,350
525,2025-02-01,350
525,2025-03-01,350
526,2025-10-01,150
526,2025-11-01,150
526,2025-12-01,150
527,2024-05-01,350
527,2024-06-01,350
527,2024-07-01,350
527,2024-08-01,350
527,2024-09-01,350
527,2024-10-01,350
527,2024-11-01,350
527,2024-12-01,350
527,2025-01-01,350
527,2025-02-01,350
527,2025-03-01,350
527,2025-04-01,350
527,2025-05-01,350
527,2025-06-01,350
527,2025-07-01,350
527,2025-08-01,350
527,2025-09-01,350
527,2025-10-01,350
527,2025-11-01,350
527,2025-12-01,350
528,2024-12-01,350
528,2025-01-01,350
528,2025-02-01,350
528,2025-03-01,350
528,2025-04-01,350
528,2025-05-01,350
528,2025-06-01,350
528,2025-07-01,350
528,2025-08-01,350
528,2025-09-01,350
528,2025-10-01,350
528,2025-11-01,350
528,2025-12-01,350
529,2025-04-01,800
529,2025-05-01,800
529,2025-06-01,800
529,2025-07-01,800
529,2025-08-01,800
529,2025-09-01,800
529,2025-10-01,800
529,2025-11-01,800
529,2025-12-01,800
530,2024-10-01,800
530,2024-11-01,800
530,2024-12-01,800
530,2025-01-01,800
530,2025-02-01,800
530,2025-03-01,800
530,2025-04-01,800
530,2025-05-01,800
530,2025-06-01,800
530,2025-07-01,800
530,2025-08-01,800
530,2025-09-01,800
530,2025-10-01,800
530,2025-11-01,800
530,2025-12-01,800
531,2024-09-01,350
532,2025-07-01,350
532,2025-08-01,350
532,2025-09-01,350
532,2025-10-01,350
532,2025-11-01,350
532,2025-12-01,350
533,2024-03-01,150
533,2024-04-01,150
533,2024-05-01,150
533,2024-06-01,150
533,2024-07-01,150
533,2024-08-01,150
533,2024-09-01,150
533,2024-10-01,150
533,2024-11-01,150
533,2024-12-01,150
533,2025-01-01,150
533,2025-02-01,150
533,2025-03-01,150
533,2025-04-01,150
533,2025-05-01,150
533,2025-06-01,150
533,2025-07-01,150
533,2025-08-01,150
533,2025-09-01,150
533,2025-10-01,150
533,2025-11-01,150
533,2025-12-01,150
534,2025-11-01,150
534,2025-12-01,150
535,2025-06-01,350
535,2025-07-01,350
535,2025-08-01,350
535,2025-09-01,350
535,2025-10-01,350
535,2025-11-01,350
535,2025-12-01,350
536,2024-10-01,350
536,2024-11-01,350
536,2024-12-01,350
536,2025-01-01,350
536,2025-02-01,350
536,2025-03-01,350
536,2025-04-01,350
536,2025-05-01,350
536,2025-06-01,350
536,2025-07-01,350
537,2025-05-01,150
537,2025-06-01,150
537,2025-07-01,150
537,2025-08-01,150
537,2025-09-01,150
537,2025-10-01,150
537,2025-11-01,150
537,2025-12-01,150
538,2025-09-01,350
538,2025-10-01,350
538,2025-11-01,350
538,2025-12-01,350
539,2025-04-01,350
539,2025-05-01,350
539,2025-06-01,350
539,2025-07-01,350
539,2025-08-01,350
539,2025-09-01,350
539,2025-10-01,350
539,2025-11-01,350
539,2025-12-01,350
540,2024-06-01,150
540,2024-07-01,150
540,2024-08-01,150
540,2024-09-01,150
540,2024-10-01,150
540,2024-11-01,150
540,2024-12-01,150
540,2025-01-01,150
540,2025-02-01,150
540,2025-03-01,150
540,2025-04-01,150
540,2025-05-01,150
540,2025-06-01,150
540,2025-07-01,150
540,2025-08-01,150
540,2025-09-01,150
540,2025-10-01,150
540,2025-11-01,150
540,2025-12-01,150
541,2024-02-01,350
541,2024-03-01,350
541,2024-04-01,350
541,2024-05-01,350
541,2024-06-01,350
541,2024-07-01,350
541,2024-08-01,350
541,2024-09-01,350
541,2024-10-01,350
541,2024-11-01,350
541,2024-12-01,350
542,2024-03-01,350
542,2024-04-01,350
542,2024-05-01,350
542,2024-06-01,350
542,2024-07-01,350
542,2024-08-01,350
542,2024-09-01,350
542,2024-10-01,350
542,2024-11-01,350
542,2024-12-01,350
542,2025-01-01,350
542,2025-02-01,350
542,2025-03-01,350
542,2025-04-01,350
542,2025-05-01,350
542,2025-06-01,350
542,2025-07-01,350
542,2025-08-01,350
543,2025-06-01,150
543,2025-07-01,150
544,2025-11-01,800
544,2025-12-01,800
545,2024-05-01,150
545,2024-06-01,150
545,2024-07-01,150
545,2024-08-01,150
545,2024-09-01,150
545,2024-10-01,150
545,2024-11-01,150
545,2024-12-01,150
545,2025-01-01,150
545,2025-02-01,150
545,2025-03-01,150
545,2025-04-01,150
545,2025-05-01,150
545,2025-06-01,150
545,2025-07-01,150
545,2025-08-01,150
545,2025-09-01,150
545,2025-10-01,150
545,2025-11-01,150
545,2025-12-01,150
546,2024-06-01,800
546,2024-07-01,800
546,2024-08-01,800
546,2024-09-01,800
546,2024-10-01,800
546,2024-11-01,800
546,2024-12-01,800
546,2025-01-01,800
546,2025-02-01,800
546,2025-03-01,800
546,2025-04-01,800
546,2025-05-01,800
546,2025-06-01,800
546,2025-07-01,800
546,2025-08-01,800
546,2025-09-01,800
546,2025-10-01,800
546,2025-11-01,800
546,2025-12-01,800
547,2025-04-01,150
547,2025-05-01,150
547,2025-06-01,150
547,2025-07-01,150
547,2025-08-01,150
547,2025-09-01,150
547,2025-10-01,150
547,2025-11-01,150
547,2025-12-01,150
548,2024-05-01,150
548,2024-06-01,150
548,2024-07-01,150
548,2024-08-01,150
548,2024-09-01,150
548,2024-10-01,150
548,2024-11-01,150
548,2024-12-01,150
548,2025-01-01,150
548,2025-02-01,150
548,2025-03-01,150
548,2025-04-01,150
548,2025-05-01,150
548,2025-06-01,150
548,2025-07-01,150
548,2025-08-01,150
548,2025-09-01,150
548,2025-10-01,150
548,2025-11-01,150
548,2025-12-01,150
549,2024-10-01,150
549,2024-11-01,150
549,2024-12-01,150
549,2025-01-01,150
549,2025-02-01,150
549,2025-03-01,150
549,2025-04-01,150
550,2025-03-01,150
550,2025-04-01,150
550,2025-05-01,150
550,2025-06-01,150
550,2025-07-01,150
550,2025-08-01,150
550,2025-09-01,150
550,2025-10-01,150
550,2025-11-01,150
550,2025-12-01,150
551,2025-12-01,150
552,2024-05-01,350
552,2024-06-01,350
552,2024-07-01,350
552,2024-08-01,350
552,2024-09-01,350
552,2024-10-01,350
552,2024-11-01,350
552,2024-12-01,350
552,2025-01-01,350
552,2025-02-01,350
552,2025-03-01,350
552,2025-04-01,350
552,2025-05-01,350
552,2025-06-01,350
552,2025-07-01,350
552,2025-08-01,350
552,2025-09-01,350
552,2025-10-01,350
552,2025-11-01,350
552,2025-12-01,350
553,2025-01-01,800
553,2025-02-01,800
553,2025-03-01,800
553,2025-04-01,800
553,2025-05-01,800
553,2025-06-01,800
553,2025-07-01,800
553,2025-08-01,800
553,2025-09-01,800
553,2025-10-01,800
553,2025-11-01,800
553,2025-12-01,800
554,2024-09-01,350
554,2024-10-01,350
554,2024-11-01,350
554,2024-12-01,350
554,2025-01-01,350
554,2025-02-01,350
554,2025-03-01,350
554,2025-04-01,350
554,2025-05-01,350
554,2025-06-01,350
554,2025-07-01,350
554,2025-08-01,350
554,2025-09-01,350
554,2025-10-01,350
554,2025-11-01,350
554,2025-12-01,350
555,2024-05-01,150
555,2024-06-01,150
555,2024-07-01,150
555,2024-08-01,150
555,2024-09-01,150
555,2024-10-01,150
555,2024-11-01,150
555,2024-12-01,150
555,2025-01-01,150
555,2025-02-01,150
555,2025-03-01,150
555,2025-04-01,150
555,2025-05-01,150
555,2025-06-01,150
555,2025-07-01,150
555,2025-08-01,150
555,2025-09-01,150
555,2025-10-01,150
555,2025-11-01,150
555,2025-12-01,150
556,2024-09-01,150
556,2024-10-01,150
556,2024-11-01,150
556,2024-12-01,150
556,2025-01-01,150
556,2025-02-01,150
556,2025-03-01,150
556,2025-04-01,150
556,2025-05-01,150
556,2025-06-01,150
556,2025-07-01,150
556,2025-08-01,150
556,2025-09-01,150
556,2025-10-01,150
556,2025-11-01,150
556,2025-12-01,150
557,2024-04-01,150
557,2024-05-01,150
557,2024-06-01,150
557,2024-07-01,150
557,2024-08-01,150
557,2024-09-01,150
557,2024-10-01,150
557,2024-11-01,150
557,2024-12-01,150
557,2025-01-01,150
557,2025-02-01,150
557,2025-03-01,150
557,2025-04-01,150
557,2025-05-01,150
557,2025-06-01,150
557,2025-07-01,150
557,2025-08-01,150
557,2025-09-01,150
557,2025-10-01,150
557,2025-11-01,150
557,2025-12-01,150
558,2024-02-01,350
558,2024-03-01,350
558,2024-04-01,350
558,2024-05-01,350
558,2024-06-01,350
558,2024-07-01,350
558,2024-08-01,350
558,2024-09-01,350
558,2024-10-01,350
558,2024-11-01,350
558,2024-12-01,350
558,2025-01-01,350
558,2025-02-01,350
558,2025-03-01,350
558,2025-04-01,350
558,2025-05-01,350
558,2025-06-01,350
558,2025-07-01,350
558,2025-08-01,350
558,2025-09-01,350
558,2025-10-01,350
558,2025-11-01,350
558,2025-12-01,350
559,2025-10-01,350
559,2025-11-01,350
559,2025-12-01,350
560,2024-05-01,150
560,2024-06-01,150
560,2024-07-01,150
560,2024-08-01,150
560,2024-09-01,150
560,2024-10-01,150
560,2024-11-01,150
560,2024-12-01,150
560,2025-01-01,150
560,2025-02-01,150
560,2025-03-01,150
560,2025-04-01,150
560,2025-05-01,150
560,2025-06-01,150
560,2025-07-01,150
560,2025-08-01,150
560,2025-09-01,150
560,2025-10-01,150
560,2025-11-01,150
560,2025-12-01,150
561,2025-02-01,150
561,2025-03-01,150
561,2025-04-01,150
561,2025-05-01,150
561,2025-06-01,150
561,2025-07-01,150
561,2025-08-01,150
561,2025-09-01,150
561,2025-10-01,150
561,2025-11-01,150
561,2025-12-01,150
562,2024-03-01,350
562,2024-04-01,350
562,2024-05-01,350
562,2024-06-01,350
562,2024-07-01,350
562,2024-08-01,350
562,2024-09-01,350
562,2024-10-01,350
562,2024-11-01,350
562,2024-12-01,350
563,2025-10-01,150
563,2025-11-01,150
563,2025-12-01,150
564,2024-11-01,150
564,2024-12-01,150
564,2025-01-01,150
564,2025-02-01,150
564,2025-03-01,150
564,2025-04-01,150
564,2025-05-01,150
564,2025-06-01,150
564,2025-07-01,150
564,2025-08-01,150
564,2025-09-01,150
564,2025-10-01,150
564,2025-11-01,150
564,2025-12-01,150
565,2025-06-01,800
565,2025-07-01,800
565,2025-08-01,800
565,2025-09-01,800
565,2025-10-01,800
565,2025-11-01,800
565,2025-12-01,800
566,2025-12-01,350
567,2025-10-01,150
567,2025-11-01,150
567,2025-12-01,150
568,2024-04-01,150
569,2025-06-01,150
570,2025-03-01,150
570,2025-04-01,150
570,2025-05-01,150
570,2025-06-01,150
571,2025-01-01,150
571,2025-02-01,150
571,2025-03-01,150
571,2025-04-01,150
571,2025-05-01,150
571,2025-06-01,150
571,2025-07-01,150
571,2025-08-01,150
571,2025-09-01,150
571,2025-10-01,150
571,2025-11-01,150
571,2025-12-01,150
572,2025-12-01,150
573,2025-05-01,150
573,2025-06-01,150
573,2025-07-01,150
573,2025-08-01,150
573,2025-09-01,150
573,2025-10-01,150
573,2025-11-01,150
573,2025-12-01,150
574,2025-09-01,150
574,2025-10-01,150
574,2025-11-01,150
574,2025-12-01,150
575,2025-08-01,350
575,2025-09-01,350
575,2025-10-01,350
575,2025-11-01,350
575,2025-12-01,350
576,2025-03-01,150
576,2025-04-01,150
576,2025-05-01,150
576,2025-06-01,150
576,2025-07-01,150
576,2025-08-01,150
576,2025-09-01,150
576,2025-10-01,150
576,2025-11-01,150
576,2025-12-01,150
577,2025-09-01,150
577,2025-10-01,150
577,2025-11-01,150
577,2025-12-01,150
578,2024-04-01,150
578,2024-05-01,150
578,2024-06-01,150
578,2024-07-01,150
578,2024-08-01,150
578,2024-09-01,150
578,2024-10-01,150
578,2024-11-01,150
578,2024-12-01,150
578,2025-01-01,150
578,2025-02-01,150
578,2025-03-01,150
578,2025-04-01,150
578,2025-05-01,150
578,2025-06-01,150
578,2025-07-01,150
578,2025-08-01,150
578,2025-09-01,150
578,2025-10-01,150
578,2025-11-01,150
578,2025-12-01,150
579,2025-09-01,350
579,2025-10-01,350
579,2025-11-01,350
579,2025-12-01,350
580,2025-11-01,150
580,2025-12-01,150
581,2024-08-01,150
582,2025-07-01,150
582,2025-08-01,150
582,2025-09-01,150
582,2025-10-01,150
582,2025-11-01,150
582,2025-12-01,150
583,2025-05-01,150
583,2025-06-01,150
583,2025-07-01,150
583,2025-08-01,150
583,2025-09-01,150
583,2025-10-01,150
583,2025-11-01,150
583,2025-12-01,150
584,2025-05-01,350
584,2025-06-01,350
584,2025-07-01,350
584,2025-08-01,350
584,2025-09-01,350
584,2025-10-01,350
584,2025-11-01,350
584,2025-12-01,350
585,2025-02-01,150
586,2025-05-01,350
586,2025-06-01,350
586,2025-07-01,350
586,2025-08-01,350
586,2025-09-01,350
586,2025-10-01,350
586,2025-11-01,350
586,2025-12-01,350
587,2025-10-01,150
587,2025-11-01,150
587,2025-12-01,150
588,2025-07-01,350
588,2025-08-01,350
589,2024-06-01,150
589,2024-07-01,150
589,2024-08-01,150
590,2025-08-01,350
590,2025-09-01,350
590,2025-10-01,350
590,2025-11-01,350
590,2025-12-01,350
591,2024-12-01,150
591,2025-01-01,150
591,2025-02-01,150
591,2025-03-01,150
591,2025-04-01,150
591,2025-05-01,150
591,2025-06-01,150
591,2025-07-01,150
591,2025-08-01,150
591,2025-09-01,150
591,2025-10-01,150
591,2025-11-01,150
591,2025-12-01,150
592,2024-11-01,150
592,2024-12-01,150
592,2025-01-01,150
592,2025-02-01,150
592,2025-03-01,150
592,2025-04-01,150
592,2025-05-01,150
592,2025-06-01,150
592,2025-07-01,150
592,2025-08-01,150
592,2025-09-01,150
592,2025-10-01,150
592,2025-11-01,150
592,2025-12-01,150
593,2024-11-01,350
593,2024-12-01,350
593,2025-01-01,350
593,2025-02-01,350
593,2025-03-01,350
593,2025-04-01,350
593,2025-05-01,350
593,2025-06-01,350
593,2025-07-01,350
593,2025-08-01,350
593,2025-09-01,350
593,2025-10-01,350
593,2025-11-01,350
593,2025-12-01,350
594,2025-08-01,350
594,2025-09-01,350
594,2025-10-01,350
594,2025-11-01,350
594,2025-12-01,350
595,2024-02-01,150
595,2024-03-01,150
595,2024-04-01,150
595,2024-05-01,150
595,2024-06-01,150
595,2024-07-01,150
595,2024-08-01,150
595,2024-09-01,150
595,2024-10-01,150
595,2024-11-01,150
595,2024-12-01,150
595,2025-01-01,150
595,2025-02-01,150
595,2025-03-01,150
595,2025-04-01,150
595,2025-05-01,150
595,2025-06-01,150
595,2025-07-01,150
595,2025-08-01,150
595,2025-09-01,150
595,2025-10-01,150
595,2025-11-01,150
595,2025-12-01,150
596,2024-01-01,350
596,2024-02-01,350
596,2024-03-01,350
596,2024-04-01,350
597,2025-02-01,150
597,2025-03-01,150
597,2025-04-01,150
597,2025-05-01,150
597,2025-06-01,150
597,2025-07-01,150
597,2025-08-01,150
597,2025-09-01,150
597,2025-10-01,150
597,2025-11-01,150
597,2025-12-01,150
598,2024-07-01,150
598,2024-08-01,150
598,2024-09-01,150
598,2024-10-01,150
598,2024-11-01,150
598,2024-12-01,150
598,2025-01-01,150
598,2025-02-01,150
598,2025-03-01,150
598,2025-04-01,150
598,2025-05-01,150
598,2025-06-01,150
598,2025-07-01,150
598,2025-08-01,150
599,2025-03-01,150
599,2025-04-01,150
599,2025-05-01,150
599,2025-06-01,150
599,2025-07-01,150
599,2025-08-01,150
599,2025-09-01,150
599,2025-10-01,150
599,2025-11-01,150
599,2025-12-01,150
600,2024-07-01,350
600,2024-08-01,350
600,2024-09-01,350
600,2024-10-01,350
600,2024-11-01,350
600,2024-12-01,350
600,2025-01-01,350
600,2025-02-01,350
600,2025-03-01,350
600,2025-04-01,350
600,2025-05-01,350
600,2025-06-01,350
600,2025-07-01,350
600,2025-08-01,350
600,2025-09-01,350
600,2025-10-01,350
600,2025-11-01,350
600,2025-12-01,350
601,2024-08-01,150
601,2024-09-01,150
601,2024-10-01,150
601,2024-11-01,150
601,2024-12-01,150
601,2025-01-01,150
601,2025-02-01,150
601,2025-03-01,150
601,2025-04-01,150
601,2025-05-01,150
601,2025-06-01,150
601,2025-07-01,150
601,2025-08-01,150
601,2025-09-01,150
601,2025-10-01,150
601,2025-11-01,150
601,2025-12-01,150
602,2025-10-01,150
602,2025-11-01,150
602,2025-12-01,150
603,2025-06-01,150
603,2025-07-01,150
603,2025-08-01,150
603,2025-09-01,150
603,2025-10-01,150
603,2025-11-01,150
603,2025-12-01,150
604,2025-03-01,150
604,2025-04-01,150
604,2025-05-01,150
604,2025-06-01,150
604,2025-07-01,150
604,2025-08-01,150
604,2025-09-01,150
604,2025-10-01,150
604,2025-11-01,150
604,2025-12-01,150
605,2025-05-01,150
605,2025-06-01,150
605,2025-07-01,150
605,2025-08-01,150
605,2025-09-01,150
605,2025-10-01,150
605,2025-11-01,150
605,2025-12-01,150
606,2024-08-01,150
606,2024-09-01,150
606,2024-10-01,150
606,2024-11-01,150
606,2024-12-01,150
606,2025-01-01,150
606,2025-02-01,150
606,2025-03-01,150
606,2025-04-01,150
606,2025-05-01,150
606,2025-06-01,150
606,2025-07-01,150
606,2025-08-01,150
606,2025-09-01,150
606,2025-10-01,150
606,2025-11-01,150
606,2025-12-01,150
607,2025-09-01,150
607,2025-10-01,150
607,2025-11-01,150
607,2025-12-01,150
608,2024-10-01,350
608,2024-11-01,350
608,2024-12-01,350
608,2025-01-01,350
608,2025-02-01,350
608,2025-03-01,350
608,2025-04-01,350
608,2025-05-01,350
608,2025-06-01,350
608,2025-07-01,350
608,2025-08-01,350
608,2025-09-01,350
608,2025-10-01,350
608,2025-11-01,350
608,2025-12-01,350
609,2024-03-01,150
609,2024-04-01,150
609,2024-05-01,150
609,2024-06-01,150
609,2024-07-01,150
609,2024-08-01,150
609,2024-09-01,150
609,2024-10-01,150
609,2024-11-01,150
609,2024-12-01,150
609,2025-01-01,150
609,2025-02-01,150
609,2025-03-01,150
609,2025-04-01,150
609,2025-05-01,150
609,2025-06-01,150
609,2025-07-01,150
609,2025-08-01,150
610,2024-07-01,150
610,2024-08-01,150
610,2024-09-01,150
610,2024-10-01,150
610,2024-11-01,150
610,2024-12-01,150
610,2025-01-01,150
611,2025-10-01,150
611,2025-11-01,150
611,2025-12-01,150
612,2025-05-01,150
612,2025-06-01,150
612,2025-07-01,150
612,2025-08-01,150
612,2025-09-01,150
612,2025-10-01,150
612,2025-11-01,150
612,2025-12-01,150
613,2024-07-01,150
613,2024-08-01,150
613,2024-09-01,150
613,2024-10-01,150
613,2024-11-01,150
613,2024-12-01,150
613,2025-01-01,150
613,2025-02-01,150
613,2025-03-01,150
613,2025-04-01,150
613,2025-05-01,150
613,2025-06-01,150
613,2025-07-01,150
613,2025-08-01,150
613,2025-09-01,150
613,2025-10-01,150
613,2025-11-01,150
613,2025-12-01,150
614,2025-12-01,350
615,2024-07-01,800
615,2024-08-01,800
615,2024-09-01,800
615,2024-10-01,800
615,2024-11-01,800
615,2024-12-01,800
615,2025-01-01,800
615,2025-02-01,800
615,2025-03-01,800
615,2025-04-01,800
615,2025-05-01,800
615,2025-06-01,800
615,2025-07-01,800
615,2025-08-01,800
615,2025-09-01,800
615,2025-10-01,800
615,2025-11-01,800
615,2025-12-01,800
616,2024-10-01,800
616,2024-11-01,800
616,2024-12-01,800
616,2025-01-01,800
616,2025-02-01,800
616,2025-03-01,800
616,2025-04-01,800
616,2025-05-01,800
616,2025-06-01,800
616,2025-07-01,800
616,2025-08-01,800
616,2025-09-01,800
616,2025-10-01,800
616,2025-11-01,800
616,2025-12-01,800
617,2025-04-01,150
617,2025-05-01,150
617,2025-06-01,150
617,2025-07-01,150
617,2025-08-01,150
617,2025-09-01,150
617,2025-10-01,150
617,2025-11-01,150
617,2025-12-01,150
618,2025-07-01,350
618,2025-08-01,350
618,2025-09-01,350
618,2025-10-01,350
618,2025-11-01,350
618,2025-12-01,350
619,2025-09-01,150
619,2025-10-01,150
619,2025-11-01,150
619,2025-12-01,150
620,2024-06-01,350
620,2024-07-01,350
620,2024-08-01,350
620,2024-09-01,350
620,2024-10-01,350
620,2024-11-01,350
620,2024-12-01,350
620,2025-01-01,350
620,2025-02-01,350
620,2025-03-01,350
620,2025-04-01,350
620,2025-05-01,350
620,2025-06-01,350
620,2025-07-01,350
620,2025-08-01,350
620,2025-09-01,350
620,2025-10-01,350
620,2025-11-01,350
620,2025-12-01,350
621,2024-04-01,800
621,2024-05-01,800
621,2024-06-01,800
621,2024-07-01,800
621,2024-08-01,800
621,2024-09-01,800
621,2024-10-01,800
621,2024-11-01,800
621,2024-12-01,800
621,2025-01-01,800
621,2025-02-01,800
621,2025-03-01,800
621,2025-04-01,800
621,2025-05-01,800
621,2025-06-01,800
621,2025-07-01,800
621,2025-08-01,800
621,2025-09-01,800
621,2025-10-01,800
621,2025-11-01,800
622,2025-02-01,150
623,2024-09-01,150
623,2024-10-01,150
623,2024-11-01,150
623,2024-12-01,150
623,2025-01-01,150
623,2025-02-01,150
623,2025-03-01,150
623,2025-04-01,150
623,2025-05-01,150
623,2025-06-01,150
623,2025-07-01,150
623,2025-08-01,150
623,2025-09-01,150
623,2025-10-01,150
623,2025-11-01,150
623,2025-12-01,150
624,2024-06-01,150
624,2024-07-01,150
624,2024-08-01,150
624,2024-09-01,150
624,2024-10-01,150
624,2024-11-01,150
624,2024-12-01,150
624,2025-01-01,150
624,2025-02-01,150
624,2025-03-01,150
624,2025-04-01,150
624,2025-05-01,150
624,2025-06-01,150
624,2025-07-01,150
624,2025-08-01,150
624,2025-09-01,150
624,2025-10-01,150
624,2025-11-01,150
624,2025-12-01,150
625,2024-08-01,150
625,2024-09-01,150
625,2024-10-01,150
625,2024-11-01,150
625,2024-12-01,150
625,2025-01-01,150
625,2025-02-01,150
625,2025-03-01,150
625,2025-04-01,150
625,2025-05-01,150
625,2025-06-01,150
625,2025-07-01,150
625,2025-08-01,150
625,2025-09-01,150
625,2025-10-01,150
625,2025-11-01,150
625,2025-12-01,150
626,2025-08-01,150
626,2025-09-01,150
626,2025-10-01,150
626,2025-11-01,150
626,2025-12-01,150
627,2024-10-01,150
627,2024-11-01,150
627,2024-12-01,150
627,2025-01-01,150
627,2025-02-01,150
627,2025-03-01,150
627,2025-04-01,150
627,2025-05-01,150
627,2025-06-01,150
627,2025-07-01,150
627,2025-08-01,150
627,2025-09-01,150
627,2025-10-01,150
627,2025-11-01,150
627,2025-12-01,150
628,2024-10-01,150
628,2024-11-01,150
628,2024-12-01,150
628,2025-01-01,150
628,2025-02-01,150
629,2024-06-01,150
629,2024-07-01,150
629,2024-08-01,150
629,2024-09-01,150
629,2024-10-01,150
629,2024-11-01,150
629,2024-12-01,150
629,2025-01-01,150
629,2025-02-01,150
629,2025-03-01,150
629,2025-04-01,150
629,2025-05-01,150
629,2025-06-01,150
629,2025-07-01,150
629,2025-08-01,150
629,2025-09-01,150
629,2025-10-01,150
629,2025-11-01,150
629,2025-12-01,150
630,2025-08-01,350
630,2025-09-01,350
630,2025-10-01,350
630,2025-11-01,350
630,2025-12-01,350
631,2025-01-01,350
631,2025-02-01,350
631,2025-03-01,350
631,2025-04-01,350
631,2025-05-01,350
631,2025-06-01,350
631,2025-07-01,350
631,2025-08-01,350
631,2025-09-01,350
631,2025-10-01,350
631,2025-11-01,350
631,2025-12-01,350
632,2024-03-01,150
632,2024-04-01,150
632,2024-05-01,150
633,2024-04-01,150
633,2024-05-01,150
633,2024-06-01,150
633,2024-07-01,150
633,2024-08-01,150
633,2024-09-01,150
633,2024-10-01,150
633,2024-11-01,150
633,2024-12-01,150
633,2025-01-01,150
633,2025-02-01,150
633,2025-03-01,150
633,2025-04-01,150
633,2025-05-01,150
633,2025-06-01,150
633,2025-07-01,150
633,2025-08-01,150
633,2025-09-01,150
633,2025-10-01,150
633,2025-11-01,150
633,2025-12-01,150
634,2024-02-01,150
634,2024-03-01,150
634,2024-04-01,150
634,2024-05-01,150
634,2024-06-01,150
634,2024-07-01,150
634,2024-08-01,150
634,2024-09-01,150
634,2024-10-01,150
634,2024-11-01,150
634,2024-12-01,150
634,2025-01-01,150
634,2025-02-01,150
634,2025-03-01,150
634,2025-04-01,150
634,2025-05-01,150
634,2025-06-01,150
634,2025-07-01,150
634,2025-08-01,150
634,2025-09-01,150
634,2025-10-01,150
634,2025-11-01,150
634,2025-12-01,150
635,2025-06-01,150
635,2025-07-01,150
635,2025-08-01,150
635,2025-09-01,150
635,2025-10-01,150
635,2025-11-01,150
635,2025-12-01,150
636,2024-10-01,150
636,2024-11-01,150
636,2024-12-01,150
636,2025-01-01,150
636,2025-02-01,150
636,2025-03-01,150
636,2025-04-01,150
636,2025-05-01,150
636,2025-06-01,150
636,2025-07-01,150
636,2025-08-01,150
636,2025-09-01,150
636,2025-10-01,150
636,2025-11-01,150
636,2025-12-01,150
637,2025-09-01,350
637,2025-10-01,350
637,2025-11-01,350
637,2025-12-01,350
638,2025-06-01,150
638,2025-07-01,150
638,2025-08-01,150
638,2025-09-01,150
638,2025-10-01,150
638,2025-11-01,150
638,2025-12-01,150
639,2025-08-01,150
639,2025-09-01,150
639,2025-10-01,150
639,2025-11-01,150
639,2025-12-01,150
640,2025-09-01,150
640,2025-10-01,150
640,2025-11-01,150
640,2025-12-01,150
641,2025-04-01,150
641,2025-05-01,150
641,2025-06-01,150
641,2025-07-01,150
641,2025-08-01,150
641,2025-09-01,150
641,2025-10-01,150
641,2025-11-01,150
641,2025-12-01,150
642,2024-06-01,800
642,2024-07-01,800
643,2024-04-01,800
643,2024-05-01,800
643,2024-06-01,800
643,2024-07-01,800
643,2024-08-01,800
643,2024-09-01,800
643,2024-10-01,800
643,2024-11-01,800
643,2024-12-01,800
643,2025-01-01,800
643,2025-02-01,800
643,2025-03-01,800
643,2025-04-01,800
643,2025-05-01,800
643,2025-06-01,800
643,2025-07-01,800
643,2025-08-01,800
643,2025-09-01,800
643,2025-10-01,800
643,2025-11-01,800
643,2025-12-01,800
644,2025-04-01,800
644,2025-05-01,800
645,2025-10-01,350
645,2025-11-01,350
645,2025-12-01,350
646,2025-10-01,350
646,2025-11-01,350
646,2025-12-01,350
647,2025-10-01,350
647,2025-11-01,350
647,2025-12-01,350
648,2025-10-01,350
649,2025-07-01,150
649,2025-08-01,150
649,2025-09-01,150
649,2025-10-01,150
649,2025-11-01,150
649,2025-12-01,150
650,2024-02-01,350
650,2024-03-01,350
650,2024-04-01,350
650,2024-05-01,350
650,2024-06-01,350
650,2024-07-01,350
650,2024-08-01,350
650,2024-09-01,350
650,2024-10-01,350
650,2024-11-01,350
650,2024-12-01,350
650,2025-01-01,350
650,2025-02-01,350
650,2025-03-01,350
650,2025-04-01,350
650,2025-05-01,350
650,2025-06-01,350
650,2025-07-01,350
650,2025-08-01,350
650,2025-09-01,350
650,2025-10-01,350
650,2025-11-01,350
650,2025-12-01,350
651,2025-12-01,150
652,2024-12-01,150
652,2025-01-01,150
652,2025-02-01,150
652,2025-03-01,150
652,2025-04-01,150
652,2025-05-01,150
652,2025-06-01,150
652,2025-07-01,150
652,2025-08-01,150
652,2025-09-01,150
652,2025-10-01,150
652,2025-11-01,150
652,2025-12-01,150
653,2025-01-01,350
653,2025-02-01,350
653,2025-03-01,350
653,2025-04-01,350
654,2024-09-01,350
654,2024-10-01,350
654,2024-11-01,350
654,2024-12-01,350
654,2025-01-01,350
654,2025-02-01,350
654,2025-03-01,350
654,2025-04-01,350
654,2025-05-01,350
654,2025-06-01,350
654,2025-07-01,350
654,2025-08-01,350
654,2025-09-01,350
654,2025-10-01,350
654,2025-11-01,350
654,2025-12-01,350
655,2025-07-01,150
655,2025-08-01,150
655,2025-09-01,150
655,2025-10-01,150
655,2025-11-01,150
655,2025-12-01,150
656,2024-07-01,150
656,2024-08-01,150
656,2024-09-01,150
656,2024-10-01,150
656,2024-11-01,150
656,2024-12-01,150
656,2025-01-01,150
656,2025-02-01,150
656,2025-03-01,150
656,2025-04-01,150
656,2025-05-01,150
656,2025-06-01,150
656,2025-07-01,150
656,2025-08-01,150
656,2025-09-01,150
657,2024-05-01,150
657,2024-06-01,150
657,2024-07-01,150
657,2024-08-01,150
657,2024-09-01,150
657,2024-10-01,150
657,2024-11-01,150
657,2024-12-01,150
657,2025-01-01,150
657,2025-02-01,150
657,2025-03-01,150
657,2025-04-01,150
657,2025-05-01,150
657,2025-06-01,150
657,2025-07-01,150
657,2025-08-01,150
657,2025-09-01,150
657,2025-10-01,150
657,2025-11-01,150
657,2025-12-01,150
658,2024-05-01,350
658,2024-06-01,350
658,2024-07-01,350
658,2024-08-01,350
658,2024-09-01,350
658,2024-10-01,350
658,2024-11-01,350
658,2024-12-01,350
658,2025-01-01,350
658,2025-02-01,350
658,2025-03-01,350
658,2025-04-01,350
658,2025-05-01,350
658,2025-06-01,350
658,2025-07-01,350
658,2025-08-01,350
658,2025-09-01,350
658,2025-10-01,350
658,2025-11-01,350
658,2025-12-01,350
659,2025-05-01,800
659,2025-06-01,800
659,2025-07-01,800
659,2025-08-01,800
659,2025-09-01,800
659,2025-10-01,800
659,2025-11-01,800
659,2025-12-01,800
660,2025-06-01,350
660,2025-07-01,350
660,2025-08-01,350
660,2025-09-01,350
660,2025-10-01,350
660,2025-11-01,350
660,2025-12-01,350
661,2024-08-01,800
661,2024-09-01,800
661,2024-10-01,800
661,2024-11-01,800
661,2024-12-01,800
661,2025-01-01,800
661,2025-02-01,800
661,2025-03-01,800
661,2025-04-01,800
661,2025-05-01,800
661,2025-06-01,800
661,2025-07-01,800
661,2025-08-01,800
661,2025-09-01,800
661,2025-10-01,800
661,2025-11-01,800
661,2025-12-01,800
662,2025-04-01,350
662,2025-05-01,350
662,2025-06-01,350
662,2025-07-01,350
662,2025-08-01,350
662,2025-09-01,350
662,2025-10-01,350
662,2025-11-01,350
662,2025-12-01,350
663,2024-03-01,350
663,2024-04-01,350
663,2024-05-01,350
663,2024-06-01,350
663,2024-07-01,350
663,2024-08-01,350
663,2024-09-01,350
663,2024-10-01,350
663,2024-11-01,350
663,2024-12-01,350
663,2025-01-01,350
663,2025-02-01,350
663,2025-03-01,350
663,2025-04-01,350
663,2025-05-01,350
663,2025-06-01,350
663,2025-07-01,350
663,2025-08-01,350
663,2025-09-01,350
663,2025-10-01,350
663,2025-11-01,350
663,2025-12-01,350
664,2024-09-01,350
664,2024-10-01,350
664,2024-11-01,350
664,2024-12-01,350
664,2025-01-01,350
664,2025-02-01,350
664,2025-03-01,350
664,2025-04-01,350
664,2025-05-01,350
664,2025-06-01,350
664,2025-07-01,350
664,2025-08-01,350
664,2025-09-01,350
664,2025-10-01,350
664,2025-11-01,350
664,2025-12-01,350
665,2024-09-01,350
665,2024-10-01,350
665,2024-11-01,350
665,2024-12-01,350
665,2025-01-01,350
665,2025-02-01,350
665,2025-03-01,350
665,2025-04-01,350
665,2025-05-01,350
665,2025-06-01,350
665,2025-07-01,350
665,2025-08-01,350
665,2025-09-01,350
665,2025-10-01,350
665,2025-11-01,350
665,2025-12-01,350
666,2024-07-01,350
666,2024-08-01,350
666,2024-09-01,350
666,2024-10-01,350
666,2024-11-01,350
666,2024-12-01,350
666,2025-01-01,350
666,2025-02-01,350
666,2025-03-01,350
666,2025-04-01,350
666,2025-05-01,350
666,2025-06-01,350
666,2025-07-01,350
666,2025-08-01,350
666,2025-09-01,350
666,2025-10-01,350
667,2025-08-01,150
667,2025-09-01,150
667,2025-10-01,150
667,2025-11-01,150
667,2025-12-01,150
668,2024-12-01,150
668,2025-01-01,150
668,2025-02-01,150
668,2025-03-01,150
668,2025-04-01,150
668,2025-05-01,150
668,2025-06-01,150
668,2025-07-01,150
668,2025-08-01,150
668,2025-09-01,150
668,2025-10-01,150
668,2025-11-01,150
668,2025-12-01,150
669,2025-02-01,800
669,2025-03-01,800
669,2025-04-01,800
669,2025-05-01,800
669,2025-06-01,800
669,2025-07-01,800
669,2025-08-01,800
669,2025-09-01,800
669,2025-10-01,800
669,2025-11-01,800
669,2025-12-01,800
670,2025-03-01,150
670,2025-04-01,150
670,2025-05-01,150
670,2025-06-01,150
670,2025-07-01,150
670,2025-08-01,150
670,2025-09-01,150
670,2025-10-01,150
670,2025-11-01,150
670,2025-12-01,150
671,2025-03-01,350
671,2025-04-01,350
671,2025-05-01,350
671,2025-06-01,350
671,2025-07-01,350
671,2025-08-01,350
671,2025-09-01,350
671,2025-10-01,350
671,2025-11-01,350
671,2025-12-01,350
672,2025-09-01,150
672,2025-10-01,150
672,2025-11-01,150
673,2025-11-01,150
673,2025-12-01,150
674,2024-11-01,150
674,2024-12-01,150
674,2025-01-01,150
674,2025-02-01,150
674,2025-03-01,150
674,2025-04-01,150
674,2025-05-01,150
674,2025-06-01,150
674,2025-07-01,150
674,2025-08-01,150
674,2025-09-01,150
674,2025-10-01,150
674,2025-11-01,150
674,2025-12-01,150
675,2025-12-01,350
676,2025-02-01,150
676,2025-03-01,150
676,2025-04-01,150
676,2025-05-01,150
676,2025-06-01,150
676,2025-07-01,150
676,2025-08-01,150
676,2025-09-01,150
676,2025-10-01,150
676,2025-11-01,150
676,2025-12-01,150
677,2024-10-01,150
677,2024-11-01,150
677,2024-12-01,150
677,2025-01-01,150
677,2025-02-01,150
677,2025-03-01,150
677,2025-04-01,150
677,2025-05-01,150
677,2025-06-01,150
677,2025-07-01,150
677,2025-08-01,150
677,2025-09-01,150
677,2025-10-01,150
677,2025-11-01,150
677,2025-12-01,150
678,2024-02-01,350
678,2024-03-01,350
678,2024-04-01,350
678,2024-05-01,350
678,2024-06-01,350
678,2024-07-01,350
678,2024-08-01,350
678,2024-09-01,350
678,2024-10-01,350
678,2024-11-01,350
678,2024-12-01,350
678,2025-01-01,350
678,2025-02-01,350
678,2025-03-01,350
678,2025-04-01,350
678,2025-05-01,350
678,2025-06-01,350
678,2025-07-01,350
678,2025-08-01,350
678,2025-09-01,350
678,2025-10-01,350
678,2025-11-01,350
678,2025-12-01,350
679,2024-03-01,350
679,2024-04-01,350
679,2024-05-01,350
679,2024-06-01,350
679,2024-07-01,350
679,2024-08-01,350
679,2024-09-01,350
679,2024-10-01,350
679,2024-11-01,350
679,2024-12-01,350
679,2025-01-01,350
679,2025-02-01,350
679,2025-03-01,350
679,2025-04-01,350
679,2025-05-01,350
679,2025-06-01,350
679,2025-07-01,350
679,2025-08-01,350
679,2025-09-01,350
679,2025-10-01,350
679,2025-11-01,350
679,2025-12-01,350
680,2024-04-01,800
680,2024-05-01,800
680,2024-06-01,800
680,2024-07-01,800
680,2024-08-01,800
680,2024-09-01,800
680,2024-10-01,800
680,2024-11-01,800
680,2024-12-01,800
680,2025-01-01,800
680,2025-02-01,800
680,2025-03-01,800
680,2025-04-01,800
680,2025-05-01,800
680,2025-06-01,800
680,2025-07-01,800
680,2025-08-01,800
680,2025-09-01,800
680,2025-10-01,800
680,2025-11-01,800
680,2025-12-01,800
681,2024-04-01,150
681,2024-05-01,150
681,2024-06-01,150
681,2024-07-01,150
681,2024-08-01,150
681,2024-09-01,150
681,2024-10-01,150
681,2024-11-01,150
681,2024-12-01,150
681,2025-01-01,150
681,2025-02-01,150
681,2025-03-01,150
681,2025-04-01,150
681,2025-05-01,150
681,2025-06-01,150
681,2025-07-01,150
681,2025-08-01,150
681,2025-09-01,150
681,2025-10-01,150
681,2025-11-01,150
681,2025-12-01,150
682,2025-11-01,150
682,2025-12-01,150
683,2024-06-01,150
683,2024-07-01,150
683,2024-08-01,150
683,2024-09-01,150
683,2024-10-01,150
683,2024-11-01,150
683,2024-12-01,150
683,2025-01-01,150
683,2025-02-01,150
683,2025-03-01,150
683,2025-04-01,150
683,2025-05-01,150
683,2025-06-01,150
683,2025-07-01,150
683,2025-08-01,150
683,2025-09-01,150
683,2025-10-01,150
683,2025-11-01,150
683,2025-12-01,150
684,2025-05-01,150
684,2025-06-01,150
684,2025-07-01,150
684,2025-08-01,150
684,2025-09-01,150
684,2025-10-01,150
684,2025-11-01,150
684,2025-12-01,150
685,2025-08-01,150
685,2025-09-01,150
685,2025-10-01,150
685,2025-11-01,150
685,2025-12-01,150
686,2025-07-01,150
686,2025-08-01,150
687,2025-02-01,150
687,2025-03-01,150
687,2025-04-01,150
687,2025-05-01,150
687,2025-06-01,150
687,2025-07-01,150
687,2025-08-01,150
687,2025-09-01,150
687,2025-10-01,150
687,2025-11-01,150
687,2025-12-01,150
688,2025-02-01,350
688,2025-03-01,350
688,2025-04-01,350
688,2025-05-01,350
688,2025-06-01,350
688,2025-07-01,350
688,2025-08-01,350
688,2025-09-01,350
688,2025-10-01,350
688,2025-11-01,350
688,2025-12-01,350
689,2024-12-01,800
689,2025-01-01,800
689,2025-02-01,800
689,2025-03-01,800
689,2025-04-01,800
689,2025-05-01,800
689,2025-06-01,800
689,2025-07-01,800
689,2025-08-01,800
689,2025-09-01,800
690,2024-08-01,350
690,2024-09-01,350
690,2024-10-01,350
690,2024-11-01,350
690,2024-12-01,350
690,2025-01-01,350
690,2025-02-01,350
690,2025-03-01,350
690,2025-04-01,350
690,2025-05-01,350
690,2025-06-01,350
690,2025-07-01,350
690,2025-08-01,350
690,2025-09-01,350
690,2025-10-01,350
690,2025-11-01,350
690,2025-12-01,350
691,2024-10-01,150
691,2024-11-01,150
691,2024-12-01,150
691,2025-01-01,150
691,2025-02-01,150
691,2025-03-01,150
691,2025-04-01,150
691,2025-05-01,150
691,2025-06-01,150
691,2025-07-01,150
691,2025-08-01,150
691,2025-09-01,150
691,2025-10-01,150
691,2025-11-01,150
691,2025-12-01,150
692,2024-09-01,350
692,2024-10-01,350
692,2024-11-01,350
692,2024-12-01,350
692,2025-01-01,350
692,2025-02-01,350
692,2025-03-01,350
692,2025-04-01,350
692,2025-05-01,350
692,2025-06-01,350
692,2025-07-01,350
692,2025-08-01,350
692,2025-09-01,350
692,2025-10-01,350
692,2025-11-01,350
692,2025-12-01,350
693,2024-09-01,350
693,2024-10-01,350
693,2024-11-01,350
693,2024-12-01,350
693,2025-01-01,350
693,2025-02-01,350
693,2025-03-01,350
693,2025-04-01,350
693,2025-05-01,350
693,2025-06-01,350
693,2025-07-01,350
693,2025-08-01,350
693,2025-09-01,350
693,2025-10-01,350
693,2025-11-01,350
693,2025-12-01,350
694,2024-10-01,800
694,2024-11-01,800
694,2024-12-01,800
694,2025-01-01,800
694,2025-02-01,800
694,2025-03-01,800
694,2025-04-01,800
694,2025-05-01,800
694,2025-06-01,800
694,2025-07-01,800
694,2025-08-01,800
694,2025-09-01,800
694,2025-10-01,800
694,2025-11-01,800
694,2025-12-01,800
695,2024-08-01,350
695,2024-09-01,350
695,2024-10-01,350
695,2024-11-01,350
695,2024-12-01,350
695,2025-01-01,350
695,2025-02-01,350
695,2025-03-01,350
695,2025-04-01,350
695,2025-05-01,350
695,2025-06-01,350
695,2025-07-01,350
695,2025-08-01,350
695,2025-09-01,350
695,2025-10-01,350
695,2025-11-01,350
695,2025-12-01,350
696,2024-05-01,150
696,2024-06-01,150
696,2024-07-01,150
696,2024-08-01,150
696,2024-09-01,150
696,2024-10-01,150
696,2024-11-01,150
696,2024-12-01,150
696,2025-01-01,150
696,2025-02-01,150
696,2025-03-01,150
696,2025-04-01,150
696,2025-05-01,150
696,2025-06-01,150
696,2025-07-01,150
696,2025-08-01,150
696,2025-09-01,150
696,2025-10-01,150
696,2025-11-01,150
696,2025-12-01,150
697,2025-09-01,350
697,2025-10-01,350
697,2025-11-01,350
697,2025-12-01,350
698,2024-09-01,150
698,2024-10-01,150
698,2024-11-01,150
698,2024-12-01,150
698,2025-01-01,150
698,2025-02-01,150
698,2025-03-01,150
698,2025-04-01,150
698,2025-05-01,150
698,2025-06-01,150
698,2025-07-01,150
698,2025-08-01,150
698,2025-09-01,150
698,2025-10-01,150
698,2025-11-01,150
698,2025-12-01,150
699,2024-06-01,150
699,2024-07-01,150
699,2024-08-01,150
699,2024-09-01,150
700,2025-07-01,150
700,2025-08-01,150
700,2025-09-01,150
700,2025-10-01,150
700,2025-11-01,150
700,2025-12-01,150
701,2024-10-01,350
701,2024-11-01,350
701,2024-12-01,350
701,2025-01-01,350
701,2025-02-01,350
701,2025-03-01,350
701,2025-04-01,350
701,2025-05-01,350
701,2025-06-01,350
701,2025-07-01,350
701,2025-08-01,350
701,2025-09-01,350
701,2025-10-01,350
701,2025-11-01,350
701,2025-12-01,350
702,2024-11-01,150
702,2024-12-01,150
702,2025-01-01,150
702,2025-02-01,150
702,2025-03-01,150
702,2025-04-01,150
702,2025-05-01,150
702,2025-06-01,150
702,2025-07-01,150
702,2025-08-01,150
702,2025-09-01,150
702,2025-10-01,150
702,2025-11-01,150
702,2025-12-01,150
703,2025-07-01,150
703,2025-08-01,150
704,2025-11-01,350
704,2025-12-01,350
705,2025-07-01,150
705,2025-08-01,150
705,2025-09-01,150
705,2025-10-01,150
705,2025-11-01,150
705,2025-12-01,150
706,2024-02-01,350
706,2024-03-01,350
706,2024-04-01,350
706,2024-05-01,350
706,2024-06-01,350
706,2024-07-01,350
706,2024-08-01,350
706,2024-09-01,350
706,2024-10-01,350
706,2024-11-01,350
706,2024-12-01,350
706,2025-01-01,350
706,2025-02-01,350
706,2025-03-01,350
706,2025-04-01,350
706,2025-05-01,350
706,2025-06-01,350
706,2025-07-01,350
706,2025-08-01,350
706,2025-09-01,350
706,2025-10-01,350
706,2025-11-01,350
706,2025-12-01,350
707,2024-06-01,350
707,2024-07-01,350
707,2024-08-01,350
707,2024-09-01,350
707,2024-10-01,350
707,2024-11-01,350
707,2024-12-01,350
707,2025-01-01,350
707,2025-02-01,350
707,2025-03-01,350
707,2025-04-01,350
707,2025-05-01,350
707,2025-06-01,350
707,2025-07-01,350
707,2025-08-01,350
707,2025-09-01,350
707,2025-10-01,350
707,2025-11-01,350
707,2025-12-01,350
708,2024-05-01,150
708,2024-06-01,150
708,2024-07-01,150
708,2024-08-01,150
708,2024-09-01,150
708,2024-10-01,150
708,2024-11-01,150
708,2024-12-01,150
708,2025-01-01,150
708,2025-02-01,150
708,2025-03-01,150
708,2025-04-01,150
708,2025-05-01,150
708,2025-06-01,150
708,2025-07-01,150
708,2025-08-01,150
708,2025-09-01,150
708,2025-10-01,150
708,2025-11-01,150
708,2025-12-01,150
709,2024-05-01,800
709,2024-06-01,800
709,2024-07-01,800
709,2024-08-01,800
709,2024-09-01,800
709,2024-10-01,800
709,2024-11-01,800
709,2024-12-01,800
709,2025-01-01,800
709,2025-02-01,800
709,2025-03-01,800
709,2025-04-01,800
709,2025-05-01,800
709,2025-06-01,800
709,2025-07-01,800
709,2025-08-01,800
709,2025-09-01,800
709,2025-10-01,800
709,2025-11-01,800
709,2025-12-01,800
710,2024-06-01,150
710,2024-07-01,150
710,2024-08-01,150
710,2024-09-01,150
710,2024-10-01,150
710,2024-11-01,150
710,2024-12-01,150
710,2025-01-01,150
710,2025-02-01,150
710,2025-03-01,150
710,2025-04-01,150
710,2025-05-01,150
710,2025-06-01,150
710,2025-07-01,150
711,2025-03-01,800
711,2025-04-01,800
711,2025-05-01,800
711,2025-06-01,800
711,2025-07-01,800
711,2025-08-01,800
711,2025-09-01,800
711,2025-10-01,800
711,2025-11-01,800
711,2025-12-01,800
712,2025-05-01,150
712,2025-06-01,150
712,2025-07-01,150
713,2025-01-01,150
713,2025-02-01,150
713,2025-03-01,150
713,2025-04-01,150
713,2025-05-01,150
713,2025-06-01,150
713,2025-07-01,150
713,2025-08-01,150
713,2025-09-01,150
713,2025-10-01,150
713,2025-11-01,150
713,2025-12-01,150
714,2024-12-01,150
714,2025-01-01,150
715,2024-03-01,350
715,2024-04-01,350
715,2024-05-01,350
715,2024-06-01,350
715,2024-07-01,350
715,2024-08-01,350
715,2024-09-01,350
715,2024-10-01,350
715,2024-11-01,350
715,2024-12-01,350
715,2025-01-01,350
715,2025-02-01,350
715,2025-03-01,350
715,2025-04-01,350
715,2025-05-01,350
715,2025-06-01,350
715,2025-07-01,350
715,2025-08-01,350
715,2025-09-01,350
715,2025-10-01,350
715,2025-11-01,350
715,2025-12-01,350
716,2025-04-01,150
716,2025-05-01,150
716,2025-06-01,150
716,2025-07-01,150
716,2025-08-01,150
716,2025-09-01,150
716,2025-10-01,150
716,2025-11-01,150
716,2025-12-01,150
717,2024-01-01,350
717,2024-02-01,350
717,2024-03-01,350
717,2024-04-01,350
717,2024-05-01,350
717,2024-06-01,350
717,2024-07-01,350
717,2024-08-01,350
717,2024-09-01,350
717,2024-10-01,350
717,2024-11-01,350
717,2024-12-01,350
717,2025-01-01,350
717,2025-02-01,350
717,2025-03-01,350
717,2025-04-01,350
717,2025-05-01,350
717,2025-06-01,350
717,2025-07-01,350
717,2025-08-01,350
717,2025-09-01,350
717,2025-10-01,350
717,2025-11-01,350
717,2025-12-01,350
718,2024-08-01,150
718,2024-09-01,150
718,2024-10-01,150
718,2024-11-01,150
718,2024-12-01,150
718,2025-01-01,150
718,2025-02-01,150
718,2025-03-01,150
718,2025-04-01,150
718,2025-05-01,150
718,2025-06-01,150
718,2025-07-01,150
718,2025-08-01,150
718,2025-09-01,150
718,2025-10-01,150
718,2025-11-01,150
718,2025-12-01,150
719,2025-07-01,150
719,2025-08-01,150
719,2025-09-01,150
719,2025-10-01,150
719,2025-11-01,150
719,2025-12-01,150
720,2025-03-01,350
720,2025-04-01,350
720,2025-05-01,350
720,2025-06-01,350
720,2025-07-01,350
720,2025-08-01,350
720,2025-09-01,350
720,2025-10-01,350
720,2025-11-01,350
720,2025-12-01,350
721,2024-04-01,350
721,2024-05-01,350
721,2024-06-01,350
721,2024-07-01,350
721,2024-08-01,350
721,2024-09-01,350
721,2024-10-01,350
721,2024-11-01,350
721,2024-12-01,350
721,2025-01-01,350
721,2025-02-01,350
721,2025-03-01,350
721,2025-04-01,350
721,2025-05-01,350
721,2025-06-01,350
721,2025-07-01,350
721,2025-08-01,350
721,2025-09-01,350
721,2025-10-01,350
721,2025-11-01,350
721,2025-12-01,350
722,2024-03-01,350
722,2024-04-01,350
722,2024-05-01,350
722,2024-06-01,350
722,2024-07-01,350
722,2024-08-01,350
722,2024-09-01,350
722,2024-10-01,350
722,2024-11-01,350
722,2024-12-01,350
722,2025-01-01,350
722,2025-02-01,350
722,2025-03-01,350
722,2025-04-01,350
722,2025-05-01,350
722,2025-06-01,350
722,2025-07-01,350
722,2025-08-01,350
722,2025-09-01,350
722,2025-10-01,350
722,2025-11-01,350
722,2025-12-01,350
723,2024-12-01,800
723,2025-01-01,800
723,2025-02-01,800
724,2024-03-01,150
724,2024-04-01,150
724,2024-05-01,150
724,2024-06-01,150
724,2024-07-01,150
724,2024-08-01,150
724,2024-09-01,150
724,2024-10-01,150
724,2024-11-01,150
724,2024-12-01,150
724,2025-01-01,150
724,2025-02-01,150
724,2025-03-01,150
724,2025-04-01,150
724,2025-05-01,150
724,2025-06-01,150
724,2025-07-01,150
724,2025-08-01,150
724,2025-09-01,150
724,2025-10-01,150
724,2025-11-01,150
724,2025-12-01,150
725,2025-01-01,150
725,2025-02-01,150
725,2025-03-01,150
725,2025-04-01,150
725,2025-05-01,150
725,2025-06-01,150
725,2025-07-01,150
725,2025-08-01,150
725,2025-09-01,150
725,2025-10-01,150
725,2025-11-01,150
725,2025-12-01,150
726,2025-05-01,350
726,2025-06-01,350
726,2025-07-01,350
726,2025-08-01,350
726,2025-09-01,350
726,2025-10-01,350
726,2025-11-01,350
726,2025-12-01,350
727,2024-03-01,150
727,2024-04-01,150
727,2024-05-01,150
727,2024-06-01,150
727,2024-07-01,150
727,2024-08-01,150
727,2024-09-01,150
727,2024-10-01,150
727,2024-11-01,150
727,2024-12-01,150
727,2025-01-01,150
727,2025-02-01,150
727,2025-03-01,150
727,2025-04-01,150
727,2025-05-01,150
727,2025-06-01,150
727,2025-07-01,150
727,2025-08-01,150
727,2025-09-01,150
727,2025-10-01,150
727,2025-11-01,150
727,2025-12-01,150
728,2025-11-01,350
728,2025-12-01,350
729,2025-07-01,350
729,2025-08-01,350
729,2025-09-01,350
729,2025-10-01,350
729,2025-11-01,350
729,2025-12-01,350
730,2025-05-01,350
730,2025-06-01,350
730,2025-07-01,350
730,2025-08-01,350
730,2025-09-01,350
730,2025-10-01,350
730,2025-11-01,350
730,2025-12-01,350
731,2025-10-01,350
731,2025-11-01,350
731,2025-12-01,350
732,2025-06-01,150
732,2025-07-01,150
732,2025-08-01,150
732,2025-09-01,150
732,2025-10-01,150
732,2025-11-01,150
733,2024-04-01,150
733,2024-05-01,150
733,2024-06-01,150
733,2024-07-01,150
733,2024-08-01,150
733,2024-09-01,150
733,2024-10-01,150
733,2024-11-01,150
733,2024-12-01,150
733,2025-01-01,150
733,2025-02-01,150
733,2025-03-01,150
733,2025-04-01,150
733,2025-05-01,150
733,2025-06-01,150
733,2025-07-01,150
733,2025-08-01,150
733,2025-09-01,150
733,2025-10-01,150
733,2025-11-01,150
734,2025-02-01,150
734,2025-03-01,150
734,2025-04-01,150
734,2025-05-01,150
734,2025-06-01,150
734,2025-07-01,150
734,2025-08-01,150
734,2025-09-01,150
734,2025-10-01,150
734,2025-11-01,150
734,2025-12-01,150
735,2024-11-01,150
735,2024-12-01,150
735,2025-01-01,150
735,2025-02-01,150
735,2025-03-01,150
735,2025-04-01,150
735,2025-05-01,150
735,2025-06-01,150
735,2025-07-01,150
735,2025-08-01,150
735,2025-09-01,150
735,2025-10-01,150
735,2025-11-01,150
735,2025-12-01,150
736,2024-12-01,150
737,2024-11-01,150
737,2024-12-01,150
737,2025-01-01,150
737,2025-02-01,150
737,2025-03-01,150
737,2025-04-01,150
737,2025-05-01,150
737,2025-06-01,150
737,2025-07-01,150
737,2025-08-01,150
737,2025-09-01,150
737,2025-10-01,150
737,2025-11-01,150
737,2025-12-01,150
738,2024-09-01,350
738,2024-10-01,350
738,2024-11-01,350
738,2024-12-01,350
738,2025-01-01,350
738,2025-02-01,350
738,2025-03-01,350
738,2025-04-01,350
738,2025-05-01,350
738,2025-06-01,350
738,2025-07-01,350
738,2025-08-01,350
738,2025-09-01,350
738,2025-10-01,350
738,2025-11-01,350
738,2025-12-01,350
739,2024-04-01,150
739,2024-05-01,150
739,2024-06-01,150
740,2025-08-01,150
740,2025-09-01,150
740,2025-10-01,150
740,2025-11-01,150
740,2025-12-01,150
741,2024-10-01,350
741,2024-11-01,350
741,2024-12-01,350
742,2025-03-01,350
742,2025-04-01,350
742,2025-05-01,350
742,2025-06-01,350
742,2025-07-01,350
742,2025-08-01,350
742,2025-09-01,350
742,2025-10-01,350
742,2025-11-01,350
742,2025-12-01,350
743,2025-04-01,150
743,2025-05-01,150
743,2025-06-01,150
743,2025-07-01,150
743,2025-08-01,150
743,2025-09-01,150
743,2025-10-01,150
743,2025-11-01,150
743,2025-12-01,150
744,2025-05-01,150
744,2025-06-01,150
744,2025-07-01,150
744,2025-08-01,150
744,2025-09-01,150
744,2025-10-01,150
744,2025-11-01,150
744,2025-12-01,150
745,2024-08-01,800
745,2024-09-01,800
745,2024-10-01,800
745,2024-11-01,800
745,2024-12-01,800
745,2025-01-01,800
745,2025-02-01,800
745,2025-03-01,800
745,2025-04-01,800
745,2025-05-01,800
745,2025-06-01,800
745,2025-07-01,800
745,2025-08-01,800
745,2025-09-01,800
745,2025-10-01,800
745,2025-11-01,800
745,2025-12-01,800
746,2024-07-01,150
746,2024-08-01,150
746,2024-09-01,150
746,2024-10-01,150
746,2024-11-01,150
746,2024-12-01,150
746,2025-01-01,150
746,2025-02-01,150
746,2025-03-01,150
746,2025-04-01,150
746,2025-05-01,150
746,2025-06-01,150
746,2025-07-01,150
746,2025-08-01,150
746,2025-09-01,150
746,2025-10-01,150
746,2025-11-01,150
746,2025-12-01,150
747,2025-03-01,150
747,2025-04-01,150
747,2025-05-01,150
747,2025-06-01,150
747,2025-07-01,150
747,2025-08-01,150
747,2025-09-01,150
747,2025-10-01,150
747,2025-11-01,150
747,2025-12-01,150
748,2024-10-01,150
748,2024-11-01,150
748,2024-12-01,150
748,2025-01-01,150
748,2025-02-01,150
748,2025-03-01,150
748,2025-04-01,150
748,2025-05-01,150
748,2025-06-01,150
748,2025-07-01,150
748,2025-08-01,150
748,2025-09-01,150
748,2025-10-01,150
748,2025-11-01,150
748,2025-12-01,150
749,2025-09-01,350
749,2025-10-01,350
749,2025-11-01,350
749,2025-12-01,350
750,2025-11-01,800
750,2025-12-01,800
751,2024-02-01,150
751,2024-03-01,150
751,2024-04-01,150
751,2024-05-01,150
751,2024-06-01,150
751,2024-07-01,150
751,2024-08-01,150
751,2024-09-01,150
751,2024-10-01,150
751,2024-11-01,150
751,2024-12-01,150
751,2025-01-01,150
751,2025-02-01,150
751,2025-03-01,150
751,2025-04-01,150
751,2025-05-01,150
751,2025-06-01,150
751,2025-07-01,150
751,2025-08-01,150
751,2025-09-01,150
751,2025-10-01,150
751,2025-11-01,150
751,2025-12-01,150
752,2024-05-01,150
752,2024-06-01,150
752,2024-07-01,150
752,2024-08-01,150
752,2024-09-01,150
752,2024-10-01,150
752,2024-11-01,150
752,2024-12-01,150
752,2025-01-01,150
752,2025-02-01,150
752,2025-03-01,150
752,2025-04-01,150
752,2025-05-01,150
752,2025-06-01,150
752,2025-07-01,150
752,2025-08-01,150
752,2025-09-01,150
752,2025-10-01,150
752,2025-11-01,150
752,2025-12-01,150
753,2025-06-01,150
754,2025-01-01,150
754,2025-02-01,150
754,2025-03-01,150
754,2025-04-01,150
754,2025-05-01,150
754,2025-06-01,150
754,2025-07-01,150
754,2025-08-01,150
754,2025-09-01,150
754,2025-10-01,150
754,2025-11-01,150
754,2025-12-01,150
755,2024-10-01,350
755,2024-11-01,350
755,2024-12-01,350
755,2025-01-01,350
755,2025-02-01,350
755,2025-03-01,350
755,2025-04-01,350
755,2025-05-01,350
755,2025-06-01,350
755,2025-07-01,350
755,2025-08-01,350
755,2025-09-01,350
755,2025-10-01,350
755,2025-11-01,350
755,2025-12-01,350
756,2025-09-01,150
756,2025-10-01,150
756,2025-11-01,150
756,2025-12-01,150
757,2024-11-01,800
757,2024-12-01,800
757,2025-01-01,800
757,2025-02-01,800
757,2025-03-01,800
757,2025-04-01,800
757,2025-05-01,800
758,2025-04-01,350
758,2025-05-01,350
758,2025-06-01,350
758,2025-07-01,350
758,2025-08-01,350
759,2024-10-01,800
759,2024-11-01,800
759,2024-12-01,800
759,2025-01-01,800
759,2025-02-01,800
759,2025-03-01,800
759,2025-04-01,800
759,2025-05-01,800
759,2025-06-01,800
759,2025-07-01,800
759,2025-08-01,800
759,2025-09-01,800
759,2025-10-01,800
759,2025-11-01,800
759,2025-12-01,800
760,2024-10-01,150
760,2024-11-01,150
760,2024-12-01,150
760,2025-01-01,150
760,2025-02-01,150
760,2025-03-01,150
760,2025-04-01,150
760,2025-05-01,150
760,2025-06-01,150
760,2025-07-01,150
760,2025-08-01,150
760,2025-09-01,150
761,2024-11-01,150
761,2024-12-01,150
761,2025-01-01,150
761,2025-02-01,150
761,2025-03-01,150
761,2025-04-01,150
761,2025-05-01,150
761,2025-06-01,150
761,2025-07-01,150
761,2025-08-01,150
761,2025-09-01,150
761,2025-10-01,150
761,2025-11-01,150
761,2025-12-01,150
762,2024-06-01,150
762,2024-07-01,150
762,2024-08-01,150
762,2024-09-01,150
762,2024-10-01,150
762,2024-11-01,150
762,2024-12-01,150
762,2025-01-01,150
762,2025-02-01,150
762,2025-03-01,150
762,2025-04-01,150
762,2025-05-01,150
762,2025-06-01,150
762,2025-07-01,150
762,2025-08-01,150
762,2025-09-01,150
762,2025-10-01,150
762,2025-11-01,150
762,2025-12-01,150
763,2025-08-01,150
763,2025-09-01,150
763,2025-10-01,150
763,2025-11-01,150
763,2025-12-01,150
764,2024-09-01,150
764,2024-10-01,150
764,2024-11-01,150
764,2024-12-01,150
764,2025-01-01,150
764,2025-02-01,150
764,2025-03-01,150
765,2024-03-01,150
765,2024-04-01,150
765,2024-05-01,150
765,2024-06-01,150
765,2024-07-01,150
765,2024-08-01,150
765,2024-09-01,150
765,2024-10-01,150
765,2024-11-01,150
765,2024-12-01,150
765,2025-01-01,150
765,2025-02-01,150
765,2025-03-01,150
765,2025-04-01,150
765,2025-05-01,150
765,2025-06-01,150
765,2025-07-01,150
765,2025-08-01,150
765,2025-09-01,150
765,2025-10-01,150
765,2025-11-01,150
765,2025-12-01,150
766,2025-12-01,350
767,2025-11-01,150
767,2025-12-01,150
768,2025-02-01,800
768,2025-03-01,800
768,2025-04-01,800
768,2025-05-01,800
768,2025-06-01,800
768,2025-07-01,800
768,2025-08-01,800
768,2025-09-01,800
768,2025-10-01,800
768,2025-11-01,800
768,2025-12-01,800
769,2025-06-01,150
769,2025-07-01,150
769,2025-08-01,150
769,2025-09-01,150
770,2025-10-01,150
770,2025-11-01,150
770,2025-12-01,150
771,2024-03-01,150
772,2024-06-01,350
773,2024-09-01,150
773,2024-10-01,150
773,2024-11-01,150
773,2024-12-01,150
773,2025-01-01,150
773,2025-02-01,150
773,2025-03-01,150
773,2025-04-01,150
773,2025-05-01,150
773,2025-06-01,150
773,2025-07-01,150
773,2025-08-01,150
773,2025-09-01,150
773,2025-10-01,150
773,2025-11-01,150
773,2025-12-01,150
774,2025-01-01,150
774,2025-02-01,150
774,2025-03-01,150
774,2025-04-01,150
774,2025-05-01,150
774,2025-06-01,150
774,2025-07-01,150
774,2025-08-01,150
774,2025-09-01,150
774,2025-10-01,150
774,2025-11-01,150
774,2025-12-01,150
775,2025-02-01,150
775,2025-03-01,150
775,2025-04-01,150
775,2025-05-01,150
775,2025-06-01,150
775,2025-07-01,150
775,2025-08-01,150
775,2025-09-01,150
775,2025-10-01,150
775,2025-11-01,150
775,2025-12-01,150
776,2025-07-01,150
776,2025-08-01,150
776,2025-09-01,150
776,2025-10-01,150
776,2025-11-01,150
776,2025-12-01,150
777,2025-09-01,350
777,2025-10-01,350
777,2025-11-01,350
777,2025-12-01,350
778,2025-09-01,350
778,2025-10-01,350
778,2025-11-01,350
778,2025-12-01,350
779,2024-05-01,150
780,2025-07-01,350
780,2025-08-01,350
780,2025-09-01,350
780,2025-10-01,350
780,2025-11-01,350
780,2025-12-01,350
781,2024-02-01,150
781,2024-03-01,150
781,2024-04-01,150
781,2024-05-01,150
781,2024-06-01,150
781,2024-07-01,150
781,2024-08-01,150
781,2024-09-01,150
781,2024-10-01,150
781,2024-11-01,150
781,2024-12-01,150
781,2025-01-01,150
781,2025-02-01,150
781,2025-03-01,150
781,2025-04-01,150
781,2025-05-01,150
781,2025-06-01,150
781,2025-07-01,150
781,2025-08-01,150
781,2025-09-01,150
781,2025-10-01,150
781,2025-11-01,150
781,2025-12-01,150
782,2024-07-01,350
782,2024-08-01,350
782,2024-09-01,350
782,2024-10-01,350
782,2024-11-01,350
782,2024-12-01,350
782,2025-01-01,350
782,2025-02-01,350
782,2025-03-01,350
782,2025-04-01,350
782,2025-05-01,350
782,2025-06-01,350
782,2025-07-01,350
782,2025-08-01,350
782,2025-09-01,350
782,2025-10-01,350
782,2025-11-01,350
782,2025-12-01,350
783,2024-11-01,150
783,2024-12-01,150
783,2025-01-01,150
783,2025-02-01,150
783,2025-03-01,150
783,2025-04-01,150
783,2025-05-01,150
783,2025-06-01,150
783,2025-07-01,150
783,2025-08-01,150
783,2025-09-01,150
783,2025-10-01,150
783,2025-11-01,150
783,2025-12-01,150
784,2025-12-01,350
785,2024-11-01,800
785,2024-12-01,800
785,2025-01-01,800
785,2025-02-01,800
785,2025-03-01,800
785,2025-04-01,800
785,2025-05-01,800
785,2025-06-01,800
785,2025-07-01,800
785,2025-08-01,800
785,2025-09-01,800
785,2025-10-01,800
785,2025-11-01,800
785,2025-12-01,800
786,2024-11-01,150
786,2024-12-01,150
786,2025-01-01,150
786,2025-02-01,150
786,2025-03-01,150
786,2025-04-01,150
786,2025-05-01,150
786,2025-06-01,150
786,2025-07-01,150
786,2025-08-01,150
786,2025-09-01,150
786,2025-10-01,150
786,2025-11-01,150
786,2025-12-01,150
787,2025-02-01,150
787,2025-03-01,150
787,2025-04-01,150
787,2025-05-01,150
787,2025-06-01,150
787,2025-07-01,150
787,2025-08-01,150
787,2025-09-01,150
787,2025-10-01,150
787,2025-11-01,150
787,2025-12-01,150
788,2024-11-01,350
788,2024-12-01,350
788,2025-01-01,350
788,2025-02-01,350
788,2025-03-01,350
788,2025-04-01,350
788,2025-05-01,350
788,2025-06-01,350
788,2025-07-01,350
788,2025-08-01,350
788,2025-09-01,350
788,2025-10-01,350
788,2025-11-01,350
788,2025-12-01,350
789,2024-05-01,150
789,2024-06-01,150
789,2024-07-01,150
789,2024-08-01,150
789,2024-09-01,150
789,2024-10-01,150
789,2024-11-01,150
789,2024-12-01,150
789,2025-01-01,150
789,2025-02-01,150
789,2025-03-01,150
789,2025-04-01,150
790,2025-07-01,350
790,2025-08-01,350
790,2025-09-01,350
790,2025-10-01,350
790,2025-11-01,350
790,2025-12-01,350
791,2024-05-01,350
791,2024-06-01,350
791,2024-07-01,350
791,2024-08-01,350
791,2024-09-01,350
791,2024-10-01,350
791,2024-11-01,350
791,2024-12-01,350
791,2025-01-01,350
791,2025-02-01,350
791,2025-03-01,350
791,2025-04-01,350
791,2025-05-01,350
791,2025-06-01,350
791,2025-07-01,350
791,2025-08-01,350
791,2025-09-01,350
791,2025-10-01,350
791,2025-11-01,350
791,2025-12-01,350
792,2024-04-01,350
792,2024-05-01,350
793,2025-09-01,800
793,2025-10-01,800
793,2025-11-01,800
793,2025-12-01,800
794,2025-03-01,150
794,2025-04-01,150
794,2025-05-01,150
795,2025-04-01,150
795,2025-05-01,150
795,2025-06-01,150
795,2025-07-01,150
795,2025-08-01,150
795,2025-09-01,150
795,2025-10-01,150
795,2025-11-01,150
795,2025-12-01,150
796,2024-12-01,150
797,2025-07-01,150
797,2025-08-01,150
797,2025-09-01,150
797,2025-10-01,150
797,2025-11-01,150
797,2025-12-01,150
798,2025-02-01,150
798,2025-03-01,150
798,2025-04-01,150
798,2025-05-01,150
798,2025-06-01,150
798,2025-07-01,150
798,2025-08-01,150
798,2025-09-01,150
798,2025-10-01,150
798,2025-11-01,150
798,2025-12-01,150
799,2025-12-01,350
800,2025-12-01,150
801,2025-09-01,350
801,2025-10-01,350
802,2025-03-01,800
802,2025-04-01,800
802,2025-05-01,800
802,2025-06-01,800
802,2025-07-01,800
802,2025-08-01,800
802,2025-09-01,800
802,2025-10-01,800
802,2025-11-01,800
802,2025-12-01,800
803,2024-05-01,150
803,2024-06-01,150
803,2024-07-01,150
803,2024-08-01,150
803,2024-09-01,150
803,2024-10-01,150
803,2024-11-01,150
803,2024-12-01,150
803,2025-01-01,150
803,2025-02-01,150
803,2025-03-01,150
803,2025-04-01,150
803,2025-05-01,150
803,2025-06-01,150
803,2025-07-01,150
803,2025-08-01,150
803,2025-09-01,150
803,2025-10-01,150
803,2025-11-01,150
803,2025-12-01,150
804,2025-04-01,150
804,2025-05-01,150
805,2025-07-01,800
805,2025-08-01,800
805,2025-09-01,800
805,2025-10-01,800
805,2025-11-01,800
805,2025-12-01,800
806,2024-12-01,150
806,2025-01-01,150
806,2025-02-01,150
806,2025-03-01,150
806,2025-04-01,150
806,2025-05-01,150
806,2025-06-01,150
806,2025-07-01,150
806,2025-08-01,150
806,2025-09-01,150
806,2025-10-01,150
806,2025-11-01,150
806,2025-12-01,150
807,2024-08-01,350
807,2024-09-01,350
807,2024-10-01,350
807,2024-11-01,350
807,2024-12-01,350
807,2025-01-01,350
807,2025-02-01,350
807,2025-03-01,350
807,2025-04-01,350
807,2025-05-01,350
807,2025-06-01,350
807,2025-07-01,350
807,2025-08-01,350
807,2025-09-01,350
807,2025-10-01,350
807,2025-11-01,350
807,2025-12-01,350
808,2025-12-01,150
809,2024-06-01,150
809,2024-07-01,150
809,2024-08-01,150
809,2024-09-01,150
809,2024-10-01,150
809,2024-11-01,150
809,2024-12-01,150
809,2025-01-01,150
809,2025-02-01,150
809,2025-03-01,150
809,2025-04-01,150
809,2025-05-01,150
809,2025-06-01,150
809,2025-07-01,150
809,2025-08-01,150
809,2025-09-01,150
809,2025-10-01,150
809,2025-11-01,150
809,2025-12-01,150
810,2025-11-01,150
810,2025-12-01,150
811,2024-06-01,350
811,2024-07-01,350
811,2024-08-01,350
811,2024-09-01,350
811,2024-10-01,350
811,2024-11-01,350
811,2024-12-01,350
811,2025-01-01,350
811,2025-02-01,350
811,2025-03-01,350
811,2025-04-01,350
811,2025-05-01,350
811,2025-06-01,350
811,2025-07-01,350
811,2025-08-01,350
811,2025-09-01,350
811,2025-10-01,350
811,2025-11-01,350
812,2024-04-01,350
812,2024-05-01,350
812,2024-06-01,350
812,2024-07-01,350
812,2024-08-01,350
812,2024-09-01,350
813,2024-11-01,150
813,2024-12-01,150
813,2025-01-01,150
813,2025-02-01,150
813,2025-03-01,150
813,2025-04-01,150
813,2025-05-01,150
813,2025-06-01,150
813,2025-07-01,150
813,2025-08-01,150
813,2025-09-01,150
813,2025-10-01,150
813,2025-11-01,150
813,2025-12-01,150
814,2024-08-01,150
814,2024-09-01,150
814,2024-10-01,150
814,2024-11-01,150
814,2024-12-01,150
814,2025-01-01,150
814,2025-02-01,150
814,2025-03-01,150
814,2025-04-01,150
814,2025-05-01,150
814,2025-06-01,150
814,2025-07-01,150
814,2025-08-01,150
814,2025-09-01,150
814,2025-10-01,150
814,2025-11-01,150
814,2025-12-01,150
815,2024-10-01,150
815,2024-11-01,150
815,2024-12-01,150
815,2025-01-01,150
815,2025-02-01,150
815,2025-03-01,150
815,2025-04-01,150
815,2025-05-01,150
815,2025-06-01,150
815,2025-07-01,150
815,2025-08-01,150
815,2025-09-01,150
815,2025-10-01,150
815,2025-11-01,150
815,2025-12-01,150
816,2025-02-01,350
816,2025-03-01,350
816,2025-04-01,350
816,2025-05-01,350
816,2025-06-01,350
816,2025-07-01,350
816,2025-08-01,350
816,2025-09-01,350
816,2025-10-01,350
816,2025-11-01,350
816,2025-12-01,350
817,2024-08-01,350
817,2024-09-01,350
817,2024-10-01,350
817,2024-11-01,350
817,2024-12-01,350
817,2025-01-01,350
817,2025-02-01,350
817,2025-03-01,350
817,2025-04-01,350
817,2025-05-01,350
817,2025-06-01,350
817,2025-07-01,350
817,2025-08-01,350
817,2025-09-01,350
817,2025-10-01,350
817,2025-11-01,350
817,2025-12-01,350
818,2025-09-01,150
818,2025-10-01,150
818,2025-11-01,150
819,2024-11-01,350
819,2024-12-01,350
820,2025-08-01,350
820,2025-09-01,350
820,2025-10-01,350
820,2025-11-01,350
820,2025-12-01,350
821,2025-05-01,350
821,2025-06-01,350
822,2025-03-01,800
823,2024-02-01,350
823,2024-03-01,350
823,2024-04-01,350
823,2024-05-01,350
823,2024-06-01,350
823,2024-07-01,350
823,2024-08-01,350
823,2024-09-01,350
823,2024-10-01,350
823,2024-11-01,350
823,2024-12-01,350
823,2025-01-01,350
823,2025-02-01,350
823,2025-03-01,350
823,2025-04-01,350
823,2025-05-01,350
823,2025-06-01,350
823,2025-07-01,350
823,2025-08-01,350
823,2025-09-01,350
823,2025-10-01,350
823,2025-11-01,350
823,2025-12-01,350
824,2025-11-01,150
824,2025-12-01,150
825,2025-08-01,350
825,2025-09-01,350
825,2025-10-01,350
825,2025-11-01,350
825,2025-12-01,350
826,2024-07-01,150
826,2024-08-01,150
826,2024-09-01,150
826,2024-10-01,150
826,2024-11-01,150
826,2024-12-01,150
826,2025-01-01,150
826,2025-02-01,150
826,2025-03-01,150
826,2025-04-01,150
826,2025-05-01,150
826,2025-06-01,150
826,2025-07-01,150
826,2025-08-01,150
826,2025-09-01,150
826,2025-10-01,150
826,2025-11-01,150
826,2025-12-01,150
827,2025-09-01,150
827,2025-10-01,150
828,2024-04-01,150
828,2024-05-01,150
828,2024-06-01,150
828,2024-07-01,150
828,2024-08-01,150
828,2024-09-01,150
828,2024-10-01,150
828,2024-11-01,150
828,2024-12-01,150
828,2025-01-01,150
828,2025-02-01,150
828,2025-03-01,150
828,2025-04-01,150
828,2025-05-01,150
828,2025-06-01,150
828,2025-07-01,150
828,2025-08-01,150
828,2025-09-01,150
828,2025-10-01,150
828,2025-11-01,150
828,2025-12-01,150
829,2025-06-01,350
829,2025-07-01,350
829,2025-08-01,350
830,2024-05-01,150
830,2024-06-01,150
830,2024-07-01,150
830,2024-08-01,150
830,2024-09-01,150
830,2024-10-01,150
830,2024-11-01,150
830,2024-12-01,150
830,2025-01-01,150
830,2025-02-01,150
830,2025-03-01,150
830,2025-04-01,150
830,2025-05-01,150
830,2025-06-01,150
830,2025-07-01,150
830,2025-08-01,150
830,2025-09-01,150
830,2025-10-01,150
830,2025-11-01,150
830,2025-12-01,150
831,2025-08-01,150
831,2025-09-01,150
831,2025-10-01,150
831,2025-11-01,150
831,2025-12-01,150
832,2024-06-01,350
832,2024-07-01,350
832,2024-08-01,350
832,2024-09-01,350
832,2024-10-01,350
832,2024-11-01,350
832,2024-12-01,350
832,2025-01-01,350
832,2025-02-01,350
832,2025-03-01,350
832,2025-04-01,350
832,2025-05-01,350
832,2025-06-01,350
832,2025-07-01,350
832,2025-08-01,350
832,2025-09-01,350
832,2025-10-01,350
832,2025-11-01,350
832,2025-12-01,350
833,2024-08-01,150
833,2024-09-01,150
833,2024-10-01,150
833,2024-11-01,150
833,2024-12-01,150
833,2025-01-01,150
833,2025-02-01,150
833,2025-03-01,150
833,2025-04-01,150
833,2025-05-01,150
833,2025-06-01,150
833,2025-07-01,150
833,2025-08-01,150
833,2025-09-01,150
833,2025-10-01,150
833,2025-11-01,150
833,2025-12-01,150
834,2025-09-01,150
834,2025-10-01,150
834,2025-11-01,150
834,2025-12-01,150
835,2024-04-01,150
835,2024-05-01,150
835,2024-06-01,150
835,2024-07-01,150
835,2024-08-01,150
835,2024-09-01,150
835,2024-10-01,150
835,2024-11-01,150
835,2024-12-01,150
835,2025-01-01,150
835,2025-02-01,150
835,2025-03-01,150
835,2025-04-01,150
835,2025-05-01,150
835,2025-06-01,150
835,2025-07-01,150
835,2025-08-01,150
835,2025-09-01,150
835,2025-10-01,150
835,2025-11-01,150
835,2025-12-01,150
836,2024-06-01,350
836,2024-07-01,350
836,2024-08-01,350
836,2024-09-01,350
836,2024-10-01,350
836,2024-11-01,350
836,2024-12-01,350
836,2025-01-01,350
836,2025-02-01,350
836,2025-03-01,350
837,2024-05-01,150
837,2024-06-01,150
837,2024-07-01,150
837,2024-08-01,150
837,2024-09-01,150
837,2024-10-01,150
837,2024-11-01,150
838,2025-04-01,150
838,2025-05-01,150
839,2025-03-01,350
839,2025-04-01,350
839,2025-05-01,350
839,2025-06-01,350
839,2025-07-01,350
839,2025-08-01,350
839,2025-09-01,350
839,2025-10-01,350
839,2025-11-01,350
839,2025-12-01,350
840,2025-05-01,350
840,2025-06-01,350
840,2025-07-01,350
840,2025-08-01,350
840,2025-09-01,350
840,2025-10-01,350
840,2025-11-01,350
840,2025-12-01,350
841,2025-12-01,350
842,2024-09-01,800
842,2024-10-01,800
842,2024-11-01,800
842,2024-12-01,800
842,2025-01-01,800
842,2025-02-01,800
842,2025-03-01,800
842,2025-04-01,800
842,2025-05-01,800
842,2025-06-01,800
842,2025-07-01,800
842,2025-08-01,800
842,2025-09-01,800
842,2025-10-01,800
842,2025-11-01,800
842,2025-12-01,800
843,2025-04-01,350
843,2025-05-01,350
843,2025-06-01,350
843,2025-07-01,350
843,2025-08-01,350
843,2025-09-01,350
844,2024-09-01,800
844,2024-10-01,800
844,2024-11-01,800
844,2024-12-01,800
844,2025-01-01,800
844,2025-02-01,800
844,2025-03-01,800
844,2025-04-01,800
844,2025-05-01,800
844,2025-06-01,800
844,2025-07-01,800
844,2025-08-01,800
844,2025-09-01,800
844,2025-10-01,800
844,2025-11-01,800
844,2025-12-01,800
845,2025-11-01,350
845,2025-12-01,350
846,2024-08-01,150
846,2024-09-01,150
846,2024-10-01,150
846,2024-11-01,150
846,2024-12-01,150
846,2025-01-01,150
846,2025-02-01,150
846,2025-03-01,150
847,2025-08-01,350
847,2025-09-01,350
847,2025-10-01,350
847,2025-11-01,350
847,2025-12-01,350
848,2025-04-01,150
848,2025-05-01,150
848,2025-06-01,150
848,2025-07-01,150
848,2025-08-01,150
848,2025-09-01,150
848,2025-10-01,150
848,2025-11-01,150
848,2025-12-01,150
849,2025-01-01,150
849,2025-02-01,150
850,2025-01-01,150
850,2025-02-01,150
850,2025-03-01,150
850,2025-04-01,150
850,2025-05-01,150
850,2025-06-01,150
850,2025-07-01,150
851,2024-08-01,800
851,2024-09-01,800
851,2024-10-01,800
851,2024-11-01,800
851,2024-12-01,800
851,2025-01-01,800
851,2025-02-01,800
851,2025-03-01,800
851,2025-04-01,800
851,2025-05-01,800
851,2025-06-01,800
851,2025-07-01,800
851,2025-08-01,800
851,2025-09-01,800
851,2025-10-01,800
851,2025-11-01,800
851,2025-12-01,800
852,2025-11-01,800
852,2025-12-01,800
853,2024-11-01,800
853,2024-12-01,800
853,2025-01-01,800
853,2025-02-01,800
853,2025-03-01,800
853,2025-04-01,800
854,2025-06-01,150
854,2025-07-01,150
854,2025-08-01,150
854,2025-09-01,150
854,2025-10-01,150
854,2025-11-01,150
854,2025-12-01,150
855,2024-10-01,150
855,2024-11-01,150
855,2024-12-01,150
855,2025-01-01,150
855,2025-02-01,150
855,2025-03-01,150
855,2025-04-01,150
855,2025-05-01,150
855,2025-06-01,150
855,2025-07-01,150
855,2025-08-01,150
855,2025-09-01,150
855,2025-10-01,150
855,2025-11-01,150
855,2025-12-01,150
856,2025-07-01,350
856,2025-08-01,350
856,2025-09-01,350
857,2025-02-01,150
857,2025-03-01,150
857,2025-04-01,150
857,2025-05-01,150
857,2025-06-01,150
857,2025-07-01,150
857,2025-08-01,150
857,2025-09-01,150
857,2025-10-01,150
857,2025-11-01,150
857,2025-12-01,150
858,2024-09-01,150
858,2024-10-01,150
858,2024-11-01,150
858,2024-12-01,150
858,2025-01-01,150
858,2025-02-01,150
858,2025-03-01,150
858,2025-04-01,150
858,2025-05-01,150
858,2025-06-01,150
858,2025-07-01,150
858,2025-08-01,150
858,2025-09-01,150
858,2025-10-01,150
858,2025-11-01,150
858,2025-12-01,150
859,2025-06-01,350
859,2025-07-01,350
859,2025-08-01,350
859,2025-09-01,350
859,2025-10-01,350
859,2025-11-01,350
859,2025-12-01,350
860,2025-01-01,350
860,2025-02-01,350
860,2025-03-01,350
860,2025-04-01,350
860,2025-05-01,350
860,2025-06-01,350
860,2025-07-01,350
860,2025-08-01,350
860,2025-09-01,350
860,2025-10-01,350
860,2025-11-01,350
860,2025-12-01,350
861,2024-05-01,150
861,2024-06-01,150
861,2024-07-01,150
861,2024-08-01,150
861,2024-09-01,150
861,2024-10-01,150
861,2024-11-01,150
861,2024-12-01,150
861,2025-01-01,150
861,2025-02-01,150
861,2025-03-01,150
861,2025-04-01,150
861,2025-05-01,150
861,2025-06-01,150
861,2025-07-01,150
861,2025-08-01,150
861,2025-09-01,150
861,2025-10-01,150
861,2025-11-01,150
861,2025-12-01,150
862,2025-02-01,350
862,2025-03-01,350
862,2025-04-01,350
862,2025-05-01,350
862,2025-06-01,350
863,2024-12-01,150
863,2025-01-01,150
863,2025-02-01,150
863,2025-03-01,150
863,2025-04-01,150
863,2025-05-01,150
863,2025-06-01,150
863,2025-07-01,150
863,2025-08-01,150
863,2025-09-01,150
863,2025-10-01,150
863,2025-11-01,150
863,2025-12-01,150
864,2025-06-01,350
864,2025-07-01,350
864,2025-08-01,350
864,2025-09-01,350
864,2025-10-01,350
865,2024-03-01,150
865,2024-04-01,150
865,2024-05-01,150
866,2025-05-01,150
866,2025-06-01,150
866,2025-07-01,150
866,2025-08-01,150
866,2025-09-01,150
866,2025-10-01,150
866,2025-11-01,150
866,2025-12-01,150
867,2024-10-01,350
868,2025-04-01,350
868,2025-05-01,350
868,2025-06-01,350
868,2025-07-01,350
868,2025-08-01,350
868,2025-09-01,350
868,2025-10-01,350
868,2025-11-01,350
868,2025-12-01,350
869,2025-04-01,800
870,2025-03-01,150
870,2025-04-01,150
870,2025-05-01,150
870,2025-06-01,150
870,2025-07-01,150
870,2025-08-01,150
870,2025-09-01,150
870,2025-10-01,150
870,2025-11-01,150
870,2025-12-01,150
871,2025-01-01,350
872,2024-11-01,150
872,2024-12-01,150
872,2025-01-01,150
872,2025-02-01,150
872,2025-03-01,150
872,2025-04-01,150
872,2025-05-01,150
872,2025-06-01,150
872,2025-07-01,150
872,2025-08-01,150
872,2025-09-01,150
872,2025-10-01,150
872,2025-11-01,150
872,2025-12-01,150
873,2024-06-01,350
873,2024-07-01,350
873,2024-08-01,350
873,2024-09-01,350
873,2024-10-01,350
873,2024-11-01,350
873,2024-12-01,350
873,2025-01-01,350
873,2025-02-01,350
873,2025-03-01,350
873,2025-04-01,350
873,2025-05-01,350
873,2025-06-01,350
873,2025-07-01,350
873,2025-08-01,350
873,2025-09-01,350
873,2025-10-01,350
873,2025-11-01,350
873,2025-12-01,350
874,2025-07-01,800
874,2025-08-01,800
874,2025-09-01,800
874,2025-10-01,800
874,2025-11-01,800
874,2025-12-01,800
875,2024-02-01,350
875,2024-03-01,350
875,2024-04-01,350
875,2024-05-01,350
875,2024-06-01,350
875,2024-07-01,350
875,2024-08-01,350
875,2024-09-01,350
875,2024-10-01,350
875,2024-11-01,350
875,2024-12-01,350
875,2025-01-01,350
875,2025-02-01,350
875,2025-03-01,350
875,2025-04-01,350
875,2025-05-01,350
875,2025-06-01,350
875,2025-07-01,350
875,2025-08-01,350
875,2025-09-01,350
875,2025-10-01,350
875,2025-11-01,350
875,2025-12-01,350
876,2025-05-01,350
876,2025-06-01,350
877,2024-05-01,150
877,2024-06-01,150
877,2024-07-01,150
877,2024-08-01,150
878,2024-07-01,150
878,2024-08-01,150
878,2024-09-01,150
878,2024-10-01,150
878,2024-11-01,150
878,2024-12-01,150
878,2025-01-01,150
878,2025-02-01,150
878,2025-03-01,150
878,2025-04-01,150
878,2025-05-01,150
878,2025-06-01,150
878,2025-07-01,150
878,2025-08-01,150
878,2025-09-01,150
878,2025-10-01,150
878,2025-11-01,150
878,2025-12-01,150
879,2024-06-01,150
879,2024-07-01,150
879,2024-08-01,150
879,2024-09-01,150
879,2024-10-01,150
879,2024-11-01,150
879,2024-12-01,150
879,2025-01-01,150
879,2025-02-01,150
879,2025-03-01,150
879,2025-04-01,150
879,2025-05-01,150
879,2025-06-01,150
879,2025-07-01,150
880,2025-06-01,150
880,2025-07-01,150
880,2025-08-01,150
880,2025-09-01,150
880,2025-10-01,150
880,2025-11-01,150
880,2025-12-01,150
881,2025-06-01,150
881,2025-07-01,150
882,2024-07-01,800
882,2024-08-01,800
882,2024-09-01,800
882,2024-10-01,800
882,2024-11-01,800
882,2024-12-01,800
882,2025-01-01,800
882,2025-02-01,800
882,2025-03-01,800
882,2025-04-01,800
882,2025-05-01,800
882,2025-06-01,800
882,2025-07-01,800
882,2025-08-01,800
882,2025-09-01,800
882,2025-10-01,800
882,2025-11-01,800
882,2025-12-01,800
883,2024-07-01,150
884,2024-09-01,350
884,2024-10-01,350
884,2024-11-01,350
884,2024-12-01,350
884,2025-01-01,350
884,2025-02-01,350
884,2025-03-01,350
884,2025-04-01,350
884,2025-05-01,350
884,2025-06-01,350
884,2025-07-01,350
884,2025-08-01,350
884,2025-09-01,350
884,2025-10-01,350
884,2025-11-01,350
884,2025-12-01,350
885,2024-04-01,800
885,2024-05-01,800
885,2024-06-01,800
885,2024-07-01,800
885,2024-08-01,800
885,2024-09-01,800
885,2024-10-01,800
885,2024-11-01,800
885,2024-12-01,800
886,2025-04-01,350
886,2025-05-01,350
886,2025-06-01,350
886,2025-07-01,350
886,2025-08-01,350
886,2025-09-01,350
886,2025-10-01,350
886,2025-11-01,350
886,2025-12-01,350
887,2024-10-01,350
887,2024-11-01,350
887,2024-12-01,350
887,2025-01-01,350
887,2025-02-01,350
887,2025-03-01,350
887,2025-04-01,350
887,2025-05-01,350
887,2025-06-01,350
887,2025-07-01,350
887,2025-08-01,350
887,2025-09-01,350
887,2025-10-01,350
887,2025-11-01,350
887,2025-12-01,350
888,2025-01-01,150
888,2025-02-01,150
888,2025-03-01,150
888,2025-04-01,150
888,2025-05-01,150
889,2024-06-01,350
889,2024-07-01,350
889,2024-08-01,350
889,2024-09-01,350
889,2024-10-01,350
889,2024-11-01,350
889,2024-12-01,350
889,2025-01-01,350
889,2025-02-01,350
889,2025-03-01,350
889,2025-04-01,350
889,2025-05-01,350
889,2025-06-01,350
889,2025-07-01,350
889,2025-08-01,350
889,2025-09-01,350
889,2025-10-01,350
889,2025-11-01,350
889,2025-12-01,350
890,2025-06-01,350
890,2025-07-01,350
890,2025-08-01,350
890,2025-09-01,350
890,2025-10-01,350
890,2025-11-01,350
890,2025-12-01,350
891,2024-08-01,150
891,2024-09-01,150
891,2024-10-01,150
891,2024-11-01,150
891,2024-12-01,150
891,2025-01-01,150
891,2025-02-01,150
891,2025-03-01,150
891,2025-04-01,150
891,2025-05-01,150
891,2025-06-01,150
891,2025-07-01,150
891,2025-08-01,150
891,2025-09-01,150
891,2025-10-01,150
891,2025-11-01,150
891,2025-12-01,150
892,2025-11-01,800
892,2025-12-01,800
893,2025-03-01,350
893,2025-04-01,350
893,2025-05-01,350
893,2025-06-01,350
893,2025-07-01,350
893,2025-08-01,350
893,2025-09-01,350
893,2025-10-01,350
893,2025-11-01,350
893,2025-12-01,350
894,2024-03-01,150
894,2024-04-01,150
894,2024-05-01,150
894,2024-06-01,150
894,2024-07-01,150
894,2024-08-01,150
894,2024-09-01,150
894,2024-10-01,150
894,2024-11-01,150
894,2024-12-01,150
894,2025-01-01,150
894,2025-02-01,150
894,2025-03-01,150
894,2025-04-01,150
894,2025-05-01,150
894,2025-06-01,150
894,2025-07-01,150
894,2025-08-01,150
894,2025-09-01,150
894,2025-10-01,150
894,2025-11-01,150
894,2025-12-01,150
895,2024-07-01,150
895,2024-08-01,150
895,2024-09-01,150
895,2024-10-01,150
895,2024-11-01,150
895,2024-12-01,150
895,2025-01-01,150
895,2025-02-01,150
895,2025-03-01,150
895,2025-04-01,150
895,2025-05-01,150
895,2025-06-01,150
895,2025-07-01,150
895,2025-08-01,150
895,2025-09-01,150
895,2025-10-01,150
895,2025-11-01,150
895,2025-12-01,150
896,2025-09-01,150
896,2025-10-01,150
896,2025-11-01,150
896,2025-12-01,150
897,2024-03-01,150
897,2024-04-01,150
897,2024-05-01,150
898,2024-02-01,150
898,2024-03-01,150
898,2024-04-01,150
898,2024-05-01,150
898,2024-06-01,150
898,2024-07-01,150
898,2024-08-01,150
898,2024-09-01,150
898,2024-10-01,150
898,2024-11-01,150
898,2024-12-01,150
898,2025-01-01,150
898,2025-02-01,150
898,2025-03-01,150
898,2025-04-01,150
898,2025-05-01,150
898,2025-06-01,150
898,2025-07-01,150
898,2025-08-01,150
898,2025-09-01,150
898,2025-10-01,150
898,2025-11-01,150
898,2025-12-01,150
899,2025-07-01,800
899,2025-08-01,800
899,2025-09-01,800
899,2025-10-01,800
899,2025-11-01,800
900,2024-05-01,150
900,2024-06-01,150
900,2024-07-01,150
900,2024-08-01,150
900,2024-09-01,150
900,2024-10-01,150
900,2024-11-01,150
900,2024-12-01,150
900,2025-01-01,150
900,2025-02-01,150
900,2025-03-01,150
900,2025-04-01,150
900,2025-05-01,150
900,2025-06-01,150
900,2025-07-01,150
900,2025-08-01,150
900,2025-09-01,150
900,2025-10-01,150
900,2025-11-01,150
900,2025-12-01,150
901,2024-03-01,350
901,2024-04-01,350
901,2024-05-01,350
901,2024-06-01,350
901,2024-07-01,350
901,2024-08-01,350
901,2024-09-01,350
901,2024-10-01,350
901,2024-11-01,350
901,2024-12-01,350
901,2025-01-01,350
901,2025-02-01,350
901,2025-03-01,350
901,2025-04-01,350
901,2025-05-01,350
901,2025-06-01,350
901,2025-07-01,350
901,2025-08-01,350
901,2025-09-01,350
901,2025-10-01,350
901,2025-11-01,350
901,2025-12-01,350
902,2024-07-01,150
902,2024-08-01,150
902,2024-09-01,150
902,2024-10-01,150
902,2024-11-01,150
902,2024-12-01,150
902,2025-01-01,150
902,2025-02-01,150
902,2025-03-01,150
902,2025-04-01,150
902,2025-05-01,150
902,2025-06-01,150
902,2025-07-01,150
902,2025-08-01,150
902,2025-09-01,150
902,2025-10-01,150
902,2025-11-01,150
902,2025-12-01,150
903,2024-10-01,350
903,2024-11-01,350
904,2024-07-01,350
904,2024-08-01,350
904,2024-09-01,350
904,2024-10-01,350
904,2024-11-01,350
904,2024-12-01,350
904,2025-01-01,350
904,2025-02-01,350
904,2025-03-01,350
904,2025-04-01,350
905,2025-05-01,150
